customer_id,full_name,email,city,segment,swiggy_one_member,phone,marketing_opt_in,signup_date
SWGY14963,Aadhya Bose,aadhya.bose261@gmail.com,Delhi,Swiggy One Member,True,+914922073556,True,2023-08-17
SWGY10194,Aadhya Bose,aadhya.bose340@outlook.com,Nellore,New,False,,True,2024-07-18
SWGY14925,Aadhya Bose,aadhya.bose380@outlook.com,Kochi,Frequent Orderer,True,+915135920766,True,2024-11-10
SWGY11872,Aadhya Bose,aadhya.bose438@yahoo.com,Chennai,Churned,False,+918175248135,True,2024-12-24
SWGY12011X,Aadhya Bose,aadhya.bose443@outlook.com,Kochi,Dormant,False,,True,2024-11-19
SWGY14518,Aadhya Bose,aadhya.bose546@hotmail.com,Hyderabad,Dormant,False,+910986681986,False,2023-07-02
SWGY10757,Aadhya Bose,aadhya.bose736@yahoo.com,Jaipur,Unclassified,False,+913351040961,False,2023-08-14
SWGY15257,Aadhya Bose,aadhya.bose955@gmail.co,Hyderabad,Dormant,False,+912076937745,True,2024-07-14
SWGY12776,Aadhya Chatterjee,aadhya.chatterjee129@gmail.com,Nellore,Frequent Orderer,False,+916137698237,True,2024-07-01
SWGY12999,Aadhya Chatterjee,aadhya.chatterjee195@hotmail.com,Noida,Frequent Orderer,False,,True,2023-07-26
SWGY10139,Aadhya Chatterjee,aadhya.chatterjee285@gmail.com,Mumbai,Swiggy One Member,True,,False,2025-03-17
SWGY12941X,Aadhya Chatterjee,aadhya.chatterjee38@gmail.co,Hyderabad,Frequent Orderer,False,,False,2024-09-02
SWGY10727,Aadhya Chatterjee,aadhya.chatterjee493@gmail.com,Kolkata,Frequent Orderer,True,+910666267055,False,2025-01-01
SWGY10169,Aadhya Chatterjee,aadhya.chatterjee534@hotmail.com,Noida,Frequent Orderer,False,+911085899441,True,2024-05-23
SWGY11673,Aadhya Chatterjee,aadhya.chatterjee820@gmail.com,Pune,New,False,,True,2023-06-13
SWGY14412,Aadhya Chatterjee,aadhya.chatterjee83@gmail.com,Noida,New,False,+914518893477,False,2024-08-10
SWGY12535,Aadhya Chatterjee,aadhya.chatterjee850@outlook.com,Ahmedabad,Dormant,False,+915908557657,False,2024-06-18
SWGY14219,Aadhya Chatterjee,aadhya.chatterjee955@outlook.com,Hyderabad,Churned,False,+915535597879,True,2023-11-24
SWGY12500,Aadhya Chatterjee,aadhya.chatterjee969@hotmail.com,Kolkata,Churned,False,+917887978884,True,2024-03-15
SWGY15616,Aadhya Das,aadhya.das184@yahoo.com,Lucknow,Frequent Orderer,False,+911422354801,False,2025-02-23
SWGY12164,Aadhya Das,aadhya.das258@yahoo.com,Kochi,Frequent Orderer,False,+916633756184,False,2024-09-28
SWGY13154,Aadhya Das,aadhya.das443@gmail.co,Jaipur,Frequent Orderer,False,+917164022612,True,2024-08-30
SWGY10058,Aadhya Das,aadhya.das53@outlook.com,Noida,Churned,False,+915198327315,True,2025-04-12
SWGY15517,Aadhya Das,aadhya.das615@gmail.com,Jaipur,Frequent Orderer,False,+917002855823,True,2024-09-11
SWGY12197X,Aadhya Das,aadhya.das668@gmail.co,Pune,Frequent Orderer,False,+914802455985,True,2023-09-05
SWGY11692,Aadhya Das,aadhya.das68@gmail.com,Mumbai,Dormant,False,+911313555794,False,2023-07-17
SWGY11592,Aadhya Das,aadhya.das735@yahoo.com,Kolkata,New,False,+918212821938,True,2023-06-13
SWGY13142,Aadhya Das,aadhya.das765@outlook.com,Jaipur,Dormant,True,+919504449209,True,2025-02-20
SWGY10279,Aadhya Das,aadhya.das768@outlook.com,Kochi,Frequent Orderer,True,+919407929049,False,2024-03-28
SWGY14181,Aadhya Gupta,aadhya.gupta178@outlook.com,Vijayawada,Dormant,False,+912743418424,True,2025-05-21
SWGY13760,Aadhya Gupta,aadhya.gupta307@outlook.com,Noida,Swiggy One Member,True,+919717304311,True,2024-05-05
SWGY13501,Aadhya Gupta,aadhya.gupta417@outlook.com,Nellore,Frequent Orderer,False,,False,2024-08-10
SWGY10079X,Aadhya Gupta,aadhya.gupta425@outlook.com,Kochi,Swiggy One Member,True,,False,2024-10-24
SWGY11231,Aadhya Gupta,aadhya.gupta530@gmail.co,Mumbai,Frequent Orderer,False,,False,2024-06-09
SWGY12552,Aadhya Gupta,aadhya.gupta532@gmail.com,Noida,New,False,+918482723099,True,2024-11-11
SWGY15008,Aadhya Gupta,aadhya.gupta545@gmail.com,Hyderabad,New,False,+918162173002,True,2023-11-18
SWGY11768,Aadhya Gupta,aadhya.gupta554@yahoo.com,Hyderabad,Frequent Orderer,True,+913183801693,False,2025-04-14
SWGY13010,Aadhya Gupta,aadhya.gupta603@hotmail.com,Ahmedabad,Swiggy One Member,True,+919912638279,True,2024-08-01
SWGY11457X,Aadhya Gupta,aadhya.gupta676@gmail.co,Pune,Frequent Orderer,True,+915697714336,True,2023-07-13
SWGY15567,Aadhya Gupta,aadhya.gupta733@hotmail.com,Noida,Frequent Orderer,False,+911412749257,False,2024-11-28
SWGY12155,Aadhya Gupta,aadhya.gupta832@hotmail.com,Gurugram,Frequent Orderer,False,+916314931813,False,2023-12-28
SWGY11483,Aadhya Gupta,aadhya.gupta849@hotmail.com,Ahmedabad,Frequent Orderer,False,+910701785020,True,2023-07-25
SWGY13662,Aadhya Iyer,aadhya.iyer137@hotmail.com,Lucknow,Dormant,False,+914029133227,True,2024-02-04
SWGY12902,Aadhya Iyer,aadhya.iyer157@gmail.com,Nellore,Dormant,False,+913143061432,True,2025-02-20
SWGY15361,Aadhya Iyer,aadhya.iyer236@hotmail.com,Delhi,New,False,+919547716048,False,2023-06-12
SWGY14608,Aadhya Iyer,aadhya.iyer246@outlook.com,Mumbai,Dormant,False,,True,2025-05-27
SWGY10342,Aadhya Iyer,aadhya.iyer255@outlook.com,Bengaluru,Churned,False,,False,2024-03-24
SWGY12117,Aadhya Iyer,aadhya.iyer472@outlook.com,Kochi,Unclassified,False,+911153270341,True,2023-12-25
SWGY15460,Aadhya Iyer,aadhya.iyer528@gmail.co,Nellore,Frequent Orderer,False,+911921029957,False,2024-09-10
SWGY14917,Aadhya Iyer,aadhya.iyer690@gmail.com,Ahmedabad,Frequent Orderer,True,+919483553810,False,2024-08-31
SWGY15881,Aadhya Iyer,aadhya.iyer906@gmail.co,Gurugram,Frequent Orderer,False,+915404365112,False,2024-05-06
SWGY11053,Aadhya Joshi,aadhya.joshi116@gmail.co,Delhi,Churned,False,,True,2024-02-15
SWGY10413,Aadhya Joshi,aadhya.joshi255@outlook.com,Chennai,Dormant,False,+917347156627,False,2023-11-16
SWGY10128,Aadhya Joshi,aadhya.joshi300@gmail.com,Gurugram,New,True,+918427978819,True,2023-11-19
SWGY10395,Aadhya Joshi,aadhya.joshi392@gmail.com,Gurugram,Frequent Orderer,False,+913415148881,False,2024-08-16
SWGY10669,Aadhya Joshi,aadhya.joshi413@gmail.co,,Frequent Orderer,False,,True,2024-09-15
SWGY12289,Aadhya Joshi,aadhya.joshi42@outlook.com,Pune,Unclassified,False,+917531575229,False,2024-06-15
SWGY12017,Aadhya Joshi,aadhya.joshi59@hotmail.com,Kolkata,Swiggy One Member,True,,False,2024-08-09
SWGY10511,Aadhya Joshi,aadhya.joshi786@gmail.co,Kolkata,Frequent Orderer,True,+912943985298,False,2024-07-25
SWGY15151,Aadhya Joshi,aadhya.joshi998@hotmail.com,Kolkata,Frequent Orderer,False,+919403683469,False,2023-06-26
SWGY14047,Aadhya Kapoor,aadhya.kapoor178@yahoo.com,Gurugram,Unclassified,True,+916828780897,True,2023-09-28
SWGY10930,Aadhya Kapoor,aadhya.kapoor190@yahoo.com,Lucknow,Frequent Orderer,False,+916075988978,False,2024-10-08
SWGY11192,Aadhya Kapoor,aadhya.kapoor193@hotmail.com,Noida,Frequent Orderer,False,+918107491619,True,2024-11-04
SWGY15001,Aadhya Kapoor,aadhya.kapoor583@gmail.com,Noida,Swiggy One Member,True,,False,2024-06-04
SWGY12723,Aadhya Kapoor,aadhya.kapoor716@gmail.com,Kolkata,Frequent Orderer,True,,True,2025-03-07
SWGY10698,Aadhya Kapoor,aadhya.kapoor90@outlook.com,Bengaluru,Frequent Orderer,False,+915768321021,False,2024-03-12
SWGY14777,Aadhya Khan,aadhya.khan204@gmail.com,Lucknow,Frequent Orderer,False,+918025437316,False,2024-07-28
SWGY11615,Aadhya Khan,aadhya.khan299@outlook.com,Ahmedabad,Swiggy One Member,True,+917280903178,False,2024-03-18
SWGY12369,Aadhya Khan,aadhya.khan374@gmail.com,Hyderabad,New,False,+916047092803,True,2023-07-23
SWGY11537,Aadhya Khan,aadhya.khan484@gmail.com,Kolkata,Swiggy One Member,True,+915882187089,True,2024-03-07
SWGY14519,Aadhya Khan,aadhya.khan494@gmail.com,Vijayawada,Frequent Orderer,False,+911227011923,False,2023-12-22
SWGY15852X,Aadhya Khan,aadhya.khan592@gmail.com,Chennai,Swiggy One Member,True,+915939897751,True,2024-09-10
SWGY12512,Aadhya Khan,aadhya.khan876@hotmail.com,Noida,Frequent Orderer,False,,False,2024-12-29
SWGY13633,Aadhya Khan,aadhya.khan878@yahoo.com,Lucknow,Frequent Orderer,False,,True,2023-11-18
SWGY15492,Aadhya Malhotra,aadhya.malhotra452@gmail.co,Mumbai,Swiggy One Member,True,+912586663049,False,2024-05-12
SWGY14046,Aadhya Malhotra,aadhya.malhotra454@yahoo.com,Vijayawada,Unclassified,False,+913285155297,False,2024-05-14
SWGY12643,Aadhya Malhotra,aadhya.malhotra820@hotmail.com,Chennai,Frequent Orderer,False,+915858726327,False,2024-06-15
SWGY14776,Aadhya Malhotra,aadhya.malhotra990@gmail.com,Chennai,Swiggy One Member,True,+919009058481,True,2023-08-26
SWGY11046,Aadhya Mehta,aadhya.mehta212@yahoo.com,Chennai,New,False,+911353867625,False,2023-10-18
SWGY14877,Aadhya Mehta,aadhya.mehta348@gmail.com,Vijayawada,New,False,+914600155166,False,2024-05-25
SWGY14747,Aadhya Mehta,aadhya.mehta431@yahoo.com,Ahmedabad,Frequent Orderer,True,+913004652297,True,2023-10-02
SWGY10780,Aadhya Mehta,aadhya.mehta437@gmail.com,Kochi,Frequent Orderer,True,+913083566910,False,2023-07-18
SWGY12211,Aadhya Mehta,aadhya.mehta496@yahoo.com,,New,False,,False,2024-06-11
SWGY15209,Aadhya Mehta,aadhya.mehta714@gmail.co,Bengaluru,Dormant,False,+910304821023,True,2023-08-30
SWGY15427,Aadhya Mehta,aadhya.mehta717@gmail.co,Jaipur,Dormant,True,+913738935057,True,2023-07-29
SWGY11102,Aadhya Mehta,aadhya.mehta928@hotmail.com,,Swiggy One Member,True,,True,2023-09-13
SWGY14477,Aadhya Menon,aadhya.menon191@outlook.com,Ahmedabad,Frequent Orderer,False,+913143560341,True,2024-11-02
SWGY11728,Aadhya Menon,aadhya.menon551@hotmail.com,Mumbai,Frequent Orderer,False,+913770124931,True,2024-10-29
SWGY11172,Aadhya Menon,aadhya.menon562@gmail.com,Delhi,Dormant,False,+916933154230,True,2024-05-04
SWGY14082,Aadhya Menon,aadhya.menon608@hotmail.com,Vijayawada,New,True,+917427018972,False,2024-02-11
SWGY15689,Aadhya Menon,aadhya.menon862@yahoo.com,Mumbai,Dormant,True,+913202378630,False,2024-12-13
SWGY15291,Aadhya Nair,aadhya.nair103@hotmail.com,,Dormant,False,+913281904660,True,2024-03-18
SWGY12428,Aadhya Nair,aadhya.nair11@gmail.co,Bengaluru,Unclassified,True,,True,2024-11-08
SWGY14508,Aadhya Nair,aadhya.nair146@gmail.com,Pune,Dormant,False,+917421066467,False,2023-07-01
SWGY12234,Aadhya Nair,aadhya.nair23@gmail.co,Nellore,Churned,False,+910080570197,True,2024-11-11
SWGY13698,Aadhya Nair,aadhya.nair249@hotmail.com,Mumbai,Swiggy One Member,True,,True,2024-12-29
SWGY10833,Aadhya Nair,aadhya.nair258@gmail.co,Hyderabad,Frequent Orderer,True,,False,2024-02-13
SWGY11444,Aadhya Nair,aadhya.nair332@hotmail.com,,Frequent Orderer,True,,False,2024-07-11
SWGY14807,Aadhya Nair,aadhya.nair538@yahoo.com,Mumbai,Dormant,False,+911410468715,True,2024-06-07
SWGY10030,Aadhya Nair,aadhya.nair552@gmail.co,Jaipur,Churned,False,+919453147379,True,2024-11-16
SWGY10345,Aadhya Nair,aadhya.nair674@gmail.co,Pune,Dormant,False,+912032074276,False,2024-10-16
SWGY13922,Aadhya Nair,aadhya.nair709@hotmail.com,Lucknow,Frequent Orderer,False,+915240541683,True,2024-08-10
SWGY10791,Aadhya Nair,aadhya.nair973@gmail.co,Noida,Unclassified,True,+912053440777,True,2025-03-06
SWGY11584,Aadhya Patel,aadhya.patel201@gmail.co,Kochi,Frequent Orderer,False,+912544225351,True,2025-05-20
SWGY11152,Aadhya Patel,aadhya.patel409@gmail.com,Nellore,Dormant,False,+919612190518,False,2023-06-24
SWGY13983,Aadhya Patel,aadhya.patel625@yahoo.com,Mumbai,New,False,+913223947800,False,2024-03-16
SWGY13812,Aadhya Patel,aadhya.patel67@outlook.com,Delhi,Dormant,False,+915606955991,True,2024-12-20
SWGY14956,Aadhya Patel,aadhya.patel726@outlook.com,Nellore,Dormant,False,+916377027002,True,2023-09-05
SWGY11439,Aadhya Patel,aadhya.patel842@outlook.com,Kochi,Swiggy One Member,True,+916130236416,False,2023-08-23
SWGY13344,Aadhya Patel,aadhya.patel924@yahoo.com,Kolkata,Churned,False,+913693411525,False,2024-12-23
SWGY15279,Aadhya Pillai,aadhya.pillai133@yahoo.com,Kolkata,New,False,+915141292756,False,2024-07-20
SWGY14179,Aadhya Pillai,aadhya.pillai253@gmail.co,Gurugram,Frequent Orderer,False,,True,2025-02-06
SWGY14136,Aadhya Pillai,aadhya.pillai316@hotmail.com,Jaipur,New,True,+919417572308,True,2024-09-23
SWGY10013,Aadhya Pillai,aadhya.pillai322@yahoo.com,Vijayawada,Frequent Orderer,False,+912475107991,True,2024-11-17
SWGY12410,Aadhya Pillai,aadhya.pillai330@gmail.com,Pune,Frequent Orderer,False,+915067996451,True,2025-04-10
SWGY13530,Aadhya Pillai,aadhya.pillai351@gmail.co,Nellore,New,False,+916224462655,False,2025-05-11
SWGY11522X,Aadhya Pillai,aadhya.pillai446@gmail.com,Bengaluru,Swiggy One Member,True,+912129887466,False,2024-07-22
SWGY12018,Aadhya Pillai,aadhya.pillai771@gmail.co,Gurugram,Swiggy One Member,True,+911056396704,False,2023-06-16
SWGY14789,Aadhya Pillai,aadhya.pillai925@gmail.com,Pune,Dormant,False,,False,2025-05-27
SWGY12139,Aadhya Pillai,aadhya.pillai940@outlook.com,,Frequent Orderer,False,+917294361090,True,2024-04-08
SWGY14606,Aadhya Pillai,aadhya.pillai954@outlook.com,Jaipur,Swiggy One Member,True,+916368052457,False,2023-10-06
SWGY12016,Aadhya Rao,aadhya.rao330@yahoo.com,Noida,Frequent Orderer,False,+912519187162,False,2025-01-06
SWGY13881,Aadhya Rao,aadhya.rao415@hotmail.com,Gurugram,New,False,+918549751579,True,2023-09-01
SWGY15683,Aadhya Rao,aadhya.rao424@gmail.com,Noida,Churned,False,+913359467562,False,2024-10-06
SWGY15995,Aadhya Rao,aadhya.rao461@outlook.com,Kochi,Dormant,False,+911567384427,True,2024-02-20
SWGY13292,Aadhya Rao,aadhya.rao54@gmail.com,Delhi,New,False,+917069832924,False,2024-08-26
SWGY11532,Aadhya Rao,aadhya.rao576@outlook.com,Noida,Frequent Orderer,False,+917700627959,True,2023-06-20
SWGY14332,Aadhya Rao,aadhya.rao577@yahoo.com,Bengaluru,Dormant,False,+911759521462,False,2024-04-18
SWGY12159,Aadhya Rao,aadhya.rao602@gmail.com,Nellore,New,True,,False,2024-11-03
SWGY12437,Aadhya Rao,aadhya.rao672@outlook.com,,Swiggy One Member,True,,True,2023-12-23
SWGY10061,Aadhya Rao,aadhya.rao695@hotmail.com,Hyderabad,New,False,,True,2024-11-06
SWGY10788,Aadhya Rao,aadhya.rao75@yahoo.com,Mumbai,Frequent Orderer,False,+917612385951,False,2024-12-15
SWGY13568,Aadhya Rao,aadhya.rao840@gmail.co,Kochi,Frequent Orderer,False,+919337198658,True,2025-05-02
SWGY10318,Aadhya Reddy,aadhya.reddy111@gmail.com,Mumbai,Dormant,False,+918907140140,False,2023-06-20
SWGY13282,Aadhya Reddy,aadhya.reddy117@outlook.com,Kochi,Dormant,False,+919156740794,True,2024-05-02
SWGY13243,Aadhya Reddy,aadhya.reddy272@gmail.co,Kochi,Unclassified,True,+911063707218,True,2024-08-06
SWGY13855,Aadhya Reddy,aadhya.reddy318@hotmail.com,Kochi,Churned,True,+915525687088,False,2024-02-11
SWGY15491,Aadhya Reddy,aadhya.reddy43@outlook.com,Mumbai,Frequent Orderer,False,,True,2024-01-11
SWGY10915,Aadhya Reddy,aadhya.reddy464@hotmail.com,Chennai,Dormant,False,+917310081785,False,2024-04-20
SWGY12047,Aadhya Reddy,aadhya.reddy503@gmail.com,Jaipur,Dormant,False,+916206370355,False,2023-06-15
SWGY13691,Aadhya Reddy,aadhya.reddy503@outlook.com,Mumbai,Dormant,False,+919788235531,True,2025-02-01
SWGY11735,Aadhya Reddy,aadhya.reddy69@outlook.com,Nellore,Frequent Orderer,False,+918531419887,True,2023-10-31
SWGY13774,Aadhya Reddy,aadhya.reddy703@outlook.com,Mumbai,Frequent Orderer,False,+910158967196,False,2023-12-11
SWGY10057,Aadhya Reddy,aadhya.reddy704@gmail.co,Pune,Frequent Orderer,False,+911161528098,False,2024-08-11
SWGY13229,Aadhya Reddy,aadhya.reddy802@hotmail.com,Gurugram,Frequent Orderer,False,+913760617125,True,2024-07-24
SWGY15169,Aadhya Reddy,aadhya.reddy805@gmail.com,Ahmedabad,Swiggy One Member,True,+914062898240,False,2023-10-09
SWGY11901,Aadhya Reddy,aadhya.reddy835@outlook.com,Lucknow,Swiggy One Member,True,+915861805839,False,2024-01-09
SWGY12152,Aadhya Reddy,aadhya.reddy919@yahoo.com,Mumbai,Dormant,False,+913478735414,True,2023-09-20
SWGY11799,Aadhya Sharma,aadhya.sharma224@hotmail.com,Gurugram,Dormant,True,+918150439035,True,2024-04-15
SWGY10996,Aadhya Sharma,aadhya.sharma262@outlook.com,Pune,Frequent Orderer,False,,True,2024-02-11
SWGY11019,Aadhya Sharma,aadhya.sharma291@hotmail.com,Gurugram,Frequent Orderer,False,+914667201082,False,2024-04-25
SWGY13658,Aadhya Sharma,aadhya.sharma421@outlook.com,Delhi,Swiggy One Member,True,+911240403417,False,2023-10-11
SWGY11385,Aadhya Sharma,aadhya.sharma483@gmail.com,Hyderabad,Dormant,False,+911028745120,True,2023-12-17
SWGY13965,Aadhya Sharma,aadhya.sharma536@outlook.com,Lucknow,Frequent Orderer,True,+914788255661,True,2024-09-07
SWGY10743,Aadhya Sharma,aadhya.sharma575@gmail.com,Pune,New,False,+917788519053,True,2024-09-17
SWGY13283,Aadhya Sharma,aadhya.sharma877@gmail.com,Ahmedabad,Churned,True,+912982248971,False,2024-12-07
SWGY11897,Aadhya Sharma,aadhya.sharma902@outlook.com,Lucknow,Churned,True,+917642812598,True,2023-10-19
SWGY15296,Aadhya Sharma,aadhya.sharma954@hotmail.com,Mumbai,Swiggy One Member,True,,False,2023-08-16
SWGY14216,Aadhya Shetty,aadhya.shetty102@yahoo.com,Mumbai,Unclassified,False,+913887240024,True,2023-10-11
SWGY10524,Aadhya Shetty,aadhya.shetty133@outlook.com,Jaipur,Churned,False,+911078356743,False,2025-02-17
SWGY15587,Aadhya Shetty,aadhya.shetty21@hotmail.com,Nellore,Churned,False,+914740100422,True,2024-12-28
SWGY11676,Aadhya Shetty,aadhya.shetty305@hotmail.com,Nellore,Unclassified,False,+918272913675,True,2024-11-07
SWGY15161,Aadhya Shetty,aadhya.shetty351@outlook.com,Kochi,Swiggy One Member,True,+914410167222,True,2024-07-03
SWGY15448,Aadhya Shetty,aadhya.shetty514@outlook.com,Gurugram,Dormant,False,+919900864675,True,2025-05-17
SWGY15122,Aadhya Shetty,aadhya.shetty806@gmail.co,Nellore,Swiggy One Member,True,+913811184492,True,2024-05-10
SWGY10769,Aadhya Shetty,aadhya.shetty806@gmail.com,Noida,Swiggy One Member,True,+918221040164,True,2025-02-18
SWGY13346,Aadhya Singh,aadhya.singh152@yahoo.com,Lucknow,Frequent Orderer,True,+911177155367,False,2025-03-01
SWGY14350,Aadhya Singh,aadhya.singh456@yahoo.com,Chennai,Swiggy One Member,True,,False,2024-09-23
SWGY10251,Aadhya Singh,aadhya.singh460@hotmail.com,Vijayawada,Unclassified,False,,False,2023-11-04
SWGY14751,Aadhya Singh,aadhya.singh549@yahoo.com,Chennai,Frequent Orderer,False,+918259978545,True,2024-09-06
SWGY13528,Aadhya Singh,aadhya.singh71@yahoo.com,,New,False,+910416485155,False,2023-06-09
SWGY15564,Aadhya Singh,aadhya.singh729@hotmail.com,Nellore,Dormant,False,+912049776380,True,2023-09-25
SWGY15087,Aadhya Singh,aadhya.singh751@yahoo.com,Ahmedabad,Dormant,False,+915277642649,False,2024-04-03
SWGY14192,Aadhya Singh,aadhya.singh781@outlook.com,Lucknow,Swiggy One Member,True,,False,2023-06-16
SWGY15522,Aadhya Singh,aadhya.singh895@gmail.com,Vijayawada,Dormant,False,+913892807984,True,2024-09-01
SWGY10254,Aadhya Singh,aadhya.singh950@gmail.co,Jaipur,Churned,False,+917573660965,False,2025-04-18
SWGY14385,Aadhya Verma,aadhya.verma116@yahoo.com,Ahmedabad,Frequent Orderer,True,+918997901176,False,2024-10-19
SWGY11096,Aadhya Verma,aadhya.verma542@gmail.co,Kolkata,Dormant,False,+911259497220,False,2024-07-17
SWGY11962X,Aadhya Verma,aadhya.verma547@yahoo.com,Bengaluru,Swiggy One Member,True,+919366666260,True,2023-06-08
SWGY14575,Aadhya Verma,aadhya.verma550@gmail.com,Jaipur,Churned,False,+910133034902,False,2023-06-03
SWGY14434,Aadhya Verma,aadhya.verma65@hotmail.com,Lucknow,Dormant,False,,True,2023-11-16
SWGY14701X,Aadhya Verma,aadhya.verma717@gmail.com,Delhi,New,False,+912771050183,True,2023-11-05
SWGY10526,Aadhya Verma,aadhya.verma771@hotmail.com,Hyderabad,New,True,+910301027240,False,2024-01-24
SWGY11343,Aadhya Verma,aadhya.verma813@yahoo.com,Mumbai,Dormant,False,+914801537358,False,2025-03-10
SWGY12227,Aadhya Verma,aadhya.verma890@gmail.com,Bengaluru,New,True,+918800300537,False,2024-12-19
SWGY11722,Aarav Bose,aarav.bose125@hotmail.com,Ahmedabad,Frequent Orderer,False,+914523959602,True,2025-03-05
SWGY12979,Aarav Bose,aarav.bose180@gmail.com,Bengaluru,New,False,+919830200565,False,2023-08-15
SWGY15893,Aarav Bose,aarav.bose189@outlook.com,Noida,Dormant,False,+919478818478,False,2024-05-31
SWGY12305X,Aarav Bose,aarav.bose205@outlook.com,Nellore,Churned,False,+918077383453,True,2024-10-30
SWGY14854,Aarav Bose,aarav.bose365@hotmail.com,Bengaluru,New,False,,True,2024-06-17
SWGY12894X,Aarav Bose,aarav.bose443@hotmail.com,Noida,New,True,+915666683272,False,2024-06-02
SWGY14167,Aarav Bose,aarav.bose467@yahoo.com,Noida,Swiggy One Member,True,+918210567338,True,2023-07-15
SWGY13773,Aarav Bose,aarav.bose720@yahoo.com,,Frequent Orderer,True,+917947311098,False,2025-05-19
SWGY14284,Aarav Bose,aarav.bose753@outlook.com,Jaipur,New,False,,True,2024-12-13
SWGY12638,Aarav Bose,aarav.bose769@gmail.com,Noida,Frequent Orderer,False,+912607347843,True,2024-09-05
SWGY12841,Aarav Bose,aarav.bose793@yahoo.com,Kolkata,Frequent Orderer,True,+915790354064,True,2024-08-21
SWGY14286,Aarav Bose,aarav.bose963@yahoo.com,Ahmedabad,Frequent Orderer,False,+919825162816,False,2023-12-08
SWGY12927,Aarav Chatterjee,aarav.chatterjee21@outlook.com,Mumbai,Frequent Orderer,False,,False,2024-11-11
SWGY15418,Aarav Chatterjee,aarav.chatterjee308@gmail.com,Vijayawada,Frequent Orderer,False,+917188668926,False,2024-04-06
SWGY13130,Aarav Chatterjee,aarav.chatterjee522@yahoo.com,Chennai,Frequent Orderer,True,+914132950102,True,2023-09-09
SWGY12456,Aarav Chatterjee,aarav.chatterjee53@gmail.com,Ahmedabad,Churned,False,+917018325661,False,2025-02-13
SWGY14881,Aarav Chatterjee,aarav.chatterjee640@gmail.co,Hyderabad,New,False,+910064384282,False,2024-12-02
SWGY14231,Aarav Chatterjee,aarav.chatterjee698@gmail.co,Mumbai,Swiggy One Member,True,+911924418923,True,2025-05-08
SWGY10048,Aarav Chatterjee,aarav.chatterjee763@gmail.com,Chennai,Swiggy One Member,True,,True,2023-06-09
SWGY15614,Aarav Chatterjee,aarav.chatterjee915@outlook.com,Hyderabad,Frequent Orderer,False,,False,2024-11-30
SWGY10694,Aarav Chatterjee,aarav.chatterjee95@gmail.com,Bengaluru,Unclassified,True,+911765397054,False,2024-10-12
SWGY10148,Aarav Chatterjee,aarav.chatterjee97@gmail.co,Noida,Swiggy One Member,True,+912100323651,True,2024-09-06
SWGY11202,Aarav Chatterjee,aarav.chatterjee992@gmail.com,Hyderabad,Frequent Orderer,False,+913789121397,False,2024-05-18
SWGY13409,Aarav Das,aarav.das193@outlook.com,Delhi,Swiggy One Member,True,+918354211357,True,2024-04-01
SWGY15968,Aarav Das,aarav.das368@outlook.com,Delhi,New,False,+918116692187,False,2023-07-10
SWGY14824,Aarav Das,aarav.das430@yahoo.com,Hyderabad,Unclassified,False,+918975482948,False,2025-05-11
SWGY11647,Aarav Das,aarav.das593@gmail.com,Lucknow,Churned,False,+911121816793,False,2025-05-02
SWGY14900,Aarav Das,aarav.das672@gmail.com,Lucknow,Dormant,False,+915133412315,False,2025-02-16
SWGY15838,Aarav Das,aarav.das802@gmail.com,Chennai,Dormant,False,+915232635644,False,2024-12-12
SWGY11418X,Aarav Das,aarav.das866@yahoo.com,Gurugram,Churned,False,+915861768225,True,2025-03-02
SWGY12055,Aarav Das,aarav.das899@hotmail.com,Mumbai,Unclassified,False,+911805141200,True,2023-12-31
SWGY10956,Aarav Das,aarav.das947@gmail.co,Vijayawada,Unclassified,False,,False,2023-11-09
SWGY10087,Aarav Gupta,aarav.gupta50@gmail.com,Kolkata,Unclassified,False,+919748016245,False,2024-10-30
SWGY14799,Aarav Gupta,aarav.gupta516@yahoo.com,Noida,Dormant,True,+912772828975,False,2024-09-23
SWGY12197,Aarav Gupta,aarav.gupta647@hotmail.com,Nellore,Unclassified,True,,False,2025-02-06
SWGY15855,Aarav Gupta,aarav.gupta737@yahoo.com,Hyderabad,New,False,+912611238476,False,2024-03-08
SWGY13499,Aarav Gupta,aarav.gupta825@gmail.co,Kolkata,Swiggy One Member,True,,False,2023-12-25
SWGY11473,Aarav Gupta,aarav.gupta869@yahoo.com,Pune,New,True,,False,2025-04-25
SWGY15806,Aarav Gupta,aarav.gupta871@gmail.com,Gurugram,New,True,+918757548304,False,2023-08-10
SWGY15973,Aarav Gupta,aarav.gupta924@gmail.co,Nellore,Frequent Orderer,True,+918250725084,False,2024-12-01
SWGY10619,Aarav Iyer,aarav.iyer12@hotmail.com,Ahmedabad,Dormant,False,+915396737948,True,2023-07-05
SWGY12341,Aarav Iyer,aarav.iyer177@gmail.co,Vijayawada,Swiggy One Member,True,+911342045781,True,2023-08-17
SWGY12770,Aarav Iyer,aarav.iyer185@gmail.co,Delhi,Dormant,False,,True,2025-03-18
SWGY15648,Aarav Iyer,aarav.iyer198@hotmail.com,Gurugram,New,False,+918916190581,False,2024-10-19
SWGY11121,Aarav Iyer,aarav.iyer28@gmail.com,,Dormant,True,+913017316715,False,2024-05-27
SWGY13645,Aarav Iyer,aarav.iyer298@hotmail.com,,Swiggy One Member,True,+917146733909,False,2024-01-02
SWGY12803,Aarav Iyer,aarav.iyer2@gmail.co,Bengaluru,Dormant,False,+916042121004,False,2025-03-17
SWGY15848,Aarav Iyer,aarav.iyer495@outlook.com,Kochi,Churned,False,+914361696628,False,2024-09-02
SWGY12739,Aarav Iyer,aarav.iyer536@yahoo.com,Kolkata,Frequent Orderer,False,+910722884993,False,2025-01-31
SWGY11420,Aarav Iyer,aarav.iyer550@hotmail.com,Delhi,Swiggy One Member,True,+913137371450,True,2024-02-21
SWGY13627,Aarav Iyer,aarav.iyer554@gmail.com,Bengaluru,Dormant,False,+914681389331,True,2023-12-28
SWGY11163,Aarav Iyer,aarav.iyer653@yahoo.com,Vijayawada,Swiggy One Member,True,+910265099621,False,2023-10-07
SWGY13892,Aarav Iyer,aarav.iyer675@gmail.co,Lucknow,Churned,False,+910012808551,True,2023-10-11
SWGY11509,Aarav Iyer,aarav.iyer73@outlook.com,Ahmedabad,Frequent Orderer,False,+915969579457,True,2025-04-02
SWGY12511,Aarav Iyer,aarav.iyer755@outlook.com,Delhi,Frequent Orderer,False,+912784300398,True,2025-03-24
SWGY14721,Aarav Iyer,aarav.iyer771@yahoo.com,Delhi,Unclassified,False,,True,2025-01-21
SWGY14977,Aarav Iyer,aarav.iyer776@gmail.com,Bengaluru,New,False,+919164631212,False,2024-04-11
SWGY12232,Aarav Iyer,aarav.iyer777@gmail.com,Vijayawada,New,False,+919416795202,True,2024-07-24
SWGY15494,Aarav Iyer,aarav.iyer779@gmail.co,Jaipur,Frequent Orderer,False,+916113298833,False,2025-03-15
SWGY10586,Aarav Iyer,aarav.iyer784@gmail.com,Vijayawada,New,False,+914873682691,False,2025-01-19
SWGY12526,Aarav Iyer,aarav.iyer877@gmail.co,,New,False,,False,2023-06-12
SWGY14464,Aarav Iyer,aarav.iyer963@gmail.com,Chennai,New,False,,True,2023-12-18
SWGY14051,Aarav Joshi,aarav.joshi171@outlook.com,Nellore,Unclassified,False,+917926824837,True,2024-07-31
SWGY14817,Aarav Joshi,aarav.joshi205@gmail.com,Lucknow,Frequent Orderer,False,+915122063870,True,2024-03-21
SWGY13697,Aarav Joshi,aarav.joshi22@gmail.com,Kolkata,New,False,+916374646225,False,2024-09-05
SWGY11478,Aarav Joshi,aarav.joshi326@gmail.co,Bengaluru,Swiggy One Member,True,+910612988972,False,2025-05-14
SWGY13147,Aarav Joshi,aarav.joshi414@hotmail.com,Ahmedabad,Frequent Orderer,False,,True,2025-03-06
SWGY13533,Aarav Joshi,aarav.joshi55@yahoo.com,Kochi,New,False,+912586998008,True,2023-08-06
SWGY15455,Aarav Joshi,aarav.joshi60@yahoo.com,,Frequent Orderer,True,+919616185762,False,2025-01-30
SWGY12487,Aarav Joshi,aarav.joshi657@outlook.com,Jaipur,Frequent Orderer,True,+915261068965,False,2024-06-25
SWGY11763,Aarav Joshi,aarav.joshi830@outlook.com,,Swiggy One Member,True,+910878347679,True,2024-08-16
SWGY14383,Aarav Joshi,aarav.joshi838@hotmail.com,Chennai,New,False,,True,2023-09-21
SWGY14496,Aarav Joshi,aarav.joshi84@outlook.com,Ahmedabad,New,False,+914111649649,True,2024-11-20
SWGY14022,Aarav Joshi,aarav.joshi89@gmail.co,Ahmedabad,Churned,False,+916285916915,False,2024-07-12
SWGY14343,Aarav Joshi,aarav.joshi912@yahoo.com,Mumbai,New,False,+916573873341,True,2023-09-15
SWGY12150,Aarav Joshi,aarav.joshi973@hotmail.com,Kolkata,Swiggy One Member,True,+917681605191,True,2024-11-12
SWGY11401,Aarav Kapoor,aarav.kapoor214@gmail.com,Hyderabad,Frequent Orderer,False,,False,2024-03-10
SWGY15512,Aarav Kapoor,aarav.kapoor228@yahoo.com,Pune,New,True,+916567027376,False,2023-11-19
SWGY10578,Aarav Kapoor,aarav.kapoor265@gmail.com,Ahmedabad,Frequent Orderer,False,+917857585126,False,2025-04-17
SWGY15219,Aarav Kapoor,aarav.kapoor393@hotmail.com,Chennai,New,False,+910324717356,True,2024-11-30
SWGY14668,Aarav Kapoor,aarav.kapoor455@outlook.com,Bengaluru,Frequent Orderer,True,+916102779885,False,2024-11-07
SWGY13226,Aarav Kapoor,aarav.kapoor551@yahoo.com,Chennai,Frequent Orderer,False,+911202152620,False,2024-12-20
SWGY12964,Aarav Kapoor,aarav.kapoor590@yahoo.com,Jaipur,Dormant,False,,True,2023-12-09
SWGY15192,Aarav Kapoor,aarav.kapoor600@outlook.com,Vijayawada,Dormant,False,+915722196938,False,2023-07-24
SWGY11416,Aarav Kapoor,aarav.kapoor660@gmail.co,Jaipur,New,False,,True,2024-03-11
SWGY10633,Aarav Kapoor,aarav.kapoor664@yahoo.com,Hyderabad,Churned,False,+914309776889,False,2025-05-12
SWGY12250,Aarav Kapoor,aarav.kapoor697@gmail.co,Kolkata,Dormant,False,+916335641629,True,2024-01-24
SWGY12968,Aarav Kapoor,aarav.kapoor736@gmail.co,Noida,Dormant,False,+910978525399,True,2025-04-21
SWGY12394,Aarav Kapoor,aarav.kapoor744@gmail.com,Delhi,Unclassified,False,+911708292209,False,2024-01-20
SWGY13073,Aarav Kapoor,aarav.kapoor976@gmail.co,Kochi,Churned,False,,True,2023-08-16
SWGY12709,Aarav Kapoor,aarav.kapoor988@yahoo.com,Ahmedabad,New,False,+918811912776,True,2024-11-19
SWGY12707,Aarav Khan,aarav.khan221@gmail.co,Vijayawada,Dormant,True,,True,2023-11-14
SWGY13322,Aarav Khan,aarav.khan24@gmail.co,Kolkata,Churned,True,,True,2024-02-12
SWGY10193,Aarav Khan,aarav.khan612@gmail.com,Gurugram,Churned,True,,True,2025-05-27
SWGY13924,Aarav Khan,aarav.khan765@gmail.co,Nellore,Swiggy One Member,True,+910426613676,True,2025-01-27
SWGY13876,Aarav Khan,aarav.khan787@hotmail.com,Delhi,New,False,+919697686990,True,2024-04-07
SWGY12324,Aarav Khan,aarav.khan824@yahoo.com,Ahmedabad,Frequent Orderer,True,+914336057432,True,2025-05-14
SWGY10640,Aarav Khan,aarav.khan880@gmail.com,Kolkata,New,False,+913972835129,True,2024-04-09
SWGY12692,Aarav Khan,aarav.khan881@hotmail.com,Kochi,Swiggy One Member,True,+918207809882,True,2024-08-09
SWGY11551,Aarav Khan,aarav.khan993@hotmail.com,Hyderabad,New,False,+918593428839,False,2025-05-31
SWGY14108,Aarav Malhotra,aarav.malhotra152@hotmail.com,Jaipur,Dormant,False,+915909472155,True,2023-11-14
SWGY10341,Aarav Malhotra,aarav.malhotra209@yahoo.com,,Dormant,False,,True,2024-09-07
SWGY12283,Aarav Malhotra,aarav.malhotra229@outlook.com,Jaipur,Frequent Orderer,True,,False,2023-10-16
SWGY12514,Aarav Malhotra,aarav.malhotra380@gmail.com,Mumbai,New,False,+912266435094,False,2024-01-14
SWGY13403,Aarav Malhotra,aarav.malhotra433@yahoo.com,Bengaluru,Frequent Orderer,True,,False,2023-11-25
SWGY12457,Aarav Malhotra,aarav.malhotra512@gmail.com,Lucknow,Dormant,False,+911022212683,False,2024-05-12
SWGY11867,Aarav Malhotra,aarav.malhotra672@yahoo.com,Kolkata,Frequent Orderer,True,,True,2025-03-17
SWGY10759,Aarav Mehta,aarav.mehta169@gmail.com,Jaipur,Churned,False,+919043223023,True,2024-05-23
SWGY13274,Aarav Mehta,aarav.mehta205@gmail.com,Noida,Frequent Orderer,False,,True,2023-11-13
SWGY10670,Aarav Mehta,aarav.mehta223@gmail.com,Kochi,Churned,False,+917245307624,False,2025-04-08
SWGY14808,Aarav Mehta,aarav.mehta408@outlook.com,Kolkata,New,False,,False,2024-09-02
SWGY13207,Aarav Mehta,aarav.mehta427@gmail.com,Ahmedabad,Frequent Orderer,False,,False,2024-08-12
SWGY13895,Aarav Mehta,aarav.mehta550@yahoo.com,Jaipur,Churned,False,+912505386531,True,2024-02-09
SWGY10229,Aarav Mehta,aarav.mehta562@outlook.com,Kochi,Swiggy One Member,True,+918663266341,True,2024-03-26
SWGY13545,Aarav Mehta,aarav.mehta775@gmail.co,Lucknow,Frequent Orderer,False,+919281871136,False,2023-11-11
SWGY12146,Aarav Mehta,aarav.mehta832@gmail.com,Gurugram,Dormant,False,,False,2024-01-11
SWGY13959,Aarav Menon,aarav.menon189@gmail.co,Vijayawada,New,False,+913619328875,False,2024-11-11
SWGY14338,Aarav Menon,aarav.menon313@outlook.com,,Swiggy One Member,True,+910192763786,True,2025-04-22
SWGY10745,Aarav Menon,aarav.menon618@hotmail.com,Pune,Dormant,False,+915114551293,True,2023-12-07
SWGY13622,Aarav Menon,aarav.menon72@gmail.com,Hyderabad,Swiggy One Member,True,,True,2024-09-02
SWGY11492,Aarav Menon,aarav.menon739@hotmail.com,Delhi,Frequent Orderer,False,+917214617275,True,2025-01-18
SWGY13245,Aarav Menon,aarav.menon96@yahoo.com,Vijayawada,Frequent Orderer,False,,True,2025-04-12
SWGY12922,Aarav Menon,aarav.menon978@gmail.co,Chennai,New,True,+913436145501,False,2023-06-21
SWGY13524,Aarav Nair,aarav.nair177@outlook.com,Bengaluru,Frequent Orderer,True,+919318606231,False,2024-09-06
SWGY11383,Aarav Nair,aarav.nair256@gmail.com,Bengaluru,Dormant,False,,False,2024-01-21
SWGY10080,Aarav Nair,aarav.nair267@gmail.co,Gurugram,Frequent Orderer,False,+919473121727,True,2024-11-12
SWGY15859,Aarav Nair,aarav.nair369@gmail.co,Jaipur,Frequent Orderer,False,+911741961404,False,2024-08-10
SWGY12754,Aarav Nair,aarav.nair494@hotmail.com,Vijayawada,Swiggy One Member,True,+914655309222,False,2024-09-26
SWGY11211,Aarav Nair,aarav.nair591@yahoo.com,Delhi,Frequent Orderer,False,+913593797190,True,2023-07-17
SWGY12587,Aarav Nair,aarav.nair618@hotmail.com,Ahmedabad,Swiggy One Member,True,+914949185147,False,2024-08-01
SWGY10291,Aarav Nair,aarav.nair626@yahoo.com,Ahmedabad,Churned,False,+911117993136,False,2023-07-22
SWGY11610,Aarav Nair,aarav.nair699@hotmail.com,Ahmedabad,Unclassified,False,+916484977973,True,2024-10-13
SWGY15783,Aarav Nair,aarav.nair759@outlook.com,Delhi,Frequent Orderer,False,+917067471695,False,2024-07-25
SWGY15650,Aarav Nair,aarav.nair774@gmail.com,Jaipur,New,False,+915013963772,True,2024-07-16
SWGY15193,Aarav Nair,aarav.nair806@yahoo.com,Pune,Swiggy One Member,True,+911858467842,False,2023-08-30
SWGY11037,Aarav Nair,aarav.nair818@yahoo.com,Ahmedabad,Swiggy One Member,True,,True,2024-02-19
SWGY11450,Aarav Patel,aarav.patel40@yahoo.com,Kolkata,Churned,False,+918303424375,True,2023-06-11
SWGY15886,Aarav Patel,aarav.patel421@outlook.com,Lucknow,Dormant,False,+915946960331,True,2023-12-25
SWGY13975,Aarav Patel,aarav.patel460@yahoo.com,Hyderabad,Frequent Orderer,True,+914140226956,True,2024-02-16
SWGY12198,Aarav Patel,aarav.patel520@gmail.co,Lucknow,Frequent Orderer,False,,True,2023-11-08
SWGY15986,Aarav Patel,aarav.patel659@outlook.com,Lucknow,New,False,+914332842221,False,2024-09-16
SWGY12519,Aarav Patel,aarav.patel799@hotmail.com,Lucknow,Churned,False,+910867226628,False,2023-12-31
SWGY10114,Aarav Patel,aarav.patel79@outlook.com,Vijayawada,Dormant,False,,False,2023-10-26
SWGY14317,Aarav Pillai,aarav.pillai179@gmail.co,Hyderabad,Dormant,False,+910828723885,False,2024-02-10
SWGY10829,Aarav Pillai,aarav.pillai390@gmail.com,Hyderabad,Dormant,False,+910399529701,True,2025-05-18
SWGY10432,Aarav Pillai,aarav.pillai608@yahoo.com,Vijayawada,Frequent Orderer,False,,False,2025-01-07
SWGY12334,Aarav Pillai,aarav.pillai717@hotmail.com,Chennai,Frequent Orderer,False,+915561441298,True,2025-04-25
SWGY12735,Aarav Pillai,aarav.pillai730@gmail.com,Jaipur,Swiggy One Member,True,+914176697068,True,2023-11-03
SWGY12196,Aarav Pillai,aarav.pillai781@gmail.co,Ahmedabad,New,False,+918280957283,False,2024-05-25
SWGY15173,Aarav Pillai,aarav.pillai781@outlook.com,Mumbai,Frequent Orderer,False,,True,2023-08-24
SWGY13769,Aarav Pillai,aarav.pillai915@hotmail.com,Delhi,Unclassified,False,+915702672182,True,2024-09-23
SWGY11063,Aarav Pillai,aarav.pillai925@outlook.com,Vijayawada,Swiggy One Member,True,+912403211535,False,2023-11-10
SWGY13882X,Aarav Rao,aarav.rao116@yahoo.com,Gurugram,Churned,False,+913588704320,True,2023-08-25
SWGY10892,Aarav Rao,aarav.rao519@hotmail.com,Pune,Churned,False,+914118491359,True,2023-10-08
SWGY15018,Aarav Rao,aarav.rao632@hotmail.com,Delhi,Dormant,False,,False,2024-12-25
SWGY12060,Aarav Rao,aarav.rao647@yahoo.com,Delhi,Frequent Orderer,False,+919602509270,True,2024-01-02
SWGY15822,Aarav Rao,aarav.rao65@gmail.co,Kochi,Unclassified,False,+919676781767,False,2024-08-27
SWGY10954,Aarav Rao,aarav.rao700@gmail.co,Gurugram,Dormant,True,+915195377492,False,2023-06-22
SWGY12406,Aarav Rao,aarav.rao70@gmail.com,Mumbai,Frequent Orderer,False,+919729575512,True,2023-07-24
SWGY12032,Aarav Rao,aarav.rao71@yahoo.com,Mumbai,Unclassified,False,+914337026578,False,2025-05-22
SWGY13225,Aarav Rao,aarav.rao85@yahoo.com,Nellore,Dormant,False,+914471565037,True,2024-06-16
SWGY14262,Aarav Rao,aarav.rao886@gmail.co,Kochi,Frequent Orderer,True,+911578729306,True,2024-06-23
SWGY15248,Aarav Reddy,aarav.reddy129@gmail.com,Mumbai,Dormant,False,+911191983913,False,2024-09-27
SWGY13879,Aarav Reddy,aarav.reddy202@hotmail.com,Hyderabad,New,False,+913540357133,False,2023-07-16
SWGY12779,Aarav Reddy,aarav.reddy272@yahoo.com,Noida,Frequent Orderer,False,+919182812479,False,2023-11-19
SWGY14852,Aarav Reddy,aarav.reddy313@outlook.com,Jaipur,Frequent Orderer,False,,True,2024-11-21
SWGY15474,Aarav Reddy,aarav.reddy359@gmail.co,Chennai,Unclassified,False,+912323260917,True,2023-06-23
SWGY15498,Aarav Reddy,aarav.reddy398@yahoo.com,,Unclassified,True,+911451059625,True,2024-04-06
SWGY12104,Aarav Reddy,aarav.reddy464@yahoo.com,Kochi,Dormant,False,+911156781408,False,2023-12-17
SWGY15864,Aarav Reddy,aarav.reddy503@hotmail.com,Ahmedabad,New,False,+918190014243,True,2025-03-31
SWGY14177,Aarav Reddy,aarav.reddy544@yahoo.com,Lucknow,Dormant,False,+911974028231,True,2024-09-11
SWGY10805,Aarav Reddy,aarav.reddy873@outlook.com,Delhi,Dormant,False,+912867963259,False,2024-03-13
SWGY12386,Aarav Reddy,aarav.reddy899@gmail.com,Vijayawada,Swiggy One Member,True,+915504616143,False,2023-10-26
SWGY11306,Aarav Reddy,aarav.reddy909@yahoo.com,Kolkata,Swiggy One Member,True,+913596985045,False,2024-10-16
SWGY13338,Aarav Sharma,aarav.sharma152@gmail.com,Hyderabad,Frequent Orderer,False,,False,2024-10-20
SWGY12594,Aarav Sharma,aarav.sharma297@gmail.com,Nellore,Frequent Orderer,False,+918117963305,True,2024-03-05
SWGY14440,Aarav Sharma,aarav.sharma360@outlook.com,Nellore,Dormant,False,+918680666430,False,2025-02-01
SWGY14023,Aarav Sharma,aarav.sharma42@hotmail.com,Hyderabad,Frequent Orderer,False,+917337799793,False,2024-08-12
SWGY12015,Aarav Sharma,aarav.sharma558@outlook.com,Vijayawada,Frequent Orderer,False,+913924887807,False,2025-04-07
SWGY10664,Aarav Sharma,aarav.sharma642@gmail.co,Jaipur,Dormant,False,,False,2024-05-15
SWGY14604,Aarav Sharma,aarav.sharma789@gmail.com,Lucknow,New,False,+910639249484,False,2025-01-01
SWGY13902,Aarav Sharma,aarav.sharma833@yahoo.com,Bengaluru,Frequent Orderer,False,+917928172724,False,2024-03-06
SWGY10340,Aarav Sharma,aarav.sharma929@gmail.com,Lucknow,Swiggy One Member,True,,False,2024-12-23
SWGY11135,Aarav Sharma,aarav.sharma942@yahoo.com,Jaipur,New,False,,False,2023-08-14
SWGY14080,Aarav Shetty,aarav.shetty168@gmail.com,Noida,Churned,False,,True,2023-08-07
SWGY15732,Aarav Shetty,aarav.shetty250@gmail.co,Delhi,Dormant,True,,False,2023-11-15
SWGY12316,Aarav Shetty,aarav.shetty258@outlook.com,Hyderabad,Dormant,False,,True,2024-03-26
SWGY14263,Aarav Shetty,aarav.shetty384@outlook.com,Lucknow,Frequent Orderer,False,+913258788702,True,2023-12-12
SWGY14971,Aarav Shetty,aarav.shetty415@gmail.com,Nellore,Dormant,False,+917443428811,True,2025-01-29
SWGY15999,Aarav Shetty,aarav.shetty450@outlook.com,Nellore,Dormant,True,+911506216117,False,2023-08-28
SWGY12402,Aarav Shetty,aarav.shetty638@outlook.com,Bengaluru,Swiggy One Member,True,+912869395391,False,2025-02-05
SWGY15539,Aarav Shetty,aarav.shetty72@gmail.com,Noida,Dormant,False,,False,2024-11-11
SWGY11932,Aarav Shetty,aarav.shetty78@outlook.com,Gurugram,Swiggy One Member,True,+919773660985,False,2025-03-18
SWGY11138,Aarav Shetty,aarav.shetty860@hotmail.com,Noida,New,False,+912616620165,False,2024-08-29
SWGY11530,Aarav Singh,aarav.singh141@yahoo.com,Bengaluru,New,False,,False,2023-08-28
SWGY11502,Aarav Singh,aarav.singh232@outlook.com,Delhi,Frequent Orderer,False,+911062833455,False,2023-06-07
SWGY13547,Aarav Singh,aarav.singh415@gmail.com,Bengaluru,Frequent Orderer,False,+915029767064,False,2024-01-01
SWGY15992,Aarav Singh,aarav.singh511@gmail.com,Hyderabad,Frequent Orderer,False,+911500280573,True,2024-07-13
SWGY10333,Aarav Singh,aarav.singh663@gmail.com,Kochi,Frequent Orderer,False,+914204482070,True,2024-04-13
SWGY13991,Aarav Singh,aarav.singh747@hotmail.com,Pune,Frequent Orderer,False,+914176570779,True,2024-07-18
SWGY13070,Aarav Singh,aarav.singh768@hotmail.com,Pune,Frequent Orderer,False,,False,2023-08-30
SWGY12285,Aarav Singh,aarav.singh969@gmail.co,Vijayawada,Dormant,False,+917360863339,False,2023-06-28
SWGY13680,Aarav Verma,aarav.verma159@gmail.co,Ahmedabad,Frequent Orderer,False,+912128133094,True,2025-05-16
SWGY10290,Aarav Verma,aarav.verma217@hotmail.com,Pune,Frequent Orderer,False,+918293102707,True,2023-07-28
SWGY11822X,Aarav Verma,aarav.verma366@gmail.co,Hyderabad,Frequent Orderer,False,,False,2025-05-24
SWGY10591,Aarav Verma,aarav.verma395@gmail.com,Ahmedabad,Frequent Orderer,False,+914819807704,False,2025-04-24
SWGY13205,Aarav Verma,aarav.verma562@gmail.co,Vijayawada,Frequent Orderer,True,+912875719887,False,2024-09-09
SWGY11589,Aarav Verma,aarav.verma615@hotmail.com,Jaipur,Dormant,False,+918586188817,True,2023-12-28
SWGY12758,Aarav Verma,aarav.verma653@hotmail.com,Noida,Churned,False,+914422597303,True,2024-02-26
SWGY14236,Aarav Verma,aarav.verma883@hotmail.com,Jaipur,New,False,+911585308967,False,2025-02-17
SWGY14558,Aditya Bose,aditya.bose10@gmail.com,Bengaluru,Frequent Orderer,False,+915953479576,False,2025-04-05
SWGY12453,Aditya Bose,aditya.bose186@gmail.com,Noida,Frequent Orderer,True,+913613014464,True,2024-10-10
SWGY14560,Aditya Bose,aditya.bose323@gmail.com,Chennai,Frequent Orderer,False,+915014689773,False,2024-12-30
SWGY13194,Aditya Bose,aditya.bose338@yahoo.com,Bengaluru,Unclassified,False,+911358263747,True,2023-12-24
SWGY10102,Aditya Bose,aditya.bose403@hotmail.com,Delhi,Dormant,True,+913004786863,True,2025-03-31
SWGY11317,Aditya Bose,aditya.bose459@outlook.com,Mumbai,Dormant,False,+911447761868,False,2025-04-30
SWGY15057,Aditya Bose,aditya.bose500@gmail.co,Kochi,Dormant,False,+918253077601,True,2025-04-11
SWGY12601,Aditya Bose,aditya.bose511@gmail.co,Mumbai,New,False,+915104730802,False,2025-02-20
SWGY14655,Aditya Bose,aditya.bose854@gmail.com,Kolkata,Frequent Orderer,False,+916750991975,True,2024-04-18
SWGY12014,Aditya Bose,aditya.bose877@yahoo.com,Hyderabad,Frequent Orderer,False,+912447929759,True,2023-12-07
SWGY12367,Aditya Bose,aditya.bose89@gmail.co,Gurugram,Dormant,False,+917224588366,False,2024-05-04
SWGY15601,Aditya Bose,aditya.bose92@hotmail.com,,Dormant,False,+912699276726,False,2024-05-31
SWGY12284,Aditya Chatterjee,aditya.chatterjee155@hotmail.com,Ahmedabad,New,False,+915126608696,True,2023-11-15
SWGY13480,Aditya Chatterjee,aditya.chatterjee228@hotmail.com,Vijayawada,Frequent Orderer,False,+912279180554,False,2023-08-18
SWGY10097,Aditya Chatterjee,aditya.chatterjee255@gmail.com,Ahmedabad,New,False,,False,2023-09-06
SWGY13285,Aditya Chatterjee,aditya.chatterjee341@gmail.co,Pune,New,False,+915125162802,True,2024-07-12
SWGY10218,Aditya Chatterjee,aditya.chatterjee363@yahoo.com,,New,False,+914237333433,True,2024-05-16
SWGY13035,Aditya Chatterjee,aditya.chatterjee389@yahoo.com,Nellore,Frequent Orderer,False,+914109244329,True,2024-03-04
SWGY12771,Aditya Chatterjee,aditya.chatterjee450@outlook.com,Kolkata,Swiggy One Member,True,+917277719846,True,2024-01-26
SWGY12245,Aditya Chatterjee,aditya.chatterjee471@gmail.co,Ahmedabad,Dormant,False,,False,2023-09-01
SWGY14425,Aditya Chatterjee,aditya.chatterjee697@yahoo.com,Ahmedabad,New,True,+919893960733,False,2023-12-28
SWGY13018,Aditya Chatterjee,aditya.chatterjee801@outlook.com,Chennai,Dormant,True,+910085380942,False,2024-03-24
SWGY12183,Aditya Chatterjee,aditya.chatterjee811@hotmail.com,Lucknow,Dormant,False,+910326249864,False,2024-01-25
SWGY10112,Aditya Das,aditya.das232@outlook.com,Kolkata,Swiggy One Member,True,,False,2024-09-13
SWGY10323,Aditya Das,aditya.das239@gmail.co,Hyderabad,New,False,,False,2024-05-12
SWGY10396,Aditya Das,aditya.das310@outlook.com,Bengaluru,New,False,+919284044566,True,2024-12-11
SWGY10679,Aditya Das,aditya.das411@hotmail.com,Pune,New,False,+916628137214,True,2024-05-12
SWGY12562,Aditya Das,aditya.das431@gmail.com,Mumbai,New,False,+916899247157,True,2024-10-14
SWGY11341,Aditya Das,aditya.das452@hotmail.com,Kochi,Frequent Orderer,False,+913009358201,False,2025-03-18
SWGY12550,Aditya Das,aditya.das531@outlook.com,Lucknow,Frequent Orderer,False,+919134178109,True,2024-09-28
SWGY14954,Aditya Das,aditya.das54@outlook.com,Nellore,Dormant,False,+919320024263,False,2023-09-20
SWGY13878,Aditya Das,aditya.das552@yahoo.com,Pune,Dormant,False,+917849082456,True,2024-10-09
SWGY13316,Aditya Das,aditya.das622@gmail.co,Mumbai,Dormant,False,+917316734992,False,2025-02-25
SWGY10161,Aditya Das,aditya.das63@gmail.co,Kochi,Frequent Orderer,False,+916879374160,False,2024-12-06
SWGY14548,Aditya Das,aditya.das679@hotmail.com,Pune,New,False,+919172314041,True,2025-03-08
SWGY11925,Aditya Das,aditya.das70@hotmail.com,Gurugram,New,False,+915195617655,False,2024-10-06
SWGY15539X,Aditya Das,aditya.das900@yahoo.com,Pune,Frequent Orderer,False,+910063647048,True,2024-07-25
SWGY15681,Aditya Das,aditya.das909@outlook.com,Lucknow,Frequent Orderer,True,,False,2024-02-18
SWGY12079,Aditya Gupta,aditya.gupta361@yahoo.com,Kolkata,New,False,,True,2023-06-16
SWGY13333,Aditya Gupta,aditya.gupta368@gmail.com,Jaipur,Swiggy One Member,True,+916155427714,True,2023-09-30
SWGY14035,Aditya Gupta,aditya.gupta504@gmail.co,Vijayawada,Dormant,False,+913162797066,False,2024-07-08
SWGY14996,Aditya Gupta,aditya.gupta656@hotmail.com,Mumbai,Swiggy One Member,True,+919094951680,True,2024-07-26
SWGY11683,Aditya Gupta,aditya.gupta691@gmail.com,Jaipur,Swiggy One Member,True,+915347050707,True,2024-08-10
SWGY15153,Aditya Gupta,aditya.gupta720@yahoo.com,Jaipur,Frequent Orderer,False,,False,2023-10-25
SWGY14652,Aditya Gupta,aditya.gupta852@gmail.co,Ahmedabad,Frequent Orderer,False,+911267365073,True,2024-02-07
SWGY14538,Aditya Gupta,aditya.gupta866@gmail.co,Noida,Frequent Orderer,True,+915661396110,True,2025-04-29
SWGY12604,Aditya Gupta,aditya.gupta880@gmail.co,Hyderabad,New,True,,True,2025-03-06
SWGY10214,Aditya Gupta,aditya.gupta954@gmail.co,Chennai,Frequent Orderer,False,+918490277038,False,2024-01-14
SWGY15866,Aditya Iyer,aditya.iyer172@gmail.com,Hyderabad,New,False,+910914223616,False,2024-11-08
SWGY11569,Aditya Iyer,aditya.iyer287@hotmail.com,Vijayawada,New,False,+912094003717,True,2024-01-12
SWGY15414,Aditya Iyer,aditya.iyer434@outlook.com,Lucknow,Unclassified,False,+913017700934,False,2023-10-28
SWGY12748,Aditya Iyer,aditya.iyer479@outlook.com,,Swiggy One Member,True,+911579619423,False,2023-08-23
SWGY14352,Aditya Iyer,aditya.iyer520@yahoo.com,Mumbai,Dormant,False,+913346226424,False,2023-12-27
SWGY12123,Aditya Iyer,aditya.iyer692@gmail.com,Hyderabad,New,False,+918886081107,True,2024-04-22
SWGY11705,Aditya Iyer,aditya.iyer69@gmail.com,,New,False,+910206071369,True,2023-10-05
SWGY12415,Aditya Iyer,aditya.iyer92@gmail.co,Bengaluru,Swiggy One Member,True,,False,2025-01-06
SWGY15392X,Aditya Iyer,aditya.iyer971@outlook.com,Jaipur,Unclassified,False,+911631030103,False,2024-11-09
SWGY10050,Aditya Iyer,aditya.iyer991@hotmail.com,Kochi,Dormant,False,,False,2024-01-18
SWGY14879,Aditya Joshi,aditya.joshi276@hotmail.com,Mumbai,Frequent Orderer,False,+910905390400,False,2024-03-18
SWGY12317,Aditya Joshi,aditya.joshi468@gmail.co,Mumbai,Churned,True,+919313164538,True,2025-02-08
SWGY12806,Aditya Joshi,aditya.joshi476@gmail.co,,Swiggy One Member,True,+914830762732,True,2024-06-08
SWGY11652,Aditya Joshi,aditya.joshi620@gmail.co,Ahmedabad,Frequent Orderer,False,,True,2024-12-04
SWGY10843,Aditya Joshi,aditya.joshi678@hotmail.com,Bengaluru,Frequent Orderer,False,+911864482217,False,2024-12-02
SWGY11282,Aditya Joshi,aditya.joshi688@gmail.com,Kolkata,Swiggy One Member,True,+914831968636,True,2023-09-08
SWGY12110,Aditya Joshi,aditya.joshi792@yahoo.com,Pune,Swiggy One Member,True,+919476419495,True,2025-01-24
SWGY13446,Aditya Joshi,aditya.joshi945@yahoo.com,Lucknow,Unclassified,True,,True,2024-12-20
SWGY11724,Aditya Joshi,aditya.joshi970@yahoo.com,Pune,New,False,+910788675875,True,2023-06-13
SWGY10375,Aditya Kapoor,aditya.kapoor20@outlook.com,Bengaluru,Swiggy One Member,True,,True,2024-07-22
SWGY14847,Aditya Kapoor,aditya.kapoor216@gmail.co,Vijayawada,Frequent Orderer,False,,False,2024-04-09
SWGY10351,Aditya Kapoor,aditya.kapoor255@hotmail.com,,Churned,False,+919081081866,True,2023-10-31
SWGY10704,Aditya Kapoor,aditya.kapoor275@outlook.com,Pune,Frequent Orderer,False,+919835539354,False,2024-11-27
SWGY13648,Aditya Kapoor,aditya.kapoor28@hotmail.com,Kolkata,Frequent Orderer,True,+910303253555,False,2024-02-07
SWGY13109,Aditya Kapoor,aditya.kapoor299@outlook.com,Pune,Frequent Orderer,False,+916584908957,True,2025-01-28
SWGY10286,Aditya Kapoor,aditya.kapoor504@gmail.com,Lucknow,Swiggy One Member,True,+916391741011,True,2023-12-23
SWGY15736,Aditya Kapoor,aditya.kapoor517@gmail.co,Vijayawada,New,False,+913888704061,True,2025-05-10
SWGY11386,Aditya Kapoor,aditya.kapoor543@gmail.co,Pune,Frequent Orderer,False,+911046627501,False,2024-03-31
SWGY14125,Aditya Kapoor,aditya.kapoor605@yahoo.com,Gurugram,Dormant,False,+914681755795,True,2024-10-20
SWGY11977,Aditya Kapoor,aditya.kapoor668@gmail.com,Kochi,Frequent Orderer,False,+912867106656,True,2024-08-16
SWGY14063,Aditya Kapoor,aditya.kapoor882@hotmail.com,Bengaluru,Frequent Orderer,True,+910603261244,True,2024-04-13
SWGY10210,Aditya Kapoor,aditya.kapoor961@gmail.co,Ahmedabad,Churned,True,,True,2023-10-12
SWGY15312,Aditya Kapoor,aditya.kapoor995@gmail.co,,Dormant,False,,True,2023-06-11
SWGY15527,Aditya Khan,aditya.khan275@outlook.com,Noida,Frequent Orderer,False,,True,2023-06-04
SWGY12920,Aditya Khan,aditya.khan359@gmail.com,Chennai,Frequent Orderer,False,+914610168107,False,2025-03-29
SWGY13911,Aditya Khan,aditya.khan758@gmail.co,Kolkata,Dormant,False,+919520430160,False,2023-12-08
SWGY15473,Aditya Khan,aditya.khan792@gmail.com,Gurugram,New,False,+912611337399,False,2023-07-15
SWGY15283,Aditya Khan,aditya.khan825@yahoo.com,Pune,New,False,+916428921651,True,2024-05-04
SWGY11240,Aditya Khan,aditya.khan932@yahoo.com,Bengaluru,New,True,+910802658934,False,2025-05-19
SWGY11136,Aditya Malhotra,aditya.malhotra132@yahoo.com,Kochi,Swiggy One Member,True,+918705841680,False,2024-10-26
SWGY15637,Aditya Malhotra,aditya.malhotra176@hotmail.com,Gurugram,Swiggy One Member,True,+910436782061,False,2024-11-07
SWGY12532,Aditya Malhotra,aditya.malhotra195@gmail.com,Pune,Frequent Orderer,False,+912604858965,True,2023-07-19
SWGY10236,Aditya Malhotra,aditya.malhotra1@hotmail.com,Delhi,Frequent Orderer,False,+912095935186,True,2024-09-03
SWGY11065,Aditya Malhotra,aditya.malhotra330@hotmail.com,Nellore,Dormant,False,,False,2024-01-28
SWGY13725,Aditya Malhotra,aditya.malhotra422@gmail.co,Noida,Frequent Orderer,False,+917175240975,False,2025-04-05
SWGY13079,Aditya Malhotra,aditya.malhotra523@gmail.com,Hyderabad,Frequent Orderer,False,+918981378011,True,2024-08-29
SWGY14955,Aditya Malhotra,aditya.malhotra610@yahoo.com,,Frequent Orderer,True,+912183538412,True,2024-09-14
SWGY10433,Aditya Malhotra,aditya.malhotra668@gmail.com,Noida,Swiggy One Member,True,+913129208751,False,2025-01-19
SWGY12952,Aditya Malhotra,aditya.malhotra735@gmail.co,Ahmedabad,New,False,+918721704668,False,2023-06-03
SWGY14818,Aditya Malhotra,aditya.malhotra819@gmail.co,Mumbai,Swiggy One Member,True,+915746415748,False,2024-06-20
SWGY12548,Aditya Malhotra,aditya.malhotra920@yahoo.com,Bengaluru,Frequent Orderer,False,+915286348401,False,2025-02-01
SWGY15633,Aditya Malhotra,aditya.malhotra940@gmail.com,Chennai,New,False,,True,2024-12-08
SWGY11162,Aditya Malhotra,aditya.malhotra966@outlook.com,Ahmedabad,Frequent Orderer,False,+911344760948,True,2023-09-05
SWGY15390,Aditya Malhotra,aditya.malhotra975@gmail.co,Kolkata,Dormant,False,+918095048371,True,2023-09-01
SWGY13376,Aditya Mehta,aditya.mehta413@gmail.com,Kochi,Unclassified,False,+915798123316,True,2024-02-22
SWGY11646,Aditya Mehta,aditya.mehta465@outlook.com,Pune,Frequent Orderer,False,+912672036702,True,2024-05-13
SWGY14442,Aditya Mehta,aditya.mehta505@outlook.com,Kolkata,Frequent Orderer,False,+911991431509,False,2023-09-16
SWGY15879,Aditya Mehta,aditya.mehta53@outlook.com,Chennai,Swiggy One Member,True,+911210447683,True,2025-01-31
SWGY13788,Aditya Mehta,aditya.mehta541@hotmail.com,Bengaluru,Dormant,False,+917099726332,True,2025-03-09
SWGY10140,Aditya Mehta,aditya.mehta683@yahoo.com,Mumbai,Swiggy One Member,True,+912027588425,False,2024-09-07
SWGY13145,Aditya Mehta,aditya.mehta687@gmail.com,Hyderabad,Swiggy One Member,True,,True,2024-12-11
SWGY11546,Aditya Mehta,aditya.mehta763@gmail.co,Nellore,New,False,+912583799005,False,2024-05-17
SWGY14819,Aditya Mehta,aditya.mehta772@hotmail.com,Jaipur,Swiggy One Member,True,+919353610387,False,2024-03-20
SWGY10420,Aditya Menon,aditya.menon241@gmail.co,Mumbai,New,False,+911004090138,True,2024-06-21
SWGY15462,Aditya Menon,aditya.menon296@gmail.co,Nellore,Swiggy One Member,True,+919221600900,False,2023-08-07
SWGY12485,Aditya Menon,aditya.menon316@yahoo.com,Nellore,Swiggy One Member,True,,False,2024-03-23
SWGY14697,Aditya Menon,aditya.menon383@hotmail.com,Hyderabad,Churned,False,+917754481607,False,2025-05-30
SWGY11217,Aditya Menon,aditya.menon42@gmail.com,Noida,Swiggy One Member,True,+913753989231,False,2023-11-03
SWGY10919,Aditya Menon,aditya.menon436@gmail.com,Delhi,Unclassified,False,+913913681720,False,2024-04-23
SWGY14206,Aditya Menon,aditya.menon560@gmail.co,Vijayawada,Frequent Orderer,False,+918738129465,True,2024-11-21
SWGY10778,Aditya Menon,aditya.menon589@outlook.com,Vijayawada,Dormant,False,+914336875092,True,2023-08-12
SWGY10825,Aditya Menon,aditya.menon59@hotmail.com,Hyderabad,Frequent Orderer,False,+910967139719,True,2024-10-02
SWGY15321,Aditya Menon,aditya.menon689@outlook.com,Pune,Dormant,False,,True,2025-03-28
SWGY11721,Aditya Menon,aditya.menon707@gmail.co,Nellore,New,False,+915908268009,True,2024-05-14
SWGY13051,Aditya Menon,aditya.menon736@hotmail.com,Kolkata,Swiggy One Member,True,+918447539360,False,2023-09-24
SWGY12786,Aditya Menon,aditya.menon736@yahoo.com,Ahmedabad,Dormant,True,+919565058484,True,2025-04-14
SWGY12075,Aditya Menon,aditya.menon7@gmail.com,Vijayawada,Swiggy One Member,True,+916659545430,True,2023-07-08
SWGY15070,Aditya Menon,aditya.menon831@yahoo.com,Lucknow,New,False,+915728655902,False,2023-09-13
SWGY10909,Aditya Menon,aditya.menon849@outlook.com,Delhi,New,False,+918542188087,False,2024-02-17
SWGY11391,Aditya Menon,aditya.menon851@gmail.co,Vijayawada,Churned,False,+911424873962,False,2023-11-16
SWGY15354,Aditya Nair,aditya.nair28@hotmail.com,Noida,Swiggy One Member,True,+912068814798,True,2024-04-08
SWGY13186,Aditya Nair,aditya.nair37@gmail.com,Bengaluru,New,False,+916246521225,True,2024-04-16
SWGY11426,Aditya Nair,aditya.nair395@gmail.com,Noida,Frequent Orderer,True,+916753180576,True,2025-03-07
SWGY15694,Aditya Nair,aditya.nair468@gmail.co,Mumbai,Dormant,False,,True,2024-02-18
SWGY12923,Aditya Nair,aditya.nair469@gmail.co,Nellore,Swiggy One Member,True,+914698363320,False,2024-08-19
SWGY14771,Aditya Nair,aditya.nair64@gmail.co,Noida,Swiggy One Member,True,+915799341214,True,2025-03-30
SWGY11022,Aditya Nair,aditya.nair682@gmail.co,Kochi,Unclassified,True,,True,2025-03-08
SWGY10609,Aditya Nair,aditya.nair840@gmail.co,Ahmedabad,Frequent Orderer,False,+916940960035,False,2025-01-10
SWGY10639,Aditya Nair,aditya.nair84@outlook.com,Chennai,New,False,+911840908051,True,2024-07-16
SWGY13573,Aditya Patel,aditya.patel289@hotmail.com,Gurugram,Frequent Orderer,True,,False,2023-06-15
SWGY12380,Aditya Patel,aditya.patel302@yahoo.com,Pune,Frequent Orderer,False,,True,2025-03-27
SWGY10004,Aditya Patel,aditya.patel406@gmail.co,Lucknow,Dormant,False,+912388496965,False,2025-01-01
SWGY11856,Aditya Patel,aditya.patel418@hotmail.com,Delhi,Unclassified,False,+914347608823,False,2024-06-10
SWGY10961,Aditya Patel,aditya.patel627@outlook.com,Delhi,Frequent Orderer,True,+911478911797,True,2023-06-18
SWGY15734,Aditya Patel,aditya.patel666@gmail.com,Pune,Swiggy One Member,True,+917411815686,False,2023-10-29
SWGY13728,Aditya Patel,aditya.patel675@yahoo.com,Gurugram,Frequent Orderer,False,+911411826060,False,2023-06-17
SWGY15191,Aditya Patel,aditya.patel6@hotmail.com,,Churned,True,+911593164937,True,2024-06-07
SWGY13196,Aditya Patel,aditya.patel826@outlook.com,Lucknow,Frequent Orderer,False,+915475532413,True,2024-11-24
SWGY10149,Aditya Patel,aditya.patel850@outlook.com,Lucknow,Frequent Orderer,False,+917029667066,True,2025-03-23
SWGY11822,Aditya Pillai,aditya.pillai267@yahoo.com,Kolkata,New,False,+912259164230,True,2024-01-16
SWGY11821,Aditya Pillai,aditya.pillai582@gmail.co,Delhi,Churned,False,+914869784879,False,2023-08-23
SWGY12288,Aditya Pillai,aditya.pillai626@hotmail.com,Mumbai,Unclassified,False,+917849032177,False,2025-03-07
SWGY12838,Aditya Pillai,aditya.pillai736@hotmail.com,Mumbai,Dormant,False,+915117426142,True,2025-01-17
SWGY10800,Aditya Pillai,aditya.pillai774@hotmail.com,Delhi,Swiggy One Member,True,+918984369984,True,2024-05-01
SWGY13371,Aditya Pillai,aditya.pillai798@gmail.com,Mumbai,New,False,,False,2024-03-09
SWGY15912,Aditya Pillai,aditya.pillai941@gmail.co,Nellore,New,False,,False,2025-01-30
SWGY10383,Aditya Pillai,aditya.pillai981@gmail.com,Kochi,Churned,False,+913254110760,False,2023-06-26
SWGY15126,Aditya Rao,aditya.rao503@yahoo.com,Mumbai,Frequent Orderer,False,+912907433892,False,2023-06-11
SWGY12261,Aditya Rao,aditya.rao56@gmail.co,Bengaluru,New,True,,False,2024-12-17
SWGY12728,Aditya Rao,aditya.rao636@hotmail.com,Delhi,Swiggy One Member,True,+912607133914,False,2023-09-29
SWGY11107,Aditya Rao,aditya.rao76@hotmail.com,Pune,New,False,,True,2024-06-27
SWGY15515,Aditya Rao,aditya.rao805@outlook.com,Mumbai,Frequent Orderer,False,+917470590856,True,2024-06-10
SWGY13161,Aditya Rao,aditya.rao850@outlook.com,Jaipur,Dormant,False,+916636305128,False,2024-05-27
SWGY15885,Aditya Rao,aditya.rao883@gmail.co,Vijayawada,Swiggy One Member,True,,False,2023-11-18
SWGY12908,Aditya Rao,aditya.rao886@gmail.com,Mumbai,Dormant,True,+913219792476,True,2024-05-07
SWGY14212,Aditya Rao,aditya.rao917@hotmail.com,Kochi,Swiggy One Member,True,+916653306773,True,2024-09-07
SWGY10474X,Aditya Reddy,aditya.reddy127@hotmail.com,Jaipur,Frequent Orderer,False,+913391373265,True,2025-02-04
SWGY13572,Aditya Reddy,aditya.reddy143@gmail.com,Delhi,Swiggy One Member,True,,False,2024-04-29
SWGY13038,Aditya Reddy,aditya.reddy237@gmail.co,Chennai,Frequent Orderer,False,+914929070383,False,2023-06-26
SWGY13833,Aditya Reddy,aditya.reddy386@hotmail.com,Gurugram,Dormant,False,+914797938926,False,2023-07-27
SWGY11860,Aditya Reddy,aditya.reddy392@gmail.co,Ahmedabad,Frequent Orderer,False,+910260469017,False,2023-06-02
SWGY15429,Aditya Reddy,aditya.reddy448@gmail.co,Kochi,Dormant,False,+919916722439,False,2024-03-09
SWGY12642,Aditya Reddy,aditya.reddy820@hotmail.com,Hyderabad,Frequent Orderer,False,,True,2023-09-21
SWGY12035,Aditya Sharma,aditya.sharma161@gmail.com,Mumbai,Dormant,False,+918922400613,True,2025-04-07
SWGY12805,Aditya Sharma,aditya.sharma222@gmail.co,Pune,Frequent Orderer,False,+910706487235,True,2024-06-26
SWGY12825,Aditya Sharma,aditya.sharma303@yahoo.com,Noida,New,False,+917108425754,False,2024-12-22
SWGY13669,Aditya Sharma,aditya.sharma310@outlook.com,Mumbai,New,False,,False,2025-04-18
SWGY13159,Aditya Sharma,aditya.sharma323@gmail.co,Chennai,Dormant,False,+919875840249,False,2024-11-09
SWGY11452,Aditya Sharma,aditya.sharma32@hotmail.com,Kolkata,Frequent Orderer,False,+915801517642,True,2023-09-10
SWGY14413,Aditya Sharma,aditya.sharma342@hotmail.com,,New,True,+917061245551,False,2023-07-23
SWGY12355,Aditya Sharma,aditya.sharma386@outlook.com,Kolkata,Unclassified,False,+910148760967,True,2024-03-26
SWGY14342,Aditya Sharma,aditya.sharma477@gmail.co,Kolkata,Churned,False,+917834127083,False,2025-02-28
SWGY15967,Aditya Sharma,aditya.sharma530@outlook.com,Delhi,New,False,+919821713774,True,2023-09-16
SWGY10407,Aditya Sharma,aditya.sharma686@gmail.com,Kolkata,Churned,False,,False,2023-06-29
SWGY15236,Aditya Sharma,aditya.sharma732@hotmail.com,Vijayawada,Frequent Orderer,True,+915749222008,False,2023-10-01
SWGY15674,Aditya Sharma,aditya.sharma769@gmail.co,Noida,Frequent Orderer,False,+910666798126,True,2025-02-06
SWGY10349,Aditya Sharma,aditya.sharma771@yahoo.com,Noida,New,False,+917649251583,False,2023-12-31
SWGY13359,Aditya Sharma,aditya.sharma803@yahoo.com,Pune,Swiggy One Member,True,,False,2024-02-17
SWGY13013,Aditya Sharma,aditya.sharma885@hotmail.com,Mumbai,New,False,+919588123688,True,2024-06-16
SWGY12694,Aditya Sharma,aditya.sharma947@yahoo.com,Bengaluru,Churned,False,+917998835943,False,2025-04-19
SWGY11427,Aditya Sharma,aditya.sharma97@yahoo.com,,Frequent Orderer,False,+916064004748,True,2025-02-07
SWGY15489,Aditya Shetty,aditya.shetty228@gmail.co,Jaipur,New,False,+910446419808,True,2024-01-17
SWGY13427,Aditya Shetty,aditya.shetty362@outlook.com,Bengaluru,New,True,+917448703817,False,2023-08-17
SWGY12111,Aditya Shetty,aditya.shetty414@yahoo.com,Vijayawada,New,False,+919227770859,True,2023-07-09
SWGY12190,Aditya Shetty,aditya.shetty523@hotmail.com,Noida,Swiggy One Member,True,+914353542562,True,2024-11-07
SWGY10632,Aditya Shetty,aditya.shetty546@outlook.com,Lucknow,Frequent Orderer,False,+916149915370,True,2025-04-10
SWGY14669,Aditya Shetty,aditya.shetty563@yahoo.com,Hyderabad,Dormant,True,+913679612079,False,2025-05-02
SWGY15233,Aditya Shetty,aditya.shetty734@gmail.co,Delhi,Frequent Orderer,False,+910339004645,False,2023-06-26
SWGY10688,Aditya Shetty,aditya.shetty924@outlook.com,Pune,Dormant,False,+918255629657,False,2024-09-10
SWGY12974,Aditya Shetty,aditya.shetty994@outlook.com,Bengaluru,Frequent Orderer,False,,False,2023-09-26
SWGY14758,Aditya Singh,aditya.singh306@gmail.co,Hyderabad,Dormant,False,+919445004017,True,2024-03-27
SWGY12676,Aditya Singh,aditya.singh321@gmail.com,Mumbai,Swiggy One Member,True,+914611734174,True,2024-12-20
SWGY14556,Aditya Singh,aditya.singh466@gmail.com,Delhi,New,False,+913483086370,False,2025-02-28
SWGY15088,Aditya Singh,aditya.singh494@outlook.com,Delhi,Unclassified,False,+913357361050,True,2025-02-06
SWGY10011,Aditya Singh,aditya.singh61@yahoo.com,,Unclassified,False,,True,2024-07-21
SWGY10079,Aditya Singh,aditya.singh620@yahoo.com,Kochi,Frequent Orderer,False,,False,2025-03-22
SWGY15872,Aditya Singh,aditya.singh62@gmail.com,Hyderabad,Unclassified,False,,True,2025-05-08
SWGY11494,Aditya Singh,aditya.singh740@hotmail.com,Chennai,New,False,,False,2023-06-05
SWGY13214,Aditya Verma,aditya.verma303@hotmail.com,Vijayawada,Swiggy One Member,True,+915912753624,True,2024-05-23
SWGY11199,Aditya Verma,aditya.verma382@gmail.com,Jaipur,Unclassified,False,+913505357228,False,2024-12-19
SWGY12454,Aditya Verma,aditya.verma582@yahoo.com,Hyderabad,Frequent Orderer,True,+918940117130,False,2024-08-11
SWGY14666,Aditya Verma,aditya.verma594@gmail.co,,Dormant,False,+911468472896,False,2024-02-29
SWGY14007,Aditya Verma,aditya.verma614@gmail.com,Lucknow,Swiggy One Member,True,,False,2024-05-06
SWGY15357,Aditya Verma,aditya.verma881@yahoo.com,Mumbai,Churned,True,+912926571621,True,2024-03-14
SWGY12757,Aditya Verma,aditya.verma960@gmail.com,Nellore,New,False,+913752145544,False,2025-05-25
SWGY10764,Ananya Bose,ananya.bose144@yahoo.com,Delhi,New,False,+911829716815,True,2023-11-30
SWGY12879,Ananya Bose,ananya.bose170@yahoo.com,Pune,New,False,+913108185480,False,2025-02-21
SWGY14138,Ananya Bose,ananya.bose203@gmail.co,Chennai,Frequent Orderer,False,+918287425943,True,2024-08-16
SWGY10604,Ananya Bose,ananya.bose281@gmail.com,Nellore,Dormant,False,+912579706734,False,2023-12-22
SWGY15362,Ananya Bose,ananya.bose320@gmail.co,Nellore,Unclassified,False,+915709827290,True,2024-02-24
SWGY14089,Ananya Bose,ananya.bose383@yahoo.com,Pune,Swiggy One Member,True,+910211990643,True,2024-09-23
SWGY12226,Ananya Bose,ananya.bose431@outlook.com,Jaipur,New,False,+916587280238,True,2024-03-29
SWGY15676,Ananya Bose,ananya.bose616@yahoo.com,Jaipur,Frequent Orderer,False,+914109083777,False,2023-11-29
SWGY11949,Ananya Bose,ananya.bose642@gmail.co,Chennai,Churned,False,+919906494935,True,2023-07-05
SWGY13390,Ananya Bose,ananya.bose710@outlook.com,Noida,Frequent Orderer,True,,False,2025-01-29
SWGY12256,Ananya Bose,ananya.bose729@yahoo.com,Lucknow,Dormant,False,,False,2024-07-11
SWGY12472,Ananya Chatterjee,ananya.chatterjee567@gmail.com,Vijayawada,New,False,+918263267631,False,2024-03-23
SWGY12182,Ananya Chatterjee,ananya.chatterjee791@outlook.com,Gurugram,Churned,False,+916317718626,False,2025-02-16
SWGY14315,Ananya Das,ananya.das107@yahoo.com,Nellore,Frequent Orderer,False,+911575380915,True,2023-09-06
SWGY11468,Ananya Das,ananya.das153@gmail.com,Pune,Frequent Orderer,False,+911741364459,False,2025-05-12
SWGY12348,Ananya Das,ananya.das216@gmail.co,Lucknow,Frequent Orderer,False,+914588469371,False,2024-11-10
SWGY15663,Ananya Das,ananya.das271@outlook.com,Kolkata,New,False,+913373052225,False,2025-02-06
SWGY14447,Ananya Das,ananya.das324@yahoo.com,Ahmedabad,Frequent Orderer,False,+916507231341,False,2025-03-04
SWGY13206,Ananya Das,ananya.das389@outlook.com,Noida,Dormant,False,+914130093220,True,2024-09-27
SWGY14512,Ananya Das,ananya.das407@hotmail.com,Vijayawada,Frequent Orderer,False,+911775024839,True,2024-09-27
SWGY15179,Ananya Das,ananya.das493@hotmail.com,Kochi,Frequent Orderer,False,+914403336702,False,2024-08-05
SWGY15329,Ananya Das,ananya.das517@yahoo.com,Ahmedabad,Churned,True,+913659751075,True,2024-10-28
SWGY14277,Ananya Das,ananya.das53@gmail.co,Gurugram,Dormant,False,+918451743881,True,2023-06-16
SWGY13600,Ananya Das,ananya.das553@yahoo.com,Delhi,Dormant,True,+911126818685,True,2024-04-19
SWGY15929,Ananya Das,ananya.das635@gmail.co,Bengaluru,Frequent Orderer,False,,True,2024-12-20
SWGY15662,Ananya Das,ananya.das809@gmail.com,Nellore,Frequent Orderer,True,+916733733886,False,2023-11-07
SWGY13944,Ananya Das,ananya.das887@gmail.com,Gurugram,Dormant,False,+917679918244,False,2023-07-08
SWGY10221,Ananya Das,ananya.das982@hotmail.com,Vijayawada,New,False,+912763655647,False,2024-02-21
SWGY11018,Ananya Gupta,ananya.gupta266@outlook.com,Ahmedabad,Swiggy One Member,True,+919420340153,False,2025-02-08
SWGY15680,Ananya Gupta,ananya.gupta418@gmail.com,Bengaluru,New,True,+919078771985,False,2024-02-10
SWGY11914,Ananya Gupta,ananya.gupta597@gmail.com,Pune,Frequent Orderer,False,,True,2024-10-13
SWGY10260,Ananya Gupta,ananya.gupta626@hotmail.com,Bengaluru,Frequent Orderer,False,+918279501455,False,2023-09-20
SWGY13302,Ananya Gupta,ananya.gupta808@gmail.co,Jaipur,Dormant,False,+918336826144,True,2024-12-03
SWGY11264,Ananya Gupta,ananya.gupta844@gmail.com,Chennai,Dormant,False,,True,2025-03-09
SWGY11172X,Ananya Gupta,ananya.gupta983@outlook.com,Kolkata,Swiggy One Member,True,+915133966057,False,2023-06-05
SWGY11417,Ananya Iyer,ananya.iyer170@yahoo.com,Gurugram,Swiggy One Member,True,+912340567712,True,2024-05-01
SWGY13782,Ananya Iyer,ananya.iyer253@gmail.com,Gurugram,Frequent Orderer,False,+915856939632,True,2024-07-20
SWGY13321,Ananya Iyer,ananya.iyer290@gmail.com,Gurugram,Swiggy One Member,True,,False,2025-04-22
SWGY14354,Ananya Iyer,ananya.iyer303@gmail.co,Noida,Churned,False,+917100275789,False,2024-04-12
SWGY11512,Ananya Iyer,ananya.iyer646@gmail.co,Bengaluru,New,False,,False,2023-12-27
SWGY12251,Ananya Iyer,ananya.iyer656@yahoo.com,Mumbai,Dormant,False,,False,2024-06-03
SWGY11328,Ananya Iyer,ananya.iyer752@gmail.com,Bengaluru,Frequent Orderer,True,,False,2024-07-31
SWGY13020,Ananya Joshi,ananya.joshi124@gmail.co,Lucknow,Swiggy One Member,True,+911656709866,False,2024-02-23
SWGY13394,Ananya Joshi,ananya.joshi167@gmail.com,Pune,Frequent Orderer,False,,False,2024-08-28
SWGY12177,Ananya Joshi,ananya.joshi343@outlook.com,Vijayawada,Dormant,True,+912894438826,True,2023-09-30
SWGY12593,Ananya Joshi,ananya.joshi392@hotmail.com,Chennai,New,False,+918499198720,False,2023-12-20
SWGY12011,Ananya Joshi,ananya.joshi482@hotmail.com,Kolkata,New,True,+911181216525,True,2023-08-01
SWGY14223,Ananya Joshi,ananya.joshi508@hotmail.com,Pune,New,False,+916760696879,False,2024-03-16
SWGY10651,Ananya Joshi,ananya.joshi571@yahoo.com,Bengaluru,Unclassified,False,,True,2024-08-25
SWGY13078,Ananya Joshi,ananya.joshi753@yahoo.com,Noida,Frequent Orderer,False,+913077146502,False,2024-10-27
SWGY10657,Ananya Joshi,ananya.joshi782@hotmail.com,Hyderabad,Dormant,False,+910111000515,True,2023-10-12
SWGY14088,Ananya Joshi,ananya.joshi867@hotmail.com,Lucknow,Frequent Orderer,False,+910027313726,True,2025-03-01
SWGY14169,Ananya Kapoor,ananya.kapoor164@gmail.co,Kochi,New,False,+910837908798,False,2024-03-04
SWGY13176,Ananya Kapoor,ananya.kapoor464@outlook.com,Mumbai,New,False,+911056632624,True,2024-02-22
SWGY14772,Ananya Kapoor,ananya.kapoor785@gmail.com,Jaipur,Dormant,False,+917711882420,True,2025-01-03
SWGY14193,Ananya Kapoor,ananya.kapoor955@outlook.com,Chennai,Dormant,False,+919866645070,False,2024-07-24
SWGY14372,Ananya Khan,ananya.khan178@yahoo.com,Chennai,Frequent Orderer,False,+910117968514,True,2024-11-25
SWGY12794,Ananya Khan,ananya.khan231@yahoo.com,Jaipur,New,False,+914932548592,True,2024-12-03
SWGY15461,Ananya Khan,ananya.khan343@yahoo.com,Hyderabad,Dormant,False,+919857043023,True,2023-12-25
SWGY10887,Ananya Khan,ananya.khan403@outlook.com,Bengaluru,Dormant,False,+915515623920,True,2024-08-30
SWGY11778,Ananya Khan,ananya.khan423@gmail.co,Bengaluru,Frequent Orderer,False,+913784679700,False,2024-11-22
SWGY11622,Ananya Khan,ananya.khan434@hotmail.com,Vijayawada,Frequent Orderer,False,+914487615048,False,2023-07-13
SWGY12168,Ananya Khan,ananya.khan630@hotmail.com,Noida,New,False,,False,2023-10-02
SWGY14684,Ananya Khan,ananya.khan854@gmail.com,Ahmedabad,Frequent Orderer,True,,False,2024-11-12
SWGY10027,Ananya Khan,ananya.khan855@gmail.com,Kochi,Frequent Orderer,False,+918053100330,True,2024-06-23
SWGY11128,Ananya Khan,ananya.khan919@gmail.co,Noida,Frequent Orderer,False,,False,2023-08-26
SWGY13053,Ananya Khan,ananya.khan994@gmail.co,Chennai,Dormant,False,+913587905073,True,2024-11-04
SWGY13664,Ananya Malhotra,ananya.malhotra30@outlook.com,Hyderabad,Swiggy One Member,True,+913507731885,False,2023-06-09
SWGY15214,Ananya Malhotra,ananya.malhotra333@yahoo.com,Vijayawada,Frequent Orderer,False,+910559981885,True,2024-02-14
SWGY15788,Ananya Malhotra,ananya.malhotra491@gmail.co,Mumbai,Dormant,True,+910530430041,True,2025-04-25
SWGY13601,Ananya Malhotra,ananya.malhotra497@gmail.com,Ahmedabad,Frequent Orderer,False,+915688263424,True,2024-05-15
SWGY11140,Ananya Malhotra,ananya.malhotra59@outlook.com,Kochi,Dormant,False,+916545122444,True,2024-07-29
SWGY15251,Ananya Mehta,ananya.mehta105@gmail.co,Hyderabad,Dormant,False,,True,2023-07-15
SWGY14011,Ananya Mehta,ananya.mehta296@outlook.com,Ahmedabad,New,False,+916559151782,True,2024-11-21
SWGY14615,Ananya Mehta,ananya.mehta386@gmail.co,Nellore,Churned,True,+912494434854,False,2024-05-08
SWGY10437,Ananya Mehta,ananya.mehta545@gmail.com,Kolkata,Churned,False,+916151554234,False,2023-06-27
SWGY11765,Ananya Mehta,ananya.mehta769@yahoo.com,Delhi,Frequent Orderer,False,,True,2025-01-05
SWGY13256,Ananya Mehta,ananya.mehta780@outlook.com,Nellore,Swiggy One Member,True,+911102984938,False,2023-09-09
SWGY12717,Ananya Mehta,ananya.mehta796@hotmail.com,Delhi,Dormant,False,+913364921529,False,2024-12-20
SWGY12747,Ananya Mehta,ananya.mehta90@gmail.com,Ahmedabad,Frequent Orderer,False,+911028831491,False,2024-02-09
SWGY14267,Ananya Mehta,ananya.mehta923@outlook.com,Mumbai,Churned,False,+916923383312,False,2023-06-09
SWGY14545,Ananya Menon,ananya.menon113@gmail.co,Delhi,Frequent Orderer,False,+910818328159,False,2025-05-20
SWGY13055,Ananya Menon,ananya.menon202@outlook.com,Gurugram,New,True,+913939427282,False,2023-06-24
SWGY10580,Ananya Menon,ananya.menon366@gmail.co,Kochi,Swiggy One Member,True,+915409150863,False,2023-06-25
SWGY10361,Ananya Menon,ananya.menon370@yahoo.com,Nellore,New,False,+918632666785,True,2023-11-23
SWGY15433,Ananya Menon,ananya.menon546@gmail.co,Vijayawada,Frequent Orderer,False,+919244983922,True,2025-01-22
SWGY13799,Ananya Menon,ananya.menon563@yahoo.com,Delhi,Churned,False,+918371587544,True,2023-11-27
SWGY10582,Ananya Menon,ananya.menon669@gmail.com,Kolkata,New,False,,False,2024-07-15
SWGY11499,Ananya Menon,ananya.menon697@hotmail.com,Mumbai,Churned,False,+912128866905,True,2024-11-17
SWGY10450,Ananya Menon,ananya.menon789@yahoo.com,Mumbai,Swiggy One Member,True,+915989534396,False,2023-09-08
SWGY14036,Ananya Menon,ananya.menon904@gmail.co,Bengaluru,Dormant,False,+917536668028,False,2024-02-09
SWGY13767,Ananya Menon,ananya.menon967@yahoo.com,Pune,Swiggy One Member,True,+912041689394,True,2025-04-26
SWGY15415,Ananya Nair,ananya.nair36@yahoo.com,Jaipur,Dormant,False,+916133336576,True,2024-02-04
SWGY11361,Ananya Nair,ananya.nair658@hotmail.com,Kochi,New,True,+912594657446,True,2024-06-21
SWGY11110,Ananya Nair,ananya.nair709@gmail.co,Vijayawada,Frequent Orderer,False,+913335623039,True,2025-05-15
SWGY15960,Ananya Nair,ananya.nair741@outlook.com,Noida,Unclassified,False,,False,2024-10-28
SWGY13743,Ananya Nair,ananya.nair766@gmail.com,Chennai,Dormant,False,+910003003527,True,2024-09-16
SWGY10545,Ananya Nair,ananya.nair796@gmail.com,Nellore,Frequent Orderer,False,+915061853800,False,2024-05-09
SWGY13926,Ananya Nair,ananya.nair859@gmail.com,Mumbai,Frequent Orderer,False,+918105939030,False,2023-08-29
SWGY11756,Ananya Nair,ananya.nair943@gmail.co,Gurugram,New,False,+915710933853,True,2024-11-02
SWGY14466,Ananya Nair,ananya.nair966@gmail.com,Nellore,Churned,False,+913367809227,False,2024-12-09
SWGY13651,Ananya Patel,ananya.patel141@gmail.co,Noida,Dormant,True,+914121638245,True,2024-08-14
SWGY12338,Ananya Patel,ananya.patel14@outlook.com,Nellore,Churned,False,+915094281683,False,2025-04-21
SWGY10485,Ananya Patel,ananya.patel157@gmail.com,Mumbai,New,True,,False,2023-09-04
SWGY12328,Ananya Patel,ananya.patel184@outlook.com,Kochi,Churned,False,+912488880497,True,2025-03-07
SWGY11511X,Ananya Patel,ananya.patel319@hotmail.com,Jaipur,Swiggy One Member,True,+919832253502,True,2024-02-20
SWGY14870,Ananya Patel,ananya.patel384@yahoo.com,Ahmedabad,Frequent Orderer,False,+919291469685,False,2024-11-22
SWGY12905,Ananya Patel,ananya.patel520@hotmail.com,Ahmedabad,Dormant,False,+914297039773,True,2024-12-06
SWGY11348,Ananya Patel,ananya.patel533@yahoo.com,Ahmedabad,Frequent Orderer,False,+915974776565,True,2023-09-11
SWGY14903,Ananya Patel,ananya.patel814@yahoo.com,Kochi,Frequent Orderer,False,+918227789348,False,2024-03-19
SWGY14920,Ananya Patel,ananya.patel90@hotmail.com,Kochi,Swiggy One Member,True,+917875827356,False,2024-02-29
SWGY13352,Ananya Patel,ananya.patel928@gmail.co,Nellore,Dormant,False,,False,2023-09-27
SWGY12179,Ananya Pillai,ananya.pillai299@outlook.com,Bengaluru,Frequent Orderer,True,+912707254452,True,2025-02-28
SWGY10132,Ananya Pillai,ananya.pillai367@gmail.com,Bengaluru,Dormant,False,,False,2023-09-04
SWGY11842,Ananya Pillai,ananya.pillai38@yahoo.com,Gurugram,Swiggy One Member,True,,True,2025-02-26
SWGY12101,Ananya Pillai,ananya.pillai656@gmail.co,Bengaluru,Unclassified,False,+916319946709,True,2024-03-02
SWGY10838,Ananya Pillai,ananya.pillai683@gmail.co,Bengaluru,Dormant,True,,True,2023-08-09
SWGY15369,Ananya Pillai,ananya.pillai726@hotmail.com,,Swiggy One Member,True,+919704703405,False,2023-07-29
SWGY14700,Ananya Pillai,ananya.pillai733@gmail.com,Vijayawada,New,False,+912837025620,False,2023-09-28
SWGY15801,Ananya Pillai,ananya.pillai759@yahoo.com,Jaipur,Frequent Orderer,True,+918679500625,True,2023-08-21
SWGY15869,Ananya Pillai,ananya.pillai861@gmail.co,Ahmedabad,Frequent Orderer,False,+913662385340,False,2025-01-19
SWGY11820,Ananya Pillai,ananya.pillai929@gmail.com,Lucknow,Frequent Orderer,False,+919563224518,False,2024-06-14
SWGY15910,Ananya Pillai,ananya.pillai965@outlook.com,Ahmedabad,Swiggy One Member,True,+919487965558,False,2023-09-01
SWGY11399,Ananya Rao,ananya.rao128@gmail.co,Ahmedabad,Dormant,False,+919206754939,False,2023-07-24
SWGY14428,Ananya Rao,ananya.rao308@hotmail.com,Jaipur,Frequent Orderer,False,,False,2024-08-29
SWGY15643,Ananya Rao,ananya.rao314@outlook.com,Noida,New,True,+914748163617,False,2023-06-13
SWGY13301,Ananya Rao,ananya.rao428@gmail.co,Noida,Unclassified,True,+913003736375,False,2024-07-05
SWGY10283,Ananya Rao,ananya.rao692@yahoo.com,Chennai,Frequent Orderer,False,+919385258001,False,2023-09-09
SWGY10537,Ananya Rao,ananya.rao787@outlook.com,,Frequent Orderer,False,+915137651588,False,2025-01-10
SWGY12818,Ananya Rao,ananya.rao807@yahoo.com,,Dormant,False,+911947190232,False,2024-05-07
SWGY10927,Ananya Rao,ananya.rao819@yahoo.com,Kochi,New,False,+911516411955,False,2024-09-30
SWGY11352,Ananya Rao,ananya.rao897@outlook.com,,Unclassified,True,+919523285558,True,2025-03-11
SWGY11364,Ananya Rao,ananya.rao934@gmail.co,Bengaluru,New,False,+910876477090,False,2023-09-08
SWGY14298,Ananya Rao,ananya.rao975@gmail.com,Nellore,New,False,+918878441505,False,2024-11-08
SWGY14562,Ananya Reddy,ananya.reddy108@gmail.com,Kochi,Dormant,False,,False,2025-05-30
SWGY12354,Ananya Reddy,ananya.reddy160@gmail.co,Gurugram,Frequent Orderer,False,+912437428220,True,2024-09-23
SWGY15688,Ananya Reddy,ananya.reddy172@yahoo.com,Nellore,New,False,+919372907058,True,2025-02-14
SWGY15867,Ananya Reddy,ananya.reddy188@gmail.com,Pune,Frequent Orderer,False,+915208274810,True,2024-02-07
SWGY12383,Ananya Reddy,ananya.reddy229@gmail.co,Hyderabad,Churned,False,+914616160543,True,2024-01-09
SWGY14778,Ananya Reddy,ananya.reddy269@gmail.co,Jaipur,Dormant,False,+916251048280,True,2025-04-24
SWGY12048,Ananya Reddy,ananya.reddy424@yahoo.com,Kolkata,Dormant,False,+916586360253,True,2024-08-22
SWGY15059,Ananya Reddy,ananya.reddy632@gmail.com,Ahmedabad,Frequent Orderer,False,,True,2025-03-09
SWGY12912,Ananya Reddy,ananya.reddy701@yahoo.com,Delhi,Frequent Orderer,True,,False,2025-01-08
SWGY15622,Ananya Reddy,ananya.reddy745@yahoo.com,Nellore,Frequent Orderer,False,+914924424919,False,2023-08-24
SWGY10033,Ananya Reddy,ananya.reddy757@gmail.co,Jaipur,Churned,False,+919894134352,True,2024-11-30
SWGY13448,Ananya Reddy,ananya.reddy763@gmail.co,Ahmedabad,Frequent Orderer,False,+911022058359,True,2023-09-04
SWGY15203,Ananya Reddy,ananya.reddy906@gmail.co,Jaipur,New,False,,False,2024-02-24
SWGY15594,Ananya Reddy,ananya.reddy944@yahoo.com,Bengaluru,Dormant,True,+912581396331,False,2023-07-30
SWGY13900,Ananya Sharma,ananya.sharma224@gmail.co,Jaipur,Frequent Orderer,False,+912517024552,False,2024-06-13
SWGY14025X,Ananya Sharma,ananya.sharma382@yahoo.com,,Dormant,True,+913132155130,True,2023-06-07
SWGY12811,Ananya Sharma,ananya.sharma418@gmail.co,Mumbai,New,False,+914222166095,False,2025-02-07
SWGY13324,Ananya Sharma,ananya.sharma430@gmail.com,Pune,Frequent Orderer,False,+917846240683,True,2025-03-08
SWGY15796,Ananya Sharma,ananya.sharma535@gmail.com,Gurugram,New,False,,True,2025-05-28
SWGY13908,Ananya Sharma,ananya.sharma558@outlook.com,Delhi,New,False,+918976811655,True,2023-10-23
SWGY11089,Ananya Sharma,ananya.sharma614@yahoo.com,Hyderabad,Dormant,True,,True,2024-09-02
SWGY13254,Ananya Sharma,ananya.sharma794@gmail.com,Mumbai,Frequent Orderer,False,+913411373202,False,2023-12-28
SWGY14689,Ananya Sharma,ananya.sharma828@gmail.com,Noida,Churned,False,+916388177220,False,2024-12-31
SWGY11302,Ananya Sharma,ananya.sharma883@outlook.com,Gurugram,New,True,+918895947039,True,2024-03-02
SWGY11519,Ananya Sharma,ananya.sharma909@yahoo.com,Mumbai,Dormant,True,+914956071487,False,2024-01-31
SWGY12411,Ananya Shetty,ananya.shetty170@gmail.co,Delhi,Frequent Orderer,False,+919795080466,True,2024-05-05
SWGY13539,Ananya Shetty,ananya.shetty293@gmail.com,Lucknow,Dormant,False,+911582545143,True,2023-09-20
SWGY15410,Ananya Shetty,ananya.shetty407@gmail.co,Kolkata,Unclassified,False,+914963976845,True,2024-10-14
SWGY15090,Ananya Shetty,ananya.shetty537@gmail.co,Pune,Swiggy One Member,True,,False,2024-12-21
SWGY13551,Ananya Shetty,ananya.shetty5@outlook.com,,New,False,+918716907338,True,2024-05-26
SWGY10709,Ananya Shetty,ananya.shetty619@hotmail.com,Jaipur,Frequent Orderer,False,+918532089532,True,2024-03-10
SWGY14976,Ananya Shetty,ananya.shetty635@outlook.com,Hyderabad,Dormant,False,+914575262133,False,2025-03-25
SWGY10119,Ananya Shetty,ananya.shetty667@hotmail.com,Kolkata,Frequent Orderer,False,+915937526547,False,2024-05-03
SWGY12698,Ananya Shetty,ananya.shetty779@yahoo.com,Vijayawada,Frequent Orderer,False,,True,2024-08-10
SWGY12777,Ananya Shetty,ananya.shetty790@gmail.co,Noida,Churned,False,+919128121263,False,2023-12-27
SWGY11440,Ananya Shetty,ananya.shetty857@yahoo.com,Vijayawada,Frequent Orderer,False,+919193252826,False,2023-08-07
SWGY14685,Ananya Shetty,ananya.shetty945@gmail.com,Nellore,New,False,+910794661303,False,2025-03-11
SWGY10086,Ananya Singh,ananya.singh298@gmail.co,Gurugram,Frequent Orderer,False,+916325953278,False,2023-10-04
SWGY10839,Ananya Singh,ananya.singh626@hotmail.com,Ahmedabad,New,False,+919497698731,False,2025-05-25
SWGY10758,Ananya Singh,ananya.singh765@yahoo.com,Vijayawada,New,False,+914820736511,True,2023-09-30
SWGY11367,Ananya Singh,ananya.singh817@hotmail.com,Vijayawada,New,False,,False,2025-04-29
SWGY13457,Ananya Singh,ananya.singh958@yahoo.com,Hyderabad,Dormant,False,+916509012818,False,2025-01-12
SWGY13978,Ananya Verma,ananya.verma183@gmail.com,Kolkata,Swiggy One Member,True,+914456863146,True,2025-01-21
SWGY14441,Ananya Verma,ananya.verma198@gmail.co,Delhi,Dormant,False,+911848177455,False,2024-10-01
SWGY15307,Ananya Verma,ananya.verma281@outlook.com,Pune,New,True,+913146825706,True,2024-09-23
SWGY15028,Ananya Verma,ananya.verma348@hotmail.com,Gurugram,New,False,+915235796593,False,2023-09-02
SWGY15500,Ananya Verma,ananya.verma379@outlook.com,Pune,New,False,+911490347947,False,2024-12-12
SWGY11298X,Ananya Verma,ananya.verma621@gmail.com,Jaipur,Frequent Orderer,False,+917577079606,True,2024-06-17
SWGY14811,Anika Bose,anika.bose204@yahoo.com,Delhi,Dormant,False,+919235199403,False,2024-01-30
SWGY14613,Anika Bose,anika.bose284@yahoo.com,,Unclassified,False,+918381645376,False,2024-01-20
SWGY15309X,Anika Bose,anika.bose316@outlook.com,Chennai,Frequent Orderer,False,+912400825478,True,2024-05-21
SWGY13216,Anika Bose,anika.bose487@gmail.com,Mumbai,Swiggy One Member,True,+910775766271,True,2023-09-11
SWGY15421,Anika Bose,anika.bose559@gmail.co,Hyderabad,Swiggy One Member,True,+910329914890,False,2024-03-21
SWGY10364,Anika Bose,anika.bose776@yahoo.com,Chennai,Unclassified,False,+918943468105,True,2024-01-05
SWGY13444,Anika Bose,anika.bose88@hotmail.com,Kolkata,Dormant,False,+912841944746,True,2023-12-15
SWGY14679,Anika Bose,anika.bose8@gmail.com,Bengaluru,Dormant,False,+918895018051,False,2025-04-06
SWGY13758,Anika Bose,anika.bose95@yahoo.com,Bengaluru,Swiggy One Member,True,+912746001115,False,2024-02-22
SWGY11392,Anika Bose,anika.bose992@gmail.co,Hyderabad,New,False,,False,2025-05-10
SWGY10691,Anika Chatterjee,anika.chatterjee109@yahoo.com,Hyderabad,Frequent Orderer,False,+917230817214,False,2025-01-11
SWGY13149,Anika Chatterjee,anika.chatterjee419@gmail.co,Mumbai,New,True,+919392496234,True,2024-09-01
SWGY13744,Anika Chatterjee,anika.chatterjee505@hotmail.com,Hyderabad,Unclassified,False,,False,2023-10-10
SWGY15875,Anika Chatterjee,anika.chatterjee710@yahoo.com,Gurugram,New,False,+916013096467,True,2023-07-05
SWGY15149,Anika Chatterjee,anika.chatterjee73@gmail.com,Gurugram,Unclassified,True,,False,2023-10-20
SWGY12401,Anika Chatterjee,anika.chatterjee827@gmail.com,Hyderabad,Churned,False,+913849203175,True,2025-01-27
SWGY14535,Anika Chatterjee,anika.chatterjee827@outlook.com,Hyderabad,Dormant,False,+914312402140,True,2024-05-26
SWGY10943,Anika Chatterjee,anika.chatterjee973@outlook.com,Kochi,Dormant,True,+912946902177,True,2024-12-05
SWGY12412,Anika Das,anika.das1@yahoo.com,Bengaluru,New,False,,False,2024-03-29
SWGY15588,Anika Das,anika.das216@outlook.com,Kochi,Frequent Orderer,False,+919296539764,False,2024-02-02
SWGY15895,Anika Das,anika.das269@gmail.com,Noida,Swiggy One Member,True,+911168976830,True,2024-04-02
SWGY10844,Anika Das,anika.das27@outlook.com,Gurugram,Swiggy One Member,True,+916757123691,False,2023-06-12
SWGY13875,Anika Das,anika.das388@gmail.co,Pune,Swiggy One Member,True,+919054116691,True,2023-10-08
SWGY15857,Anika Das,anika.das538@yahoo.com,Bengaluru,New,True,+910532265776,False,2024-07-30
SWGY12760,Anika Das,anika.das752@outlook.com,Vijayawada,Frequent Orderer,False,+913335383790,True,2024-11-13
SWGY15155,Anika Das,anika.das808@yahoo.com,Pune,Frequent Orderer,True,+914826452400,True,2025-04-01
SWGY14766,Anika Gupta,anika.gupta38@outlook.com,Chennai,New,False,+914058279914,False,2024-12-17
SWGY14790,Anika Gupta,anika.gupta421@hotmail.com,Hyderabad,Dormant,False,,True,2023-06-29
SWGY10517,Anika Gupta,anika.gupta471@yahoo.com,Delhi,New,False,,True,2025-04-02
SWGY11990,Anika Gupta,anika.gupta51@gmail.co,Nellore,Frequent Orderer,False,+919924161195,False,2024-02-29
SWGY10338,Anika Gupta,anika.gupta756@outlook.com,Pune,Swiggy One Member,True,+910027206345,True,2024-08-04
SWGY10513,Anika Iyer,anika.iyer159@outlook.com,Nellore,New,False,+910793110291,False,2024-10-20
SWGY13567,Anika Iyer,anika.iyer184@yahoo.com,Pune,New,True,,False,2024-09-17
SWGY15217,Anika Iyer,anika.iyer230@gmail.co,Gurugram,Frequent Orderer,False,+911275199936,True,2024-04-27
SWGY13579,Anika Iyer,anika.iyer397@gmail.co,Vijayawada,Frequent Orderer,False,+911870074989,False,2023-10-29
SWGY15164,Anika Iyer,anika.iyer45@hotmail.com,Noida,New,False,+916934174279,False,2025-03-29
SWGY14195,Anika Iyer,anika.iyer593@yahoo.com,Chennai,Frequent Orderer,False,+918135246247,False,2023-06-14
SWGY10902,Anika Iyer,anika.iyer630@outlook.com,Delhi,New,True,,True,2024-10-01
SWGY14075,Anika Iyer,anika.iyer820@outlook.com,Delhi,Frequent Orderer,True,+914818695596,False,2024-12-26
SWGY10641,Anika Iyer,anika.iyer982@gmail.com,Noida,New,True,+914415298217,True,2024-08-29
SWGY15144,Anika Joshi,anika.joshi164@yahoo.com,Kolkata,Swiggy One Member,True,+916546396097,True,2023-06-27
SWGY13341,Anika Joshi,anika.joshi283@gmail.co,Kochi,Frequent Orderer,True,+917696887064,True,2023-07-05
SWGY13395,Anika Joshi,anika.joshi371@hotmail.com,Delhi,Frequent Orderer,True,+913592423844,True,2025-04-08
SWGY10818,Anika Joshi,anika.joshi402@gmail.com,Kolkata,Swiggy One Member,True,,True,2025-04-04
SWGY14942,Anika Joshi,anika.joshi490@gmail.com,Nellore,Churned,False,+919455746399,False,2025-05-29
SWGY14792,Anika Joshi,anika.joshi494@hotmail.com,Noida,Churned,False,,True,2024-09-05
SWGY11846,Anika Joshi,anika.joshi930@yahoo.com,,Frequent Orderer,False,+910360677871,False,2024-08-22
SWGY15049,Anika Kapoor,anika.kapoor190@yahoo.com,Ahmedabad,Dormant,False,+910155900537,True,2025-04-30
SWGY13929,Anika Kapoor,anika.kapoor237@gmail.com,Delhi,Frequent Orderer,False,,True,2024-09-21
SWGY11393,Anika Kapoor,anika.kapoor346@gmail.co,Delhi,Churned,False,+914380299034,True,2025-02-08
SWGY11556,Anika Kapoor,anika.kapoor679@yahoo.com,Hyderabad,New,False,,False,2023-07-03
SWGY14285,Anika Kapoor,anika.kapoor69@gmail.co,Hyderabad,New,False,+918575394634,True,2024-03-06
SWGY11105,Anika Kapoor,anika.kapoor830@outlook.com,Hyderabad,Frequent Orderer,False,+914474890476,False,2024-01-02
SWGY11739,Anika Khan,anika.khan329@yahoo.com,Noida,New,False,+915049988782,False,2025-03-18
SWGY12791,Anika Khan,anika.khan474@gmail.com,Chennai,Frequent Orderer,False,+918558834856,False,2024-04-21
SWGY13150,Anika Khan,anika.khan509@hotmail.com,Mumbai,Frequent Orderer,False,+917741733360,False,2024-05-18
SWGY13619,Anika Khan,anika.khan643@hotmail.com,Pune,Unclassified,True,+919600789493,False,2024-03-05
SWGY14831,Anika Khan,anika.khan724@yahoo.com,Kolkata,Frequent Orderer,False,+912071084256,True,2025-04-24
SWGY14586,Anika Khan,anika.khan854@yahoo.com,Mumbai,Frequent Orderer,False,+919081597324,False,2024-07-03
SWGY10454,Anika Malhotra,anika.malhotra122@yahoo.com,Chennai,Dormant,False,+918340242403,True,2024-04-06
SWGY15178,Anika Malhotra,anika.malhotra193@gmail.co,Pune,Swiggy One Member,True,+912137969311,True,2023-09-26
SWGY12516,Anika Malhotra,anika.malhotra246@hotmail.com,Ahmedabad,Frequent Orderer,False,+916979339338,False,2024-08-12
SWGY14618,Anika Malhotra,anika.malhotra298@gmail.com,Kolkata,New,True,+918886631836,False,2024-01-18
SWGY11111,Anika Malhotra,anika.malhotra518@hotmail.com,Lucknow,Dormant,False,,False,2023-07-25
SWGY10183,Anika Malhotra,anika.malhotra745@yahoo.com,Jaipur,Unclassified,True,+916289002877,True,2025-05-18
SWGY13602,Anika Malhotra,anika.malhotra85@yahoo.com,Ahmedabad,New,True,,True,2024-09-28
SWGY15364,Anika Mehta,anika.mehta262@hotmail.com,Kochi,Swiggy One Member,True,+914766142585,False,2024-04-02
SWGY15638,Anika Mehta,anika.mehta319@gmail.com,Noida,Frequent Orderer,False,+913445376077,True,2023-12-22
SWGY15332,Anika Mehta,anika.mehta353@hotmail.com,Gurugram,Frequent Orderer,False,,True,2025-01-19
SWGY14065,Anika Mehta,anika.mehta496@yahoo.com,Delhi,Frequent Orderer,True,+913608352339,False,2023-07-31
SWGY11142,Anika Mehta,anika.mehta554@hotmail.com,Bengaluru,New,False,+913094134909,False,2023-11-25
SWGY14474,Anika Mehta,anika.mehta714@outlook.com,Mumbai,Frequent Orderer,False,+912846159654,True,2023-07-10
SWGY11664,Anika Mehta,anika.mehta739@gmail.co,Pune,Dormant,False,+910557779174,True,2023-06-09
SWGY12451,Anika Mehta,anika.mehta778@hotmail.com,Lucknow,Churned,False,+918086789451,True,2024-10-05
SWGY14704,Anika Mehta,anika.mehta861@yahoo.com,Mumbai,Swiggy One Member,True,,True,2024-12-17
SWGY13976,Anika Menon,anika.menon153@hotmail.com,Jaipur,Frequent Orderer,False,+913988437721,False,2025-03-18
SWGY13003,Anika Menon,anika.menon377@hotmail.com,Hyderabad,Frequent Orderer,False,+915358496200,True,2025-01-27
SWGY10625,Anika Menon,anika.menon449@outlook.com,Nellore,Dormant,False,+918972154064,True,2023-09-14
SWGY15597,Anika Menon,anika.menon497@outlook.com,Nellore,Swiggy One Member,True,+917914525203,True,2024-08-06
SWGY11801,Anika Menon,anika.menon672@outlook.com,Delhi,New,False,+918024594085,False,2024-07-03
SWGY10600,Anika Menon,anika.menon695@hotmail.com,Ahmedabad,Frequent Orderer,False,,True,2024-04-02
SWGY15038,Anika Menon,anika.menon833@hotmail.com,Jaipur,Dormant,False,+913711617413,True,2023-07-16
SWGY14656X,Anika Nair,anika.nair108@outlook.com,Noida,Frequent Orderer,False,+919253460581,False,2025-03-06
SWGY11807,Anika Nair,anika.nair194@yahoo.com,Ahmedabad,Churned,False,+910419171603,True,2024-06-26
SWGY12499,Anika Nair,anika.nair282@gmail.com,Jaipur,Churned,False,+913582717320,True,2023-07-27
SWGY12305,Anika Nair,anika.nair486@yahoo.com,Jaipur,Swiggy One Member,True,+916146017419,True,2024-09-03
SWGY15129,Anika Nair,anika.nair900@hotmail.com,Kolkata,Frequent Orderer,False,+914882718467,True,2024-05-03
SWGY11753,Anika Nair,anika.nair906@hotmail.com,Lucknow,Dormant,False,+912990371912,False,2024-03-21
SWGY13721,Anika Nair,anika.nair946@hotmail.com,Noida,New,False,,False,2024-04-10
SWGY13516,Anika Patel,anika.patel139@yahoo.com,Hyderabad,New,False,+916904744730,True,2025-05-09
SWGY13209,Anika Patel,anika.patel18@outlook.com,Kolkata,Churned,False,+912526001181,False,2024-01-26
SWGY12662,Anika Patel,anika.patel193@yahoo.com,Chennai,Frequent Orderer,False,+918181671771,True,2023-07-19
SWGY12780,Anika Patel,anika.patel273@gmail.com,Bengaluru,Churned,False,+913751376848,False,2023-12-15
SWGY10814,Anika Patel,anika.patel291@outlook.com,Ahmedabad,Frequent Orderer,False,,False,2025-03-10
SWGY10332,Anika Patel,anika.patel308@gmail.co,Pune,New,False,+911364424936,False,2024-09-16
SWGY10790,Anika Patel,anika.patel343@gmail.com,Mumbai,Swiggy One Member,True,,False,2023-08-23
SWGY10558,Anika Patel,anika.patel484@gmail.co,Kochi,Unclassified,False,+915228705622,True,2025-02-18
SWGY13418X,Anika Patel,anika.patel947@gmail.com,Pune,Swiggy One Member,True,+916014033676,False,2025-03-15
SWGY12647,Anika Pillai,anika.pillai120@gmail.com,Nellore,Frequent Orderer,False,+914782475991,True,2023-07-02
SWGY13998,Anika Pillai,anika.pillai126@yahoo.com,Jaipur,Frequent Orderer,False,+910683129285,False,2023-10-20
SWGY10482,Anika Pillai,anika.pillai217@yahoo.com,Kochi,Swiggy One Member,True,+918613715766,True,2023-07-04
SWGY12266,Anika Pillai,anika.pillai23@outlook.com,Pune,New,False,+910945875950,False,2025-03-01
SWGY15991,Anika Pillai,anika.pillai294@gmail.com,Chennai,Swiggy One Member,True,+917112608770,True,2024-10-14
SWGY14769,Anika Pillai,anika.pillai308@gmail.co,Mumbai,Churned,True,+918691105068,False,2024-01-20
SWGY10804,Anika Pillai,anika.pillai326@hotmail.com,Hyderabad,Churned,True,+912350405669,True,2024-10-18
SWGY12265,Anika Pillai,anika.pillai357@gmail.com,Hyderabad,Dormant,False,+912933741535,False,2025-01-10
SWGY10998,Anika Pillai,anika.pillai422@hotmail.com,Hyderabad,Frequent Orderer,True,+916764909228,False,2025-01-27
SWGY11418,Anika Pillai,anika.pillai645@yahoo.com,Jaipur,Unclassified,True,+918051666081,True,2023-07-15
SWGY13639,Anika Pillai,anika.pillai741@gmail.co,Lucknow,Frequent Orderer,True,,False,2024-10-08
SWGY13798,Anika Pillai,anika.pillai81@gmail.co,Noida,Frequent Orderer,False,+914295553870,False,2023-11-12
SWGY13080,Anika Rao,anika.rao236@yahoo.com,Chennai,Dormant,False,+917211951109,True,2025-05-15
SWGY13896,Anika Rao,anika.rao280@outlook.com,Delhi,Swiggy One Member,True,+916204245797,False,2023-08-02
SWGY14541,Anika Rao,anika.rao299@hotmail.com,Kochi,Frequent Orderer,False,,True,2024-07-18
SWGY15922,Anika Rao,anika.rao361@yahoo.com,Ahmedabad,New,True,+912252821518,True,2025-04-26
SWGY10042,Anika Rao,anika.rao393@yahoo.com,Kolkata,Churned,False,,False,2024-10-07
SWGY12558,Anika Rao,anika.rao551@hotmail.com,Hyderabad,Dormant,False,+919458922517,True,2024-06-03
SWGY15715,Anika Rao,anika.rao668@hotmail.com,Kochi,New,False,+915631351913,True,2023-09-15
SWGY10782,Anika Rao,anika.rao813@hotmail.com,Chennai,New,False,+913543788260,True,2023-07-12
SWGY12126,Anika Rao,anika.rao984@gmail.com,Delhi,Swiggy One Member,True,+918747291311,False,2023-09-29
SWGY12732,Anika Reddy,anika.reddy137@gmail.co,Pune,Swiggy One Member,True,,False,2023-09-05
SWGY12300,Anika Reddy,anika.reddy45@yahoo.com,Chennai,Swiggy One Member,True,+916532831530,False,2024-03-28
SWGY10360,Anika Reddy,anika.reddy746@outlook.com,Delhi,New,False,+918712552137,False,2025-03-07
SWGY13877,Anika Reddy,anika.reddy887@gmail.co,Kolkata,Frequent Orderer,False,+910497038341,False,2023-06-13
SWGY11266,Anika Reddy,anika.reddy956@gmail.com,Nellore,Frequent Orderer,False,+913196303995,False,2025-04-01
SWGY10064,Anika Reddy,anika.reddy982@yahoo.com,Nellore,New,False,+912432921277,True,2024-11-04
SWGY15560,Anika Sharma,anika.sharma174@gmail.co,Nellore,Dormant,True,+919929503982,True,2025-04-20
SWGY10138,Anika Sharma,anika.sharma375@hotmail.com,Pune,New,False,+917109104300,False,2024-04-20
SWGY14479,Anika Sharma,anika.sharma378@yahoo.com,,New,False,+915157460678,True,2024-03-08
SWGY14226,Anika Sharma,anika.sharma483@outlook.com,,New,False,+917807767758,False,2023-12-26
SWGY15789,Anika Sharma,anika.sharma504@gmail.co,Kolkata,New,False,+914166720170,True,2024-04-27
SWGY10755,Anika Sharma,anika.sharma582@outlook.com,Delhi,Frequent Orderer,False,,False,2023-06-21
SWGY12156,Anika Sharma,anika.sharma658@hotmail.com,Chennai,New,False,+913491164764,False,2024-05-13
SWGY11359,Anika Sharma,anika.sharma681@gmail.com,Hyderabad,Dormant,False,+913565826082,False,2025-05-21
SWGY11453,Anika Sharma,anika.sharma838@gmail.com,Vijayawada,Frequent Orderer,False,+916996131525,False,2023-10-11
SWGY11895,Anika Sharma,anika.sharma894@gmail.com,Pune,Swiggy One Member,True,+918081403340,False,2024-11-09
SWGY14783,Anika Sharma,anika.sharma923@yahoo.com,Jaipur,New,False,+917592612640,True,2024-01-13
SWGY15372,Anika Shetty,anika.shetty112@hotmail.com,Ahmedabad,Dormant,False,+917563387933,False,2024-10-12
SWGY11049,Anika Shetty,anika.shetty447@gmail.com,Lucknow,Unclassified,False,+910384227362,True,2024-09-17
SWGY12568,Anika Shetty,anika.shetty448@gmail.co,Mumbai,Dormant,True,,False,2025-02-04
SWGY13844,Anika Shetty,anika.shetty453@yahoo.com,Ahmedabad,Swiggy One Member,True,+915288151369,False,2025-02-25
SWGY11286,Anika Shetty,anika.shetty489@outlook.com,Jaipur,Swiggy One Member,True,+917990522171,False,2024-11-15
SWGY11245,Anika Shetty,anika.shetty4@outlook.com,Vijayawada,New,False,+918028354158,True,2024-01-27
SWGY14101,Anika Shetty,anika.shetty505@yahoo.com,Vijayawada,Dormant,False,+913675235637,False,2024-10-20
SWGY10994,Anika Shetty,anika.shetty62@gmail.com,Kolkata,Frequent Orderer,False,+918561547315,False,2025-01-02
SWGY14897,Anika Shetty,anika.shetty72@outlook.com,Lucknow,Frequent Orderer,False,+918906593793,False,2023-06-22
SWGY13753,Anika Shetty,anika.shetty734@outlook.com,Lucknow,Frequent Orderer,False,+915751943425,True,2024-03-14
SWGY10238,Anika Shetty,anika.shetty73@gmail.com,Jaipur,Frequent Orderer,False,+913717058650,True,2025-01-25
SWGY13958,Anika Shetty,anika.shetty806@gmail.com,Mumbai,Swiggy One Member,True,+914091558167,False,2025-05-22
SWGY10474,Anika Shetty,anika.shetty899@gmail.com,Pune,New,False,+910380214629,False,2024-06-17
SWGY11927,Anika Shetty,anika.shetty928@hotmail.com,Gurugram,Frequent Orderer,False,,True,2023-09-15
SWGY15556,Anika Singh,anika.singh2@hotmail.com,Hyderabad,Frequent Orderer,False,,False,2025-04-21
SWGY10440,Anika Singh,anika.singh321@gmail.com,Chennai,Dormant,False,+911312901487,True,2025-03-12
SWGY12836,Anika Singh,anika.singh459@outlook.com,Mumbai,Dormant,False,+914786873207,False,2023-08-22
SWGY15339,Anika Singh,anika.singh606@gmail.com,Delhi,New,False,+916107464439,False,2025-03-18
SWGY14124,Anika Singh,anika.singh708@gmail.co,Lucknow,Swiggy One Member,True,+912663059683,False,2023-11-05
SWGY14163,Anika Singh,anika.singh805@outlook.com,Delhi,New,False,+911726821556,True,2024-04-28
SWGY15849,Anika Singh,anika.singh977@gmail.co,Mumbai,Dormant,False,+916279221301,False,2024-02-06
SWGY13401,Anika Verma,anika.verma112@hotmail.com,Chennai,Swiggy One Member,True,+914476337799,False,2025-04-15
SWGY15277,Anika Verma,anika.verma160@gmail.com,,Frequent Orderer,False,+912764251242,False,2025-03-13
SWGY13642,Anika Verma,anika.verma173@hotmail.com,Jaipur,New,True,,True,2023-07-29
SWGY11479,Anika Verma,anika.verma411@gmail.com,Kochi,New,False,,True,2025-02-03
SWGY10089,Anika Verma,anika.verma468@yahoo.com,Bengaluru,New,False,+918259526949,True,2023-07-10
SWGY11542,Anika Verma,anika.verma722@gmail.co,Nellore,Frequent Orderer,False,+919320709834,True,2025-03-08
SWGY15068,Anika Verma,anika.verma895@yahoo.com,Hyderabad,Dormant,False,+919033225304,True,2024-02-06
SWGY10083,Anika Verma,anika.verma958@yahoo.com,Noida,Frequent Orderer,False,+918414384249,True,2023-10-06
SWGY13370,Arjun Bose,arjun.bose325@gmail.com,Ahmedabad,New,False,,False,2025-03-26
SWGY14114,Arjun Bose,arjun.bose346@outlook.com,Ahmedabad,Frequent Orderer,False,+917867963023,True,2024-02-11
SWGY14448,Arjun Bose,arjun.bose501@outlook.com,Nellore,Frequent Orderer,False,+911480810262,True,2024-04-01
SWGY13925,Arjun Bose,arjun.bose526@gmail.com,Pune,Churned,False,+911201327968,False,2025-05-01
SWGY10729,Arjun Bose,arjun.bose715@yahoo.com,Kolkata,Dormant,False,+910720245591,True,2024-10-17
SWGY14709,Arjun Bose,arjun.bose836@yahoo.com,Gurugram,New,False,+914005129486,True,2023-11-16
SWGY15330,Arjun Chatterjee,arjun.chatterjee147@yahoo.com,Lucknow,Dormant,False,+911360579792,False,2024-12-24
SWGY12134,Arjun Chatterjee,arjun.chatterjee247@gmail.com,Gurugram,New,False,+915003945584,True,2024-06-04
SWGY15317,Arjun Chatterjee,arjun.chatterjee277@hotmail.com,Bengaluru,Dormant,False,+911334708474,False,2025-01-23
SWGY15954,Arjun Chatterjee,arjun.chatterjee280@hotmail.com,Noida,Frequent Orderer,False,+915091261110,True,2023-10-23
SWGY13244,Arjun Chatterjee,arjun.chatterjee293@hotmail.com,Mumbai,Frequent Orderer,True,,True,2024-07-14
SWGY14174,Arjun Chatterjee,arjun.chatterjee496@yahoo.com,Pune,New,True,+917778426597,False,2024-10-01
SWGY14660,Arjun Chatterjee,arjun.chatterjee563@outlook.com,Chennai,Frequent Orderer,False,,True,2024-04-01
SWGY11115,Arjun Chatterjee,arjun.chatterjee569@gmail.co,Mumbai,Frequent Orderer,False,,True,2024-11-29
SWGY13094,Arjun Chatterjee,arjun.chatterjee600@gmail.co,Mumbai,New,False,+917201648547,True,2024-10-07
SWGY10431,Arjun Chatterjee,arjun.chatterjee611@yahoo.com,Hyderabad,New,False,+916176475011,False,2023-07-05
SWGY13744X,Arjun Chatterjee,arjun.chatterjee632@yahoo.com,Bengaluru,Churned,False,+910668433567,True,2024-03-07
SWGY15936,Arjun Chatterjee,arjun.chatterjee727@gmail.co,Mumbai,Frequent Orderer,False,+911284373215,True,2025-05-12
SWGY10540,Arjun Chatterjee,arjun.chatterjee845@outlook.com,Jaipur,Frequent Orderer,False,+919101576764,True,2024-12-22
SWGY10512,Arjun Chatterjee,arjun.chatterjee860@gmail.com,Ahmedabad,Frequent Orderer,False,+914159149750,False,2023-06-07
SWGY14590,Arjun Chatterjee,arjun.chatterjee883@gmail.co,Mumbai,Frequent Orderer,False,,True,2024-07-09
SWGY13824,Arjun Chatterjee,arjun.chatterjee899@hotmail.com,,Swiggy One Member,True,+916294420520,True,2025-02-26
SWGY14059,Arjun Das,arjun.das136@gmail.com,Mumbai,Swiggy One Member,True,+916550990701,True,2023-10-13
SWGY14168,Arjun Das,arjun.das208@outlook.com,,Unclassified,False,+913565026715,True,2024-09-25
SWGY11908,Arjun Das,arjun.das259@outlook.com,Lucknow,Frequent Orderer,False,+915021885211,True,2024-10-17
SWGY11414,Arjun Das,arjun.das351@outlook.com,Noida,Frequent Orderer,True,,False,2024-03-24
SWGY11446,Arjun Das,arjun.das374@hotmail.com,Kolkata,Frequent Orderer,False,+912330080563,True,2025-03-30
SWGY14273,Arjun Das,arjun.das656@gmail.co,Gurugram,Unclassified,False,+912968981928,False,2024-11-22
SWGY11511,Arjun Das,arjun.das661@hotmail.com,Delhi,Churned,False,+911651192145,True,2023-08-03
SWGY13822,Arjun Das,arjun.das685@hotmail.com,Mumbai,Frequent Orderer,False,+915590848310,False,2023-12-15
SWGY15878,Arjun Das,arjun.das706@gmail.com,Lucknow,New,True,+916471733236,True,2024-06-13
SWGY11117,Arjun Das,arjun.das706@yahoo.com,Delhi,Swiggy One Member,True,+917597953192,False,2023-06-24
SWGY15250,Arjun Das,arjun.das709@outlook.com,Vijayawada,Churned,True,+911435628251,False,2024-09-03
SWGY10014,Arjun Das,arjun.das854@hotmail.com,Lucknow,Dormant,False,,True,2023-08-10
SWGY13456,Arjun Das,arjun.das888@yahoo.com,Bengaluru,Frequent Orderer,True,,False,2024-06-26
SWGY10460,Arjun Das,arjun.das906@gmail.com,Ahmedabad,Frequent Orderer,False,+911314519515,True,2024-03-20
SWGY12020,Arjun Das,arjun.das957@hotmail.com,Kolkata,New,False,+915576633542,True,2025-03-07
SWGY14445,Arjun Das,arjun.das975@outlook.com,Vijayawada,New,False,+914210558911,True,2025-05-09
SWGY14109,Arjun Das,arjun.das977@hotmail.com,,Dormant,False,,True,2024-11-03
SWGY11437,Arjun Gupta,arjun.gupta144@yahoo.com,Noida,Unclassified,False,,True,2024-01-23
SWGY12881,Arjun Gupta,arjun.gupta267@gmail.co,Jaipur,Churned,True,,False,2024-03-18
SWGY14667,Arjun Gupta,arjun.gupta495@gmail.com,Vijayawada,Frequent Orderer,False,+912637727301,True,2024-08-17
SWGY15593,Arjun Gupta,arjun.gupta535@hotmail.com,Hyderabad,Churned,True,+916645776230,True,2023-08-10
SWGY13750,Arjun Gupta,arjun.gupta593@hotmail.com,Noida,Frequent Orderer,False,+913239874451,False,2024-01-09
SWGY11009,Arjun Gupta,arjun.gupta602@outlook.com,Ahmedabad,New,False,+912094477269,True,2024-07-11
SWGY14201,Arjun Gupta,arjun.gupta720@hotmail.com,Nellore,New,False,+919078243361,False,2024-03-05
SWGY10747,Arjun Gupta,arjun.gupta829@outlook.com,Mumbai,New,False,,True,2025-01-23
SWGY11640,Arjun Gupta,arjun.gupta887@outlook.com,Ahmedabad,Frequent Orderer,False,+913519198505,False,2024-11-04
SWGY12637,Arjun Iyer,arjun.iyer142@hotmail.com,Bengaluru,Churned,True,+913684054165,True,2023-12-04
SWGY14658,Arjun Iyer,arjun.iyer394@hotmail.com,Chennai,Swiggy One Member,True,+912905543812,True,2024-10-18
SWGY12073,Arjun Iyer,arjun.iyer432@yahoo.com,Pune,Dormant,False,+916103565748,False,2025-03-24
SWGY12751,Arjun Iyer,arjun.iyer449@gmail.com,Kochi,Dormant,False,+916334453975,True,2024-01-28
SWGY10581,Arjun Iyer,arjun.iyer706@hotmail.com,Ahmedabad,Frequent Orderer,False,,False,2024-10-18
SWGY12346,Arjun Iyer,arjun.iyer735@yahoo.com,Jaipur,Churned,False,,True,2024-06-13
SWGY12800X,Arjun Iyer,arjun.iyer830@hotmail.com,Jaipur,Dormant,False,,False,2024-02-24
SWGY10069,Arjun Iyer,arjun.iyer856@hotmail.com,Mumbai,Dormant,True,,False,2024-03-29
SWGY10354,Arjun Iyer,arjun.iyer880@gmail.com,Bengaluru,New,True,+912368314727,True,2023-12-13
SWGY14094,Arjun Joshi,arjun.joshi224@hotmail.com,Jaipur,New,False,+913498778941,False,2025-05-22
SWGY14280,Arjun Joshi,arjun.joshi291@yahoo.com,Jaipur,Frequent Orderer,False,,True,2023-10-07
SWGY11205,Arjun Joshi,arjun.joshi307@hotmail.com,Kolkata,Churned,False,+910253084376,False,2023-09-04
SWGY11829,Arjun Joshi,arjun.joshi351@gmail.com,Jaipur,Frequent Orderer,False,+913056878071,True,2024-05-03
SWGY14380,Arjun Joshi,arjun.joshi378@outlook.com,Gurugram,Churned,False,+918348403628,True,2024-05-11
SWGY13715,Arjun Joshi,arjun.joshi431@hotmail.com,Chennai,Churned,False,,False,2024-11-06
SWGY14708,Arjun Joshi,arjun.joshi774@gmail.co,Vijayawada,New,False,,True,2024-01-11
SWGY11262,Arjun Joshi,arjun.joshi845@yahoo.com,Vijayawada,Dormant,False,,False,2024-02-27
SWGY13257,Arjun Joshi,arjun.joshi869@hotmail.com,Pune,New,False,+913201306533,False,2023-12-12
SWGY10023,Arjun Joshi,arjun.joshi913@gmail.co,Ahmedabad,Churned,False,+918687277434,False,2024-11-25
SWGY12942,Arjun Joshi,arjun.joshi925@gmail.co,Vijayawada,Dormant,False,,True,2024-10-22
SWGY15115,Arjun Joshi,arjun.joshi949@hotmail.com,Gurugram,Swiggy One Member,True,+914141369987,True,2024-05-18
SWGY14926,Arjun Kapoor,arjun.kapoor403@yahoo.com,Pune,Dormant,False,+914962278761,True,2024-12-23
SWGY13180,Arjun Kapoor,arjun.kapoor502@outlook.com,Kochi,New,False,+911162596971,False,2023-12-05
SWGY11310,Arjun Kapoor,arjun.kapoor50@yahoo.com,Gurugram,Swiggy One Member,True,,False,2024-05-24
SWGY12502,Arjun Kapoor,arjun.kapoor556@hotmail.com,Ahmedabad,Churned,False,+914200326503,True,2024-11-11
SWGY15836,Arjun Kapoor,arjun.kapoor637@hotmail.com,Delhi,Frequent Orderer,False,+910201365488,False,2024-07-11
SWGY10415,Arjun Kapoor,arjun.kapoor748@outlook.com,Hyderabad,Churned,True,+916656749160,True,2023-11-06
SWGY15335,Arjun Kapoor,arjun.kapoor833@gmail.com,Mumbai,Frequent Orderer,False,+917325145460,False,2024-04-05
SWGY11916,Arjun Khan,arjun.khan263@yahoo.com,Mumbai,Swiggy One Member,True,+913536757777,True,2023-12-02
SWGY12058,Arjun Khan,arjun.khan399@hotmail.com,Nellore,Swiggy One Member,True,,False,2023-08-11
SWGY10617,Arjun Khan,arjun.khan490@gmail.co,Ahmedabad,Frequent Orderer,False,,False,2024-12-04
SWGY11553,Arjun Khan,arjun.khan537@gmail.co,Bengaluru,Frequent Orderer,False,+910673476714,True,2024-07-10
SWGY13355,Arjun Khan,arjun.khan656@gmail.co,Hyderabad,Frequent Orderer,False,+911648435145,False,2024-09-27
SWGY13222,Arjun Khan,arjun.khan6@gmail.co,Nellore,New,False,+915094666050,True,2024-04-01
SWGY13331,Arjun Malhotra,arjun.malhotra104@outlook.com,Kochi,Frequent Orderer,False,,True,2024-01-24
SWGY10316,Arjun Malhotra,arjun.malhotra167@gmail.com,Chennai,Unclassified,False,+918338988816,True,2024-06-16
SWGY13009,Arjun Malhotra,arjun.malhotra180@gmail.co,Chennai,Frequent Orderer,True,+912194047891,False,2024-10-26
SWGY10280,Arjun Malhotra,arjun.malhotra264@gmail.com,Mumbai,Frequent Orderer,False,+919292752437,False,2024-03-11
SWGY10945,Arjun Malhotra,arjun.malhotra339@gmail.co,Delhi,Dormant,False,+911330303346,False,2025-02-28
SWGY14087,Arjun Malhotra,arjun.malhotra511@gmail.co,Vijayawada,New,True,,True,2024-11-03
SWGY13334,Arjun Malhotra,arjun.malhotra524@gmail.com,Nellore,Frequent Orderer,False,,False,2024-09-26
SWGY10044,Arjun Malhotra,arjun.malhotra539@gmail.co,Vijayawada,Dormant,False,+912621745961,False,2024-05-05
SWGY13466,Arjun Malhotra,arjun.malhotra543@yahoo.com,Nellore,Dormant,False,+911430252002,True,2023-10-19
SWGY13847,Arjun Malhotra,arjun.malhotra694@outlook.com,Mumbai,Churned,True,+911154033596,False,2024-04-02
SWGY13869,Arjun Malhotra,arjun.malhotra756@hotmail.com,Chennai,Churned,False,+917905735805,False,2023-07-10
SWGY12310X,Arjun Malhotra,arjun.malhotra91@yahoo.com,Noida,Frequent Orderer,True,+911894905807,True,2024-03-13
SWGY15521,Arjun Mehta,arjun.mehta154@yahoo.com,Bengaluru,Frequent Orderer,False,+911196299284,False,2024-06-18
SWGY11961,Arjun Mehta,arjun.mehta445@hotmail.com,Delhi,Frequent Orderer,False,+918819468774,True,2024-09-02
SWGY10374,Arjun Mehta,arjun.mehta54@yahoo.com,Lucknow,Frequent Orderer,False,+919937886140,False,2024-04-27
SWGY14404,Arjun Mehta,arjun.mehta566@hotmail.com,Gurugram,Swiggy One Member,True,+915199177376,True,2025-03-30
SWGY14516,Arjun Mehta,arjun.mehta778@outlook.com,Ahmedabad,New,False,+919080494795,False,2023-10-07
SWGY11687,Arjun Mehta,arjun.mehta890@gmail.com,Noida,Frequent Orderer,False,+913238128171,True,2025-05-19
SWGY10276,Arjun Menon,arjun.menon148@gmail.co,Noida,New,True,+912126796927,False,2025-04-17
SWGY15385,Arjun Menon,arjun.menon182@gmail.com,Ahmedabad,Dormant,False,+913208154269,False,2025-01-07
SWGY14855,Arjun Menon,arjun.menon216@hotmail.com,Noida,Swiggy One Member,True,+916160107945,False,2023-11-15
SWGY14042,Arjun Menon,arjun.menon28@hotmail.com,,Dormant,False,+917224724243,False,2024-03-31
SWGY12606,Arjun Menon,arjun.menon420@yahoo.com,Gurugram,New,False,+916209160494,True,2024-09-15
SWGY10541X,Arjun Menon,arjun.menon522@gmail.co,Delhi,Dormant,False,+919781187508,False,2024-03-01
SWGY11625,Arjun Menon,arjun.menon631@gmail.com,Jaipur,Dormant,False,+910455948496,False,2025-01-21
SWGY11394,Arjun Menon,arjun.menon739@gmail.com,Gurugram,Dormant,False,+910916573762,False,2025-01-16
SWGY11415,Arjun Menon,arjun.menon791@outlook.com,Kolkata,Frequent Orderer,True,+913000914352,False,2023-09-08
SWGY15117,Arjun Menon,arjun.menon818@gmail.co,Noida,Dormant,True,+911613526425,True,2024-03-28
SWGY15259,Arjun Menon,arjun.menon86@gmail.com,Mumbai,Swiggy One Member,True,+916005788385,True,2023-06-27
SWGY11805,Arjun Menon,arjun.menon911@outlook.com,Delhi,Swiggy One Member,True,+918513976352,False,2024-07-29
SWGY11448,Arjun Nair,arjun.nair24@hotmail.com,Bengaluru,New,True,,False,2024-09-26
SWGY15546,Arjun Nair,arjun.nair345@gmail.co,Delhi,Dormant,False,+917686249826,False,2024-05-19
SWGY14686,Arjun Nair,arjun.nair482@yahoo.com,Mumbai,Churned,True,,True,2023-12-12
SWGY15741,Arjun Nair,arjun.nair638@outlook.com,Mumbai,Frequent Orderer,False,+915413887030,False,2024-07-20
SWGY12434,Arjun Nair,arjun.nair71@hotmail.com,Hyderabad,Churned,True,+913700632399,False,2024-09-09
SWGY15136,Arjun Nair,arjun.nair772@hotmail.com,Jaipur,Frequent Orderer,False,+911007179170,False,2023-11-24
SWGY15909,Arjun Patel,arjun.patel118@gmail.co,Bengaluru,Churned,True,+911359246812,True,2023-10-19
SWGY15220,Arjun Patel,arjun.patel167@outlook.com,Pune,Frequent Orderer,False,+917734758916,False,2023-09-25
SWGY14427,Arjun Patel,arjun.patel301@gmail.com,Mumbai,Swiggy One Member,True,+915277655925,True,2023-12-05
SWGY11141,Arjun Patel,arjun.patel525@yahoo.com,Hyderabad,Frequent Orderer,False,+917017036309,False,2024-11-23
SWGY15935,Arjun Patel,arjun.patel577@gmail.co,Chennai,Frequent Orderer,False,,True,2024-02-04
SWGY10816,Arjun Patel,arjun.patel640@gmail.com,Vijayawada,Dormant,False,,True,2023-10-25
SWGY11947,Arjun Patel,arjun.patel645@yahoo.com,Pune,Frequent Orderer,False,,False,2024-10-09
SWGY12236,Arjun Patel,arjun.patel700@outlook.com,Kolkata,Frequent Orderer,False,+910025190672,True,2023-11-04
SWGY11862,Arjun Patel,arjun.patel761@outlook.com,Kochi,Swiggy One Member,True,+910711072985,True,2024-11-19
SWGY10509,Arjun Patel,arjun.patel956@outlook.com,Kolkata,Churned,True,+916661449429,True,2025-01-20
SWGY13969,Arjun Pillai,arjun.pillai162@gmail.com,Ahmedabad,Swiggy One Member,True,+912995961708,False,2024-08-11
SWGY14234,Arjun Pillai,arjun.pillai180@gmail.co,Ahmedabad,Frequent Orderer,False,+911981644337,True,2023-06-09
SWGY14227,Arjun Pillai,arjun.pillai271@hotmail.com,Gurugram,Frequent Orderer,False,+913988611395,True,2024-11-04
SWGY11056X,Arjun Pillai,arjun.pillai279@gmail.co,,Frequent Orderer,False,+910095804014,False,2023-11-28
SWGY14625,Arjun Pillai,arjun.pillai546@gmail.com,Bengaluru,Swiggy One Member,True,+914072948831,True,2023-09-08
SWGY12986,Arjun Pillai,arjun.pillai549@gmail.co,Pune,New,False,+914146566370,True,2023-10-16
SWGY12331,Arjun Pillai,arjun.pillai602@yahoo.com,Bengaluru,Churned,False,+918578398037,False,2023-07-04
SWGY15906,Arjun Pillai,arjun.pillai788@hotmail.com,Lucknow,New,False,+916400633557,False,2024-07-26
SWGY15033,Arjun Pillai,arjun.pillai835@gmail.co,Chennai,Dormant,False,+911393863085,True,2024-06-22
SWGY13609,Arjun Rao,arjun.rao169@gmail.com,Lucknow,New,True,,False,2024-06-07
SWGY13233,Arjun Rao,arjun.rao225@outlook.com,Vijayawada,Frequent Orderer,False,+917760131098,True,2024-08-29
SWGY14682,Arjun Rao,arjun.rao333@yahoo.com,Lucknow,Dormant,False,,True,2024-06-12
SWGY14797,Arjun Rao,arjun.rao356@gmail.co,Nellore,Swiggy One Member,True,+910711691741,False,2024-09-08
SWGY13509,Arjun Rao,arjun.rao635@hotmail.com,Chennai,Dormant,False,+919201482923,False,2025-03-16
SWGY11745,Arjun Rao,arjun.rao721@yahoo.com,Noida,Churned,False,+916842685179,False,2024-08-08
SWGY13945,Arjun Rao,arjun.rao952@hotmail.com,Delhi,New,False,,False,2023-06-27
SWGY13199,Arjun Rao,arjun.rao974@gmail.com,Chennai,Swiggy One Member,True,+912695143692,False,2024-03-07
SWGY10464,Arjun Reddy,arjun.reddy143@outlook.com,Bengaluru,Frequent Orderer,False,,False,2024-05-23
SWGY10094,Arjun Reddy,arjun.reddy232@yahoo.com,Vijayawada,Frequent Orderer,True,+916571208267,True,2025-01-21
SWGY14221,Arjun Reddy,arjun.reddy344@hotmail.com,Kochi,New,False,,False,2023-06-08
SWGY12824,Arjun Reddy,arjun.reddy344@yahoo.com,Nellore,Frequent Orderer,False,+913444519067,True,2023-07-26
SWGY10652,Arjun Reddy,arjun.reddy397@hotmail.com,Ahmedabad,New,True,,False,2024-01-26
SWGY13459,Arjun Reddy,arjun.reddy497@yahoo.com,,Dormant,False,+910688772753,False,2024-10-17
SWGY12370,Arjun Reddy,arjun.reddy583@yahoo.com,Hyderabad,Frequent Orderer,False,+912689495427,False,2024-09-26
SWGY10219,Arjun Reddy,arjun.reddy629@gmail.com,Mumbai,Swiggy One Member,True,+918075957947,False,2023-08-20
SWGY15853,Arjun Reddy,arjun.reddy63@outlook.com,Pune,Dormant,False,+919927893831,True,2024-12-16
SWGY12712,Arjun Reddy,arjun.reddy837@yahoo.com,Kolkata,Frequent Orderer,False,+910766675244,False,2024-05-23
SWGY14292,Arjun Reddy,arjun.reddy963@yahoo.com,Gurugram,Swiggy One Member,True,,True,2024-10-29
SWGY14113,Arjun Sharma,arjun.sharma201@yahoo.com,Pune,New,False,+912125285520,True,2023-09-06
SWGY11170,Arjun Sharma,arjun.sharma452@gmail.co,Chennai,Swiggy One Member,True,+916183085800,False,2023-06-15
SWGY12859,Arjun Sharma,arjun.sharma560@gmail.com,Chennai,Dormant,False,+911410082592,True,2023-11-22
SWGY15168,Arjun Sharma,arjun.sharma592@gmail.co,Pune,Frequent Orderer,False,+915397280615,False,2023-10-27
SWGY12145,Arjun Sharma,arjun.sharma780@gmail.co,Hyderabad,Churned,False,+919181980528,False,2023-12-08
SWGY10579,Arjun Sharma,arjun.sharma833@hotmail.com,Pune,Swiggy One Member,True,+917607401775,False,2025-05-25
SWGY15443,Arjun Sharma,arjun.sharma838@gmail.com,Delhi,Frequent Orderer,False,+913585227416,True,2024-09-25
SWGY12094,Arjun Sharma,arjun.sharma882@outlook.com,Gurugram,Frequent Orderer,False,+919419964596,False,2024-04-28
SWGY15571,Arjun Sharma,arjun.sharma883@gmail.co,Ahmedabad,Frequent Orderer,False,+911288496405,True,2024-08-19
SWGY11113,Arjun Sharma,arjun.sharma8@gmail.co,Pune,Swiggy One Member,True,+914544708231,False,2024-01-18
SWGY15393,Arjun Sharma,arjun.sharma917@gmail.com,Pune,Swiggy One Member,True,+910679433203,False,2024-05-29
SWGY11619,Arjun Shetty,arjun.shetty23@outlook.com,Pune,Unclassified,False,+911820682048,False,2024-01-07
SWGY15084,Arjun Shetty,arjun.shetty255@gmail.com,,Swiggy One Member,True,+910265421467,True,2024-01-19
SWGY10281,Arjun Shetty,arjun.shetty393@yahoo.com,Lucknow,Dormant,False,+912395041027,False,2023-11-05
SWGY15714,Arjun Shetty,arjun.shetty422@gmail.co,Lucknow,Swiggy One Member,True,+919731637914,False,2024-12-31
SWGY12218,Arjun Shetty,arjun.shetty536@gmail.co,Ahmedabad,New,False,+912951628908,True,2023-12-23
SWGY12055X,Arjun Shetty,arjun.shetty568@gmail.co,Kolkata,Churned,False,+913191678758,True,2024-08-31
SWGY15673,Arjun Shetty,arjun.shetty611@yahoo.com,Hyderabad,Frequent Orderer,False,,True,2024-12-18
SWGY10884,Arjun Shetty,arjun.shetty751@gmail.com,Chennai,Churned,False,+918273481310,True,2024-03-12
SWGY14455,Arjun Shetty,arjun.shetty97@gmail.co,Ahmedabad,New,False,+911973014111,True,2025-04-25
SWGY10261X,Arjun Shetty,arjun.shetty996@yahoo.com,Kolkata,Dormant,True,,True,2025-02-08
SWGY14165,Arjun Singh,arjun.singh201@gmail.co,Chennai,Swiggy One Member,True,+916995191320,False,2024-12-29
SWGY12114,Arjun Singh,arjun.singh210@hotmail.com,Delhi,Unclassified,False,+917965628073,True,2024-03-12
SWGY14055,Arjun Singh,arjun.singh321@hotmail.com,Kolkata,Churned,False,,False,2023-11-17
SWGY15994,Arjun Singh,arjun.singh32@yahoo.com,Gurugram,Frequent Orderer,True,,False,2024-04-27
SWGY12267,Arjun Singh,arjun.singh494@gmail.com,Delhi,Swiggy One Member,True,+911869484674,False,2025-05-15
SWGY14941,Arjun Singh,arjun.singh577@yahoo.com,Lucknow,Dormant,False,,False,2024-06-08
SWGY10910,Arjun Singh,arjun.singh585@gmail.co,Jaipur,Churned,False,+913853247250,False,2024-04-14
SWGY10648,Arjun Singh,arjun.singh69@yahoo.com,Mumbai,New,False,+912464844941,False,2025-03-14
SWGY11870,Arjun Singh,arjun.singh815@gmail.co,Kolkata,Unclassified,False,+912081803689,True,2024-06-22
SWGY10489,Arjun Singh,arjun.singh977@gmail.com,Mumbai,Churned,False,+918477686342,False,2025-05-09
SWGY15292,Arjun Singh,arjun.singh99@gmail.co,Mumbai,Swiggy One Member,True,+916570231628,False,2024-02-22
SWGY15767,Arjun Verma,arjun.verma172@yahoo.com,Lucknow,New,False,,True,2024-12-10
SWGY12070,Arjun Verma,arjun.verma281@gmail.co,Nellore,Dormant,False,+910157746621,True,2024-04-12
SWGY13091,Arjun Verma,arjun.verma513@gmail.com,Kolkata,Frequent Orderer,False,+918569028917,True,2025-04-20
SWGY15196X,Arjun Verma,arjun.verma59@outlook.com,Chennai,Dormant,False,+913165871205,True,2024-01-11
SWGY14759,Arjun Verma,arjun.verma702@gmail.com,Bengaluru,Frequent Orderer,False,,True,2024-01-26
SWGY12898,Arjun Verma,arjun.verma705@outlook.com,Kochi,New,False,,True,2025-02-25
SWGY11101,Arjun Verma,arjun.verma853@gmail.co,Vijayawada,Swiggy One Member,True,+912405920823,False,2025-02-17
SWGY10244,Arjun Verma,arjun.verma93@yahoo.com,Ahmedabad,Churned,False,+916225179086,False,2024-07-07
SWGY11051,Ayaan Bose,ayaan.bose180@gmail.com,Kolkata,Swiggy One Member,True,+919039220269,True,2025-01-11
SWGY11183,Ayaan Bose,ayaan.bose20@hotmail.com,Vijayawada,Dormant,False,+916493121463,False,2024-08-07
SWGY13366,Ayaan Bose,ayaan.bose347@hotmail.com,Noida,Dormant,False,+914188368089,False,2024-09-28
SWGY12268,Ayaan Bose,ayaan.bose570@gmail.co,Hyderabad,Churned,False,,True,2024-06-10
SWGY11124,Ayaan Bose,ayaan.bose704@gmail.co,Gurugram,Swiggy One Member,True,+912377184301,True,2024-07-10
SWGY11188,Ayaan Bose,ayaan.bose728@hotmail.com,Mumbai,Frequent Orderer,False,+911004202886,True,2023-09-15
SWGY11880,Ayaan Bose,ayaan.bose765@outlook.com,Jaipur,Frequent Orderer,True,+917560231064,False,2023-09-06
SWGY10152,Ayaan Bose,ayaan.bose817@gmail.co,Noida,Dormant,False,+912239559059,False,2023-07-28
SWGY14458,Ayaan Bose,ayaan.bose927@gmail.co,Vijayawada,Churned,False,+914853124175,False,2025-02-08
SWGY10041,Ayaan Bose,ayaan.bose997@hotmail.com,Delhi,Frequent Orderer,False,+912480861317,True,2024-03-21
SWGY13805,Ayaan Chatterjee,ayaan.chatterjee11@gmail.co,Hyderabad,New,False,+912686108447,False,2025-05-03
SWGY10120,Ayaan Chatterjee,ayaan.chatterjee185@hotmail.com,Pune,Churned,False,+917374167243,False,2023-09-25
SWGY11354,Ayaan Chatterjee,ayaan.chatterjee261@gmail.co,Kochi,Churned,False,+917341855950,True,2025-01-28
SWGY12569,Ayaan Chatterjee,ayaan.chatterjee679@gmail.com,Mumbai,Frequent Orderer,False,+914155175863,False,2023-11-25
SWGY13124,Ayaan Chatterjee,ayaan.chatterjee907@yahoo.com,Gurugram,Dormant,False,,True,2024-03-19
SWGY10803,Ayaan Chatterjee,ayaan.chatterjee997@gmail.co,Kochi,Churned,True,,True,2023-08-19
SWGY13989,Ayaan Das,ayaan.das113@outlook.com,Delhi,Dormant,False,+911110559794,False,2023-12-30
SWGY13985,Ayaan Das,ayaan.das406@yahoo.com,Bengaluru,Unclassified,False,+916259722370,True,2024-06-04
SWGY11792,Ayaan Das,ayaan.das905@hotmail.com,Ahmedabad,Dormant,False,+913057824531,True,2023-08-17
SWGY11613,Ayaan Das,ayaan.das983@gmail.com,Vijayawada,Swiggy One Member,True,+913376870580,False,2025-03-22
SWGY12719,Ayaan Gupta,ayaan.gupta107@hotmail.com,Lucknow,Churned,False,,True,2023-10-16
SWGY12162,Ayaan Gupta,ayaan.gupta262@outlook.com,Noida,Swiggy One Member,True,+912083624874,True,2023-11-02
SWGY14260,Ayaan Gupta,ayaan.gupta474@outlook.com,Pune,Frequent Orderer,False,+917136412541,False,2023-08-30
SWGY14070,Ayaan Gupta,ayaan.gupta52@gmail.co,Kolkata,Frequent Orderer,False,+915014275526,True,2023-06-12
SWGY15274,Ayaan Gupta,ayaan.gupta830@hotmail.com,Hyderabad,Frequent Orderer,False,+913939630446,False,2023-07-03
SWGY10846,Ayaan Gupta,ayaan.gupta922@hotmail.com,Kochi,Frequent Orderer,False,+912748835651,True,2025-01-15
SWGY10666,Ayaan Iyer,ayaan.iyer127@gmail.com,Lucknow,Swiggy One Member,True,+915326949684,True,2024-12-07
SWGY11043,Ayaan Iyer,ayaan.iyer165@yahoo.com,Kolkata,New,False,+910244654677,False,2025-03-16
SWGY13800,Ayaan Iyer,ayaan.iyer263@hotmail.com,Chennai,Frequent Orderer,False,,True,2024-07-06
SWGY10054,Ayaan Iyer,ayaan.iyer27@yahoo.com,Delhi,Frequent Orderer,False,+913950240268,False,2024-12-05
SWGY12856,Ayaan Iyer,ayaan.iyer308@gmail.com,Pune,Frequent Orderer,False,+918584770239,True,2024-02-10
SWGY12447,Ayaan Iyer,ayaan.iyer385@outlook.com,Pune,Swiggy One Member,True,+911960348973,True,2024-03-22
SWGY15328,Ayaan Iyer,ayaan.iyer450@gmail.com,Noida,Frequent Orderer,False,+911057730858,True,2024-06-29
SWGY15645,Ayaan Iyer,ayaan.iyer499@hotmail.com,Hyderabad,New,False,+912673698294,False,2025-01-19
SWGY14816,Ayaan Iyer,ayaan.iyer512@hotmail.com,Pune,Dormant,False,,False,2024-01-24
SWGY14928,Ayaan Iyer,ayaan.iyer552@gmail.co,Bengaluru,New,False,+918697280995,True,2023-06-12
SWGY15062,Ayaan Iyer,ayaan.iyer564@gmail.com,Ahmedabad,Swiggy One Member,True,+916091894420,True,2024-11-20
SWGY12539,Ayaan Iyer,ayaan.iyer566@gmail.co,,Unclassified,False,,False,2024-06-08
SWGY14765,Ayaan Iyer,ayaan.iyer639@yahoo.com,Vijayawada,Frequent Orderer,False,,False,2024-11-26
SWGY13092,Ayaan Iyer,ayaan.iyer964@gmail.co,Bengaluru,Frequent Orderer,True,+912269667349,False,2024-10-01
SWGY12985,Ayaan Joshi,ayaan.joshi156@yahoo.com,Mumbai,Swiggy One Member,True,+912530128194,False,2024-06-25
SWGY13942,Ayaan Joshi,ayaan.joshi16@gmail.com,Hyderabad,Churned,False,+911279242628,True,2025-02-23
SWGY11751,Ayaan Joshi,ayaan.joshi231@outlook.com,Kolkata,Frequent Orderer,False,+918147126661,False,2023-08-06
SWGY13033,Ayaan Joshi,ayaan.joshi300@yahoo.com,Mumbai,Churned,False,+918840661245,False,2025-05-14
SWGY13181,Ayaan Joshi,ayaan.joshi324@hotmail.com,Gurugram,Dormant,False,+918096278611,True,2024-09-19
SWGY12220,Ayaan Joshi,ayaan.joshi411@hotmail.com,Kolkata,Dormant,False,+915169217517,True,2024-05-15
SWGY10024,Ayaan Joshi,ayaan.joshi554@gmail.com,Mumbai,Frequent Orderer,False,+913623166587,False,2025-05-31
SWGY14581,Ayaan Joshi,ayaan.joshi555@gmail.com,Jaipur,Frequent Orderer,False,+916426439694,False,2025-03-11
SWGY14865,Ayaan Joshi,ayaan.joshi605@outlook.com,Mumbai,New,False,+919274681620,False,2025-04-10
SWGY13995,Ayaan Joshi,ayaan.joshi615@yahoo.com,Vijayawada,Dormant,False,+911748487415,False,2024-07-23
SWGY15541,Ayaan Joshi,ayaan.joshi791@yahoo.com,Jaipur,Swiggy One Member,True,+913614768428,False,2023-06-10
SWGY14090,Ayaan Joshi,ayaan.joshi947@gmail.com,Ahmedabad,Frequent Orderer,False,+910318273692,False,2024-09-19
SWGY13790,Ayaan Joshi,ayaan.joshi989@yahoo.com,Jaipur,Swiggy One Member,True,,True,2024-08-18
SWGY14967,Ayaan Kapoor,ayaan.kapoor168@yahoo.com,,Swiggy One Member,True,+918139372998,False,2023-10-17
SWGY11179,Ayaan Kapoor,ayaan.kapoor380@yahoo.com,Kochi,New,False,,True,2024-06-13
SWGY13240,Ayaan Kapoor,ayaan.kapoor381@outlook.com,Bengaluru,Frequent Orderer,False,+914712007316,True,2023-06-12
SWGY12304,Ayaan Kapoor,ayaan.kapoor445@yahoo.com,Chennai,Churned,False,+915661482436,False,2023-08-26
SWGY12204,Ayaan Kapoor,ayaan.kapoor466@yahoo.com,Mumbai,Frequent Orderer,False,+917889214181,True,2023-07-10
SWGY10978,Ayaan Kapoor,ayaan.kapoor805@outlook.com,Chennai,Churned,False,+913965213835,True,2024-10-04
SWGY11036,Ayaan Kapoor,ayaan.kapoor858@yahoo.com,Gurugram,Swiggy One Member,True,+916810248085,True,2023-10-02
SWGY11663,Ayaan Kapoor,ayaan.kapoor876@hotmail.com,Nellore,New,False,+915173922293,False,2023-10-05
SWGY12972,Ayaan Kapoor,ayaan.kapoor943@gmail.com,,Dormant,True,+912198974469,False,2023-08-21
SWGY12978,Ayaan Kapoor,ayaan.kapoor953@outlook.com,Kolkata,Frequent Orderer,False,+916899425328,False,2025-02-02
SWGY10257,Ayaan Khan,ayaan.khan127@gmail.com,Jaipur,Churned,False,+917518689268,True,2025-03-26
SWGY15254,Ayaan Khan,ayaan.khan191@outlook.com,Ahmedabad,Swiggy One Member,True,+914122774144,False,2025-03-18
SWGY10146,Ayaan Khan,ayaan.khan279@yahoo.com,Lucknow,Dormant,False,+913291212775,True,2024-07-07
SWGY10986,Ayaan Khan,ayaan.khan30@gmail.com,Bengaluru,Swiggy One Member,True,,False,2025-02-14
SWGY13920,Ayaan Khan,ayaan.khan518@hotmail.com,Gurugram,Churned,False,+919269116164,False,2024-06-28
SWGY10614,Ayaan Khan,ayaan.khan532@yahoo.com,Bengaluru,Dormant,True,+917009345962,True,2023-10-23
SWGY11575,Ayaan Khan,ayaan.khan634@hotmail.com,Kolkata,Swiggy One Member,True,+915907429414,True,2024-08-16
SWGY15711,Ayaan Khan,ayaan.khan699@outlook.com,Delhi,Frequent Orderer,True,+913454211644,False,2024-10-24
SWGY12007,Ayaan Khan,ayaan.khan714@hotmail.com,Kolkata,Churned,False,+917442054051,False,2024-04-30
SWGY12188,Ayaan Khan,ayaan.khan735@yahoo.com,Gurugram,Churned,True,+915064103184,True,2024-07-08
SWGY15392,Ayaan Khan,ayaan.khan937@gmail.co,Chennai,New,False,,True,2024-07-22
SWGY14166,Ayaan Malhotra,ayaan.malhotra473@gmail.co,Pune,New,False,+912336939091,True,2024-11-09
SWGY10797,Ayaan Malhotra,ayaan.malhotra504@hotmail.com,Lucknow,New,False,+916383182856,False,2024-08-03
SWGY14053,Ayaan Malhotra,ayaan.malhotra88@gmail.com,Hyderabad,Swiggy One Member,True,+915064533495,True,2024-04-02
SWGY13463,Ayaan Mehta,ayaan.mehta134@gmail.com,Delhi,New,False,+913541572397,False,2024-09-03
SWGY13219,Ayaan Mehta,ayaan.mehta222@hotmail.com,Jaipur,New,False,,True,2025-02-06
SWGY12629,Ayaan Mehta,ayaan.mehta326@gmail.com,Pune,Swiggy One Member,True,,True,2023-09-03
SWGY15201,Ayaan Mehta,ayaan.mehta482@hotmail.com,Gurugram,Dormant,False,+912187735950,False,2023-10-23
SWGY12715X,Ayaan Mehta,ayaan.mehta54@gmail.com,Kochi,Dormant,True,+910503509078,True,2023-08-25
SWGY14642,Ayaan Mehta,ayaan.mehta620@outlook.com,Vijayawada,Swiggy One Member,True,+915633525261,False,2023-07-22
SWGY14572,Ayaan Mehta,ayaan.mehta640@yahoo.com,Pune,Dormant,False,+910012029895,False,2024-02-01
SWGY14480,Ayaan Mehta,ayaan.mehta808@yahoo.com,Lucknow,Frequent Orderer,False,,True,2025-04-01
SWGY14820,Ayaan Menon,ayaan.menon145@gmail.com,Pune,Swiggy One Member,True,,False,2024-07-14
SWGY14450,Ayaan Menon,ayaan.menon247@gmail.com,Mumbai,Frequent Orderer,False,+918946662981,False,2023-09-01
SWGY10285,Ayaan Menon,ayaan.menon284@gmail.co,Gurugram,Churned,False,+915421406650,False,2025-04-07
SWGY13057,Ayaan Menon,ayaan.menon560@hotmail.com,Lucknow,Frequent Orderer,False,+919393960626,False,2023-10-12
SWGY13410,Ayaan Menon,ayaan.menon562@outlook.com,Bengaluru,Frequent Orderer,False,+915227911074,True,2023-08-01
SWGY14134,Ayaan Menon,ayaan.menon572@outlook.com,Pune,New,False,+915456232179,True,2023-08-18
SWGY10746,Ayaan Menon,ayaan.menon730@hotmail.com,Noida,Dormant,False,,True,2024-12-15
SWGY10812,Ayaan Menon,ayaan.menon759@outlook.com,Noida,New,False,+915965594282,False,2023-11-19
SWGY12636,Ayaan Menon,ayaan.menon816@yahoo.com,Kolkata,New,False,+910927493909,False,2024-02-04
SWGY13441,Ayaan Menon,ayaan.menon853@hotmail.com,Mumbai,Frequent Orderer,False,+910272099352,True,2023-11-16
SWGY14129,Ayaan Nair,ayaan.nair130@outlook.com,Chennai,Unclassified,True,+911674974899,False,2024-02-23
SWGY11319,Ayaan Nair,ayaan.nair185@hotmail.com,Jaipur,Swiggy One Member,True,+917640547398,False,2024-01-25
SWGY10208,Ayaan Nair,ayaan.nair20@outlook.com,Nellore,Swiggy One Member,True,+913797723692,True,2024-07-20
SWGY10344,Ayaan Nair,ayaan.nair325@hotmail.com,Nellore,Churned,False,+914150274564,True,2024-10-17
SWGY14599,Ayaan Nair,ayaan.nair58@gmail.co,Hyderabad,Churned,False,+911919756832,True,2023-10-02
SWGY11382,Ayaan Nair,ayaan.nair7@outlook.com,Pune,Churned,False,+917642550786,False,2024-05-24
SWGY15306,Ayaan Nair,ayaan.nair826@yahoo.com,Lucknow,Frequent Orderer,False,,True,2024-01-05
SWGY12045,Ayaan Patel,ayaan.patel372@yahoo.com,Bengaluru,Swiggy One Member,True,,False,2025-03-12
SWGY15981,Ayaan Patel,ayaan.patel37@gmail.com,Gurugram,Churned,True,,True,2023-06-02
SWGY10830,Ayaan Patel,ayaan.patel397@outlook.com,Kolkata,Swiggy One Member,True,+912304120270,True,2024-06-02
SWGY13387,Ayaan Patel,ayaan.patel525@yahoo.com,Bengaluru,New,False,,False,2025-02-03
SWGY11064,Ayaan Patel,ayaan.patel683@gmail.com,Jaipur,New,False,,True,2023-10-21
SWGY10174,Ayaan Patel,ayaan.patel805@gmail.com,Kochi,Swiggy One Member,True,,True,2023-11-20
SWGY13134,Ayaan Patel,ayaan.patel81@outlook.com,Jaipur,Dormant,False,+910488206456,True,2023-09-25
SWGY12249,Ayaan Patel,ayaan.patel842@gmail.co,Pune,Churned,False,,False,2023-09-14
SWGY10911,Ayaan Patel,ayaan.patel855@outlook.com,Noida,Dormant,False,,True,2023-07-06
SWGY14633,Ayaan Patel,ayaan.patel945@gmail.co,Ahmedabad,Churned,False,+919120464446,False,2025-03-22
SWGY10103,Ayaan Patel,ayaan.patel959@gmail.com,Lucknow,New,False,+911190790306,False,2023-09-24
SWGY10053,Ayaan Patel,ayaan.patel995@gmail.com,Mumbai,New,False,+915329318393,True,2024-09-08
SWGY15439,Ayaan Pillai,ayaan.pillai119@gmail.co,Mumbai,Swiggy One Member,True,+911453874715,True,2024-01-21
SWGY12708,Ayaan Pillai,ayaan.pillai152@gmail.co,Hyderabad,Churned,False,+918107863201,False,2024-02-17
SWGY10350,Ayaan Pillai,ayaan.pillai191@gmail.co,,New,False,+911085732788,False,2024-08-07
SWGY10937,Ayaan Pillai,ayaan.pillai271@gmail.com,Gurugram,Frequent Orderer,False,+918223095862,False,2024-03-18
SWGY12932,Ayaan Pillai,ayaan.pillai294@hotmail.com,Vijayawada,Frequent Orderer,False,,True,2024-12-18
SWGY13739,Ayaan Pillai,ayaan.pillai298@outlook.com,Vijayawada,Unclassified,False,+918223409170,True,2025-03-24
SWGY10428,Ayaan Pillai,ayaan.pillai386@gmail.com,Gurugram,Dormant,False,+915233027642,False,2025-03-08
SWGY11831,Ayaan Pillai,ayaan.pillai452@gmail.co,,Frequent Orderer,True,,True,2024-02-07
SWGY11290,Ayaan Pillai,ayaan.pillai488@yahoo.com,Bengaluru,Frequent Orderer,False,+914585835639,False,2023-07-17
SWGY10529,Ayaan Pillai,ayaan.pillai625@gmail.co,Kolkata,Dormant,True,+916670336268,True,2024-04-03
SWGY12325,Ayaan Pillai,ayaan.pillai639@yahoo.com,Pune,Swiggy One Member,True,+917919690913,False,2025-02-24
SWGY12272,Ayaan Pillai,ayaan.pillai667@gmail.co,Gurugram,Frequent Orderer,False,,False,2024-03-15
SWGY11677,Ayaan Pillai,ayaan.pillai671@gmail.com,Mumbai,New,False,,True,2024-04-16
SWGY15701,Ayaan Pillai,ayaan.pillai793@yahoo.com,Pune,Churned,True,+917376379758,True,2025-05-29
SWGY11004,Ayaan Pillai,ayaan.pillai863@outlook.com,Kolkata,New,False,+912404326118,False,2023-12-27
SWGY11657,Ayaan Pillai,ayaan.pillai903@gmail.com,,Swiggy One Member,True,,True,2023-10-16
SWGY14076,Ayaan Pillai,ayaan.pillai983@yahoo.com,Bengaluru,Swiggy One Member,True,+910308273636,True,2025-05-10
SWGY10821,Ayaan Rao,ayaan.rao185@gmail.co,Vijayawada,Swiggy One Member,True,+919702927120,False,2024-10-23
SWGY11958,Ayaan Rao,ayaan.rao290@yahoo.com,Bengaluru,Frequent Orderer,False,+915618326213,True,2023-11-22
SWGY10150,Ayaan Rao,ayaan.rao303@gmail.co,Gurugram,New,False,+918701462638,True,2023-10-31
SWGY11951,Ayaan Rao,ayaan.rao417@gmail.co,Ahmedabad,Dormant,False,,True,2025-03-13
SWGY15105,Ayaan Rao,ayaan.rao496@gmail.co,Bengaluru,Frequent Orderer,False,+915556779420,True,2024-12-05
SWGY13106,Ayaan Rao,ayaan.rao543@gmail.co,Delhi,Swiggy One Member,True,+914092702907,True,2023-12-22
SWGY11387,Ayaan Rao,ayaan.rao548@outlook.com,Delhi,Unclassified,False,,True,2023-07-23
SWGY10705,Ayaan Rao,ayaan.rao628@yahoo.com,Vijayawada,Unclassified,True,+914358853798,True,2024-08-08
SWGY11750,Ayaan Rao,ayaan.rao635@gmail.com,Bengaluru,Churned,True,+911823532773,True,2024-04-05
SWGY15900,Ayaan Rao,ayaan.rao727@outlook.com,Hyderabad,Frequent Orderer,False,+913706954595,False,2024-10-17
SWGY15384,Ayaan Rao,ayaan.rao772@outlook.com,Mumbai,Frequent Orderer,False,+918337937086,True,2024-01-29
SWGY11380,Ayaan Rao,ayaan.rao855@gmail.co,Kolkata,Dormant,False,+914306952357,True,2023-06-24
SWGY10483,Ayaan Rao,ayaan.rao931@gmail.co,Chennai,Swiggy One Member,True,+910258955296,False,2024-07-29
SWGY10770,Ayaan Rao,ayaan.rao954@yahoo.com,Noida,New,False,,True,2025-03-21
SWGY11438,Ayaan Rao,ayaan.rao972@yahoo.com,Nellore,Frequent Orderer,False,,True,2023-10-06
SWGY13335,Ayaan Reddy,ayaan.reddy109@yahoo.com,Noida,Frequent Orderer,False,+911448863668,True,2023-12-24
SWGY13120,Ayaan Reddy,ayaan.reddy424@gmail.com,,Frequent Orderer,False,+914323590632,True,2025-05-18
SWGY15606,Ayaan Reddy,ayaan.reddy894@gmail.com,Jaipur,Dormant,False,+912490690700,True,2024-09-02
SWGY13737,Ayaan Sharma,ayaan.sharma160@hotmail.com,Nellore,Dormant,False,,True,2023-06-13
SWGY10534,Ayaan Sharma,ayaan.sharma241@outlook.com,Ahmedabad,Swiggy One Member,True,,False,2024-05-27
SWGY12533,Ayaan Sharma,ayaan.sharma439@outlook.com,Vijayawada,Swiggy One Member,True,+917192705487,True,2024-02-03
SWGY12612,Ayaan Sharma,ayaan.sharma568@outlook.com,Bengaluru,Frequent Orderer,False,+919014056502,False,2024-02-09
SWGY11127,Ayaan Sharma,ayaan.sharma818@yahoo.com,Mumbai,Swiggy One Member,True,+914234719982,False,2024-08-07
SWGY14409,Ayaan Sharma,ayaan.sharma908@yahoo.com,Chennai,Frequent Orderer,False,+911125966795,False,2024-02-23
SWGY13962,Ayaan Shetty,ayaan.shetty116@gmail.com,Ahmedabad,Dormant,False,+918987269059,False,2024-05-10
SWGY11708,Ayaan Shetty,ayaan.shetty137@yahoo.com,Vijayawada,Frequent Orderer,True,+915935803528,True,2025-04-03
SWGY13318,Ayaan Shetty,ayaan.shetty376@hotmail.com,Ahmedabad,Frequent Orderer,True,+919278125983,False,2024-10-27
SWGY11837,Ayaan Shetty,ayaan.shetty436@hotmail.com,Bengaluru,Churned,False,+917305886810,False,2025-01-25
SWGY10948X,Ayaan Shetty,ayaan.shetty441@gmail.co,Ahmedabad,New,False,+910015631437,False,2023-08-19
SWGY15336,Ayaan Shetty,ayaan.shetty530@hotmail.com,Bengaluru,Dormant,False,+919970704548,True,2024-01-13
SWGY10056,Ayaan Shetty,ayaan.shetty612@hotmail.com,Ahmedabad,Swiggy One Member,True,+918961183673,False,2025-01-20
SWGY11962,Ayaan Shetty,ayaan.shetty653@gmail.co,Vijayawada,Unclassified,False,+916684905366,True,2023-12-16
SWGY15576,Ayaan Shetty,ayaan.shetty748@gmail.co,Lucknow,Frequent Orderer,False,+914264705680,True,2023-08-03
SWGY12812,Ayaan Shetty,ayaan.shetty749@yahoo.com,Nellore,New,False,+917779312404,False,2024-09-03
SWGY12010,Ayaan Shetty,ayaan.shetty750@hotmail.com,Gurugram,Swiggy One Member,True,,True,2024-06-29
SWGY10607,Ayaan Shetty,ayaan.shetty826@gmail.co,Jaipur,New,False,+918085096085,True,2023-06-24
SWGY15815,Ayaan Singh,ayaan.singh301@gmail.co,Delhi,Frequent Orderer,False,+912887580014,True,2025-03-22
SWGY13828,Ayaan Singh,ayaan.singh308@gmail.com,Kochi,Swiggy One Member,True,+919590700974,False,2023-08-28
SWGY11965,Ayaan Singh,ayaan.singh497@yahoo.com,Vijayawada,Swiggy One Member,True,+911591066086,False,2024-10-08
SWGY14889,Ayaan Singh,ayaan.singh776@yahoo.com,Chennai,New,False,,True,2023-10-13
SWGY15103,Ayaan Singh,ayaan.singh995@yahoo.com,Kochi,Frequent Orderer,False,+913812886149,True,2024-02-12
SWGY14005,Ayaan Verma,ayaan.verma217@gmail.co,Kolkata,Dormant,False,+911592822496,False,2023-12-24
SWGY14014,Ayaan Verma,ayaan.verma289@hotmail.com,Lucknow,New,False,+910554800572,True,2024-05-13
SWGY13549,Ayaan Verma,ayaan.verma315@outlook.com,Noida,Frequent Orderer,False,+911388258235,False,2024-12-22
SWGY13108,Ayaan Verma,ayaan.verma349@outlook.com,Kochi,Dormant,False,,False,2024-02-08
SWGY11320,Ayaan Verma,ayaan.verma34@outlook.com,Pune,Unclassified,True,+917338914785,True,2023-08-08
SWGY10295,Ayaan Verma,ayaan.verma486@gmail.co,Hyderabad,Dormant,False,+910054364597,True,2023-09-24
SWGY10034,Ayaan Verma,ayaan.verma771@gmail.co,Bengaluru,Frequent Orderer,False,+910947775204,False,2024-12-18
SWGY13481,Divya Bose,divya.bose144@hotmail.com,Nellore,Churned,True,+912056336409,True,2024-10-09
SWGY10408,Divya Bose,divya.bose178@gmail.com,Kolkata,Unclassified,False,+915063731495,False,2024-08-12
SWGY11841,Divya Bose,divya.bose368@gmail.com,Ahmedabad,Swiggy One Member,True,,True,2024-02-15
SWGY14638,Divya Bose,divya.bose36@hotmail.com,Gurugram,Churned,False,+913292373235,False,2024-11-16
SWGY13671,Divya Bose,divya.bose380@gmail.com,Noida,Frequent Orderer,False,+911600268496,False,2024-02-15
SWGY10092,Divya Bose,divya.bose659@outlook.com,Pune,Frequent Orderer,False,+913348434437,True,2024-12-11
SWGY10296,Divya Bose,divya.bose917@yahoo.com,Delhi,Dormant,False,+919956353153,False,2023-11-09
SWGY12120,Divya Chatterjee,divya.chatterjee211@outlook.com,Delhi,New,False,+914429961380,False,2023-11-21
SWGY10002,Divya Chatterjee,divya.chatterjee371@hotmail.com,Mumbai,Frequent Orderer,False,,True,2024-12-17
SWGY11861,Divya Chatterjee,divya.chatterjee427@gmail.co,Lucknow,Unclassified,False,+918845732165,True,2023-10-16
SWGY15620,Divya Chatterjee,divya.chatterjee509@gmail.co,Vijayawada,New,False,+913491053421,False,2024-01-26
SWGY10853,Divya Chatterjee,divya.chatterjee552@hotmail.com,Ahmedabad,Churned,False,+913969874869,True,2024-06-20
SWGY13122,Divya Chatterjee,divya.chatterjee580@yahoo.com,Ahmedabad,Swiggy One Member,True,+918360798909,False,2024-08-26
SWGY10721,Divya Chatterjee,divya.chatterjee841@hotmail.com,Lucknow,Dormant,True,+910715534820,True,2025-03-31
SWGY12795,Divya Chatterjee,divya.chatterjee939@gmail.com,Kolkata,Frequent Orderer,False,,False,2024-08-19
SWGY14378,Divya Das,divya.das211@outlook.com,Nellore,Swiggy One Member,True,+916522897533,False,2025-02-11
SWGY14786,Divya Das,divya.das295@hotmail.com,Ahmedabad,Swiggy One Member,True,+915225765007,False,2024-09-10
SWGY12542,Divya Das,divya.das371@outlook.com,Kolkata,Churned,False,+915536377665,True,2023-10-23
SWGY14640,Divya Das,divya.das433@gmail.com,Lucknow,Dormant,True,+916083174274,False,2023-07-13
SWGY12579,Divya Das,divya.das505@yahoo.com,Nellore,New,False,+911533300325,False,2024-09-14
SWGY15300,Divya Das,divya.das559@yahoo.com,Delhi,Frequent Orderer,False,,False,2023-08-20
SWGY15693,Divya Das,divya.das576@yahoo.com,Kochi,New,False,+918446376688,False,2024-08-14
SWGY11567,Divya Das,divya.das613@outlook.com,Nellore,Frequent Orderer,False,+919136505519,False,2023-07-27
SWGY10564,Divya Das,divya.das663@outlook.com,Lucknow,Frequent Orderer,True,+916044090797,False,2024-02-15
SWGY10007,Divya Das,divya.das81@gmail.com,Lucknow,Frequent Orderer,False,+911822782489,False,2024-04-10
SWGY11654,Divya Das,divya.das862@outlook.com,Noida,Unclassified,False,+917650946207,True,2023-10-31
SWGY13294,Divya Das,divya.das906@outlook.com,Ahmedabad,Swiggy One Member,True,+910026716172,False,2023-07-28
SWGY14995,Divya Das,divya.das957@yahoo.com,,Frequent Orderer,False,,True,2024-06-21
SWGY11252,Divya Gupta,divya.gupta112@gmail.co,Lucknow,Churned,False,+918939129565,False,2025-05-28
SWGY14337,Divya Gupta,divya.gupta134@gmail.co,Hyderabad,Churned,False,+919935241439,False,2024-03-13
SWGY13612,Divya Gupta,divya.gupta222@gmail.co,Lucknow,Swiggy One Member,True,+912969054521,True,2024-02-21
SWGY11371,Divya Gupta,divya.gupta526@hotmail.com,Delhi,Frequent Orderer,True,+919903597177,True,2024-12-08
SWGY12392,Divya Gupta,divya.gupta594@gmail.co,Pune,Frequent Orderer,False,+916242857404,False,2024-02-14
SWGY10691X,Divya Gupta,divya.gupta835@gmail.com,Vijayawada,Frequent Orderer,False,+910145051499,True,2024-12-24
SWGY15779,Divya Gupta,divya.gupta943@gmail.co,Nellore,Frequent Orderer,False,+919857942016,False,2024-05-09
SWGY13677,Divya Iyer,divya.iyer243@outlook.com,Hyderabad,Dormant,False,+918564296539,True,2024-10-04
SWGY13286,Divya Iyer,divya.iyer394@hotmail.com,Noida,Churned,False,,False,2024-11-20
SWGY15609,Divya Iyer,divya.iyer547@gmail.com,Lucknow,New,False,+919244254662,False,2023-07-07
SWGY11209,Divya Iyer,divya.iyer615@gmail.com,Vijayawada,Frequent Orderer,False,+911742922041,True,2024-08-19
SWGY10262,Divya Iyer,divya.iyer828@yahoo.com,Vijayawada,Frequent Orderer,False,+913430107139,True,2024-12-28
SWGY10385,Divya Joshi,divya.joshi105@gmail.com,Bengaluru,Swiggy One Member,True,+914661963990,False,2024-04-04
SWGY14813,Divya Joshi,divya.joshi351@gmail.co,Vijayawada,New,False,+912314490817,True,2024-02-16
SWGY10905,Divya Joshi,divya.joshi551@yahoo.com,Gurugram,Frequent Orderer,False,+911029161746,False,2024-09-13
SWGY15396,Divya Joshi,divya.joshi679@gmail.com,Pune,Swiggy One Member,True,+912611713223,True,2023-10-12
SWGY14662,Divya Joshi,divya.joshi67@hotmail.com,Nellore,Churned,False,,False,2024-06-25
SWGY11591,Divya Joshi,divya.joshi750@hotmail.com,Bengaluru,Frequent Orderer,False,+916874777407,False,2024-03-23
SWGY15696X,Divya Kapoor,divya.kapoor1@hotmail.com,,Unclassified,False,+917406282850,True,2024-04-01
SWGY14805,Divya Kapoor,divya.kapoor418@outlook.com,Bengaluru,Swiggy One Member,True,+917754628406,False,2023-07-10
SWGY13265,Divya Kapoor,divya.kapoor493@outlook.com,Hyderabad,New,False,+918363917013,True,2024-09-19
SWGY11709,Divya Kapoor,divya.kapoor600@gmail.co,Pune,Dormant,False,+915442524777,True,2023-07-17
SWGY10421,Divya Kapoor,divya.kapoor699@outlook.com,Gurugram,Swiggy One Member,True,+913566905510,True,2024-05-11
SWGY14999,Divya Kapoor,divya.kapoor742@hotmail.com,Mumbai,New,False,+910474853182,False,2025-04-04
SWGY15079,Divya Kapoor,divya.kapoor833@gmail.com,Jaipur,Frequent Orderer,False,+914164271657,True,2024-10-20
SWGY15762,Divya Kapoor,divya.kapoor885@gmail.co,Mumbai,New,False,+919979398280,True,2024-11-21
SWGY10575,Divya Kapoor,divya.kapoor99@gmail.co,Ahmedabad,Dormant,False,+912654696815,True,2024-06-20
SWGY15416,Divya Khan,divya.khan227@hotmail.com,Nellore,New,False,+913418686742,True,2024-10-02
SWGY11891,Divya Khan,divya.khan253@outlook.com,Nellore,Unclassified,True,+910625515179,False,2024-07-11
SWGY15123,Divya Khan,divya.khan258@gmail.com,Lucknow,Frequent Orderer,False,+911672507393,True,2023-07-07
SWGY15962,Divya Khan,divya.khan34@outlook.com,Mumbai,Swiggy One Member,True,+912857044217,True,2025-05-08
SWGY13670,Divya Khan,divya.khan409@yahoo.com,Pune,Swiggy One Member,True,+914556582476,True,2023-09-12
SWGY15978,Divya Khan,divya.khan411@outlook.com,Kochi,Swiggy One Member,True,+912449672687,False,2024-04-25
SWGY14500,Divya Khan,divya.khan624@gmail.com,,New,True,+914038753596,True,2024-12-14
SWGY15958,Divya Khan,divya.khan673@yahoo.com,Mumbai,Churned,True,,True,2024-12-24
SWGY15445,Divya Khan,divya.khan814@outlook.com,Kochi,Churned,False,+916421379115,True,2023-09-16
SWGY12068,Divya Khan,divya.khan896@hotmail.com,Jaipur,Frequent Orderer,False,+910415578137,True,2024-02-02
SWGY15095,Divya Malhotra,divya.malhotra160@gmail.com,Vijayawada,Swiggy One Member,True,+912608213591,False,2024-07-13
SWGY15928,Divya Malhotra,divya.malhotra171@yahoo.com,Noida,Churned,True,+912575552159,True,2024-09-05
SWGY15158,Divya Malhotra,divya.malhotra225@hotmail.com,Vijayawada,Frequent Orderer,False,+911147766845,False,2024-02-09
SWGY11603,Divya Malhotra,divya.malhotra356@hotmail.com,Pune,Swiggy One Member,True,+917943364470,True,2025-04-20
SWGY13787,Divya Malhotra,divya.malhotra404@gmail.com,Nellore,Swiggy One Member,True,+915334411022,True,2023-11-23
SWGY10950,Divya Malhotra,divya.malhotra463@hotmail.com,Jaipur,Churned,False,+911212110187,True,2023-10-29
SWGY10793,Divya Malhotra,divya.malhotra465@yahoo.com,Ahmedabad,Frequent Orderer,False,+912552356178,False,2024-11-28
SWGY12560X,Divya Malhotra,divya.malhotra554@gmail.co,Vijayawada,Dormant,False,+917678738801,True,2023-12-15
SWGY10903,Divya Malhotra,divya.malhotra592@hotmail.com,Jaipur,New,False,+910202030423,False,2023-09-21
SWGY10443,Divya Malhotra,divya.malhotra59@outlook.com,Noida,Churned,False,+917545105265,False,2023-07-07
SWGY13300,Divya Malhotra,divya.malhotra605@gmail.com,Bengaluru,Frequent Orderer,False,+914593879596,False,2024-09-08
SWGY10643,Divya Malhotra,divya.malhotra659@yahoo.com,Vijayawada,Dormant,False,+912734666617,True,2025-01-09
SWGY13307,Divya Malhotra,divya.malhotra7@hotmail.com,Hyderabad,Frequent Orderer,False,+917024911699,False,2023-10-22
SWGY12038,Divya Malhotra,divya.malhotra858@outlook.com,Noida,Frequent Orderer,False,,True,2024-05-06
SWGY14589,Divya Malhotra,divya.malhotra983@hotmail.com,Hyderabad,Dormant,False,+917277913450,False,2025-04-30
SWGY13059,Divya Malhotra,divya.malhotra995@outlook.com,Mumbai,New,False,,False,2025-03-08
SWGY11475,Divya Mehta,divya.mehta239@gmail.co,Bengaluru,Dormant,False,,True,2023-07-27
SWGY13473,Divya Mehta,divya.mehta277@hotmail.com,Kochi,Dormant,False,+912595748591,True,2024-03-17
SWGY14793,Divya Mehta,divya.mehta290@gmail.com,Delhi,New,False,+919260262498,True,2024-07-22
SWGY13733,Divya Mehta,divya.mehta314@hotmail.com,Delhi,Frequent Orderer,False,+914716936175,False,2023-09-28
SWGY12347,Divya Mehta,divya.mehta540@hotmail.com,Vijayawada,New,True,+911115787239,False,2024-10-11
SWGY15668,Divya Mehta,divya.mehta55@hotmail.com,Gurugram,Frequent Orderer,False,,False,2024-08-17
SWGY11149,Divya Mehta,divya.mehta670@gmail.co,Lucknow,Frequent Orderer,False,+919890223790,True,2023-11-04
SWGY15916,Divya Menon,divya.menon328@yahoo.com,Kochi,Churned,False,,False,2024-08-25
SWGY15337,Divya Menon,divya.menon364@hotmail.com,Ahmedabad,Churned,False,+913538496125,True,2025-01-15
SWGY11130,Divya Menon,divya.menon572@outlook.com,Jaipur,Unclassified,True,,True,2024-10-02
SWGY13997,Divya Menon,divya.menon898@outlook.com,Chennai,Unclassified,True,+915536555605,False,2025-02-20
SWGY10007X,Divya Menon,divya.menon93@gmail.co,Ahmedabad,Churned,False,+915185483966,True,2023-11-15
SWGY13857,Divya Menon,divya.menon948@hotmail.com,Hyderabad,Swiggy One Member,True,,True,2023-09-22
SWGY14387,Divya Menon,divya.menon971@gmail.com,Vijayawada,Frequent Orderer,True,+911128401723,False,2025-01-30
SWGY14874,Divya Nair,divya.nair152@yahoo.com,Delhi,Swiggy One Member,True,+912907568188,False,2024-10-04
SWGY15289,Divya Nair,divya.nair229@gmail.com,Delhi,Dormant,False,+915007763120,True,2024-04-22
SWGY13330,Divya Nair,divya.nair274@outlook.com,Jaipur,Frequent Orderer,False,+911869413904,False,2024-11-02
SWGY12934,Divya Nair,divya.nair27@gmail.co,Bengaluru,Frequent Orderer,False,,False,2024-05-10
SWGY13884,Divya Nair,divya.nair348@hotmail.com,Delhi,New,False,+914996052048,True,2024-07-30
SWGY13515,Divya Nair,divya.nair355@outlook.com,Vijayawada,Dormant,False,+913349232124,True,2025-02-10
SWGY14711,Divya Nair,divya.nair359@outlook.com,Chennai,New,True,+913526228981,True,2024-12-09
SWGY13914,Divya Nair,divya.nair370@hotmail.com,Vijayawada,Dormant,False,+918307682054,True,2023-08-23
SWGY15647,Divya Nair,divya.nair441@hotmail.com,,New,False,+914885139302,False,2025-02-10
SWGY12993,Divya Nair,divya.nair651@hotmail.com,Pune,Frequent Orderer,False,,True,2024-11-28
SWGY14742,Divya Nair,divya.nair652@gmail.co,Hyderabad,New,False,+910126821334,True,2023-11-17
SWGY10845,Divya Nair,divya.nair811@yahoo.com,Nellore,Swiggy One Member,True,+916882769704,False,2024-10-24
SWGY14724,Divya Nair,divya.nair947@gmail.com,Kolkata,Dormant,False,+914348520584,True,2023-11-03
SWGY13052,Divya Patel,divya.patel251@gmail.co,Noida,New,False,+914175180075,True,2025-05-02
SWGY12124,Divya Patel,divya.patel31@hotmail.com,Jaipur,New,False,+918844437213,False,2024-07-14
SWGY13420,Divya Patel,divya.patel334@gmail.co,Jaipur,Unclassified,False,+913835065413,True,2023-11-23
SWGY12376,Divya Patel,divya.patel349@gmail.com,Kolkata,Swiggy One Member,True,+917655999196,True,2025-01-15
SWGY10733,Divya Patel,divya.patel401@yahoo.com,Lucknow,Swiggy One Member,True,+910046277657,False,2024-09-27
SWGY10590,Divya Patel,divya.patel473@gmail.co,Pune,Frequent Orderer,False,+919732781952,False,2023-10-14
SWGY13706,Divya Patel,divya.patel476@yahoo.com,Kolkata,Frequent Orderer,True,+911534356794,True,2025-01-19
SWGY12768,Divya Patel,divya.patel593@gmail.com,Lucknow,Dormant,False,+914867076986,False,2023-07-12
SWGY11068,Divya Patel,divya.patel600@gmail.co,Noida,Dormant,False,+912225018256,True,2025-03-14
SWGY14133,Divya Patel,divya.patel645@hotmail.com,,New,False,+914766590534,False,2024-09-19
SWGY13090,Divya Patel,divya.patel787@outlook.com,Mumbai,Dormant,False,+917000337904,False,2024-08-08
SWGY12957,Divya Pillai,divya.pillai105@gmail.co,Gurugram,New,False,,False,2024-06-28
SWGY12528,Divya Pillai,divya.pillai265@outlook.com,Hyderabad,Dormant,False,+916523221489,False,2025-01-20
SWGY11445,Divya Pillai,divya.pillai324@outlook.com,Hyderabad,Unclassified,False,+912474111736,False,2025-02-06
SWGY12441,Divya Pillai,divya.pillai367@gmail.com,Gurugram,Frequent Orderer,False,+918005440277,True,2024-10-17
SWGY13560,Divya Pillai,divya.pillai724@hotmail.com,Kochi,Dormant,False,+913244574342,False,2024-04-16
SWGY13761,Divya Pillai,divya.pillai732@gmail.com,Hyderabad,Swiggy One Member,True,+913559971777,False,2023-08-14
SWGY13749,Divya Pillai,divya.pillai873@yahoo.com,Delhi,Swiggy One Member,True,,True,2024-05-17
SWGY10467,Divya Pillai,divya.pillai997@gmail.com,Nellore,Dormant,False,+912369036289,True,2024-04-09
SWGY15097,Divya Rao,divya.rao236@gmail.com,Mumbai,Swiggy One Member,True,,True,2024-02-07
SWGY12537,Divya Rao,divya.rao258@yahoo.com,Gurugram,Churned,False,+911190266237,False,2023-08-12
SWGY13089,Divya Rao,divya.rao307@hotmail.com,Chennai,New,False,+916450446240,False,2023-10-08
SWGY12976,Divya Rao,divya.rao360@outlook.com,Hyderabad,Frequent Orderer,False,+919788377720,False,2023-10-15
SWGY11976,Divya Rao,divya.rao371@gmail.com,Bengaluru,Dormant,False,,True,2024-05-08
SWGY14657,Divya Rao,divya.rao399@gmail.com,Delhi,Frequent Orderer,False,+913060195677,True,2023-06-30
SWGY11729,Divya Rao,divya.rao3@outlook.com,Hyderabad,Swiggy One Member,True,+919365187569,True,2024-08-23
SWGY13553,Divya Rao,divya.rao432@gmail.com,Lucknow,Swiggy One Member,True,+916033822382,False,2024-07-05
SWGY13575X,Divya Rao,divya.rao607@yahoo.com,Nellore,Swiggy One Member,True,+913424912896,False,2024-12-06
SWGY15379,Divya Rao,divya.rao665@yahoo.com,Pune,Frequent Orderer,False,+910679385735,True,2024-09-17
SWGY15984,Divya Rao,divya.rao694@hotmail.com,Ahmedabad,Frequent Orderer,False,+919447044838,False,2024-08-31
SWGY12333,Divya Rao,divya.rao728@gmail.co,Bengaluru,New,True,,False,2024-04-23
SWGY10337,Divya Rao,divya.rao881@yahoo.com,Chennai,Churned,False,+915604177656,True,2023-09-01
SWGY11002,Divya Rao,divya.rao88@hotmail.com,Mumbai,Dormant,False,,True,2025-04-01
SWGY13392,Divya Rao,divya.rao991@hotmail.com,Jaipur,Unclassified,False,+917073662062,True,2023-08-18
SWGY11574,Divya Reddy,divya.reddy436@hotmail.com,Chennai,Dormant,False,+914950609580,False,2023-07-10
SWGY12292,Divya Reddy,divya.reddy476@outlook.com,Noida,New,True,+918851661907,True,2024-07-19
SWGY13465,Divya Reddy,divya.reddy678@hotmail.com,Kochi,New,False,+914897894172,True,2024-07-10
SWGY15947,Divya Reddy,divya.reddy772@outlook.com,Mumbai,Dormant,False,+915878335280,False,2023-10-24
SWGY14802,Divya Reddy,divya.reddy841@yahoo.com,Kolkata,Swiggy One Member,True,+919017855665,True,2024-10-27
SWGY12019,Divya Reddy,divya.reddy968@gmail.com,Chennai,Frequent Orderer,False,,True,2023-07-05
SWGY14164,Divya Sharma,divya.sharma117@gmail.co,Mumbai,Frequent Orderer,False,+915443961890,True,2023-12-03
SWGY11501,Divya Sharma,divya.sharma130@gmail.co,Hyderabad,Churned,False,,False,2024-08-16
SWGY13008,Divya Sharma,divya.sharma136@gmail.co,Delhi,New,False,+910662595787,False,2024-02-12
SWGY10530,Divya Sharma,divya.sharma269@hotmail.com,Lucknow,Unclassified,False,+910596601864,True,2025-02-13
SWGY13198,Divya Sharma,divya.sharma312@outlook.com,Bengaluru,Dormant,False,+914275373732,False,2024-03-09
SWGY13768,Divya Sharma,divya.sharma397@gmail.com,Chennai,Swiggy One Member,True,+910876240828,True,2024-11-19
SWGY10163,Divya Sharma,divya.sharma430@gmail.com,Kochi,Swiggy One Member,True,+912999119148,False,2025-05-18
SWGY12400,Divya Sharma,divya.sharma461@hotmail.com,Kochi,New,False,+913564411935,True,2025-04-22
SWGY14242,Divya Sharma,divya.sharma645@yahoo.com,Lucknow,Swiggy One Member,True,+915786015804,False,2023-10-11
SWGY15528,Divya Sharma,divya.sharma684@hotmail.com,Pune,Frequent Orderer,False,+915549601559,True,2024-09-12
SWGY15938,Divya Sharma,divya.sharma706@gmail.co,Delhi,Frequent Orderer,True,+917123913043,True,2025-01-17
SWGY14876,Divya Sharma,divya.sharma754@gmail.com,Chennai,Frequent Orderer,False,,False,2025-02-27
SWGY15400,Divya Sharma,divya.sharma814@yahoo.com,Kolkata,Frequent Orderer,False,+910616481889,False,2025-02-13
SWGY10317,Divya Sharma,divya.sharma912@hotmail.com,Gurugram,Frequent Orderer,False,+915240132234,False,2024-05-22
SWGY12434X,Divya Sharma,divya.sharma94@outlook.com,Chennai,Frequent Orderer,False,+912021299075,True,2024-08-15
SWGY11191,Divya Sharma,divya.sharma994@hotmail.com,Delhi,Churned,True,+911411287452,False,2024-04-06
SWGY12026,Divya Shetty,divya.shetty308@gmail.co,Vijayawada,New,False,+910311828791,True,2023-09-29
SWGY13258,Divya Shetty,divya.shetty317@gmail.com,Mumbai,Swiggy One Member,True,+915164465923,False,2023-09-09
SWGY10741,Divya Shetty,divya.shetty535@hotmail.com,Kochi,Churned,False,+915056618632,False,2023-08-28
SWGY13644,Divya Shetty,divya.shetty566@yahoo.com,Vijayawada,New,False,+910618456727,False,2025-03-08
SWGY14203,Divya Shetty,divya.shetty583@hotmail.com,Noida,Frequent Orderer,False,+919764433125,True,2024-06-04
SWGY12605,Divya Shetty,divya.shetty854@gmail.com,Nellore,New,False,+918696923444,False,2024-10-13
SWGY14750,Divya Shetty,divya.shetty869@outlook.com,Ahmedabad,Dormant,False,+913095276138,True,2025-04-02
SWGY13153,Divya Shetty,divya.shetty971@outlook.com,Ahmedabad,New,False,,False,2023-10-24
SWGY13752,Divya Singh,divya.singh324@gmail.com,Mumbai,Swiggy One Member,True,+916054231126,True,2023-11-27
SWGY11950,Divya Singh,divya.singh499@yahoo.com,Kochi,Frequent Orderer,False,+914558170833,True,2025-04-02
SWGY15465,Divya Singh,divya.singh587@gmail.com,Chennai,Swiggy One Member,True,+912484937077,True,2024-08-30
SWGY14673,Divya Singh,divya.singh73@gmail.co,Jaipur,New,False,,True,2025-01-30
SWGY13936,Divya Verma,divya.verma103@gmail.com,Hyderabad,Swiggy One Member,True,+913203609603,False,2024-11-22
SWGY10918,Divya Verma,divya.verma157@gmail.co,Ahmedabad,Churned,False,,True,2023-07-18
SWGY15446,Divya Verma,divya.verma430@hotmail.com,Noida,Churned,False,,False,2024-12-27
SWGY14289,Divya Verma,divya.verma501@gmail.co,Kolkata,Swiggy One Member,True,,True,2024-03-07
SWGY12416,Divya Verma,divya.verma620@gmail.co,Pune,New,False,+911974005975,True,2025-04-16
SWGY14570,Divya Verma,divya.verma650@gmail.com,Gurugram,Frequent Orderer,True,+917499647236,False,2023-09-22
SWGY12175,Divya Verma,divya.verma774@hotmail.com,Gurugram,Frequent Orderer,False,,True,2023-12-07
SWGY13211,Divya Verma,divya.verma82@gmail.com,Jaipur,Dormant,True,,True,2024-05-22
SWGY11620,Divya Verma,divya.verma938@hotmail.com,Lucknow,Frequent Orderer,False,+917973982455,False,2024-05-20
SWGY13037,Divya Verma,divya.verma954@outlook.com,Chennai,Unclassified,True,,True,2024-02-29
SWGY11876,Divya Verma,divya.verma990@outlook.com,Nellore,Frequent Orderer,True,+914307218877,False,2023-06-21
SWGY10052,Diya Bose,diya.bose102@gmail.co,Kolkata,Dormant,False,+914053773515,False,2025-01-22
SWGY10346,Diya Bose,diya.bose127@outlook.com,Gurugram,Frequent Orderer,False,+914228499390,False,2024-09-11
SWGY15871,Diya Bose,diya.bose180@gmail.com,,New,False,+919697842609,True,2024-12-03
SWGY10923,Diya Bose,diya.bose188@gmail.com,Hyderabad,Swiggy One Member,True,+917648467357,False,2024-12-23
SWGY12142,Diya Bose,diya.bose210@yahoo.com,Chennai,New,True,,True,2024-12-19
SWGY10916,Diya Bose,diya.bose215@outlook.com,Gurugram,Churned,False,+914268744701,True,2023-09-03
SWGY10263,Diya Bose,diya.bose261@gmail.com,Kochi,New,False,+918850155699,True,2025-03-14
SWGY13235,Diya Bose,diya.bose594@gmail.com,Chennai,Frequent Orderer,False,+913749736456,False,2023-07-04
SWGY14290X,Diya Bose,diya.bose61@hotmail.com,Ahmedabad,Dormant,False,+915657680178,True,2024-05-19
SWGY11565,Diya Bose,diya.bose654@hotmail.com,Kochi,Dormant,False,+910041589333,False,2024-07-23
SWGY14591,Diya Bose,diya.bose669@gmail.co,Delhi,Swiggy One Member,True,+914683227359,True,2025-05-06
SWGY12954,Diya Bose,diya.bose720@yahoo.com,,New,False,,False,2025-05-01
SWGY13941,Diya Bose,diya.bose812@outlook.com,Chennai,New,False,+919148596189,True,2025-02-11
SWGY10885,Diya Bose,diya.bose914@outlook.com,Ahmedabad,Frequent Orderer,False,+915748352680,False,2025-02-15
SWGY11355,Diya Chatterjee,diya.chatterjee104@gmail.com,Bengaluru,Frequent Orderer,False,,True,2023-10-04
SWGY15840,Diya Chatterjee,diya.chatterjee247@gmail.co,Jaipur,Unclassified,True,+917066612987,True,2024-08-23
SWGY13253,Diya Chatterjee,diya.chatterjee36@outlook.com,Jaipur,Frequent Orderer,False,+917159183333,True,2025-02-20
SWGY12675,Diya Chatterjee,diya.chatterjee524@gmail.co,Kolkata,New,False,+911045999207,True,2024-09-02
SWGY12661,Diya Chatterjee,diya.chatterjee878@gmail.com,Ahmedabad,Frequent Orderer,False,,False,2024-02-07
SWGY12184X,Diya Das,diya.das215@hotmail.com,Vijayawada,Swiggy One Member,True,,True,2024-10-10
SWGY13385,Diya Das,diya.das451@outlook.com,Gurugram,Swiggy One Member,True,+917177155648,False,2024-04-15
SWGY14111,Diya Das,diya.das473@yahoo.com,Lucknow,New,False,,True,2024-09-24
SWGY10067,Diya Das,diya.das54@outlook.com,Lucknow,Frequent Orderer,False,,True,2024-03-16
SWGY12287,Diya Das,diya.das588@outlook.com,Lucknow,Churned,False,+912436160502,False,2024-08-15
SWGY11288,Diya Das,diya.das612@outlook.com,Gurugram,Dormant,False,,True,2023-11-30
SWGY13339,Diya Das,diya.das701@outlook.com,Kochi,Frequent Orderer,False,,True,2024-05-04
SWGY13862,Diya Das,diya.das887@gmail.com,Delhi,New,True,+910992293466,True,2024-03-14
SWGY15027,Diya Gupta,diya.gupta189@outlook.com,Kochi,Unclassified,True,+914662230886,True,2024-01-26
SWGY14336,Diya Gupta,diya.gupta208@gmail.co,Ahmedabad,Frequent Orderer,False,+918733911584,False,2025-03-21
SWGY10473,Diya Gupta,diya.gupta263@gmail.co,,Dormant,False,,True,2023-12-01
SWGY11297,Diya Gupta,diya.gupta345@gmail.co,Mumbai,Dormant,False,+910994147539,False,2025-04-15
SWGY14663,Diya Gupta,diya.gupta357@gmail.co,Mumbai,Churned,False,,True,2024-05-16
SWGY14475,Diya Gupta,diya.gupta388@gmail.co,Bengaluru,Frequent Orderer,False,+912265599933,False,2024-08-13
SWGY13503,Diya Gupta,diya.gupta469@gmail.com,Vijayawada,Frequent Orderer,False,+919274991438,True,2024-08-15
SWGY12096,Diya Gupta,diya.gupta545@gmail.co,Ahmedabad,Dormant,False,+910759144566,False,2023-09-30
SWGY13657,Diya Gupta,diya.gupta609@gmail.com,Noida,Frequent Orderer,False,+918272972136,False,2023-11-10
SWGY15583,Diya Gupta,diya.gupta726@gmail.co,Mumbai,Frequent Orderer,False,+917131314376,False,2024-01-20
SWGY15252,Diya Gupta,diya.gupta886@gmail.com,Chennai,Swiggy One Member,True,+918488242110,False,2024-06-05
SWGY11959,Diya Gupta,diya.gupta953@yahoo.com,Noida,Swiggy One Member,True,+915275056880,True,2023-06-10
SWGY10308,Diya Iyer,diya.iyer309@gmail.com,Pune,Swiggy One Member,True,,True,2024-09-02
SWGY12804,Diya Iyer,diya.iyer322@outlook.com,Mumbai,Dormant,False,+915686222905,False,2023-07-12
SWGY10442,Diya Iyer,diya.iyer383@gmail.com,Nellore,Churned,False,,True,2024-05-27
SWGY11775,Diya Iyer,diya.iyer448@gmail.co,Ahmedabad,Dormant,True,+914283267011,False,2023-07-14
SWGY15948,Diya Iyer,diya.iyer637@gmail.co,Mumbai,Swiggy One Member,True,,False,2025-02-16
SWGY12271,Diya Iyer,diya.iyer67@outlook.com,Lucknow,Frequent Orderer,False,+916830953122,False,2025-05-29
SWGY13304,Diya Iyer,diya.iyer801@hotmail.com,Vijayawada,Unclassified,True,+919447401586,True,2023-09-09
SWGY14502,Diya Iyer,diya.iyer911@outlook.com,Vijayawada,Dormant,False,+911412258048,False,2025-05-13
SWGY14696,Diya Joshi,diya.joshi100@gmail.co,Vijayawada,Dormant,True,+915906207098,True,2023-09-16
SWGY15295,Diya Joshi,diya.joshi205@gmail.co,Delhi,Frequent Orderer,False,+918055204197,False,2023-10-08
SWGY12583,Diya Joshi,diya.joshi227@outlook.com,Gurugram,Swiggy One Member,True,+919706406412,True,2024-04-18
SWGY15915,Diya Joshi,diya.joshi36@hotmail.com,Ahmedabad,New,True,+918640356307,True,2024-02-24
SWGY14829,Diya Joshi,diya.joshi422@outlook.com,Mumbai,Frequent Orderer,False,+912327337918,True,2025-04-27
SWGY13623,Diya Joshi,diya.joshi464@hotmail.com,Delhi,Swiggy One Member,True,+912331671629,False,2024-01-25
SWGY11208,Diya Joshi,diya.joshi636@outlook.com,Bengaluru,Churned,False,+914523158286,True,2024-01-31
SWGY13500,Diya Joshi,diya.joshi673@hotmail.com,Delhi,New,False,+914147623802,True,2024-09-19
SWGY14648,Diya Joshi,diya.joshi712@gmail.co,Bengaluru,Churned,False,+919148040541,False,2025-04-08
SWGY10266,Diya Joshi,diya.joshi804@gmail.com,Noida,New,False,,True,2024-04-05
SWGY11155,Diya Joshi,diya.joshi861@yahoo.com,Bengaluru,Frequent Orderer,False,+915505705218,True,2024-10-11
SWGY15436,Diya Joshi,diya.joshi932@outlook.com,,New,False,+911518122229,True,2025-03-12
SWGY14248,Diya Joshi,diya.joshi962@hotmail.com,Pune,New,True,+916213923816,True,2024-03-03
SWGY12098,Diya Joshi,diya.joshi998@outlook.com,Lucknow,Dormant,False,+910506859023,True,2023-12-15
SWGY14283,Diya Joshi,diya.joshi99@gmail.co,Lucknow,Frequent Orderer,False,+916204378815,False,2023-08-03
SWGY14128,Diya Kapoor,diya.kapoor154@hotmail.com,Nellore,Frequent Orderer,False,,True,2023-08-28
SWGY11514,Diya Kapoor,diya.kapoor28@outlook.com,Vijayawada,Swiggy One Member,True,+917941232546,False,2024-04-20
SWGY12625,Diya Kapoor,diya.kapoor347@gmail.co,Noida,Churned,False,+916451924279,True,2025-03-10
SWGY15629,Diya Kapoor,diya.kapoor356@gmail.com,Vijayawada,Frequent Orderer,True,+918627375209,False,2024-03-19
SWGY13723,Diya Kapoor,diya.kapoor442@outlook.com,Kolkata,Frequent Orderer,False,+918314309953,False,2024-05-22
SWGY13856,Diya Kapoor,diya.kapoor563@yahoo.com,Kochi,Dormant,False,+915413728291,False,2023-10-24
SWGY15459,Diya Kapoor,diya.kapoor682@yahoo.com,Kolkata,Swiggy One Member,True,+911513027466,True,2024-01-11
SWGY13699,Diya Kapoor,diya.kapoor709@gmail.com,Pune,New,True,+914287567311,False,2023-10-01
SWGY10488,Diya Kapoor,diya.kapoor760@outlook.com,Vijayawada,Swiggy One Member,True,+913908088235,True,2025-02-04
SWGY14856,Diya Kapoor,diya.kapoor881@outlook.com,Vijayawada,Frequent Orderer,False,,False,2024-06-01
SWGY10631,Diya Khan,diya.khan331@gmail.com,Kochi,Dormant,False,,False,2024-08-22
SWGY10181,Diya Khan,diya.khan395@gmail.co,Delhi,Frequent Orderer,False,,False,2023-09-25
SWGY12208,Diya Khan,diya.khan445@outlook.com,Chennai,Frequent Orderer,False,,False,2024-08-31
SWGY14646,Diya Khan,diya.khan502@gmail.co,Mumbai,Swiggy One Member,True,+916480421000,True,2025-01-16
SWGY12610,Diya Khan,diya.khan730@yahoo.com,Delhi,Frequent Orderer,False,,True,2024-05-19
SWGY11349,Diya Khan,diya.khan856@outlook.com,Chennai,Frequent Orderer,False,,True,2025-02-17
SWGY11994,Diya Malhotra,diya.malhotra147@outlook.com,Gurugram,Swiggy One Member,True,+915925309558,False,2023-08-07
SWGY10973,Diya Malhotra,diya.malhotra195@gmail.com,Mumbai,New,False,+914883997418,True,2024-01-13
SWGY15464,Diya Malhotra,diya.malhotra385@outlook.com,Lucknow,New,False,,False,2023-10-19
SWGY13288,Diya Malhotra,diya.malhotra401@yahoo.com,Nellore,Frequent Orderer,False,+913134946078,True,2024-10-28
SWGY14451,Diya Malhotra,diya.malhotra444@outlook.com,Ahmedabad,New,False,+916029193051,False,2024-03-08
SWGY13171,Diya Malhotra,diya.malhotra49@hotmail.com,Nellore,Swiggy One Member,True,+918054794898,False,2024-10-03
SWGY12231,Diya Malhotra,diya.malhotra666@yahoo.com,Nellore,Frequent Orderer,False,+913891619055,False,2024-05-22
SWGY10108,Diya Malhotra,diya.malhotra780@outlook.com,Lucknow,Frequent Orderer,False,+915560932048,True,2024-10-22
SWGY15657,Diya Malhotra,diya.malhotra829@gmail.co,Mumbai,New,True,+910709571462,False,2025-04-10
SWGY15957,Diya Mehta,diya.mehta147@outlook.com,Gurugram,Dormant,False,+919789952480,False,2023-12-08
SWGY14600,Diya Mehta,diya.mehta303@hotmail.com,Vijayawada,Churned,False,+916547223030,False,2024-12-25
SWGY14170,Diya Mehta,diya.mehta441@outlook.com,Gurugram,Swiggy One Member,True,+918800125390,False,2023-12-23
SWGY14698,Diya Mehta,diya.mehta467@hotmail.com,Kolkata,Swiggy One Member,True,+914930406487,False,2023-12-15
SWGY15076,Diya Mehta,diya.mehta767@yahoo.com,Chennai,Frequent Orderer,True,+910434684568,True,2024-01-30
SWGY10315,Diya Mehta,diya.mehta79@hotmail.com,Ahmedabad,New,False,+912192855445,True,2024-05-30
SWGY15861,Diya Mehta,diya.mehta84@gmail.co,Chennai,New,False,+917887067070,False,2024-08-09
SWGY12990,Diya Mehta,diya.mehta84@outlook.com,,New,False,+919040150762,True,2023-08-08
SWGY10985,Diya Mehta,diya.mehta90@gmail.co,Ahmedabad,New,False,+916296914336,False,2024-10-02
SWGY12622,Diya Mehta,diya.mehta930@outlook.com,Noida,Swiggy One Member,True,+912756220217,False,2024-06-26
SWGY10179,Diya Mehta,diya.mehta956@gmail.co,Chennai,New,False,,False,2023-11-12
SWGY12581,Diya Menon,diya.menon212@outlook.com,Lucknow,Unclassified,False,+911315653667,True,2024-01-04
SWGY15542,Diya Menon,diya.menon227@outlook.com,Hyderabad,Frequent Orderer,True,+912927863211,False,2024-01-12
SWGY12028,Diya Menon,diya.menon249@gmail.co,Lucknow,Swiggy One Member,True,+913485030277,False,2023-11-10
SWGY15234,Diya Menon,diya.menon251@gmail.co,Kolkata,New,True,+912766397599,True,2024-04-01
SWGY10936,Diya Menon,diya.menon269@outlook.com,Kolkata,Frequent Orderer,False,+914414916999,True,2025-04-04
SWGY14868,Diya Menon,diya.menon483@gmail.co,Ahmedabad,Swiggy One Member,True,+912316586470,False,2025-03-25
SWGY14492,Diya Menon,diya.menon53@gmail.co,Delhi,Dormant,False,+917024452098,False,2023-08-29
SWGY14779,Diya Menon,diya.menon550@hotmail.com,Kolkata,Frequent Orderer,False,,True,2025-02-06
SWGY12450,Diya Menon,diya.menon60@outlook.com,Lucknow,Swiggy One Member,True,,False,2023-11-13
SWGY14318,Diya Menon,diya.menon673@gmail.co,Ahmedabad,Frequent Orderer,False,+916958000489,True,2024-11-25
SWGY11740,Diya Menon,diya.menon717@hotmail.com,Jaipur,New,True,,True,2024-03-09
SWGY15116,Diya Menon,diya.menon718@gmail.com,Kolkata,Dormant,False,+914742768551,False,2024-03-25
SWGY12567,Diya Menon,diya.menon748@gmail.co,Pune,New,False,+912602356409,False,2024-05-12
SWGY12998,Diya Menon,diya.menon798@outlook.com,Kochi,Frequent Orderer,False,+916534930966,False,2025-01-05
SWGY14610,Diya Menon,diya.menon866@hotmail.com,Noida,Swiggy One Member,True,,True,2023-07-01
SWGY12704,Diya Menon,diya.menon914@yahoo.com,Noida,Frequent Orderer,False,+919489304940,False,2024-01-31
SWGY11176,Diya Nair,diya.nair250@hotmail.com,,Churned,True,+916452342864,True,2024-06-22
SWGY13250,Diya Nair,diya.nair32@hotmail.com,Delhi,Swiggy One Member,True,+917498009293,True,2024-11-07
SWGY12631,Diya Nair,diya.nair396@outlook.com,,Frequent Orderer,False,+919578735168,True,2024-07-01
SWGY11573,Diya Nair,diya.nair433@gmail.com,Mumbai,New,True,,False,2023-08-06
SWGY11482,Diya Nair,diya.nair483@outlook.com,,Unclassified,True,,True,2024-10-04
SWGY11263,Diya Nair,diya.nair692@gmail.co,Lucknow,Dormant,False,,True,2024-09-14
SWGY10966,Diya Nair,diya.nair726@gmail.com,Gurugram,Dormant,True,,True,2025-02-04
SWGY11956,Diya Nair,diya.nair758@yahoo.com,Kolkata,Frequent Orderer,False,+916945419137,False,2024-02-23
SWGY12693,Diya Nair,diya.nair786@yahoo.com,Ahmedabad,New,False,+915479130279,True,2023-09-26
SWGY12521,Diya Patel,diya.patel263@yahoo.com,,Frequent Orderer,False,+910332487736,True,2024-10-10
SWGY15706,Diya Patel,diya.patel281@yahoo.com,Kochi,Frequent Orderer,False,+915229957216,True,2024-08-18
SWGY14179X,Diya Patel,diya.patel287@gmail.co,Ahmedabad,Churned,False,+914014247310,False,2023-12-13
SWGY10246,Diya Patel,diya.patel313@yahoo.com,Pune,Swiggy One Member,True,,True,2024-05-18
SWGY14364,Diya Patel,diya.patel535@gmail.com,Kolkata,Frequent Orderer,False,,False,2023-11-05
SWGY12685,Diya Patel,diya.patel557@gmail.co,Mumbai,Frequent Orderer,False,,False,2024-06-17
SWGY13868,Diya Patel,diya.patel642@gmail.com,Ahmedabad,Frequent Orderer,False,+911871040446,True,2023-07-09
SWGY10003,Diya Patel,diya.patel651@yahoo.com,Ahmedabad,Dormant,False,+913276483503,True,2024-02-29
SWGY11541,Diya Patel,diya.patel65@gmail.co,Nellore,Dormant,False,+918210037090,False,2024-01-07
SWGY12062,Diya Patel,diya.patel794@hotmail.com,Gurugram,Swiggy One Member,True,+912330970199,False,2023-12-16
SWGY14478,Diya Pillai,diya.pillai28@hotmail.com,Kochi,Dormant,True,+919305534009,True,2024-05-06
SWGY11490,Diya Pillai,diya.pillai465@yahoo.com,Kolkata,Frequent Orderer,False,+918002264259,True,2023-09-29
SWGY13351,Diya Pillai,diya.pillai646@gmail.com,,Frequent Orderer,False,,True,2023-10-18
SWGY10571,Diya Pillai,diya.pillai719@gmail.com,Kolkata,Swiggy One Member,True,+910267551254,True,2025-04-05
SWGY15669,Diya Pillai,diya.pillai761@yahoo.com,Bengaluru,Swiggy One Member,True,+914636772722,True,2025-03-19
SWGY12946,Diya Pillai,diya.pillai810@gmail.com,Lucknow,Frequent Orderer,False,+917534096199,False,2024-07-23
SWGY12635,Diya Pillai,diya.pillai953@gmail.com,Nellore,Dormant,False,+917830626465,True,2025-02-19
SWGY12089,Diya Rao,diya.rao230@hotmail.com,Chennai,Dormant,False,+917928262901,True,2023-09-19
SWGY15535,Diya Rao,diya.rao251@yahoo.com,Nellore,Dormant,False,+910877546296,False,2023-09-08
SWGY12184,Diya Rao,diya.rao305@outlook.com,Vijayawada,Frequent Orderer,False,+913495412176,True,2024-10-11
SWGY13693,Diya Rao,diya.rao379@gmail.co,Bengaluru,Frequent Orderer,True,+911407714210,True,2024-07-10
SWGY15635,Diya Rao,diya.rao42@outlook.com,Hyderabad,Dormant,False,+917698500073,False,2023-09-05
SWGY10352,Diya Rao,diya.rao474@yahoo.com,Vijayawada,Dormant,True,+916016459779,False,2023-08-23
SWGY11902,Diya Rao,diya.rao544@outlook.com,Ahmedabad,Dormant,False,+918192069656,True,2024-03-12
SWGY13336,Diya Rao,diya.rao904@hotmail.com,Lucknow,Frequent Orderer,False,,False,2024-12-09
SWGY10501,Diya Reddy,diya.reddy194@gmail.co,Bengaluru,Frequent Orderer,False,+914897861031,True,2025-03-26
SWGY12479,Diya Reddy,diya.reddy201@gmail.co,Gurugram,Swiggy One Member,True,+914921515694,False,2024-01-30
SWGY12106,Diya Reddy,diya.reddy24@gmail.com,Nellore,Dormant,False,+917904644940,False,2023-08-16
SWGY15315,Diya Reddy,diya.reddy310@outlook.com,Kolkata,Dormant,False,+910923013270,True,2024-06-18
SWGY13348,Diya Reddy,diya.reddy552@gmail.co,Hyderabad,New,False,,False,2023-09-04
SWGY12833,Diya Reddy,diya.reddy842@hotmail.com,Hyderabad,Frequent Orderer,False,,True,2024-11-07
SWGY11863,Diya Sharma,diya.sharma240@yahoo.com,Noida,Frequent Orderer,True,+911714795541,True,2024-08-09
SWGY14741,Diya Sharma,diya.sharma36@gmail.co,Ahmedabad,Dormant,False,+917297412782,True,2024-12-06
SWGY11510,Diya Sharma,diya.sharma397@yahoo.com,Lucknow,Frequent Orderer,False,+911714854183,True,2024-05-16
SWGY15882,Diya Sharma,diya.sharma460@hotmail.com,Delhi,New,False,+911854381150,True,2024-02-15
SWGY12349,Diya Sharma,diya.sharma68@gmail.com,Nellore,New,False,+917844400274,True,2025-04-17
SWGY15225,Diya Sharma,diya.sharma739@yahoo.com,Bengaluru,Churned,False,+912555119726,True,2024-09-06
SWGY15800,Diya Sharma,diya.sharma753@gmail.co,Ahmedabad,Frequent Orderer,False,,False,2023-11-12
SWGY15578,Diya Sharma,diya.sharma860@gmail.co,Kolkata,New,False,+912849453525,False,2024-01-14
SWGY15114,Diya Shetty,diya.shetty100@outlook.com,Mumbai,Churned,True,,False,2024-10-05
SWGY12417,Diya Shetty,diya.shetty18@hotmail.com,Jaipur,New,True,+911828654907,True,2024-03-06
SWGY14405,Diya Shetty,diya.shetty289@outlook.com,Hyderabad,Frequent Orderer,False,+915396608604,False,2024-09-12
SWGY14933,Diya Shetty,diya.shetty355@gmail.co,Mumbai,Frequent Orderer,False,+915948292984,True,2025-03-06
SWGY13056,Diya Shetty,diya.shetty476@outlook.com,Kochi,New,True,+917064813357,True,2024-06-26
SWGY13485,Diya Shetty,diya.shetty478@outlook.com,Lucknow,Frequent Orderer,False,+914073284568,True,2025-03-10
SWGY14001,Diya Shetty,diya.shetty598@yahoo.com,Nellore,Churned,False,,False,2025-01-18
SWGY11660,Diya Shetty,diya.shetty671@hotmail.com,Lucknow,Swiggy One Member,True,+918356999712,False,2025-02-27
SWGY14528,Diya Shetty,diya.shetty699@gmail.com,Kolkata,Frequent Orderer,True,+911838604008,True,2023-09-26
SWGY13385X,Diya Shetty,diya.shetty719@hotmail.com,Bengaluru,Swiggy One Member,True,+913692152606,False,2025-03-15
SWGY15961,Diya Shetty,diya.shetty964@hotmail.com,Nellore,New,False,,True,2024-07-07
SWGY12023,Diya Singh,diya.singh143@outlook.com,Gurugram,Dormant,False,+916491916369,False,2024-10-20
SWGY14435,Diya Singh,diya.singh156@outlook.com,Chennai,Frequent Orderer,False,,True,2024-08-03
SWGY15652,Diya Singh,diya.singh302@gmail.co,Hyderabad,Swiggy One Member,True,+911384177411,False,2025-05-10
SWGY11220,Diya Singh,diya.singh322@gmail.co,Kochi,Unclassified,False,+916487849622,True,2024-02-10
SWGY11802,Diya Singh,diya.singh465@hotmail.com,Pune,Dormant,False,,False,2023-11-09
SWGY14718,Diya Singh,diya.singh467@hotmail.com,Ahmedabad,New,False,,False,2023-09-03
SWGY10893,Diya Singh,diya.singh47@outlook.com,Lucknow,Swiggy One Member,True,+910067990069,False,2024-06-17
SWGY10070,Diya Singh,diya.singh547@yahoo.com,Gurugram,Frequent Orderer,False,+917359774688,True,2025-02-15
SWGY14432,Diya Singh,diya.singh584@yahoo.com,,Frequent Orderer,False,,True,2024-03-27
SWGY13665,Diya Singh,diya.singh653@gmail.com,Hyderabad,Swiggy One Member,True,+915332433506,False,2024-05-25
SWGY11182,Diya Singh,diya.singh672@yahoo.com,Ahmedabad,New,False,+911030737260,False,2024-10-25
SWGY15996,Diya Singh,diya.singh805@outlook.com,Lucknow,New,False,,True,2023-10-23
SWGY14085,Diya Singh,diya.singh874@gmail.co,Ahmedabad,Frequent Orderer,False,+918877578735,False,2024-01-23
SWGY13673X,Diya Singh,diya.singh921@yahoo.com,Mumbai,Swiggy One Member,True,+917043107722,True,2024-03-04
SWGY11116,Diya Verma,diya.verma273@gmail.com,Delhi,Unclassified,True,,True,2024-11-25
SWGY12861,Diya Verma,diya.verma343@gmail.com,Nellore,Unclassified,True,+910420473087,True,2024-04-03
SWGY13345,Diya Verma,diya.verma354@outlook.com,Kolkata,New,False,+916965148268,True,2024-03-30
SWGY15353,Diya Verma,diya.verma533@gmail.com,Gurugram,Dormant,False,,False,2023-06-21
SWGY11973,Diya Verma,diya.verma56@yahoo.com,Bengaluru,Dormant,False,+912113598043,True,2024-10-24
SWGY12682,Diya Verma,diya.verma581@yahoo.com,Lucknow,New,False,,True,2025-02-10
SWGY15691,Diya Verma,diya.verma661@gmail.com,Chennai,Swiggy One Member,True,+915092068607,False,2024-08-27
SWGY11966,Diya Verma,diya.verma669@yahoo.com,Chennai,New,False,+914789225182,True,2024-07-11
SWGY15963,Diya Verma,diya.verma818@gmail.com,Kolkata,Dormant,True,,True,2023-07-25
SWGY14344,Diya Verma,diya.verma840@gmail.co,Chennai,Frequent Orderer,False,+917131240132,False,2024-06-24
SWGY10465,Diya Verma,diya.verma858@hotmail.com,Jaipur,Swiggy One Member,True,+910252131096,True,2023-09-17
SWGY13540,Diya Verma,diya.verma922@hotmail.com,Bengaluru,Churned,False,+910510341594,False,2024-11-21
SWGY10328,Diya Verma,diya.verma933@gmail.com,Ahmedabad,Frequent Orderer,False,+911520850769,True,2024-02-06
SWGY15011,Ira Bose,ira.bose153@gmail.co,Delhi,Churned,False,+914863987715,True,2024-07-11
SWGY14110,Ira Bose,ira.bose158@outlook.com,Gurugram,New,False,+916809634893,True,2024-01-27
SWGY10522,Ira Bose,ira.bose258@gmail.co,Pune,Frequent Orderer,False,+911241893898,True,2023-06-24
SWGY13135,Ira Bose,ira.bose377@yahoo.com,Hyderabad,New,False,+919397252056,False,2025-03-09
SWGY13918,Ira Bose,ira.bose529@yahoo.com,Nellore,Frequent Orderer,False,,True,2024-04-28
SWGY15165,Ira Bose,ira.bose569@gmail.co,Lucknow,Frequent Orderer,False,+919158147457,True,2025-05-04
SWGY14949,Ira Bose,ira.bose722@outlook.com,Bengaluru,New,False,,False,2024-09-03
SWGY12372,Ira Bose,ira.bose741@yahoo.com,,Frequent Orderer,False,+914452275942,True,2023-08-03
SWGY10191,Ira Bose,ira.bose804@outlook.com,Noida,Dormant,False,+910666580043,True,2024-01-16
SWGY12314,Ira Bose,ira.bose902@gmail.co,Nellore,Swiggy One Member,True,+911822479224,False,2025-01-12
SWGY10852,Ira Bose,ira.bose980@gmail.com,Vijayawada,Swiggy One Member,True,+917821417468,True,2024-12-11
SWGY15435,Ira Chatterjee,ira.chatterjee36@gmail.com,Lucknow,New,False,+915115385360,False,2024-05-21
SWGY12941,Ira Chatterjee,ira.chatterjee439@gmail.co,Chennai,New,False,+911782961473,True,2025-04-18
SWGY14287,Ira Chatterjee,ira.chatterjee856@gmail.com,Kochi,Dormant,False,+918344920731,False,2024-07-13
SWGY13559,Ira Das,ira.das268@gmail.co,Jaipur,Dormant,False,+919360425990,False,2025-04-14
SWGY14681,Ira Das,ira.das370@gmail.co,Kolkata,Frequent Orderer,False,+915813666188,False,2023-06-29
SWGY14190,Ira Das,ira.das489@yahoo.com,Vijayawada,Swiggy One Member,True,,True,2023-12-21
SWGY11533,Ira Das,ira.das590@outlook.com,Chennai,Swiggy One Member,True,+911756275280,False,2024-03-18
SWGY11125,Ira Das,ira.das707@hotmail.com,Kolkata,Frequent Orderer,False,+913239644028,True,2024-10-13
SWGY10920,Ira Das,ira.das739@gmail.com,Pune,New,False,+912973525953,True,2025-05-27
SWGY11455,Ira Das,ira.das837@outlook.com,Bengaluru,New,False,+916277888260,True,2023-09-18
SWGY12237,Ira Das,ira.das858@outlook.com,Kochi,Swiggy One Member,True,+917476308357,False,2024-09-27
SWGY13592,Ira Das,ira.das941@gmail.com,Mumbai,New,False,+912227615842,False,2023-08-11
SWGY10198,Ira Gupta,ira.gupta161@hotmail.com,Chennai,Frequent Orderer,True,+916842450882,False,2024-08-22
SWGY12857,Ira Gupta,ira.gupta300@yahoo.com,Pune,Churned,False,+917923410242,False,2024-08-23
SWGY11631,Ira Gupta,ira.gupta416@outlook.com,Mumbai,Frequent Orderer,False,+919333963790,False,2023-09-19
SWGY10082,Ira Gupta,ira.gupta421@gmail.co,Mumbai,Frequent Orderer,False,,False,2024-04-12
SWGY15040,Ira Gupta,ira.gupta553@hotmail.com,,Dormant,False,+911607223897,True,2024-08-16
SWGY13687,Ira Gupta,ira.gupta597@gmail.com,Bengaluru,New,False,+911990739488,False,2023-09-20
SWGY13342,Ira Gupta,ira.gupta629@gmail.co,Bengaluru,Swiggy One Member,True,+912485515703,False,2024-09-24
SWGY10981,Ira Gupta,ira.gupta653@gmail.com,Gurugram,New,False,,True,2023-08-08
SWGY10716,Ira Gupta,ira.gupta798@gmail.co,Mumbai,Frequent Orderer,False,+915228230524,True,2023-09-12
SWGY14914,Ira Gupta,ira.gupta89@gmail.com,Delhi,Dormant,False,+913012155001,True,2025-01-16
SWGY11931,Ira Gupta,ira.gupta908@gmail.co,Pune,New,False,+915052194050,False,2023-06-01
SWGY14587,Ira Gupta,ira.gupta933@gmail.co,Pune,Unclassified,False,+914572998726,False,2025-01-26
SWGY11787,Ira Gupta,ira.gupta995@yahoo.com,Nellore,Frequent Orderer,False,+915334062016,True,2024-12-18
SWGY13632,Ira Iyer,ira.iyer213@outlook.com,Lucknow,Swiggy One Member,True,,False,2024-11-11
SWGY15891,Ira Iyer,ira.iyer253@hotmail.com,Kolkata,New,False,+918276093980,True,2023-12-30
SWGY13608,Ira Iyer,ira.iyer25@outlook.com,Gurugram,Dormant,False,+914087981736,True,2024-09-11
SWGY15007,Ira Iyer,ira.iyer38@gmail.com,Nellore,Swiggy One Member,True,+915085691875,True,2024-11-07
SWGY12263X,Ira Iyer,ira.iyer503@yahoo.com,Gurugram,New,False,+914571955496,True,2024-12-25
SWGY13058,Ira Iyer,ira.iyer674@gmail.co,Vijayawada,Frequent Orderer,False,+914560318686,True,2024-03-29
SWGY12063X,Ira Iyer,ira.iyer816@yahoo.com,Nellore,Frequent Orderer,False,+918248580257,False,2024-09-10
SWGY10017,Ira Iyer,ira.iyer903@gmail.co,Lucknow,Dormant,False,+915634216073,True,2024-01-29
SWGY13260,Ira Joshi,ira.joshi218@hotmail.com,Hyderabad,Dormant,False,+919312904428,False,2023-09-29
SWGY13065,Ira Joshi,ira.joshi291@outlook.com,Gurugram,New,False,+915542205487,False,2023-07-05
SWGY11305,Ira Joshi,ira.joshi537@outlook.com,Lucknow,New,False,,False,2023-08-24
SWGY10875,Ira Joshi,ira.joshi572@hotmail.com,Kochi,Swiggy One Member,True,+919178791505,True,2023-06-16
SWGY15739,Ira Joshi,ira.joshi625@gmail.co,Gurugram,Dormant,False,+911371091075,True,2025-05-11
SWGY13794,Ira Joshi,ira.joshi630@outlook.com,Hyderabad,Dormant,False,,True,2025-05-02
SWGY15604,Ira Joshi,ira.joshi698@outlook.com,Gurugram,Frequent Orderer,False,+912272449119,True,2024-08-25
SWGY13801,Ira Joshi,ira.joshi737@yahoo.com,Jaipur,Dormant,False,+914193508054,True,2023-06-27
SWGY15064,Ira Joshi,ira.joshi816@gmail.com,Kochi,Swiggy One Member,True,,True,2024-07-12
SWGY12387,Ira Joshi,ira.joshi839@hotmail.com,Delhi,Frequent Orderer,False,+919414250956,True,2024-06-22
SWGY14006,Ira Joshi,ira.joshi909@outlook.com,Mumbai,Unclassified,True,,True,2024-08-01
SWGY13526,Ira Joshi,ira.joshi91@yahoo.com,Lucknow,Frequent Orderer,False,+911420375694,False,2024-06-30
SWGY15430,Ira Kapoor,ira.kapoor118@outlook.com,Nellore,Churned,False,+912381844675,True,2024-02-07
SWGY11143,Ira Kapoor,ira.kapoor157@hotmail.com,Noida,Dormant,False,+913569480450,False,2025-01-10
SWGY14320,Ira Kapoor,ira.kapoor192@outlook.com,Gurugram,Swiggy One Member,True,+911995290306,True,2024-08-26
SWGY15752,Ira Kapoor,ira.kapoor285@yahoo.com,Delhi,Dormant,False,+914734504103,True,2023-08-19
SWGY13988,Ira Kapoor,ira.kapoor448@outlook.com,Delhi,New,True,+912885518955,False,2024-05-20
SWGY14416,Ira Kapoor,ira.kapoor463@hotmail.com,Noida,Frequent Orderer,True,+911174561851,True,2025-03-05
SWGY12547,Ira Kapoor,ira.kapoor499@outlook.com,Delhi,Swiggy One Member,True,+917799061834,False,2025-01-09
SWGY14846,Ira Kapoor,ira.kapoor560@gmail.co,Ahmedabad,Churned,False,+911494974692,True,2024-05-08
SWGY10599,Ira Kapoor,ira.kapoor738@gmail.co,Chennai,New,False,,False,2025-01-03
SWGY12887,Ira Khan,ira.khan154@gmail.co,Noida,New,True,+916718892670,False,2024-07-03
SWGY15468,Ira Khan,ira.khan170@yahoo.com,Mumbai,Dormant,False,+910406945757,False,2023-10-13
SWGY13556,Ira Khan,ira.khan363@gmail.co,Kolkata,Swiggy One Member,True,+919367061975,False,2024-11-02
SWGY10302,Ira Khan,ira.khan53@gmail.com,Jaipur,Frequent Orderer,False,+917905528183,False,2023-07-27
SWGY13563,Ira Khan,ira.khan847@outlook.com,Nellore,Swiggy One Member,True,+913939742608,True,2024-11-16
SWGY12180,Ira Khan,ira.khan927@gmail.com,Chennai,Dormant,False,+911939146037,True,2024-09-14
SWGY14861,Ira Malhotra,ira.malhotra144@yahoo.com,Chennai,Frequent Orderer,False,+919285027494,True,2025-01-16
SWGY11970,Ira Malhotra,ira.malhotra173@gmail.co,Jaipur,Dormant,False,,True,2024-11-29
SWGY11248,Ira Malhotra,ira.malhotra316@yahoo.com,Chennai,New,False,+919376501676,False,2023-10-21
SWGY15670,Ira Malhotra,ira.malhotra660@hotmail.com,Lucknow,Dormant,False,+910672090119,False,2024-06-29
SWGY13442,Ira Malhotra,ira.malhotra892@gmail.com,Gurugram,Frequent Orderer,False,+917587012808,True,2024-06-01
SWGY15709,Ira Malhotra,ira.malhotra966@yahoo.com,Nellore,Frequent Orderer,False,+914412577911,True,2024-07-05
SWGY12586,Ira Mehta,ira.mehta191@gmail.co,Gurugram,Frequent Orderer,False,+916301333279,False,2025-04-05
SWGY12186,Ira Mehta,ira.mehta224@yahoo.com,Vijayawada,New,True,,True,2023-07-11
SWGY14497,Ira Mehta,ira.mehta383@hotmail.com,Jaipur,Swiggy One Member,True,+910807350153,False,2024-04-06
SWGY13605,Ira Mehta,ira.mehta401@gmail.com,Hyderabad,New,False,+919169815556,False,2024-12-23
SWGY14449,Ira Mehta,ira.mehta44@gmail.co,Mumbai,Unclassified,True,,False,2025-01-28
SWGY14148,Ira Mehta,ira.mehta4@gmail.co,Noida,Dormant,False,+919235955107,True,2025-01-14
SWGY13173,Ira Mehta,ira.mehta644@hotmail.com,Kochi,Frequent Orderer,False,+914338053634,False,2024-05-09
SWGY15243,Ira Mehta,ira.mehta761@yahoo.com,Ahmedabad,Dormant,True,+913223497279,False,2024-04-13
SWGY13114,Ira Mehta,ira.mehta763@outlook.com,Jaipur,New,False,+912610158526,False,2024-01-16
SWGY15982,Ira Mehta,ira.mehta921@gmail.co,Gurugram,Swiggy One Member,True,+916251660064,False,2025-05-14
SWGY10019,Ira Mehta,ira.mehta922@hotmail.com,Pune,Frequent Orderer,False,+910608835615,False,2024-04-17
SWGY15549,Ira Mehta,ira.mehta985@gmail.com,Ahmedabad,Swiggy One Member,True,+911046238850,True,2023-12-05
SWGY13381,Ira Menon,ira.menon156@yahoo.com,Noida,Frequent Orderer,True,+917983232367,True,2024-07-22
SWGY12459,Ira Menon,ira.menon235@yahoo.com,Mumbai,Dormant,False,,False,2023-08-23
SWGY12989,Ira Menon,ira.menon412@outlook.com,Bengaluru,Frequent Orderer,False,,True,2023-07-30
SWGY15791,Ira Menon,ira.menon493@yahoo.com,Mumbai,Dormant,False,+919380207615,False,2024-08-01
SWGY11381,Ira Menon,ira.menon50@gmail.com,Mumbai,Unclassified,False,+914488548753,True,2023-10-18
SWGY15868,Ira Menon,ira.menon519@outlook.com,Gurugram,Frequent Orderer,False,+915842758149,False,2024-11-08
SWGY15760,Ira Menon,ira.menon529@yahoo.com,Bengaluru,Swiggy One Member,True,+910078687203,False,2024-08-17
SWGY12892,Ira Menon,ira.menon682@hotmail.com,Gurugram,Swiggy One Member,True,+913616629087,False,2025-02-21
SWGY12085,Ira Menon,ira.menon939@outlook.com,Hyderabad,Unclassified,False,+919073128211,True,2024-04-26
SWGY14056,Ira Menon,ira.menon976@yahoo.com,Gurugram,Churned,True,,False,2025-05-15
SWGY15309,Ira Nair,ira.nair139@yahoo.com,,New,False,+913592791600,True,2024-09-13
SWGY14706,Ira Nair,ira.nair19@yahoo.com,Ahmedabad,Dormant,False,+915862638086,False,2024-01-10
SWGY12128,Ira Nair,ira.nair353@yahoo.com,Bengaluru,New,False,+912618910953,False,2024-07-29
SWGY14382,Ira Nair,ira.nair396@outlook.com,Noida,Frequent Orderer,False,,False,2025-01-29
SWGY13939,Ira Nair,ira.nair56@outlook.com,Bengaluru,Unclassified,False,+919978055014,False,2023-11-29
SWGY15834,Ira Nair,ira.nair771@gmail.com,,Frequent Orderer,False,,False,2024-11-10
SWGY11436,Ira Nair,ira.nair816@gmail.com,Kolkata,New,False,+910156161973,False,2023-07-25
SWGY10294,Ira Nair,ira.nair847@outlook.com,Jaipur,Swiggy One Member,True,+910833181958,False,2024-10-24
SWGY13375,Ira Nair,ira.nair894@gmail.com,Ahmedabad,Churned,False,+913922630307,False,2023-06-21
SWGY10215,Ira Nair,ira.nair89@outlook.com,Ahmedabad,Frequent Orderer,False,+915669380118,True,2023-07-07
SWGY11618,Ira Nair,ira.nair993@gmail.com,Lucknow,Frequent Orderer,False,+910799154027,False,2024-02-07
SWGY11661,Ira Patel,ira.patel127@yahoo.com,Bengaluru,Frequent Orderer,False,+917191969933,True,2025-05-14
SWGY11547,Ira Patel,ira.patel133@yahoo.com,,Frequent Orderer,False,+915628372372,False,2023-10-18
SWGY11748,Ira Patel,ira.patel135@gmail.co,Ahmedabad,New,False,+913814030755,True,2024-05-27
SWGY11234,Ira Patel,ira.patel162@gmail.co,Bengaluru,New,False,+916698345150,True,2023-12-25
SWGY12843,Ira Patel,ira.patel232@outlook.com,Kochi,New,False,,False,2024-10-24
SWGY10310,Ira Patel,ira.patel24@gmail.com,Vijayawada,Frequent Orderer,False,+917186375998,True,2024-11-21
SWGY11239,Ira Patel,ira.patel265@yahoo.com,Jaipur,Unclassified,True,+910705473601,False,2023-12-04
SWGY12653,Ira Patel,ira.patel293@gmail.com,Ahmedabad,Churned,False,+919631555800,False,2023-12-29
SWGY14410,Ira Patel,ira.patel413@yahoo.com,Jaipur,Frequent Orderer,True,,True,2024-05-25
SWGY10015,Ira Patel,ira.patel501@outlook.com,Jaipur,New,False,,False,2024-05-17
SWGY12178X,Ira Patel,ira.patel505@outlook.com,,New,False,+918901750177,True,2024-12-21
SWGY12335,Ira Patel,ira.patel509@gmail.co,Ahmedabad,New,False,+911483240965,True,2023-10-11
SWGY13190,Ira Patel,ira.patel589@outlook.com,Gurugram,Frequent Orderer,False,+915621000471,False,2024-11-12
SWGY13077,Ira Patel,ira.patel682@hotmail.com,Lucknow,Swiggy One Member,True,+919123944949,True,2023-08-22
SWGY12798,Ira Patel,ira.patel770@gmail.co,Hyderabad,New,False,+910177446083,False,2024-11-25
SWGY12846,Ira Patel,ira.patel896@hotmail.com,Bengaluru,Swiggy One Member,True,,False,2024-01-19
SWGY15917,Ira Pillai,ira.pillai117@outlook.com,Gurugram,Dormant,False,+914882593632,True,2024-02-11
SWGY13323,Ira Pillai,ira.pillai15@gmail.co,Bengaluru,Swiggy One Member,True,+910659503632,False,2023-08-17
SWGY12529,Ira Pillai,ira.pillai412@hotmail.com,Vijayawada,Swiggy One Member,True,+913038156959,True,2024-06-17
SWGY15373,Ira Pillai,ira.pillai509@yahoo.com,,Dormant,True,+914562921221,True,2023-09-05
SWGY14000,Ira Pillai,ira.pillai548@yahoo.com,Lucknow,New,True,+917984058273,False,2023-08-21
SWGY12090,Ira Pillai,ira.pillai557@gmail.co,Pune,Frequent Orderer,False,,True,2023-11-17
SWGY10589,Ira Pillai,ira.pillai583@gmail.co,Jaipur,Churned,False,,False,2024-07-23
SWGY10693,Ira Pillai,ira.pillai696@gmail.co,Lucknow,Swiggy One Member,True,,False,2024-10-02
SWGY13162,Ira Pillai,ira.pillai773@yahoo.com,Kolkata,Dormant,False,,True,2024-01-21
SWGY13242,Ira Pillai,ira.pillai780@outlook.com,Bengaluru,Frequent Orderer,False,+914641188034,True,2024-06-06
SWGY11203,Ira Pillai,ira.pillai937@gmail.co,Bengaluru,Dormant,False,+919940842906,True,2024-04-22
SWGY10417,Ira Pillai,ira.pillai939@gmail.co,Ahmedabad,New,False,+919183626448,True,2023-11-13
SWGY13263,Ira Rao,ira.rao245@yahoo.com,Delhi,Churned,False,+914725076233,True,2023-10-16
SWGY12201,Ira Rao,ira.rao402@gmail.co,Lucknow,Unclassified,True,+914710793527,True,2023-10-07
SWGY12837,Ira Rao,ira.rao404@hotmail.com,Chennai,Swiggy One Member,True,+911870153987,True,2023-09-26
SWGY13823,Ira Rao,ira.rao515@yahoo.com,Hyderabad,Churned,False,+917681278889,True,2023-07-29
SWGY13280,Ira Rao,ira.rao649@hotmail.com,Jaipur,Churned,False,+916036340916,False,2024-05-19
SWGY12674,Ira Rao,ira.rao791@gmail.co,Mumbai,Churned,False,+912408962870,False,2024-08-01
SWGY11425,Ira Rao,ira.rao879@gmail.co,Kochi,Frequent Orderer,False,+919998709339,True,2023-07-26
SWGY13136,Ira Reddy,ira.reddy146@gmail.co,Lucknow,Frequent Orderer,False,+919440130597,False,2024-08-09
SWGY13643,Ira Reddy,ira.reddy183@yahoo.com,Kochi,Unclassified,False,,True,2024-06-12
SWGY15265,Ira Reddy,ira.reddy442@gmail.co,,Swiggy One Member,True,+918184707108,True,2024-05-13
SWGY12615,Ira Reddy,ira.reddy553@hotmail.com,Pune,Dormant,False,+914124527705,True,2024-03-05
SWGY11773,Ira Reddy,ira.reddy566@gmail.co,Mumbai,Churned,True,,False,2024-09-19
SWGY10783,Ira Reddy,ira.reddy711@gmail.com,Bengaluru,Swiggy One Member,True,+910859914492,True,2023-09-13
SWGY12006,Ira Reddy,ira.reddy766@gmail.com,Delhi,Dormant,False,+917890355081,True,2023-06-25
SWGY15025,Ira Reddy,ira.reddy827@outlook.com,Lucknow,Frequent Orderer,False,,True,2023-07-14
SWGY13246,Ira Reddy,ira.reddy923@gmail.com,Lucknow,Dormant,False,+917400743262,True,2023-11-05
SWGY11092,Ira Reddy,ira.reddy945@gmail.co,,Swiggy One Member,True,+914443596245,False,2023-07-29
SWGY11230,Ira Sharma,ira.sharma113@gmail.co,Mumbai,Frequent Orderer,False,+917840190271,False,2024-07-17
SWGY11300,Ira Sharma,ira.sharma288@yahoo.com,,Dormant,False,,True,2025-02-26
SWGY13139,Ira Sharma,ira.sharma557@yahoo.com,Kolkata,Frequent Orderer,False,,True,2023-06-14
SWGY12395,Ira Sharma,ira.sharma66@gmail.com,Bengaluru,Swiggy One Member,True,+914729905552,False,2023-12-01
SWGY12012,Ira Sharma,ira.sharma859@gmail.com,Chennai,New,False,,False,2024-02-02
SWGY15023,Ira Shetty,ira.shetty243@yahoo.com,Kolkata,Frequent Orderer,False,+917658244898,True,2023-08-05
SWGY15722,Ira Shetty,ira.shetty578@outlook.com,Nellore,Churned,False,,False,2023-09-02
SWGY15280,Ira Shetty,ira.shetty608@gmail.com,Kochi,Swiggy One Member,True,,False,2024-05-26
SWGY13279,Ira Shetty,ira.shetty633@gmail.com,Mumbai,Swiggy One Member,True,+918798262255,False,2025-03-30
SWGY13695,Ira Shetty,ira.shetty692@yahoo.com,,Swiggy One Member,True,+917696038347,False,2025-04-25
SWGY11552,Ira Shetty,ira.shetty694@yahoo.com,Gurugram,Swiggy One Member,True,+915032198596,True,2025-04-24
SWGY10550,Ira Shetty,ira.shetty740@gmail.com,Pune,Swiggy One Member,True,+911558108358,False,2023-10-11
SWGY14399,Ira Shetty,ira.shetty90@gmail.com,Pune,Frequent Orderer,False,+919730310519,False,2024-11-08
SWGY15294,Ira Shetty,ira.shetty928@yahoo.com,Gurugram,Frequent Orderer,False,+914167298139,False,2024-01-28
SWGY13312,Ira Shetty,ira.shetty941@gmail.com,Vijayawada,New,False,,True,2024-10-07
SWGY10253,Ira Singh,ira.singh138@hotmail.com,Hyderabad,New,True,+917526772233,True,2025-05-04
SWGY10865,Ira Singh,ira.singh235@outlook.com,Pune,Frequent Orderer,False,+914001816778,True,2024-12-10
SWGY13830,Ira Singh,ira.singh598@gmail.com,Noida,Frequent Orderer,False,,True,2024-07-07
SWGY11545,Ira Singh,ira.singh926@outlook.com,Bengaluru,New,False,,True,2024-01-08
SWGY10538,Ira Singh,ira.singh948@hotmail.com,Gurugram,Frequent Orderer,False,+916929445511,True,2024-08-02
SWGY12107,Ira Singh,ira.singh96@gmail.com,Vijayawada,Churned,False,,False,2024-02-17
SWGY12579X,Ira Verma,ira.verma245@gmail.com,,New,False,,True,2024-08-23
SWGY15006,Ira Verma,ira.verma255@outlook.com,Ahmedabad,Frequent Orderer,False,+910012263300,True,2023-08-08
SWGY11443,Ira Verma,ira.verma494@hotmail.com,Kochi,Churned,False,+919025912046,False,2025-03-17
SWGY10849,Ira Verma,ira.verma771@hotmail.com,Lucknow,Unclassified,False,+919160911413,True,2024-08-20
SWGY10827,Ira Verma,ira.verma779@gmail.co,Gurugram,Dormant,False,+913930493665,True,2023-10-18
SWGY13688,Ira Verma,ira.verma868@gmail.com,Kolkata,New,False,+917297034505,True,2025-04-24
SWGY12301,Ira Verma,ira.verma967@gmail.com,Kochi,Dormant,False,,True,2024-03-25
SWGY12405,Ishaan Bose,ishaan.bose106@gmail.co,Noida,New,False,+919902549839,True,2024-09-20
SWGY11571,Ishaan Bose,ishaan.bose125@yahoo.com,Kolkata,Dormant,True,,True,2023-07-20
SWGY15965,Ishaan Bose,ishaan.bose287@gmail.co,Chennai,Swiggy One Member,True,+914196177262,True,2024-07-02
SWGY12769,Ishaan Bose,ishaan.bose451@yahoo.com,Pune,New,False,+917301808725,False,2023-08-23
SWGY11119,Ishaan Bose,ishaan.bose610@gmail.co,Bengaluru,Swiggy One Member,True,+915834456622,False,2025-03-07
SWGY11771,Ishaan Bose,ishaan.bose638@outlook.com,Vijayawada,Frequent Orderer,True,,False,2024-08-10
SWGY10777,Ishaan Bose,ishaan.bose705@gmail.co,Delhi,Swiggy One Member,True,+917449160936,True,2025-02-01
SWGY14551,Ishaan Bose,ishaan.bose844@outlook.com,Gurugram,Unclassified,False,+919035651169,False,2023-10-30
SWGY14524,Ishaan Bose,ishaan.bose848@outlook.com,Noida,Dormant,False,+913821810886,True,2023-11-22
SWGY13566,Ishaan Bose,ishaan.bose873@gmail.com,Chennai,Swiggy One Member,True,+919184409002,False,2024-03-08
SWGY11423,Ishaan Bose,ishaan.bose88@yahoo.com,Ahmedabad,Frequent Orderer,False,+911790447085,True,2023-09-15
SWGY15538,Ishaan Bose,ishaan.bose94@hotmail.com,Gurugram,Swiggy One Member,True,+911954746847,True,2025-03-07
SWGY15298,Ishaan Chatterjee,ishaan.chatterjee239@gmail.com,Gurugram,Churned,False,+918152606449,False,2024-04-12
SWGY12831,Ishaan Chatterjee,ishaan.chatterjee525@gmail.com,Kolkata,Frequent Orderer,False,+911541682497,True,2024-07-14
SWGY12764,Ishaan Chatterjee,ishaan.chatterjee528@gmail.com,Gurugram,Frequent Orderer,False,+912492300833,False,2025-03-04
SWGY11651,Ishaan Chatterjee,ishaan.chatterjee663@yahoo.com,Kochi,Frequent Orderer,True,+917047012592,False,2024-02-25
SWGY11948,Ishaan Chatterjee,ishaan.chatterjee785@gmail.com,Kolkata,Swiggy One Member,True,+915661340475,True,2023-06-15
SWGY15610,Ishaan Chatterjee,ishaan.chatterjee798@hotmail.com,Kolkata,New,False,,True,2025-03-09
SWGY12486,Ishaan Chatterjee,ishaan.chatterjee805@yahoo.com,Hyderabad,Dormant,False,+913057578660,True,2023-12-23
SWGY14736,Ishaan Chatterjee,ishaan.chatterjee88@hotmail.com,Kolkata,Dormant,False,+918147841523,True,2024-01-28
SWGY12746,Ishaan Chatterjee,ishaan.chatterjee97@gmail.co,Chennai,Unclassified,False,+915952417168,True,2024-01-29
SWGY12448,Ishaan Das,ishaan.das190@gmail.com,Kolkata,Frequent Orderer,False,,True,2024-05-17
SWGY11193,Ishaan Das,ishaan.das224@outlook.com,Chennai,New,False,+919626168455,False,2023-07-20
SWGY14476,Ishaan Das,ishaan.das345@gmail.com,Delhi,Churned,False,+916523431946,False,2024-02-06
SWGY13724,Ishaan Das,ishaan.das390@outlook.com,Ahmedabad,New,False,+913388067191,True,2024-02-10
SWGY11590,Ishaan Das,ishaan.das448@yahoo.com,Vijayawada,New,False,+917490331222,True,2025-01-25
SWGY11344,Ishaan Das,ishaan.das600@yahoo.com,Pune,Frequent Orderer,False,,False,2024-02-23
SWGY12471,Ishaan Das,ishaan.das850@gmail.com,Mumbai,Swiggy One Member,True,+919443002773,False,2023-07-10
SWGY13940,Ishaan Gupta,ishaan.gupta141@gmail.com,Ahmedabad,Frequent Orderer,False,,True,2024-08-13
SWGY15611,Ishaan Gupta,ishaan.gupta182@hotmail.com,,Unclassified,True,+918956792270,False,2023-07-16
SWGY10761,Ishaan Gupta,ishaan.gupta235@yahoo.com,Kochi,New,False,,False,2023-11-09
SWGY12901,Ishaan Gupta,ishaan.gupta268@outlook.com,Lucknow,Swiggy One Member,True,+915176569836,True,2023-12-11
SWGY15340,Ishaan Gupta,ishaan.gupta330@gmail.co,Bengaluru,Churned,False,+919578775507,True,2024-03-02
SWGY10426,Ishaan Gupta,ishaan.gupta377@yahoo.com,Pune,Churned,False,+916904098366,True,2025-01-27
SWGY10725,Ishaan Gupta,ishaan.gupta382@gmail.co,Ahmedabad,Dormant,False,,False,2024-09-13
SWGY14775,Ishaan Gupta,ishaan.gupta406@hotmail.com,Jaipur,Dormant,False,+913665408004,True,2023-09-30
SWGY15720,Ishaan Gupta,ishaan.gupta408@outlook.com,,Frequent Orderer,False,+911245968982,False,2023-06-23
SWGY15943,Ishaan Gupta,ishaan.gupta46@outlook.com,Mumbai,New,False,+916348142113,True,2024-01-23
SWGY15480,Ishaan Gupta,ishaan.gupta61@yahoo.com,Nellore,New,True,+914459406451,False,2024-05-21
SWGY10899,Ishaan Gupta,ishaan.gupta7@yahoo.com,Kochi,Dormant,False,+912192158189,True,2024-05-18
SWGY12027,Ishaan Gupta,ishaan.gupta834@gmail.com,Ahmedabad,New,False,+919666942394,False,2023-10-27
SWGY12602,Ishaan Gupta,ishaan.gupta877@gmail.com,Jaipur,Dormant,False,,True,2024-04-01
SWGY10739,Ishaan Iyer,ishaan.iyer166@gmail.co,Lucknow,New,False,+912514488112,False,2024-02-20
SWGY11627,Ishaan Iyer,ishaan.iyer203@gmail.com,,Frequent Orderer,False,+915134170054,False,2023-11-04
SWGY15222,Ishaan Iyer,ishaan.iyer203@hotmail.com,Chennai,Dormant,False,,True,2025-03-10
SWGY12991,Ishaan Iyer,ishaan.iyer308@yahoo.com,Jaipur,Frequent Orderer,False,+912082419857,True,2023-09-20
SWGY12766,Ishaan Iyer,ishaan.iyer30@outlook.com,Lucknow,Swiggy One Member,True,+918819875997,True,2025-05-29
SWGY15411,Ishaan Iyer,ishaan.iyer495@gmail.com,Jaipur,New,True,+915356330980,True,2024-05-21
SWGY15502,Ishaan Iyer,ishaan.iyer547@yahoo.com,Ahmedabad,Dormant,True,+914285515306,False,2024-02-05
SWGY10863,Ishaan Iyer,ishaan.iyer551@hotmail.com,Hyderabad,Churned,False,+917917763342,False,2023-11-05
SWGY14120,Ishaan Iyer,ishaan.iyer731@hotmail.com,Noida,New,False,,True,2024-03-23
SWGY13588,Ishaan Iyer,ishaan.iyer745@outlook.com,Mumbai,Frequent Orderer,False,+915657437598,False,2025-05-29
SWGY11937,Ishaan Iyer,ishaan.iyer794@gmail.co,Hyderabad,Frequent Orderer,False,+913535975980,True,2025-02-14
SWGY10601,Ishaan Joshi,ishaan.joshi199@gmail.com,Pune,Swiggy One Member,True,+913484587149,True,2025-03-15
SWGY15205,Ishaan Joshi,ishaan.joshi223@gmail.co,Chennai,Dormant,False,,False,2024-11-08
SWGY11518,Ishaan Joshi,ishaan.joshi501@gmail.com,Delhi,Dormant,False,+911710389191,True,2024-01-26
SWGY10834,Ishaan Joshi,ishaan.joshi529@gmail.com,Kolkata,Dormant,True,,False,2024-03-09
SWGY14732,Ishaan Joshi,ishaan.joshi612@yahoo.com,Pune,New,False,+919502005295,False,2025-05-18
SWGY10389,Ishaan Joshi,ishaan.joshi710@yahoo.com,Lucknow,Frequent Orderer,False,+913375636205,True,2023-07-14
SWGY13611,Ishaan Joshi,ishaan.joshi818@outlook.com,Gurugram,Dormant,False,+913701936399,True,2023-06-27
SWGY12721,Ishaan Joshi,ishaan.joshi968@yahoo.com,Pune,Frequent Orderer,False,+910022422371,False,2024-06-24
SWGY15819,Ishaan Joshi,ishaan.joshi971@yahoo.com,Chennai,Frequent Orderer,False,+918504061880,False,2024-04-08
SWGY10384,Ishaan Kapoor,ishaan.kapoor243@gmail.com,Hyderabad,Dormant,False,+919717911006,True,2024-05-14
SWGY13840,Ishaan Kapoor,ishaan.kapoor403@gmail.co,Kolkata,Frequent Orderer,False,+913689195209,False,2023-07-31
SWGY13544,Ishaan Kapoor,ishaan.kapoor412@gmail.com,Nellore,Dormant,False,+913688646504,False,2024-07-31
SWGY10514,Ishaan Kapoor,ishaan.kapoor415@gmail.co,Bengaluru,Unclassified,True,+913849791620,False,2024-10-30
SWGY13062,Ishaan Kapoor,ishaan.kapoor455@outlook.com,Lucknow,Dormant,False,+913651837047,False,2024-04-09
SWGY14703,Ishaan Kapoor,ishaan.kapoor572@yahoo.com,Jaipur,Churned,False,+911456747502,True,2023-08-12
SWGY12069,Ishaan Kapoor,ishaan.kapoor617@outlook.com,,Frequent Orderer,False,+914331782730,False,2024-05-12
SWGY13049,Ishaan Kapoor,ishaan.kapoor853@outlook.com,Hyderabad,New,False,,False,2024-10-02
SWGY11577,Ishaan Kapoor,ishaan.kapoor929@gmail.com,Chennai,Dormant,False,,True,2025-04-19
SWGY10366,Ishaan Khan,ishaan.khan151@gmail.co,Nellore,New,False,,False,2025-01-17
SWGY14826,Ishaan Khan,ishaan.khan307@gmail.com,Kochi,Frequent Orderer,False,,False,2024-02-12
SWGY12482,Ishaan Khan,ishaan.khan49@hotmail.com,Hyderabad,Swiggy One Member,True,,True,2024-07-11
SWGY15401,Ishaan Khan,ishaan.khan566@outlook.com,Gurugram,Swiggy One Member,True,+911329106699,False,2024-09-08
SWGY13668,Ishaan Khan,ishaan.khan716@hotmail.com,Chennai,New,False,+914509413822,True,2025-03-02
SWGY15249,Ishaan Khan,ishaan.khan764@yahoo.com,Hyderabad,Frequent Orderer,True,+912312014873,False,2023-07-07
SWGY11293,Ishaan Khan,ishaan.khan791@gmail.co,Kolkata,Dormant,True,+918590964598,True,2024-01-09
SWGY11979,Ishaan Khan,ishaan.khan865@hotmail.com,Nellore,Churned,False,+911683171511,True,2024-09-18
SWGY12609,Ishaan Khan,ishaan.khan960@gmail.co,Gurugram,Churned,False,,True,2023-09-23
SWGY11174,Ishaan Khan,ishaan.khan98@gmail.co,Mumbai,Frequent Orderer,False,+913382222400,True,2024-02-18
SWGY12895,Ishaan Malhotra,ishaan.malhotra42@yahoo.com,Delhi,Frequent Orderer,True,+910280222446,False,2024-06-17
SWGY12455,Ishaan Malhotra,ishaan.malhotra488@yahoo.com,Chennai,Dormant,False,+911692759274,True,2024-07-26
SWGY11236,Ishaan Malhotra,ishaan.malhotra517@gmail.co,Chennai,Frequent Orderer,False,+919007121024,True,2023-10-22
SWGY11032,Ishaan Malhotra,ishaan.malhotra716@yahoo.com,Kolkata,Churned,False,,False,2023-07-25
SWGY14135,Ishaan Malhotra,ishaan.malhotra77@gmail.co,Ahmedabad,Frequent Orderer,False,+910297272029,True,2024-06-29
SWGY13870,Ishaan Malhotra,ishaan.malhotra783@gmail.com,Vijayawada,Churned,False,,False,2023-11-11
SWGY14050,Ishaan Malhotra,ishaan.malhotra856@gmail.co,Pune,Frequent Orderer,False,,False,2024-01-19
SWGY12077,Ishaan Mehta,ishaan.mehta109@gmail.com,Kolkata,Dormant,False,,True,2024-06-17
SWGY15558,Ishaan Mehta,ishaan.mehta119@outlook.com,Noida,Churned,True,+911972456710,True,2023-09-03
SWGY11776,Ishaan Mehta,ishaan.mehta139@hotmail.com,Lucknow,Dormant,False,+915153864267,True,2024-09-22
SWGY13261,Ishaan Mehta,ishaan.mehta152@hotmail.com,Bengaluru,New,False,+913821210151,False,2023-08-27
SWGY10971,Ishaan Mehta,ishaan.mehta352@yahoo.com,Gurugram,Frequent Orderer,False,+919881649804,True,2024-02-04
SWGY15218,Ishaan Mehta,ishaan.mehta383@gmail.co,Kochi,Frequent Orderer,False,+911090102284,False,2023-12-30
SWGY12691,Ishaan Mehta,ishaan.mehta455@gmail.com,Delhi,New,False,+914872484926,False,2023-12-09
SWGY11659,Ishaan Mehta,ishaan.mehta485@yahoo.com,Gurugram,Dormant,False,+911821774874,False,2024-02-28
SWGY13047,Ishaan Mehta,ishaan.mehta48@gmail.com,Kolkata,Frequent Orderer,False,+911703280325,False,2024-05-12
SWGY14943,Ishaan Mehta,ishaan.mehta820@gmail.co,Nellore,New,False,+912061341927,False,2023-10-27
SWGY15937,Ishaan Mehta,ishaan.mehta866@gmail.co,Vijayawada,Swiggy One Member,True,+910843170346,True,2025-02-19
SWGY13088X,Ishaan Mehta,ishaan.mehta877@gmail.co,Vijayawada,Swiggy One Member,True,,True,2025-05-10
SWGY14934,Ishaan Mehta,ishaan.mehta994@gmail.co,Lucknow,Unclassified,False,,True,2025-01-21
SWGY13630,Ishaan Menon,ishaan.menon115@yahoo.com,,New,False,,False,2024-11-06
SWGY13741,Ishaan Menon,ishaan.menon209@hotmail.com,Kolkata,Dormant,False,+913458723636,True,2025-01-17
SWGY10629,Ishaan Menon,ishaan.menon260@outlook.com,Lucknow,Dormant,False,+915534705742,False,2024-07-27
SWGY15387,Ishaan Menon,ishaan.menon347@outlook.com,Bengaluru,Swiggy One Member,True,+916350926369,True,2024-06-16
SWGY13923,Ishaan Menon,ishaan.menon34@yahoo.com,Gurugram,Swiggy One Member,True,+910554402741,True,2023-11-30
SWGY12753,Ishaan Menon,ishaan.menon467@outlook.com,Kochi,Swiggy One Member,True,+913792606082,True,2024-09-11
SWGY10532,Ishaan Menon,ishaan.menon474@gmail.com,Vijayawada,Frequent Orderer,False,+917057836091,False,2025-04-07
SWGY10548,Ishaan Menon,ishaan.menon476@outlook.com,Kolkata,Frequent Orderer,False,+915627796304,True,2024-08-31
SWGY11944,Ishaan Menon,ishaan.menon491@yahoo.com,Jaipur,New,True,+916390858306,False,2025-01-08
SWGY10029,Ishaan Menon,ishaan.menon580@gmail.com,Noida,Swiggy One Member,True,+916518506716,True,2025-05-01
SWGY11645,Ishaan Menon,ishaan.menon85@hotmail.com,Gurugram,Churned,False,+914312666560,False,2024-01-31
SWGY13327,Ishaan Menon,ishaan.menon869@outlook.com,Nellore,Swiggy One Member,True,,True,2023-10-01
SWGY13212,Ishaan Nair,ishaan.nair117@yahoo.com,,Dormant,False,+917508267039,True,2023-11-13
SWGY15293,Ishaan Nair,ishaan.nair140@gmail.com,Noida,Frequent Orderer,False,+911197975075,True,2024-02-07
SWGY11980,Ishaan Nair,ishaan.nair313@gmail.co,Chennai,Dormant,False,,True,2025-05-19
SWGY13543,Ishaan Nair,ishaan.nair577@hotmail.com,,Dormant,False,+910270943152,False,2024-09-26
SWGY14654,Ishaan Nair,ishaan.nair64@gmail.co,Bengaluru,Swiggy One Member,True,+915633536853,True,2024-10-28
SWGY14251,Ishaan Nair,ishaan.nair651@hotmail.com,Mumbai,Frequent Orderer,False,+918970874674,False,2025-05-12
SWGY14629,Ishaan Nair,ishaan.nair688@yahoo.com,Chennai,Frequent Orderer,False,+919540477793,True,2023-07-04
SWGY12248,Ishaan Nair,ishaan.nair735@yahoo.com,Jaipur,Dormant,False,+915802455711,False,2024-01-28
SWGY15470,Ishaan Nair,ishaan.nair787@yahoo.com,Jaipur,Unclassified,True,+915577515473,True,2024-11-26
SWGY13178,Ishaan Nair,ishaan.nair901@outlook.com,Chennai,Swiggy One Member,True,+919844185199,True,2024-04-25
SWGY13383,Ishaan Patel,ishaan.patel28@outlook.com,Bengaluru,Unclassified,False,+911121261090,True,2023-09-13
SWGY13659,Ishaan Patel,ishaan.patel388@outlook.com,Lucknow,Frequent Orderer,False,,True,2024-10-24
SWGY15227,Ishaan Patel,ishaan.patel714@yahoo.com,Noida,Dormant,False,+915283187045,True,2024-12-22
SWGY12419,Ishaan Patel,ishaan.patel808@hotmail.com,Kochi,Dormant,False,,True,2024-06-08
SWGY11322,Ishaan Patel,ishaan.patel9@yahoo.com,Mumbai,Churned,True,+915346581539,True,2023-12-26
SWGY10992,Ishaan Pillai,ishaan.pillai129@hotmail.com,Hyderabad,New,False,,False,2025-01-19
SWGY10273,Ishaan Pillai,ishaan.pillai316@gmail.co,Vijayawada,Frequent Orderer,True,,True,2024-09-17
SWGY14577,Ishaan Pillai,ishaan.pillai358@outlook.com,Gurugram,New,False,+916909415863,True,2024-05-01
SWGY15002,Ishaan Pillai,ishaan.pillai384@hotmail.com,Ahmedabad,Dormant,False,+918136227679,True,2024-04-25
SWGY12013,Ishaan Pillai,ishaan.pillai385@gmail.com,Gurugram,Unclassified,False,,True,2024-07-16
SWGY12667,Ishaan Pillai,ishaan.pillai388@hotmail.com,Gurugram,Swiggy One Member,True,+912666991699,True,2024-11-29
SWGY10932,Ishaan Pillai,ishaan.pillai388@outlook.com,Mumbai,Dormant,False,,True,2024-05-26
SWGY10587,Ishaan Pillai,ishaan.pillai411@hotmail.com,Chennai,Dormant,False,+913694551588,False,2023-11-30
SWGY11123,Ishaan Pillai,ishaan.pillai545@gmail.co,Lucknow,Dormant,False,,False,2023-08-21
SWGY11003,Ishaan Pillai,ishaan.pillai565@gmail.com,Hyderabad,Frequent Orderer,False,+917941224870,False,2023-11-11
SWGY10516,Ishaan Pillai,ishaan.pillai667@hotmail.com,,Swiggy One Member,True,+915277402588,False,2023-06-12
SWGY13972,Ishaan Pillai,ishaan.pillai690@gmail.com,Vijayawada,New,False,,True,2024-07-13
SWGY12690,Ishaan Pillai,ishaan.pillai715@hotmail.com,Vijayawada,Frequent Orderer,True,+915472815706,True,2024-06-12
SWGY15931,Ishaan Pillai,ishaan.pillai787@hotmail.com,,Dormant,True,+917834736462,False,2023-11-02
SWGY12194,Ishaan Pillai,ishaan.pillai902@outlook.com,Pune,Churned,False,+919003432926,True,2023-07-19
SWGY11147,Ishaan Pillai,ishaan.pillai913@gmail.co,Kolkata,Frequent Orderer,False,+915869427674,False,2023-11-10
SWGY15751,Ishaan Pillai,ishaan.pillai967@gmail.co,Pune,Frequent Orderer,False,+916506378952,False,2023-10-03
SWGY11515X,Ishaan Rao,ishaan.rao150@yahoo.com,Gurugram,Swiggy One Member,True,+910960567303,True,2023-07-10
SWGY13690,Ishaan Rao,ishaan.rao173@gmail.com,Pune,Frequent Orderer,False,+910193868226,True,2023-12-27
SWGY10754,Ishaan Rao,ishaan.rao279@hotmail.com,Jaipur,Swiggy One Member,True,+916019134438,False,2024-06-14
SWGY13951,Ishaan Rao,ishaan.rao282@yahoo.com,Kochi,Swiggy One Member,True,,True,2023-11-03
SWGY12573,Ishaan Rao,ishaan.rao354@hotmail.com,Vijayawada,Dormant,False,,False,2024-03-10
SWGY12743,Ishaan Rao,ishaan.rao475@gmail.co,Bengaluru,Unclassified,False,,True,2025-04-27
SWGY15901,Ishaan Rao,ishaan.rao671@hotmail.com,Kochi,Swiggy One Member,True,+910600022585,False,2024-04-08
SWGY14252,Ishaan Rao,ishaan.rao861@gmail.com,Hyderabad,Dormant,False,+910823211150,False,2024-04-20
SWGY10324,Ishaan Reddy,ishaan.reddy102@gmail.com,Chennai,Frequent Orderer,False,+917026952499,False,2024-10-14
SWGY15031,Ishaan Reddy,ishaan.reddy110@yahoo.com,Mumbai,New,False,+917293835865,True,2025-04-13
SWGY14940,Ishaan Reddy,ishaan.reddy220@hotmail.com,Jaipur,Churned,False,+911750227831,True,2023-12-01
SWGY11686,Ishaan Reddy,ishaan.reddy236@gmail.co,,Frequent Orderer,False,+915905041737,True,2025-01-31
SWGY12860,Ishaan Reddy,ishaan.reddy333@gmail.com,Gurugram,Swiggy One Member,True,+912880049605,True,2024-07-28
SWGY15397,Ishaan Reddy,ishaan.reddy636@yahoo.com,Kolkata,New,True,,False,2023-12-24
SWGY15245,Ishaan Reddy,ishaan.reddy698@hotmail.com,Bengaluru,New,True,+918691936491,False,2023-12-04
SWGY14199,Ishaan Reddy,ishaan.reddy711@yahoo.com,Chennai,Dormant,False,+910770839540,False,2024-06-17
SWGY14049,Ishaan Reddy,ishaan.reddy735@hotmail.com,Delhi,Swiggy One Member,True,+916043668995,False,2024-03-20
SWGY11528,Ishaan Reddy,ishaan.reddy78@gmail.com,Chennai,Churned,False,+912605554654,False,2024-06-30
SWGY11795,Ishaan Reddy,ishaan.reddy84@gmail.co,Lucknow,Frequent Orderer,False,+914027289868,True,2023-11-16
SWGY12503,Ishaan Reddy,ishaan.reddy865@gmail.com,Chennai,New,False,+913352949576,False,2023-11-20
SWGY14257,Ishaan Reddy,ishaan.reddy874@yahoo.com,Ahmedabad,Swiggy One Member,True,+918571975164,True,2024-05-07
SWGY12277,Ishaan Reddy,ishaan.reddy886@gmail.co,Pune,New,False,,True,2023-10-04
SWGY11011,Ishaan Reddy,ishaan.reddy945@gmail.com,Vijayawada,New,False,,False,2025-04-14
SWGY13443,Ishaan Reddy,ishaan.reddy94@gmail.com,Kolkata,Swiggy One Member,True,,True,2023-12-18
SWGY14989,Ishaan Reddy,ishaan.reddy95@gmail.co,Delhi,Dormant,False,+914301719910,False,2024-07-29
SWGY10186,Ishaan Reddy,ishaan.reddy988@outlook.com,Kochi,Frequent Orderer,False,+915102726149,False,2025-04-05
SWGY14735,Ishaan Sharma,ishaan.sharma129@hotmail.com,Kochi,New,False,+917079003022,False,2023-08-28
SWGY10695,Ishaan Sharma,ishaan.sharma29@hotmail.com,Ahmedabad,Swiggy One Member,True,+918274968049,False,2023-10-10
SWGY15096,Ishaan Sharma,ishaan.sharma350@gmail.co,Gurugram,Frequent Orderer,False,+917182327388,False,2024-10-29
SWGY14929,Ishaan Sharma,ishaan.sharma492@gmail.co,Hyderabad,Frequent Orderer,True,+913971647990,True,2024-06-13
SWGY10062,Ishaan Sharma,ishaan.sharma513@hotmail.com,Gurugram,New,False,+915160607159,False,2024-08-14
SWGY11668,Ishaan Sharma,ishaan.sharma630@gmail.co,Mumbai,Dormant,False,+919132935753,False,2024-11-19
SWGY10906,Ishaan Sharma,ishaan.sharma69@hotmail.com,Chennai,Dormant,False,+912291316708,True,2024-02-09
SWGY10122,Ishaan Sharma,ishaan.sharma705@hotmail.com,Mumbai,Frequent Orderer,False,+915679825071,False,2024-02-20
SWGY14939,Ishaan Sharma,ishaan.sharma721@yahoo.com,Delhi,Unclassified,True,+911056901716,True,2023-07-20
SWGY13845,Ishaan Sharma,ishaan.sharma877@gmail.co,Bengaluru,New,False,+914313455163,False,2023-12-01
SWGY13431,Ishaan Sharma,ishaan.sharma933@hotmail.com,Noida,Churned,False,+910193772867,True,2024-06-14
SWGY13477,Ishaan Shetty,ishaan.shetty208@yahoo.com,Chennai,Swiggy One Member,True,+913996014471,False,2024-11-23
SWGY13119,Ishaan Shetty,ishaan.shetty454@hotmail.com,Nellore,Frequent Orderer,False,,True,2023-06-27
SWGY12565,Ishaan Shetty,ishaan.shetty564@hotmail.com,Kolkata,Swiggy One Member,True,+911159132684,False,2024-10-13
SWGY13604,Ishaan Shetty,ishaan.shetty629@gmail.co,Kochi,Frequent Orderer,False,,True,2024-01-15
SWGY13340,Ishaan Shetty,ishaan.shetty634@gmail.com,Jaipur,Churned,True,+910326625103,True,2024-12-15
SWGY15381,Ishaan Singh,ishaan.singh209@gmail.co,Ahmedabad,Dormant,False,+916128822753,True,2023-06-02
SWGY15485,Ishaan Singh,ishaan.singh279@hotmail.com,Chennai,Swiggy One Member,True,+919446439944,True,2025-02-09
SWGY12992,Ishaan Singh,ishaan.singh323@gmail.co,Gurugram,New,False,+913618774978,True,2023-10-31
SWGY11845,Ishaan Singh,ishaan.singh350@gmail.co,,New,False,+916771928892,True,2023-09-16
SWGY12178,Ishaan Singh,ishaan.singh437@hotmail.com,Ahmedabad,Frequent Orderer,False,+919690878639,False,2024-07-02
SWGY14054,Ishaan Singh,ishaan.singh444@outlook.com,Nellore,Frequent Orderer,False,+914808522824,False,2025-05-08
SWGY12222,Ishaan Singh,ishaan.singh508@hotmail.com,Nellore,Frequent Orderer,False,+913594822452,True,2025-04-13
SWGY14208,Ishaan Singh,ishaan.singh522@yahoo.com,Bengaluru,New,False,+912067146703,False,2025-04-30
SWGY14266,Ishaan Singh,ishaan.singh606@yahoo.com,Vijayawada,New,False,+916224165673,True,2024-07-05
SWGY13072,Ishaan Singh,ishaan.singh609@outlook.com,,Dormant,False,+911695152234,False,2023-07-01
SWGY11014,Ishaan Singh,ishaan.singh732@gmail.com,,Frequent Orderer,False,+912372055033,True,2024-11-22
SWGY13404,Ishaan Singh,ishaan.singh764@gmail.com,Noida,Frequent Orderer,False,+916070941957,False,2025-05-15
SWGY13281,Ishaan Singh,ishaan.singh816@yahoo.com,Lucknow,Frequent Orderer,False,+914332644458,True,2023-12-20
SWGY13039,Ishaan Singh,ishaan.singh922@outlook.com,Jaipur,New,False,+919222571640,True,2024-02-27
SWGY14304,Ishaan Verma,ishaan.verma172@outlook.com,Vijayawada,Churned,False,+915688191112,False,2025-01-20
SWGY13817,Ishaan Verma,ishaan.verma191@outlook.com,Pune,Frequent Orderer,True,,False,2025-01-25
SWGY10730,Ishaan Verma,ishaan.verma197@yahoo.com,Vijayawada,Churned,False,+917149498194,True,2023-08-24
SWGY10242,Ishaan Verma,ishaan.verma256@yahoo.com,Gurugram,New,False,+914196931572,True,2024-05-30
SWGY11376,Ishaan Verma,ishaan.verma297@outlook.com,Gurugram,Frequent Orderer,False,+917289722693,True,2025-01-10
SWGY11407,Ishaan Verma,ishaan.verma52@yahoo.com,Mumbai,Unclassified,False,+917888818930,False,2024-03-18
SWGY14836,Ishaan Verma,ishaan.verma555@outlook.com,Delhi,Frequent Orderer,False,+911326971793,False,2023-12-08
SWGY12849,Ishaan Verma,ishaan.verma585@hotmail.com,Hyderabad,Swiggy One Member,True,+910487937012,False,2024-10-16
SWGY15839,Ishaan Verma,ishaan.verma703@gmail.com,Lucknow,Swiggy One Member,True,+918481243127,False,2023-09-15
SWGY11548,Ishaan Verma,ishaan.verma732@gmail.com,Hyderabad,Dormant,False,+919423403704,False,2024-01-21
SWGY14921,Ishaan Verma,ishaan.verma908@outlook.com,Bengaluru,Frequent Orderer,True,+912510110900,False,2023-12-04
SWGY13158,Kabir Bose,kabir.bose304@outlook.com,Jaipur,Dormant,False,+916166130635,False,2025-04-02
SWGY10963,Kabir Bose,kabir.bose335@yahoo.com,Kolkata,Dormant,True,,False,2023-12-11
SWGY15969,Kabir Bose,kabir.bose365@outlook.com,Noida,Frequent Orderer,False,,True,2023-10-07
SWGY15945,Kabir Bose,kabir.bose47@hotmail.com,Vijayawada,Swiggy One Member,True,+915233140829,False,2024-01-18
SWGY12878,Kabir Bose,kabir.bose538@yahoo.com,Gurugram,New,False,+912704943274,True,2023-11-29
SWGY13851,Kabir Bose,kabir.bose83@gmail.com,Noida,Swiggy One Member,True,+918973173672,False,2024-03-13
SWGY13993,Kabir Bose,kabir.bose894@gmail.com,Delhi,New,False,+912715133269,False,2024-01-07
SWGY12157,Kabir Bose,kabir.bose899@yahoo.com,Jaipur,Swiggy One Member,True,+917227818155,False,2024-07-21
SWGY13487,Kabir Chatterjee,kabir.chatterjee350@outlook.com,Gurugram,Frequent Orderer,False,,False,2024-12-07
SWGY13702,Kabir Chatterjee,kabir.chatterjee350@yahoo.com,Noida,Frequent Orderer,False,+917928063968,False,2025-04-21
SWGY14904,Kabir Chatterjee,kabir.chatterjee53@gmail.com,Delhi,Churned,False,+911909387614,True,2024-02-29
SWGY10536,Kabir Chatterjee,kabir.chatterjee665@gmail.com,Noida,New,False,,False,2025-01-17
SWGY15345,Kabir Chatterjee,kabir.chatterjee670@gmail.co,,Frequent Orderer,False,+912078324835,False,2023-08-22
SWGY12935,Kabir Chatterjee,kabir.chatterjee690@hotmail.com,Delhi,Churned,False,+917895623543,True,2024-10-16
SWGY14511,Kabir Chatterjee,kabir.chatterjee804@outlook.com,Mumbai,Dormant,False,+917313341170,False,2023-10-03
SWGY15030,Kabir Chatterjee,kabir.chatterjee968@yahoo.com,Chennai,Frequent Orderer,False,+915747076703,True,2023-07-17
SWGY10602,Kabir Chatterjee,kabir.chatterjee980@hotmail.com,Kochi,Dormant,False,+919643474524,True,2023-11-23
SWGY15075,Kabir Das,kabir.das129@outlook.com,Jaipur,Churned,False,+915740961686,False,2023-09-18
SWGY15770,Kabir Das,kabir.das232@yahoo.com,Hyderabad,Frequent Orderer,False,+915889662190,True,2023-07-22
SWGY14647,Kabir Das,kabir.das456@hotmail.com,Nellore,New,False,+911489044952,True,2024-08-09
SWGY15281,Kabir Das,kabir.das497@gmail.com,Kolkata,Swiggy One Member,True,+914279730715,False,2024-08-26
SWGY11978,Kabir Das,kabir.das594@gmail.com,Lucknow,Frequent Orderer,False,,False,2024-08-30
SWGY14894,Kabir Das,kabir.das594@hotmail.com,Ahmedabad,Dormant,False,+918916612681,True,2024-01-26
SWGY10568,Kabir Das,kabir.das698@yahoo.com,Gurugram,Unclassified,False,+912406424295,True,2023-08-23
SWGY12737,Kabir Das,kabir.das702@yahoo.com,Pune,New,False,+914669370675,True,2023-12-11
SWGY12468,Kabir Das,kabir.das780@hotmail.com,Kolkata,Frequent Orderer,False,+916575492039,False,2024-08-01
SWGY15471,Kabir Das,kabir.das796@gmail.com,Nellore,New,False,+915040128094,True,2025-04-12
SWGY14985,Kabir Das,kabir.das803@outlook.com,Ahmedabad,Churned,False,+919663573462,False,2023-11-05
SWGY10925,Kabir Das,kabir.das810@gmail.co,Ahmedabad,Churned,False,+913118046741,True,2023-07-21
SWGY13496,Kabir Das,kabir.das925@gmail.com,Vijayawada,New,False,,False,2024-06-19
SWGY11963,Kabir Gupta,kabir.gupta110@gmail.co,Kolkata,Churned,False,+910534038833,True,2023-10-05
SWGY12560,Kabir Gupta,kabir.gupta230@hotmail.com,Jaipur,New,False,,True,2023-06-04
SWGY12492,Kabir Gupta,kabir.gupta252@gmail.com,,Dormant,False,,False,2025-02-19
SWGY12738,Kabir Gupta,kabir.gupta267@outlook.com,Chennai,New,True,,True,2024-11-09
SWGY11782,Kabir Gupta,kabir.gupta26@outlook.com,Delhi,Dormant,False,+918138819011,False,2024-02-16
SWGY12171,Kabir Gupta,kabir.gupta299@outlook.com,Gurugram,Frequent Orderer,False,+917918143369,True,2024-06-22
SWGY14753,Kabir Gupta,kabir.gupta307@gmail.co,Nellore,New,False,+914089409434,False,2023-10-16
SWGY11811,Kabir Gupta,kabir.gupta319@hotmail.com,Hyderabad,Swiggy One Member,True,+910702640626,True,2024-06-08
SWGY13050,Kabir Gupta,kabir.gupta389@gmail.co,Jaipur,Frequent Orderer,False,,True,2023-12-07
SWGY10719,Kabir Gupta,kabir.gupta392@gmail.co,Vijayawada,Dormant,True,,True,2024-06-11
SWGY11662,Kabir Gupta,kabir.gupta403@hotmail.com,Hyderabad,Frequent Orderer,False,+917533552620,False,2024-12-20
SWGY12067,Kabir Gupta,kabir.gupta433@gmail.co,Ahmedabad,Swiggy One Member,True,+915997430878,True,2024-10-29
SWGY13167,Kabir Gupta,kabir.gupta438@hotmail.com,Delhi,New,False,+913081690350,True,2023-12-12
SWGY14419,Kabir Gupta,kabir.gupta438@yahoo.com,Hyderabad,Dormant,False,+917842374051,True,2024-10-25
SWGY15608,Kabir Gupta,kabir.gupta446@gmail.co,Vijayawada,Frequent Orderer,False,+917698292406,False,2023-08-22
SWGY13433,Kabir Gupta,kabir.gupta48@yahoo.com,Chennai,Swiggy One Member,True,+917657966758,False,2024-07-27
SWGY12496,Kabir Gupta,kabir.gupta56@hotmail.com,Pune,New,False,+916569963874,False,2023-08-07
SWGY12332,Kabir Gupta,kabir.gupta581@outlook.com,Delhi,Frequent Orderer,False,+913074878134,False,2023-07-23
SWGY14230,Kabir Gupta,kabir.gupta651@gmail.co,Nellore,Dormant,True,+911665937350,True,2023-07-13
SWGY13938,Kabir Gupta,kabir.gupta748@hotmail.com,Vijayawada,Frequent Orderer,False,+910446007919,True,2024-02-02
SWGY12789,Kabir Gupta,kabir.gupta785@yahoo.com,Kochi,Frequent Orderer,False,,False,2024-02-12
SWGY10444,Kabir Gupta,kabir.gupta8@yahoo.com,Nellore,Dormant,False,+914376545628,False,2024-11-08
SWGY13234,Kabir Gupta,kabir.gupta968@yahoo.com,Lucknow,Churned,False,+915227106846,False,2023-10-05
SWGY13075,Kabir Iyer,kabir.iyer161@yahoo.com,Noida,Frequent Orderer,False,,True,2024-03-24
SWGY14275X,Kabir Iyer,kabir.iyer256@hotmail.com,Kolkata,New,True,+918629662923,True,2024-01-09
SWGY10073,Kabir Iyer,kabir.iyer296@yahoo.com,Nellore,Swiggy One Member,True,+910369711798,True,2025-02-13
SWGY15744,Kabir Iyer,kabir.iyer334@outlook.com,Delhi,Dormant,False,+911130233295,False,2024-09-12
SWGY11919,Kabir Iyer,kabir.iyer381@yahoo.com,Pune,Frequent Orderer,False,+915876735078,False,2023-12-19
SWGY11993,Kabir Iyer,kabir.iyer502@outlook.com,Hyderabad,Swiggy One Member,True,+911420942079,False,2024-04-19
SWGY13332,Kabir Iyer,kabir.iyer714@yahoo.com,Jaipur,New,False,+910685660902,False,2024-03-22
SWGY10924,Kabir Iyer,kabir.iyer773@hotmail.com,Delhi,Churned,False,+912589222560,True,2023-11-13
SWGY14844,Kabir Iyer,kabir.iyer790@hotmail.com,Jaipur,Unclassified,True,+919830323110,False,2025-04-27
SWGY13589,Kabir Iyer,kabir.iyer803@gmail.com,Lucknow,Dormant,True,+919558445735,True,2024-12-03
SWGY15351,Kabir Iyer,kabir.iyer846@outlook.com,Noida,Churned,True,+917133676951,False,2023-11-21
SWGY14368,Kabir Iyer,kabir.iyer926@hotmail.com,Mumbai,Churned,False,+912730739370,True,2024-06-01
SWGY15198,Kabir Iyer,kabir.iyer934@yahoo.com,Nellore,New,False,+918108468425,False,2023-10-29
SWGY14936,Kabir Joshi,kabir.joshi108@hotmail.com,Bengaluru,Dormant,False,+911572652136,True,2023-11-02
SWGY15625,Kabir Joshi,kabir.joshi129@yahoo.com,Kolkata,Swiggy One Member,True,+912534236446,False,2024-12-10
SWGY13709,Kabir Joshi,kabir.joshi31@outlook.com,Nellore,Frequent Orderer,False,+915230335012,True,2024-10-26
SWGY11272,Kabir Joshi,kabir.joshi527@gmail.co,Kolkata,New,True,+917459915304,True,2024-10-08
SWGY12193,Kabir Joshi,kabir.joshi548@outlook.com,Delhi,Frequent Orderer,True,+913944280540,False,2024-05-02
SWGY14397,Kabir Joshi,kabir.joshi645@yahoo.com,Nellore,New,False,,False,2024-08-18
SWGY14873,Kabir Joshi,kabir.joshi722@gmail.co,Nellore,Churned,False,,False,2024-11-28
SWGY13776,Kabir Joshi,kabir.joshi738@hotmail.com,Lucknow,New,False,+911756735082,True,2024-03-15
SWGY13399,Kabir Joshi,kabir.joshi764@hotmail.com,Ahmedabad,Frequent Orderer,False,+918299895981,True,2024-11-15
SWGY15374,Kabir Joshi,kabir.joshi911@hotmail.com,Vijayawada,New,True,+912787358658,False,2024-06-24
SWGY15325,Kabir Joshi,kabir.joshi93@gmail.co,Bengaluru,Dormant,False,+913593662939,True,2024-01-09
SWGY10187,Kabir Joshi,kabir.joshi949@hotmail.com,Noida,Dormant,True,+917798270808,True,2023-12-13
SWGY12163,Kabir Joshi,kabir.joshi949@yahoo.com,Nellore,Churned,False,,True,2025-03-24
SWGY15275,Kabir Kapoor,kabir.kapoor256@hotmail.com,Jaipur,New,False,+915289761847,True,2023-07-30
SWGY13423,Kabir Kapoor,kabir.kapoor453@hotmail.com,Gurugram,Churned,False,+917228043691,False,2023-12-28
SWGY15890,Kabir Kapoor,kabir.kapoor478@yahoo.com,Jaipur,Frequent Orderer,False,+912880968075,False,2023-07-10
SWGY12774,Kabir Kapoor,kabir.kapoor49@yahoo.com,Ahmedabad,New,False,+912508193392,True,2024-02-12
SWGY10555,Kabir Kapoor,kabir.kapoor536@hotmail.com,Vijayawada,New,False,+910746452059,True,2024-02-11
SWGY15271,Kabir Kapoor,kabir.kapoor62@hotmail.com,Bengaluru,Churned,False,+917101595591,False,2023-12-30
SWGY15552,Kabir Kapoor,kabir.kapoor648@hotmail.com,Gurugram,Frequent Orderer,False,+917224979584,True,2024-11-02
SWGY14468,Kabir Kapoor,kabir.kapoor76@yahoo.com,Delhi,Frequent Orderer,False,+910360737715,False,2024-10-28
SWGY14170X,Kabir Kapoor,kabir.kapoor776@hotmail.com,Gurugram,Dormant,False,+910855545950,False,2024-10-01
SWGY15828,Kabir Kapoor,kabir.kapoor778@yahoo.com,Kochi,Dormant,True,+911276128635,False,2024-03-28
SWGY13252,Kabir Kapoor,kabir.kapoor870@yahoo.com,Ahmedabad,Unclassified,False,+915139311653,True,2024-05-27
SWGY11301,Kabir Kapoor,kabir.kapoor925@hotmail.com,Pune,Churned,False,+910865424382,True,2023-09-13
SWGY12230,Kabir Khan,kabir.khan206@hotmail.com,Nellore,Frequent Orderer,False,+918749559109,True,2024-01-30
SWGY11303,Kabir Khan,kabir.khan265@gmail.co,Vijayawada,Dormant,False,+918830099542,True,2023-09-07
SWGY10570,Kabir Khan,kabir.khan276@gmail.com,Jaipur,Swiggy One Member,True,+913437401827,True,2024-10-28
SWGY14188,Kabir Khan,kabir.khan301@outlook.com,Gurugram,Swiggy One Member,True,+918902177207,True,2023-10-20
SWGY12802,Kabir Khan,kabir.khan397@outlook.com,Vijayawada,Frequent Orderer,True,+917059445991,False,2024-06-09
SWGY11488,Kabir Khan,kabir.khan455@outlook.com,Nellore,New,False,+910999863245,False,2024-07-15
SWGY11098,Kabir Khan,kabir.khan528@gmail.co,Kochi,Dormant,False,+917925604134,True,2024-12-18
SWGY10109,Kabir Khan,kabir.khan564@outlook.com,Hyderabad,Swiggy One Member,True,+917772522872,True,2024-06-23
SWGY13888,Kabir Khan,kabir.khan654@hotmail.com,Noida,Dormant,True,+916736325153,True,2024-02-13
SWGY12566,Kabir Khan,kabir.khan735@gmail.co,Pune,Frequent Orderer,False,,False,2024-03-02
SWGY11759,Kabir Khan,kabir.khan747@gmail.co,Kochi,Dormant,False,,False,2023-08-09
SWGY11335,Kabir Khan,kabir.khan784@outlook.com,,Dormant,False,+918294419147,False,2024-02-18
SWGY11309,Kabir Khan,kabir.khan789@gmail.com,Nellore,Frequent Orderer,False,+912789695193,True,2024-05-25
SWGY14140,Kabir Khan,kabir.khan880@hotmail.com,,Unclassified,True,+913375361432,False,2025-01-24
SWGY13999,Kabir Khan,kabir.khan89@outlook.com,Vijayawada,Frequent Orderer,True,+912586217008,True,2023-07-08
SWGY12388,Kabir Malhotra,kabir.malhotra195@gmail.com,Pune,Frequent Orderer,False,+912996783435,False,2025-03-23
SWGY15800X,Kabir Malhotra,kabir.malhotra235@outlook.com,Bengaluru,Frequent Orderer,False,+910458474362,True,2024-07-23
SWGY10749,Kabir Malhotra,kabir.malhotra593@outlook.com,Chennai,New,False,+919164970169,True,2024-05-18
SWGY12900,Kabir Malhotra,kabir.malhotra617@outlook.com,Delhi,Frequent Orderer,False,,True,2023-10-18
SWGY14147,Kabir Malhotra,kabir.malhotra746@gmail.com,Hyderabad,Dormant,True,+911365910618,True,2024-08-26
SWGY10809,Kabir Malhotra,kabir.malhotra89@outlook.com,Noida,Frequent Orderer,False,+914154715531,False,2025-05-22
SWGY13666,Kabir Malhotra,kabir.malhotra92@yahoo.com,Vijayawada,New,False,+918066448567,True,2023-06-21
SWGY11006,Kabir Mehta,kabir.mehta321@gmail.com,Nellore,New,False,+917325900739,True,2025-01-18
SWGY14987,Kabir Mehta,kabir.mehta394@yahoo.com,Pune,Frequent Orderer,False,+919270786891,False,2024-07-22
SWGY10855,Kabir Mehta,kabir.mehta528@hotmail.com,Pune,Frequent Orderer,False,+915906700099,True,2024-02-10
SWGY11743,Kabir Mehta,kabir.mehta536@yahoo.com,Vijayawada,Churned,False,+917983871355,False,2024-09-11
SWGY10583,Kabir Mehta,kabir.mehta620@gmail.co,Chennai,Unclassified,False,+914406306244,False,2025-05-06
SWGY10416,Kabir Mehta,kabir.mehta714@gmail.com,Chennai,Frequent Orderer,False,+916337050249,False,2024-05-22
SWGY11225,Kabir Mehta,kabir.mehta803@hotmail.com,Ahmedabad,Swiggy One Member,True,+910112200848,True,2024-01-11
SWGY15553,Kabir Mehta,kabir.mehta940@outlook.com,Noida,Frequent Orderer,False,,True,2024-05-13
SWGY15185,Kabir Mehta,kabir.mehta96@gmail.co,Vijayawada,Swiggy One Member,True,+915033571772,False,2025-05-22
SWGY10544,Kabir Menon,kabir.menon303@gmail.com,Vijayawada,Dormant,False,+911767412415,False,2024-08-10
SWGY13586,Kabir Menon,kabir.menon341@gmail.co,Bengaluru,Frequent Orderer,False,,False,2024-05-28
SWGY12913,Kabir Menon,kabir.menon402@gmail.com,Nellore,Dormant,False,+910695521109,False,2024-08-25
SWGY12507,Kabir Menon,kabir.menon451@gmail.com,Noida,New,True,,True,2025-03-10
SWGY11181,Kabir Menon,kabir.menon592@gmail.com,,Frequent Orderer,False,+911682497939,False,2024-12-13
SWGY10939,Kabir Menon,kabir.menon600@yahoo.com,Ahmedabad,Dormant,False,+912030044964,False,2025-05-27
SWGY13382,Kabir Menon,kabir.menon62@gmail.com,Delhi,Swiggy One Member,True,+915881215552,False,2024-05-28
SWGY11665,Kabir Menon,kabir.menon79@gmail.com,,New,False,+917509272094,False,2024-04-22
SWGY10658,Kabir Menon,kabir.menon849@gmail.co,Noida,Frequent Orderer,False,+912441822261,False,2023-08-07
SWGY15453X,Kabir Nair,kabir.nair151@yahoo.com,Bengaluru,Churned,True,+910510287675,False,2024-01-24
SWGY15078,Kabir Nair,kabir.nair189@gmail.com,Noida,Dormant,False,+916714820165,True,2025-04-20
SWGY12570,Kabir Nair,kabir.nair620@gmail.co,Lucknow,New,False,+916868584311,True,2024-09-27
SWGY14835,Kabir Nair,kabir.nair702@gmail.co,Mumbai,Frequent Orderer,False,,False,2024-09-30
SWGY11271,Kabir Nair,kabir.nair762@gmail.com,Nellore,Dormant,False,+917392219836,False,2023-09-23
SWGY12258,Kabir Nair,kabir.nair779@gmail.com,Nellore,Swiggy One Member,True,+912454224922,True,2024-07-26
SWGY11598,Kabir Patel,kabir.patel118@outlook.com,Vijayawada,New,False,+910111391548,True,2025-02-11
SWGY15061,Kabir Patel,kabir.patel20@gmail.com,Noida,Swiggy One Member,True,,True,2024-03-11
SWGY14537,Kabir Patel,kabir.patel526@yahoo.com,Ahmedabad,Unclassified,True,+910073495381,False,2023-11-22
SWGY15118,Kabir Patel,kabir.patel551@gmail.co,Vijayawada,Frequent Orderer,False,+910069184345,True,2024-09-29
SWGY13113,Kabir Patel,kabir.patel55@outlook.com,Chennai,Swiggy One Member,True,,True,2023-06-07
SWGY12801X,Kabir Patel,kabir.patel636@gmail.co,Jaipur,Frequent Orderer,True,+912111529270,True,2025-05-11
SWGY14102,Kabir Patel,kabir.patel651@gmail.com,Noida,Dormant,False,,True,2024-05-16
SWGY11828,Kabir Patel,kabir.patel684@hotmail.com,Ahmedabad,Swiggy One Member,True,,True,2024-10-16
SWGY15841,Kabir Patel,kabir.patel855@hotmail.com,Nellore,Frequent Orderer,False,,True,2024-06-04
SWGY13102,Kabir Patel,kabir.patel918@yahoo.com,Lucknow,New,False,+911372367908,True,2025-03-30
SWGY13606X,Kabir Patel,kabir.patel933@gmail.com,Vijayawada,Frequent Orderer,False,+914750522011,True,2024-07-25
SWGY12025,Kabir Patel,kabir.patel970@gmail.co,Kochi,Dormant,False,+912692494180,True,2024-04-11
SWGY13571,Kabir Pillai,kabir.pillai288@gmail.co,Kochi,Frequent Orderer,True,+910660579652,False,2024-01-13
SWGY13029,Kabir Pillai,kabir.pillai575@gmail.co,,Churned,True,+911524244310,False,2024-12-28
SWGY15323,Kabir Pillai,kabir.pillai589@gmail.co,Chennai,New,False,+914072051585,True,2024-12-06
SWGY13417,Kabir Pillai,kabir.pillai610@gmail.co,Bengaluru,Swiggy One Member,True,+914765954408,False,2024-11-24
SWGY14937,Kabir Pillai,kabir.pillai990@hotmail.com,Lucknow,New,False,+910065861584,False,2024-03-31
SWGY11073,Kabir Rao,kabir.rao229@gmail.com,Kolkata,Frequent Orderer,False,+913610944164,False,2023-09-01
SWGY13298,Kabir Rao,kabir.rao476@gmail.co,Mumbai,Frequent Orderer,False,+913727259063,True,2025-03-30
SWGY10913,Kabir Rao,kabir.rao715@gmail.com,Delhi,New,True,+919481526925,True,2023-08-20
SWGY14104,Kabir Rao,kabir.rao737@hotmail.com,Kolkata,Swiggy One Member,True,+918370124710,False,2025-03-10
SWGY12611,Kabir Rao,kabir.rao862@gmail.co,Delhi,Swiggy One Member,True,+913210133989,True,2023-11-12
SWGY12378,Kabir Reddy,kabir.reddy152@yahoo.com,Gurugram,Frequent Orderer,False,+912421973819,False,2024-09-22
SWGY12858,Kabir Reddy,kabir.reddy289@gmail.com,Bengaluru,Dormant,False,+917768961768,False,2024-06-20
SWGY15844,Kabir Reddy,kabir.reddy312@yahoo.com,Bengaluru,Dormant,False,,True,2024-06-07
SWGY13141,Kabir Reddy,kabir.reddy350@yahoo.com,Bengaluru,New,False,+915645980344,True,2025-05-30
SWGY15363,Kabir Reddy,kabir.reddy374@hotmail.com,,Swiggy One Member,True,+911039098803,True,2024-12-14
SWGY12379,Kabir Reddy,kabir.reddy375@hotmail.com,Gurugram,New,False,+918508332710,True,2024-04-30
SWGY15404,Kabir Reddy,kabir.reddy387@outlook.com,Lucknow,Swiggy One Member,True,,False,2025-03-04
SWGY11884,Kabir Reddy,kabir.reddy492@gmail.com,Kolkata,Frequent Orderer,False,+912797176350,False,2025-04-29
SWGY13221,Kabir Reddy,kabir.reddy641@gmail.co,Mumbai,Dormant,False,+911879789293,False,2024-02-04
SWGY13837,Kabir Sharma,kabir.sharma18@gmail.co,Nellore,Dormant,False,,True,2023-08-22
SWGY13819,Kabir Sharma,kabir.sharma204@gmail.com,Kolkata,Frequent Orderer,False,+919038755676,True,2024-07-24
SWGY11523,Kabir Sharma,kabir.sharma293@hotmail.com,Kochi,Frequent Orderer,False,+918392375909,True,2024-07-20
SWGY11824,Kabir Sharma,kabir.sharma362@gmail.co,Kolkata,Frequent Orderer,False,+916942984104,True,2023-12-11
SWGY12467,Kabir Sharma,kabir.sharma394@gmail.co,Jaipur,New,True,,False,2023-06-29
SWGY12021,Kabir Sharma,kabir.sharma541@yahoo.com,Ahmedabad,New,False,,True,2024-09-03
SWGY10824,Kabir Sharma,kabir.sharma587@hotmail.com,Chennai,Frequent Orderer,False,+917152391029,True,2024-04-05
SWGY11148,Kabir Sharma,kabir.sharma658@gmail.com,Kolkata,New,False,+918178824265,True,2024-07-17
SWGY13031,Kabir Sharma,kabir.sharma658@yahoo.com,Lucknow,New,False,,True,2024-09-10
SWGY13099,Kabir Sharma,kabir.sharma837@hotmail.com,Bengaluru,Frequent Orderer,False,+919573775641,True,2025-04-30
SWGY10543X,Kabir Sharma,kabir.sharma918@outlook.com,Bengaluru,Swiggy One Member,True,+917787022685,False,2024-10-16
SWGY14634,Kabir Shetty,kabir.shetty237@outlook.com,Gurugram,Frequent Orderer,False,+914905752072,False,2024-04-07
SWGY10779,Kabir Shetty,kabir.shetty346@gmail.co,Vijayawada,New,False,+914042886050,False,2024-10-30
SWGY11804,Kabir Shetty,kabir.shetty578@hotmail.com,Kolkata,Frequent Orderer,False,+910385407008,False,2024-10-21
SWGY12225,Kabir Shetty,kabir.shetty584@outlook.com,Bengaluru,New,False,+918030892290,False,2025-01-25
SWGY13320,Kabir Shetty,kabir.shetty642@gmail.co,Vijayawada,Dormant,False,+912642667730,False,2024-12-25
SWGY14418,Kabir Shetty,kabir.shetty663@gmail.co,Jaipur,Unclassified,True,+914765054767,True,2024-01-18
SWGY15509,Kabir Shetty,kabir.shetty990@hotmail.com,Noida,New,False,,False,2024-02-17
SWGY11718,Kabir Singh,kabir.singh137@gmail.co,Noida,Churned,False,+913969215100,False,2025-03-16
SWGY13575,Kabir Singh,kabir.singh191@yahoo.com,Kochi,New,False,+913845281349,True,2023-06-23
SWGY11166,Kabir Singh,kabir.singh370@gmail.co,Kochi,New,False,+912601863726,True,2024-05-24
SWGY10681,Kabir Singh,kabir.singh377@hotmail.com,Vijayawada,New,False,+912632809448,False,2024-10-16
SWGY10394,Kabir Singh,kabir.singh436@gmail.co,Lucknow,Frequent Orderer,False,,True,2023-12-25
SWGY11066,Kabir Singh,kabir.singh441@outlook.com,Kochi,Swiggy One Member,True,+919025784640,True,2023-11-22
SWGY15934,Kabir Singh,kabir.singh945@gmail.com,Pune,Dormant,False,+912336193681,False,2024-03-27
SWGY14123,Kabir Verma,kabir.verma231@gmail.com,Mumbai,Frequent Orderer,False,+911206632673,True,2024-08-20
SWGY11372,Kabir Verma,kabir.verma311@gmail.com,Pune,Frequent Orderer,False,+916051648389,False,2024-07-25
SWGY14863,Kabir Verma,kabir.verma488@gmail.com,Gurugram,New,False,+916607902980,False,2024-06-16
SWGY10944,Kabir Verma,kabir.verma813@outlook.com,Chennai,Dormant,True,+912289466527,False,2023-12-30
SWGY15825,Kabir Verma,kabir.verma851@gmail.co,Nellore,Frequent Orderer,False,,False,2024-05-07
SWGY15375,Kabir Verma,kabir.verma857@hotmail.com,Lucknow,New,False,+918388129856,False,2024-07-30
SWGY15423,Kabir Verma,kabir.verma964@hotmail.com,Ahmedabad,New,False,,False,2024-01-29
SWGY12231X,Kabir Verma,kabir.verma965@outlook.com,Delhi,Frequent Orderer,False,+910522411420,True,2024-10-27
SWGY12970,Karthik Bose,karthik.bose10@hotmail.com,Ahmedabad,Churned,False,+912171087485,False,2024-10-31
SWGY11924,Karthik Bose,karthik.bose223@gmail.com,Delhi,New,False,+912689374602,True,2024-10-02
SWGY10189,Karthik Bose,karthik.bose354@yahoo.com,Ahmedabad,New,False,,True,2024-01-09
SWGY13449,Karthik Bose,karthik.bose459@yahoo.com,Hyderabad,New,False,+918276067062,False,2024-05-20
SWGY10307,Karthik Bose,karthik.bose683@yahoo.com,Chennai,Churned,False,+911059274523,True,2023-12-04
SWGY10951,Karthik Bose,karthik.bose76@gmail.co,Kolkata,New,False,+917403925199,True,2025-02-18
SWGY14300,Karthik Bose,karthik.bose783@yahoo.com,Mumbai,New,False,+919394259623,False,2024-09-21
SWGY12659,Karthik Chatterjee,karthik.chatterjee138@hotmail.com,Hyderabad,Churned,False,+916918617568,True,2023-09-24
SWGY13538,Karthik Chatterjee,karthik.chatterjee181@hotmail.com,Delhi,Swiggy One Member,True,,True,2023-07-18
SWGY11566,Karthik Chatterjee,karthik.chatterjee1@gmail.com,Bengaluru,Dormant,False,+915738010124,False,2023-09-11
SWGY13692,Karthik Chatterjee,karthik.chatterjee205@outlook.com,Vijayawada,Frequent Orderer,False,,False,2023-07-14
SWGY12571,Karthik Chatterjee,karthik.chatterjee212@hotmail.com,Pune,Frequent Orderer,False,,True,2023-08-26
SWGY14426,Karthik Chatterjee,karthik.chatterjee271@gmail.com,Mumbai,Dormant,True,+919988934217,True,2024-02-26
SWGY11675,Karthik Chatterjee,karthik.chatterjee292@yahoo.com,Lucknow,Swiggy One Member,True,+912012017402,True,2025-01-12
SWGY15391,Karthik Chatterjee,karthik.chatterjee317@yahoo.com,Hyderabad,Frequent Orderer,False,+912577513824,False,2023-10-05
SWGY12853,Karthik Chatterjee,karthik.chatterjee424@gmail.com,Mumbai,Dormant,True,+915615818110,True,2024-04-02
SWGY13764,Karthik Chatterjee,karthik.chatterjee45@outlook.com,Pune,Frequent Orderer,True,+917237543547,True,2025-05-19
SWGY10968,Karthik Chatterjee,karthik.chatterjee547@gmail.co,Kolkata,Swiggy One Member,True,+919591257349,True,2024-06-12
SWGY14766X,Karthik Chatterjee,karthik.chatterjee801@yahoo.com,,Frequent Orderer,False,+914268396995,True,2024-04-20
SWGY11833,Karthik Das,karthik.das146@yahoo.com,Vijayawada,Dormant,False,,False,2024-05-20
SWGY14321,Karthik Das,karthik.das332@gmail.com,Vijayawada,Frequent Orderer,False,+913651585434,True,2024-10-18
SWGY14423,Karthik Das,karthik.das364@yahoo.com,Jaipur,Frequent Orderer,False,+911093199389,True,2024-11-18
SWGY12131,Karthik Das,karthik.das412@yahoo.com,Hyderabad,Churned,False,+915104946173,False,2024-02-02
SWGY12792,Karthik Das,karthik.das437@outlook.com,Chennai,Churned,True,+917015626699,True,2023-08-24
SWGY15964,Karthik Das,karthik.das503@gmail.com,Lucknow,Frequent Orderer,False,+915676666005,False,2023-08-23
SWGY12621,Karthik Das,karthik.das59@hotmail.com,Kolkata,Frequent Orderer,False,+918057955000,False,2023-11-14
SWGY13325,Karthik Das,karthik.das770@gmail.com,Nellore,Dormant,True,+911056400674,False,2024-10-07
SWGY15596,Karthik Gupta,karthik.gupta171@yahoo.com,Gurugram,Swiggy One Member,True,+916517792411,False,2024-02-07
SWGY10987,Karthik Gupta,karthik.gupta175@outlook.com,Nellore,Frequent Orderer,False,+918849979572,True,2025-01-29
SWGY11690,Karthik Gupta,karthik.gupta312@gmail.com,Ahmedabad,Churned,False,+910817028461,False,2023-07-09
SWGY13935,Karthik Gupta,karthik.gupta494@yahoo.com,Nellore,New,False,,True,2024-05-09
SWGY15598,Karthik Gupta,karthik.gupta544@gmail.com,Noida,Frequent Orderer,False,+911764717944,False,2024-02-09
SWGY13569,Karthik Gupta,karthik.gupta578@yahoo.com,,Frequent Orderer,False,+912061525019,False,2024-03-22
SWGY15072,Karthik Gupta,karthik.gupta713@gmail.com,Hyderabad,New,False,,False,2024-02-01
SWGY10081,Karthik Gupta,karthik.gupta727@yahoo.com,Nellore,Unclassified,False,+918313237058,True,2024-12-07
SWGY11284,Karthik Gupta,karthik.gupta975@yahoo.com,Kochi,Swiggy One Member,True,+919127065934,True,2024-05-18
SWGY14328,Karthik Iyer,karthik.iyer223@outlook.com,Kochi,Frequent Orderer,False,+918890533255,False,2025-04-26
SWGY11421,Karthik Iyer,karthik.iyer270@gmail.com,Kolkata,Frequent Orderer,False,+913960610471,True,2025-04-26
SWGY11395,Karthik Iyer,karthik.iyer423@hotmail.com,Delhi,Frequent Orderer,True,,True,2024-06-09
SWGY11907X,Karthik Iyer,karthik.iyer439@gmail.co,Vijayawada,Swiggy One Member,True,+914501818785,True,2025-05-13
SWGY14930,Karthik Iyer,karthik.iyer640@yahoo.com,Hyderabad,New,False,+910239291496,False,2024-06-04
SWGY10703,Karthik Iyer,karthik.iyer666@outlook.com,Kochi,New,False,,True,2025-03-18
SWGY10131,Karthik Iyer,karthik.iyer693@gmail.co,Hyderabad,Dormant,False,,False,2023-10-28
SWGY13826,Karthik Iyer,karthik.iyer756@hotmail.com,Mumbai,New,False,+911898045769,False,2024-03-10
SWGY15523,Karthik Iyer,karthik.iyer883@gmail.com,Noida,Frequent Orderer,False,,False,2025-03-25
SWGY13429,Karthik Joshi,karthik.joshi126@hotmail.com,Delhi,Unclassified,False,+918521862539,True,2024-06-30
SWGY14185,Karthik Joshi,karthik.joshi169@hotmail.com,Delhi,Dormant,True,+916952807077,True,2024-03-14
SWGY10405,Karthik Joshi,karthik.joshi19@hotmail.com,Delhi,Unclassified,False,+914186210427,True,2024-09-25
SWGY14593,Karthik Joshi,karthik.joshi355@gmail.com,Jaipur,Frequent Orderer,False,+912980965590,False,2025-05-01
SWGY10894,Karthik Joshi,karthik.joshi491@hotmail.com,Gurugram,New,False,+912339449530,False,2024-02-25
SWGY15288,Karthik Joshi,karthik.joshi521@hotmail.com,Mumbai,Frequent Orderer,False,+912067715041,True,2025-05-04
SWGY11588,Karthik Joshi,karthik.joshi628@gmail.co,Chennai,Unclassified,False,+911533349729,False,2024-03-04
SWGY11713,Karthik Kapoor,karthik.kapoor135@outlook.com,Chennai,New,False,+913943988442,False,2023-12-24
SWGY14330,Karthik Kapoor,karthik.kapoor32@yahoo.com,,Unclassified,False,+911879878592,False,2023-07-05
SWGY10288,Karthik Kapoor,karthik.kapoor342@outlook.com,Mumbai,Swiggy One Member,True,,False,2025-01-01
SWGY12373,Karthik Kapoor,karthik.kapoor357@yahoo.com,Delhi,Dormant,True,+910169932974,False,2023-12-07
SWGY15979,Karthik Kapoor,karthik.kapoor379@hotmail.com,Kolkata,Frequent Orderer,False,,True,2023-11-02
SWGY12149,Karthik Kapoor,karthik.kapoor44@yahoo.com,Hyderabad,Churned,False,+919190566514,False,2023-11-19
SWGY14092,Karthik Kapoor,karthik.kapoor527@gmail.co,Nellore,Dormant,False,+919030045129,False,2025-01-16
SWGY10329,Karthik Kapoor,karthik.kapoor587@gmail.com,Vijayawada,Churned,False,+911357852945,False,2023-06-23
SWGY15974,Karthik Kapoor,karthik.kapoor911@gmail.com,Noida,Dormant,False,,False,2025-04-12
SWGY12213,Karthik Kapoor,karthik.kapoor91@gmail.co,Kochi,Swiggy One Member,True,+916032370140,True,2024-01-13
SWGY14066,Karthik Kapoor,karthik.kapoor995@hotmail.com,Kochi,Churned,False,+919282313197,False,2025-05-31
SWGY13231,Karthik Khan,karthik.khan111@gmail.co,Vijayawada,Churned,True,+916635790381,False,2025-01-29
SWGY15456,Karthik Khan,karthik.khan621@gmail.com,Ahmedabad,Swiggy One Member,True,+918154850031,False,2024-12-13
SWGY10435,Karthik Khan,karthik.khan705@gmail.com,Nellore,Swiggy One Member,True,+910303243298,True,2024-05-26
SWGY10135,Karthik Khan,karthik.khan73@yahoo.com,Noida,Churned,False,+911155426221,True,2023-10-02
SWGY15679,Karthik Khan,karthik.khan892@hotmail.com,Ahmedabad,Dormant,False,+915202790232,True,2024-09-09
SWGY14271,Karthik Malhotra,karthik.malhotra388@gmail.co,Delhi,New,True,+911527177674,True,2024-01-22
SWGY10362,Karthik Malhotra,karthik.malhotra445@gmail.com,Mumbai,Frequent Orderer,False,,True,2023-08-26
SWGY10256,Karthik Malhotra,karthik.malhotra513@gmail.com,Lucknow,Frequent Orderer,False,+919826657027,False,2023-10-24
SWGY12449,Karthik Malhotra,karthik.malhotra540@outlook.com,Kolkata,New,False,+918364548759,True,2024-12-13
SWGY11020,Karthik Malhotra,karthik.malhotra611@outlook.com,Delhi,Swiggy One Member,True,,False,2023-10-20
SWGY12951,Karthik Malhotra,karthik.malhotra634@yahoo.com,Lucknow,Swiggy One Member,True,+912006597741,True,2024-07-14
SWGY10592,Karthik Malhotra,karthik.malhotra868@outlook.com,Ahmedabad,Frequent Orderer,False,+919125652373,False,2025-03-27
SWGY14833,Karthik Mehta,karthik.mehta100@gmail.com,Chennai,Frequent Orderer,False,+918783461884,False,2023-08-08
SWGY12003,Karthik Mehta,karthik.mehta346@yahoo.com,Jaipur,Churned,False,+913731340377,True,2023-09-04
SWGY10311,Karthik Mehta,karthik.mehta457@hotmail.com,Pune,Frequent Orderer,False,+917674266299,True,2024-06-30
SWGY15862,Karthik Mehta,karthik.mehta534@outlook.com,Delhi,Frequent Orderer,False,+914110208613,False,2025-05-22
SWGY15137,Karthik Mehta,karthik.mehta744@hotmail.com,Nellore,Dormant,True,+917797675056,False,2024-08-27
SWGY14037,Karthik Menon,karthik.menon115@gmail.co,Kochi,Frequent Orderer,False,+915958398215,True,2024-06-10
SWGY12476,Karthik Menon,karthik.menon116@outlook.com,Bengaluru,Churned,True,+919611778545,True,2025-03-28
SWGY12683,Karthik Menon,karthik.menon217@gmail.com,Vijayawada,New,False,+916238183924,False,2023-09-19
SWGY13593,Karthik Menon,karthik.menon222@gmail.com,Lucknow,New,False,+913297570340,False,2023-12-03
SWGY13907,Karthik Menon,karthik.menon229@gmail.co,Delhi,Frequent Orderer,False,,False,2024-08-20
SWGY14145,Karthik Menon,karthik.menon315@gmail.co,Pune,Frequent Orderer,False,+911177696939,False,2023-07-15
SWGY11457,Karthik Menon,karthik.menon334@outlook.com,Ahmedabad,Swiggy One Member,True,+917577991137,True,2024-06-08
SWGY12697,Karthik Menon,karthik.menon383@hotmail.com,Vijayawada,Churned,True,,True,2024-03-14
SWGY15594X,Karthik Menon,karthik.menon387@gmail.com,,Frequent Orderer,False,+916567337457,True,2023-11-04
SWGY14157,Karthik Menon,karthik.menon520@gmail.com,Bengaluru,Swiggy One Member,True,+914635506665,False,2023-12-04
SWGY10008,Karthik Menon,karthik.menon530@gmail.co,Kolkata,Swiggy One Member,True,+913150983930,False,2025-04-18
SWGY10269,Karthik Menon,karthik.menon554@gmail.co,Vijayawada,New,False,,True,2024-02-06
SWGY13871,Karthik Menon,karthik.menon794@gmail.co,Kochi,Churned,False,+918903303937,True,2024-10-28
SWGY13807,Karthik Nair,karthik.nair31@yahoo.com,Pune,Frequent Orderer,False,+915395313135,True,2023-11-18
SWGY15794,Karthik Nair,karthik.nair407@gmail.co,Nellore,Churned,False,+913490860137,False,2024-11-12
SWGY13236,Karthik Nair,karthik.nair443@outlook.com,Chennai,Swiggy One Member,True,,True,2025-02-12
SWGY12122,Karthik Nair,karthik.nair769@gmail.com,,Frequent Orderer,False,,True,2024-11-01
SWGY12344,Karthik Nair,karthik.nair799@outlook.com,Pune,Swiggy One Member,True,+913507649967,False,2024-07-17
SWGY11050,Karthik Nair,karthik.nair856@gmail.co,Delhi,Unclassified,True,+917691716204,True,2025-03-20
SWGY13388,Karthik Nair,karthik.nair972@hotmail.com,Chennai,New,False,+919673903169,False,2024-10-01
SWGY10320,Karthik Patel,karthik.patel102@yahoo.com,Chennai,Churned,False,+917592712566,False,2023-11-23
SWGY12641,Karthik Patel,karthik.patel131@outlook.com,,Swiggy One Member,True,+916707792445,False,2024-10-01
SWGY14563,Karthik Patel,karthik.patel191@yahoo.com,Lucknow,Dormant,False,+917664580719,True,2024-12-21
SWGY14887,Karthik Patel,karthik.patel197@outlook.com,Ahmedabad,Swiggy One Member,True,+919035937563,True,2025-04-08
SWGY14688,Karthik Patel,karthik.patel221@yahoo.com,Nellore,Frequent Orderer,False,+910533990265,False,2024-05-13
SWGY11882,Karthik Patel,karthik.patel283@gmail.co,Kochi,Frequent Orderer,False,+915878371053,True,2024-07-25
SWGY11059,Karthik Patel,karthik.patel302@yahoo.com,Vijayawada,Dormant,False,,True,2023-12-16
SWGY12813,Karthik Patel,karthik.patel347@outlook.com,Kolkata,Dormant,False,+917347763065,True,2023-10-29
SWGY14737,Karthik Patel,karthik.patel483@gmail.com,Mumbai,Dormant,False,+916931402784,True,2023-10-11
SWGY10559,Karthik Patel,karthik.patel640@gmail.co,Hyderabad,New,False,+911583503446,False,2025-05-11
SWGY10556,Karthik Patel,karthik.patel668@yahoo.com,Kochi,Dormant,False,+917881161620,False,2024-12-27
SWGY14584,Karthik Patel,karthik.patel749@gmail.co,Kolkata,Swiggy One Member,True,+912466645029,False,2024-08-07
SWGY13946,Karthik Patel,karthik.patel902@yahoo.com,Mumbai,New,False,+914140551629,False,2023-12-25
SWGY12752,Karthik Patel,karthik.patel980@yahoo.com,Nellore,Frequent Orderer,False,,True,2024-04-25
SWGY11732,Karthik Patel,karthik.patel999@yahoo.com,Bengaluru,Churned,False,,False,2023-12-25
SWGY13660,Karthik Pillai,karthik.pillai153@yahoo.com,Ahmedabad,Frequent Orderer,False,+914153543187,True,2024-03-01
SWGY10298,Karthik Pillai,karthik.pillai176@outlook.com,Bengaluru,New,False,+914929298316,False,2024-03-14
SWGY14767,Karthik Pillai,karthik.pillai32@gmail.com,Bengaluru,Frequent Orderer,True,+915252654606,False,2024-05-22
SWGY12975,Karthik Pillai,karthik.pillai578@hotmail.com,Bengaluru,Frequent Orderer,False,,True,2024-11-23
SWGY11363,Karthik Pillai,karthik.pillai800@gmail.com,Hyderabad,Dormant,False,,False,2024-08-29
SWGY10201,Karthik Pillai,karthik.pillai982@gmail.co,Delhi,Swiggy One Member,True,+915336452577,False,2024-12-31
SWGY11156,Karthik Rao,karthik.rao108@gmail.com,Chennai,Frequent Orderer,False,+914701235036,True,2023-07-16
SWGY14675,Karthik Rao,karthik.rao122@outlook.com,Vijayawada,Swiggy One Member,True,+913901599736,True,2025-01-21
SWGY15884,Karthik Rao,karthik.rao240@gmail.com,Bengaluru,Frequent Orderer,False,+917843260034,False,2024-09-24
SWGY10547,Karthik Rao,karthik.rao358@gmail.co,Vijayawada,Swiggy One Member,True,+912434776958,False,2024-06-24
SWGY11333,Karthik Rao,karthik.rao363@gmail.co,Hyderabad,New,False,+913887888765,False,2023-07-07
SWGY10659,Karthik Rao,karthik.rao456@gmail.com,Jaipur,Churned,False,+912676720957,True,2024-02-11
SWGY11137,Karthik Rao,karthik.rao589@hotmail.com,Vijayawada,Frequent Orderer,False,+914605867949,False,2025-03-19
SWGY12576,Karthik Rao,karthik.rao717@gmail.co,Delhi,Swiggy One Member,True,,True,2024-06-11
SWGY10145,Karthik Rao,karthik.rao718@outlook.com,Mumbai,Churned,False,+911918261990,True,2023-07-15
SWGY15790,Karthik Reddy,karthik.reddy172@hotmail.com,Kochi,New,False,+913071346825,False,2024-08-26
SWGY14579,Karthik Reddy,karthik.reddy19@gmail.co,Jaipur,Unclassified,False,+913106526776,False,2024-04-03
SWGY15224,Karthik Reddy,karthik.reddy209@gmail.com,Chennai,Frequent Orderer,False,+912413038977,False,2023-06-20
SWGY13954,Karthik Reddy,karthik.reddy269@hotmail.com,Gurugram,Frequent Orderer,False,+915053623607,False,2023-08-16
SWGY13872,Karthik Reddy,karthik.reddy292@outlook.com,Noida,New,True,+917181341029,False,2023-10-18
SWGY14016,Karthik Reddy,karthik.reddy396@gmail.com,Kochi,New,False,+910787211384,True,2024-06-19
SWGY13019,Karthik Reddy,karthik.reddy631@gmail.co,Jaipur,Swiggy One Member,True,+919659131187,False,2025-02-18
SWGY11323,Karthik Reddy,karthik.reddy638@hotmail.com,Gurugram,Swiggy One Member,True,+919841286558,True,2024-12-15
SWGY14472,Karthik Reddy,karthik.reddy695@hotmail.com,Hyderabad,Frequent Orderer,True,+914336658193,False,2025-02-21
SWGY11812,Karthik Reddy,karthik.reddy835@hotmail.com,Pune,Churned,False,+912164834279,True,2025-03-09
SWGY15989,Karthik Reddy,karthik.reddy909@gmail.com,Ahmedabad,New,False,+910942584872,True,2024-12-13
SWGY15548,Karthik Sharma,karthik.sharma302@hotmail.com,Pune,New,True,+917078896085,True,2024-07-23
SWGY11960,Karthik Sharma,karthik.sharma315@gmail.com,Gurugram,Frequent Orderer,False,+912937813267,False,2023-11-08
SWGY13852,Karthik Sharma,karthik.sharma364@gmail.com,,Churned,False,+911207308163,True,2024-03-23
SWGY12822,Karthik Sharma,karthik.sharma570@gmail.co,Gurugram,Frequent Orderer,False,+919436813145,True,2024-07-26
SWGY12809,Karthik Sharma,karthik.sharma598@hotmail.com,Chennai,New,True,+919934096008,True,2024-03-03
SWGY10248,Karthik Sharma,karthik.sharma62@outlook.com,Kolkata,Churned,False,+919407016451,False,2025-01-17
SWGY12202,Karthik Sharma,karthik.sharma770@yahoo.com,Nellore,New,False,+910161832152,False,2024-02-09
SWGY13313,Karthik Sharma,karthik.sharma85@yahoo.com,Gurugram,Dormant,False,+914063223628,False,2025-03-11
SWGY14454,Karthik Sharma,karthik.sharma964@yahoo.com,Mumbai,Churned,False,+911634701654,True,2023-11-15
SWGY12781,Karthik Shetty,karthik.shetty103@hotmail.com,Jaipur,Frequent Orderer,False,+915192084965,True,2024-06-24
SWGY15904,Karthik Shetty,karthik.shetty147@gmail.co,Vijayawada,Dormant,False,+916849533005,True,2024-03-06
SWGY14656,Karthik Shetty,karthik.shetty225@hotmail.com,Noida,Frequent Orderer,False,+915652952635,False,2023-06-16
SWGY10668,Karthik Shetty,karthik.shetty327@gmail.co,Ahmedabad,Swiggy One Member,True,+917574758339,True,2023-08-07
SWGY12396,Karthik Shetty,karthik.shetty354@gmail.co,Bengaluru,Swiggy One Member,True,+914568442633,True,2024-02-14
SWGY15405,Karthik Shetty,karthik.shetty461@yahoo.com,Delhi,New,False,+911941974362,False,2023-06-06
SWGY14146,Karthik Shetty,karthik.shetty469@yahoo.com,Noida,Dormant,False,+917413045047,True,2024-09-07
SWGY14997,Karthik Shetty,karthik.shetty548@gmail.co,Delhi,New,False,+913453004703,False,2025-05-26
SWGY14962,Karthik Shetty,karthik.shetty673@outlook.com,Vijayawada,Frequent Orderer,False,,False,2024-09-23
SWGY13961,Karthik Shetty,karthik.shetty765@gmail.co,Noida,Frequent Orderer,False,,True,2025-05-15
SWGY11325,Karthik Shetty,karthik.shetty898@outlook.com,Noida,Frequent Orderer,False,+913091218527,False,2023-11-25
SWGY15898,Karthik Shetty,karthik.shetty928@hotmail.com,Jaipur,Frequent Orderer,False,,True,2024-09-21
SWGY12484,Karthik Singh,karthik.singh126@hotmail.com,Kochi,Frequent Orderer,False,+912291656130,False,2024-07-23
SWGY10471,Karthik Singh,karthik.singh165@hotmail.com,Lucknow,Dormant,False,+919857254596,False,2024-01-07
SWGY14743,Karthik Singh,karthik.singh201@hotmail.com,Kochi,Dormant,False,+912700662943,True,2024-07-30
SWGY14773,Karthik Singh,karthik.singh259@gmail.com,Delhi,New,False,+913714421402,True,2023-10-19
SWGY15632,Karthik Singh,karthik.singh264@yahoo.com,Mumbai,Swiggy One Member,True,+916073031639,False,2024-10-24
SWGY15206,Karthik Singh,karthik.singh330@gmail.co,Gurugram,Frequent Orderer,False,+916054015035,False,2024-04-10
SWGY11496,Karthik Singh,karthik.singh429@outlook.com,Noida,Unclassified,True,,False,2023-08-03
SWGY11062,Karthik Singh,karthik.singh434@outlook.com,Mumbai,Frequent Orderer,False,+912864612096,True,2024-10-06
SWGY11988,Karthik Singh,karthik.singh443@hotmail.com,Pune,Dormant,False,+911685253175,False,2025-04-01
SWGY10673,Karthik Singh,karthik.singh488@outlook.com,Lucknow,Swiggy One Member,True,+919532593993,False,2024-04-16
SWGY10237X,Karthik Singh,karthik.singh992@yahoo.com,Noida,New,False,+911861145167,True,2024-08-02
SWGY13460,Karthik Verma,karthik.verma105@hotmail.com,Gurugram,Dormant,False,,True,2023-12-31
SWGY14643,Karthik Verma,karthik.verma138@outlook.com,Lucknow,Swiggy One Member,True,,True,2024-04-20
SWGY15785,Karthik Verma,karthik.verma389@outlook.com,Gurugram,Dormant,False,+916142421466,True,2024-04-04
SWGY13309,Karthik Verma,karthik.verma403@outlook.com,Kolkata,Swiggy One Member,True,+917345763587,False,2024-11-07
SWGY15780,Karthik Verma,karthik.verma405@gmail.co,Bengaluru,Frequent Orderer,False,+915289777894,True,2024-07-26
SWGY10177,Karthik Verma,karthik.verma50@gmail.com,Kolkata,Frequent Orderer,False,,True,2025-03-17
SWGY14815,Karthik Verma,karthik.verma58@gmail.co,Mumbai,Dormant,False,+913360660275,True,2023-12-27
SWGY11896,Karthik Verma,karthik.verma657@hotmail.com,Pune,Churned,False,,True,2024-06-20
SWGY11289,Karthik Verma,karthik.verma79@gmail.co,Mumbai,Swiggy One Member,True,+915321633613,True,2023-12-30
SWGY12498,Karthik Verma,karthik.verma914@hotmail.com,Lucknow,Dormant,False,+916777441084,False,2024-08-05
SWGY14498,Krishna Bose,krishna.bose27@hotmail.com,Vijayawada,Swiggy One Member,True,+910717029028,False,2024-10-21
SWGY10230,Krishna Bose,krishna.bose297@gmail.com,Kochi,Frequent Orderer,False,+919749735020,False,2024-03-02
SWGY15104,Krishna Bose,krishna.bose363@gmail.co,Vijayawada,Frequent Orderer,False,,True,2024-11-10
SWGY14459,Krishna Bose,krishna.bose774@gmail.co,Noida,Swiggy One Member,True,+914640014913,True,2025-03-17
SWGY13810,Krishna Bose,krishna.bose973@outlook.com,Lucknow,New,False,+918551108030,True,2024-07-18
SWGY10859,Krishna Chatterjee,krishna.chatterjee107@gmail.com,,Swiggy One Member,True,+911158488600,False,2024-04-19
SWGY11005,Krishna Chatterjee,krishna.chatterjee13@yahoo.com,Nellore,New,False,,True,2024-08-15
SWGY14891,Krishna Chatterjee,krishna.chatterjee194@hotmail.com,Jaipur,Frequent Orderer,True,+914047751525,True,2024-05-05
SWGY15812,Krishna Chatterjee,krishna.chatterjee251@hotmail.com,Noida,Swiggy One Member,True,+913492588701,False,2024-04-03
SWGY11161,Krishna Chatterjee,krishna.chatterjee354@hotmail.com,Noida,Dormant,False,+914174916170,True,2024-09-25
SWGY11326,Krishna Chatterjee,krishna.chatterjee372@yahoo.com,Mumbai,Frequent Orderer,False,+911530304407,False,2023-12-19
SWGY15261,Krishna Chatterjee,krishna.chatterjee409@hotmail.com,Noida,Swiggy One Member,True,+917941745539,False,2024-10-24
SWGY14501,Krishna Chatterjee,krishna.chatterjee452@gmail.co,Gurugram,Frequent Orderer,False,+919574057937,True,2025-02-17
SWGY11702,Krishna Chatterjee,krishna.chatterjee495@outlook.com,Ahmedabad,Dormant,False,+910304381779,False,2024-08-07
SWGY12577,Krishna Chatterjee,krishna.chatterjee550@gmail.com,Kolkata,Churned,False,,False,2023-10-04
SWGY12127,Krishna Chatterjee,krishna.chatterjee74@gmail.co,,Unclassified,False,+917042327588,True,2024-01-09
SWGY14950,Krishna Chatterjee,krishna.chatterjee801@outlook.com,Jaipur,Swiggy One Member,True,+911475857040,True,2024-04-29
SWGY13745,Krishna Chatterjee,krishna.chatterjee877@gmail.co,Ahmedabad,Frequent Orderer,False,,False,2023-09-12
SWGY10289,Krishna Chatterjee,krishna.chatterjee87@gmail.co,Lucknow,Swiggy One Member,True,,False,2023-09-18
SWGY13625,Krishna Chatterjee,krishna.chatterjee976@gmail.co,Lucknow,Churned,False,+915513703597,True,2024-11-21
SWGY14649,Krishna Das,krishna.das193@outlook.com,Bengaluru,Dormant,False,+918476236228,False,2025-05-31
SWGY15803,Krishna Das,krishna.das536@hotmail.com,Chennai,Dormant,False,+914674498598,False,2024-06-18
SWGY11213,Krishna Das,krishna.das667@gmail.co,Jaipur,New,False,+918145647437,True,2024-01-09
SWGY10802,Krishna Das,krishna.das830@gmail.com,Gurugram,Swiggy One Member,True,+917152386767,False,2025-03-03
SWGY13685X,Krishna Das,krishna.das860@hotmail.com,Nellore,Dormant,False,,False,2024-12-31
SWGY12839,Krishna Das,krishna.das863@hotmail.com,Mumbai,Dormant,False,+913708103574,False,2023-11-19
SWGY11681,Krishna Gupta,krishna.gupta183@gmail.co,Kolkata,Churned,False,+916398523818,False,2025-04-13
SWGY11045,Krishna Gupta,krishna.gupta186@gmail.co,Noida,Unclassified,False,+919254686272,False,2024-04-04
SWGY13267,Krishna Gupta,krishna.gupta197@gmail.com,Bengaluru,Frequent Orderer,False,+916577606125,False,2023-10-03
SWGY11797,Krishna Gupta,krishna.gupta229@gmail.co,Chennai,New,False,,True,2024-03-03
SWGY14723,Krishna Gupta,krishna.gupta342@gmail.com,Gurugram,New,False,+913861755651,True,2023-12-29
SWGY15324,Krishna Gupta,krishna.gupta931@hotmail.com,Vijayawada,Churned,False,+913010083086,False,2024-02-15
SWGY14725,Krishna Gupta,krishna.gupta940@outlook.com,Ahmedabad,Frequent Orderer,False,+910507353532,True,2023-10-11
SWGY12203,Krishna Gupta,krishna.gupta973@gmail.com,Kochi,Dormant,False,,True,2024-06-27
SWGY14392,Krishna Iyer,krishna.iyer239@yahoo.com,Ahmedabad,Frequent Orderer,False,+919137807722,True,2025-03-13
SWGY10527,Krishna Iyer,krishna.iyer257@hotmail.com,Vijayawada,Frequent Orderer,False,+915374584384,True,2024-07-12
SWGY10715,Krishna Iyer,krishna.iyer320@yahoo.com,Noida,Frequent Orderer,False,+913190924876,False,2024-08-20
SWGY14883,Krishna Iyer,krishna.iyer354@hotmail.com,Pune,Frequent Orderer,False,+918533876575,True,2024-05-02
SWGY11806,Krishna Iyer,krishna.iyer363@yahoo.com,Jaipur,Dormant,True,+913346118978,True,2024-08-18
SWGY12042,Krishna Iyer,krishna.iyer450@gmail.com,Noida,Frequent Orderer,False,+918143659723,False,2023-06-06
SWGY12701,Krishna Iyer,krishna.iyer513@hotmail.com,Noida,New,False,+919491926595,False,2023-09-27
SWGY10862,Krishna Iyer,krishna.iyer516@outlook.com,,Swiggy One Member,True,+915400644547,False,2025-04-18
SWGY12138,Krishna Iyer,krishna.iyer597@gmail.co,Jaipur,Dormant,False,+915314595508,True,2025-05-28
SWGY11581,Krishna Iyer,krishna.iyer620@gmail.com,Hyderabad,New,False,+919443141408,False,2023-11-01
SWGY12556,Krishna Iyer,krishna.iyer733@gmail.com,Kolkata,Swiggy One Member,True,+919727405143,False,2023-07-31
SWGY15016X,Krishna Iyer,krishna.iyer879@hotmail.com,Ahmedabad,Swiggy One Member,True,,False,2024-04-29
SWGY14232,Krishna Joshi,krishna.joshi123@outlook.com,Mumbai,Swiggy One Member,True,,False,2024-05-22
SWGY15196,Krishna Joshi,krishna.joshi216@gmail.com,Bengaluru,New,False,+919755951212,True,2025-01-09
SWGY10049,Krishna Joshi,krishna.joshi335@gmail.co,Bengaluru,Frequent Orderer,False,,False,2025-01-14
SWGY13996,Krishna Joshi,krishna.joshi536@gmail.com,,Unclassified,True,+911747383669,False,2024-04-12
SWGY10718,Krishna Joshi,krishna.joshi555@gmail.co,Nellore,Swiggy One Member,True,,True,2024-10-14
SWGY13475,Krishna Joshi,krishna.joshi585@gmail.co,Kolkata,New,False,+911315463676,False,2024-11-13
SWGY12575,Krishna Joshi,krishna.joshi717@hotmail.com,Delhi,Swiggy One Member,True,+912453960424,True,2024-04-23
SWGY10078,Krishna Joshi,krishna.joshi745@outlook.com,Vijayawada,New,False,+916401658202,True,2024-08-10
SWGY11336,Krishna Joshi,krishna.joshi754@gmail.co,Delhi,Frequent Orderer,False,+910953267084,False,2024-12-26
SWGY10982,Krishna Joshi,krishna.joshi854@gmail.co,Noida,Dormant,False,+919497344930,True,2024-11-23
SWGY12930,Krishna Joshi,krishna.joshi940@outlook.com,Lucknow,Dormant,True,+913139783747,False,2024-07-07
SWGY12590,Krishna Kapoor,krishna.kapoor26@yahoo.com,Jaipur,New,True,+918595129207,True,2023-08-12
SWGY10508,Krishna Kapoor,krishna.kapoor290@hotmail.com,Chennai,Dormant,True,,True,2023-08-06
SWGY15810,Krishna Kapoor,krishna.kapoor320@outlook.com,Vijayawada,Swiggy One Member,True,+913830336192,False,2023-11-24
SWGY15990,Krishna Kapoor,krishna.kapoor395@hotmail.com,Lucknow,Swiggy One Member,True,+911403809176,True,2023-06-22
SWGY10261,Krishna Kapoor,krishna.kapoor540@gmail.co,Delhi,Swiggy One Member,True,+913901981794,True,2023-10-03
SWGY13678,Krishna Kapoor,krishna.kapoor901@gmail.com,Mumbai,Swiggy One Member,True,+916744899615,True,2024-10-21
SWGY11435,Krishna Khan,krishna.khan244@outlook.com,Pune,New,False,+917186692552,True,2024-10-10
SWGY15408,Krishna Khan,krishna.khan306@yahoo.com,Lucknow,Frequent Orderer,True,+917152832642,False,2024-06-25
SWGY13165,Krishna Khan,krishna.khan408@hotmail.com,,Dormant,False,+917009608967,True,2024-01-25
SWGY14834,Krishna Khan,krishna.khan523@gmail.com,Kochi,Frequent Orderer,False,,True,2023-10-26
SWGY13458,Krishna Khan,krishna.khan59@gmail.co,Vijayawada,Frequent Orderer,False,+919913468060,False,2023-08-03
SWGY15544,Krishna Khan,krishna.khan633@outlook.com,Jaipur,Unclassified,True,+910387307210,True,2025-02-02
SWGY13971,Krishna Khan,krishna.khan756@outlook.com,Nellore,Dormant,False,+918943666470,False,2025-05-10
SWGY15768,Krishna Khan,krishna.khan799@outlook.com,Kolkata,Churned,False,+912264971071,False,2025-01-01
SWGY13184,Krishna Khan,krishna.khan836@gmail.com,Ahmedabad,Dormant,False,+913373326408,True,2024-01-04
SWGY10979,Krishna Khan,krishna.khan922@hotmail.com,,New,False,+913622117327,True,2024-05-22
SWGY12734,Krishna Khan,krishna.khan930@hotmail.com,Kochi,New,False,+918848131205,False,2023-06-04
SWGY10270,Krishna Khan,krishna.khan998@gmail.co,Noida,Dormant,False,+911717477332,False,2023-12-20
SWGY15247,Krishna Malhotra,krishna.malhotra127@yahoo.com,,Frequent Orderer,False,+914991760663,True,2024-08-24
SWGY15554,Krishna Malhotra,krishna.malhotra494@outlook.com,Hyderabad,New,False,+914121329140,True,2023-07-15
SWGY11557,Krishna Malhotra,krishna.malhotra67@gmail.co,Gurugram,Swiggy One Member,True,+910191090488,True,2024-03-01
SWGY15304,Krishna Malhotra,krishna.malhotra807@yahoo.com,Jaipur,New,False,+918829832044,True,2025-03-26
SWGY10400,Krishna Malhotra,krishna.malhotra881@gmail.co,Mumbai,New,False,+911286716323,False,2024-09-08
SWGY15162,Krishna Malhotra,krishna.malhotra942@hotmail.com,Gurugram,Frequent Orderer,False,,True,2024-11-07
SWGY11815,Krishna Mehta,krishna.mehta265@gmail.com,Chennai,New,True,+912428678554,False,2024-04-25
SWGY10322,Krishna Mehta,krishna.mehta377@yahoo.com,Hyderabad,Dormant,False,,True,2023-08-11
SWGY10872,Krishna Mehta,krishna.mehta4@yahoo.com,Noida,Frequent Orderer,False,+910762054596,True,2025-01-23
SWGY13637,Krishna Mehta,krishna.mehta592@yahoo.com,Noida,New,False,+910028834928,True,2024-06-12
SWGY10178,Krishna Mehta,krishna.mehta621@yahoo.com,Ahmedabad,Swiggy One Member,True,+911891411739,False,2023-09-12
SWGY13615,Krishna Mehta,krishna.mehta628@gmail.co,Nellore,New,True,+916531759596,True,2023-08-01
SWGY10074,Krishna Mehta,krishna.mehta685@gmail.com,Bengaluru,Frequent Orderer,False,+915188888067,True,2025-02-19
SWGY11235,Krishna Mehta,krishna.mehta964@gmail.com,Mumbai,New,False,+919720738277,False,2024-01-31
SWGY14714,Krishna Menon,krishna.menon305@outlook.com,Delhi,Frequent Orderer,False,+916192084122,False,2024-10-19
SWGY15398,Krishna Menon,krishna.menon33@yahoo.com,Kolkata,Frequent Orderer,False,,True,2023-10-18
SWGY13525,Krishna Menon,krishna.menon361@hotmail.com,Hyderabad,Dormant,True,+917630097632,False,2024-10-18
SWGY12956,Krishna Menon,krishna.menon378@gmail.co,Kochi,Unclassified,True,+916196213239,False,2023-09-24
SWGY11077X,Krishna Menon,krishna.menon432@yahoo.com,Kolkata,Dormant,True,+918171516025,False,2025-04-22
SWGY10447,Krishna Menon,krishna.menon524@yahoo.com,Gurugram,Dormant,False,,False,2023-08-24
SWGY11764,Krishna Menon,krishna.menon576@yahoo.com,Kolkata,Churned,False,+910943868250,True,2024-08-15
SWGY15824,Krishna Menon,krishna.menon598@hotmail.com,Lucknow,Swiggy One Member,True,+911184000275,False,2024-12-11
SWGY14867,Krishna Menon,krishna.menon662@yahoo.com,Kochi,Churned,False,+913108556049,False,2025-02-07
SWGY11808,Krishna Menon,krishna.menon669@gmail.co,Mumbai,Swiggy One Member,True,,False,2024-11-23
SWGY12929,Krishna Menon,krishna.menon694@gmail.co,Bengaluru,New,True,,True,2024-03-31
SWGY12210,Krishna Menon,krishna.menon798@gmail.co,Jaipur,New,False,+912112716810,False,2024-01-24
SWGY14530,Krishna Nair,krishna.nair104@gmail.co,Ahmedabad,Swiggy One Member,True,+913660538944,True,2023-10-10
SWGY15389,Krishna Nair,krishna.nair104@gmail.com,Vijayawada,Frequent Orderer,False,+913863556315,True,2024-09-15
SWGY15775,Krishna Nair,krishna.nair146@gmail.com,Chennai,Dormant,False,+916257735241,True,2025-03-02
SWGY10594,Krishna Nair,krishna.nair159@yahoo.com,Vijayawada,Frequent Orderer,False,+914643039429,False,2025-03-11
SWGY14693,Krishna Nair,krishna.nair304@outlook.com,Chennai,Swiggy One Member,True,+918231384287,True,2024-04-16
SWGY11791,Krishna Nair,krishna.nair452@yahoo.com,Vijayawada,Dormant,False,+919987591530,False,2025-01-31
SWGY13809,Krishna Nair,krishna.nair4@gmail.com,Pune,Swiggy One Member,True,+914611608107,True,2024-11-08
SWGY10672,Krishna Nair,krishna.nair614@yahoo.com,Pune,Frequent Orderer,False,+915525971075,True,2025-03-07
SWGY13268,Krishna Nair,krishna.nair632@hotmail.com,Mumbai,Swiggy One Member,True,+919390316964,True,2023-06-29
SWGY10696,Krishna Nair,krishna.nair704@yahoo.com,Bengaluru,Swiggy One Member,True,+911377306260,True,2024-03-24
SWGY13217,Krishna Nair,krishna.nair752@outlook.com,Kochi,Frequent Orderer,False,+916828159780,False,2023-07-04
SWGY15449,Krishna Nair,krishna.nair807@hotmail.com,Noida,Churned,True,+919988579383,False,2023-06-30
SWGY10898,Krishna Nair,krishna.nair824@yahoo.com,Kolkata,Frequent Orderer,False,+912755821477,False,2023-07-18
SWGY10942,Krishna Nair,krishna.nair879@yahoo.com,Hyderabad,New,False,,False,2024-07-22
SWGY14787,Krishna Nair,krishna.nair898@hotmail.com,Noida,Frequent Orderer,False,,True,2023-12-07
SWGY12726,Krishna Patel,krishna.patel103@outlook.com,Vijayawada,Churned,False,+911245347491,True,2024-05-26
SWGY13111,Krishna Patel,krishna.patel295@hotmail.com,Kolkata,Dormant,False,+916181745757,False,2023-06-20
SWGY14374,Krishna Patel,krishna.patel303@gmail.co,Nellore,New,True,+918521101799,False,2025-01-27
SWGY11171,Krishna Patel,krishna.patel444@gmail.co,Vijayawada,Frequent Orderer,False,+912107818710,True,2023-08-26
SWGY12291,Krishna Patel,krishna.patel470@hotmail.com,Vijayawada,Frequent Orderer,False,+910378101032,True,2023-10-18
SWGY15634,Krishna Patel,krishna.patel593@yahoo.com,Nellore,Swiggy One Member,True,+910911160914,False,2023-12-29
SWGY12689,Krishna Patel,krishna.patel684@gmail.com,Chennai,New,False,+915253293244,True,2024-03-02
SWGY15213,Krishna Patel,krishna.patel971@gmail.com,Pune,Swiggy One Member,True,+913083004098,True,2023-06-26
SWGY13705,Krishna Patel,krishna.patel996@gmail.com,Jaipur,New,True,+915089894081,False,2025-02-14
SWGY14821,Krishna Pillai,krishna.pillai103@gmail.co,Gurugram,Frequent Orderer,False,,True,2024-07-06
SWGY15160,Krishna Pillai,krishna.pillai607@gmail.co,Pune,New,False,+910417684151,True,2025-05-07
SWGY11774,Krishna Pillai,krishna.pillai683@gmail.com,Ahmedabad,New,False,,True,2023-09-25
SWGY13354,Krishna Pillai,krishna.pillai798@outlook.com,Delhi,New,False,+913893476499,False,2024-01-13
SWGY14489,Krishna Pillai,krishna.pillai825@outlook.com,Jaipur,New,False,+911238673979,False,2024-12-11
SWGY15128,Krishna Pillai,krishna.pillai885@yahoo.com,Jaipur,New,False,+916691986264,True,2024-06-16
SWGY13541,Krishna Pillai,krishna.pillai906@yahoo.com,Chennai,Unclassified,False,+916077149764,False,2023-11-03
SWGY13821,Krishna Pillai,krishna.pillai92@gmail.com,Noida,Dormant,False,,False,2023-09-22
SWGY12598,Krishna Rao,krishna.rao109@yahoo.com,Jaipur,Frequent Orderer,False,,True,2024-08-18
SWGY14180,Krishna Rao,krishna.rao228@yahoo.com,Nellore,Frequent Orderer,False,,False,2024-08-18
SWGY15004,Krishna Rao,krishna.rao256@hotmail.com,Jaipur,New,False,+914663216038,False,2023-09-05
SWGY11206,Krishna Rao,krishna.rao331@gmail.com,Chennai,Unclassified,False,+912324234800,True,2024-09-13
SWGY15431,Krishna Rao,krishna.rao47@gmail.co,Bengaluru,Dormant,False,,False,2023-09-06
SWGY15256,Krishna Rao,krishna.rao484@gmail.com,Noida,Frequent Orderer,False,+917767271067,False,2024-09-26
SWGY12495,Krishna Rao,krishna.rao501@yahoo.com,Nellore,New,False,+918212558877,True,2023-10-24
SWGY10231,Krishna Rao,krishna.rao506@yahoo.com,Delhi,Dormant,False,+914757051204,False,2024-08-22
SWGY15735,Krishna Rao,krishna.rao617@hotmail.com,Ahmedabad,New,False,,True,2025-05-11
SWGY14381,Krishna Rao,krishna.rao7@hotmail.com,Gurugram,Dormant,False,+916898121185,False,2024-12-31
SWGY11737,Krishna Rao,krishna.rao815@gmail.co,Nellore,Churned,False,+914176604568,False,2024-02-20
SWGY14842,Krishna Rao,krishna.rao95@yahoo.com,Kochi,Swiggy One Member,True,+919237170354,False,2023-12-25
SWGY11207,Krishna Reddy,krishna.reddy111@outlook.com,Jaipur,Frequent Orderer,False,+915749062796,True,2024-05-04
SWGY13373,Krishna Reddy,krishna.reddy212@hotmail.com,Nellore,Frequent Orderer,False,+913167290037,False,2024-06-06
SWGY10449,Krishna Reddy,krishna.reddy328@gmail.com,Chennai,Frequent Orderer,False,+910053474916,True,2024-06-07
SWGY11200,Krishna Reddy,krishna.reddy42@hotmail.com,Ahmedabad,Churned,False,+918302801041,True,2025-05-18
SWGY13082,Krishna Reddy,krishna.reddy520@outlook.com,Chennai,Frequent Orderer,False,+916931493548,True,2024-02-01
SWGY14515,Krishna Reddy,krishna.reddy572@gmail.com,Vijayawada,New,False,+918125954250,True,2023-08-13
SWGY15747X,Krishna Reddy,krishna.reddy71@outlook.com,Mumbai,Frequent Orderer,False,+916467386569,True,2024-07-30
SWGY12279,Krishna Sharma,krishna.sharma439@hotmail.com,Nellore,Frequent Orderer,False,+913360109993,True,2024-11-11
SWGY14495,Krishna Sharma,krishna.sharma449@yahoo.com,Gurugram,New,False,+916018803814,False,2023-06-24
SWGY15344,Krishna Sharma,krishna.sharma652@hotmail.com,Kolkata,Frequent Orderer,False,+914190251190,False,2024-01-16
SWGY11466,Krishna Sharma,krishna.sharma977@hotmail.com,Hyderabad,Frequent Orderer,False,+910231265327,True,2023-12-11
SWGY11830,Krishna Shetty,krishna.shetty164@hotmail.com,Chennai,Swiggy One Member,True,+913882015149,False,2024-12-06
SWGY14015,Krishna Shetty,krishna.shetty166@yahoo.com,Hyderabad,Churned,False,+912153282332,False,2023-07-24
SWGY13428,Krishna Shetty,krishna.shetty250@yahoo.com,Lucknow,Dormant,False,+913373623057,True,2023-06-23
SWGY15170,Krishna Shetty,krishna.shetty321@yahoo.com,,Frequent Orderer,False,+917495252560,True,2024-02-27
SWGY14710,Krishna Shetty,krishna.shetty361@yahoo.com,Pune,Frequent Orderer,False,+913203613626,True,2023-12-18
SWGY12105,Krishna Shetty,krishna.shetty431@outlook.com,Ahmedabad,Swiggy One Member,True,+914231596378,False,2023-09-30
SWGY11304,Krishna Shetty,krishna.shetty445@gmail.co,Ahmedabad,Swiggy One Member,True,+918994706170,True,2024-07-16
SWGY14010,Krishna Shetty,krishna.shetty452@gmail.co,Nellore,Frequent Orderer,False,,False,2025-05-18
SWGY13208,Krishna Shetty,krishna.shetty56@yahoo.com,Noida,Dormant,False,+911226581772,False,2025-04-01
SWGY10409,Krishna Shetty,krishna.shetty583@yahoo.com,Gurugram,Dormant,False,+911956252571,False,2023-09-13
SWGY14938,Krishna Shetty,krishna.shetty651@yahoo.com,Noida,Swiggy One Member,True,+916758006622,True,2023-08-04
SWGY14439,Krishna Shetty,krishna.shetty709@yahoo.com,Pune,New,False,,True,2023-06-21
SWGY15599,Krishna Shetty,krishna.shetty917@outlook.com,Nellore,Frequent Orderer,False,,True,2025-03-22
SWGY13012,Krishna Shetty,krishna.shetty932@outlook.com,Gurugram,Unclassified,True,+916346474965,False,2025-03-04
SWGY13470,Krishna Shetty,krishna.shetty955@yahoo.com,Chennai,Dormant,False,,False,2025-03-21
SWGY10227,Krishna Singh,krishna.singh175@gmail.com,Hyderabad,Frequent Orderer,False,+915577848728,False,2024-03-17
SWGY14757,Krishna Singh,krishna.singh275@gmail.co,Chennai,Dormant,True,+911701645273,True,2025-04-20
SWGY15262,Krishna Singh,krishna.singh457@yahoo.com,,Frequent Orderer,False,+912264787487,True,2024-09-20
SWGY15561,Krishna Singh,krishna.singh480@gmail.com,Mumbai,Frequent Orderer,False,+912439363647,True,2025-05-01
SWGY14948,Krishna Singh,krishna.singh538@hotmail.com,Chennai,Frequent Orderer,True,+914446871749,True,2024-01-13
SWGY12350,Krishna Singh,krishna.singh54@outlook.com,Gurugram,Dormant,False,+916711881618,False,2025-02-12
SWGY14068,Krishna Singh,krishna.singh871@gmail.co,Ahmedabad,Churned,False,+917240539477,False,2025-04-07
SWGY14100,Krishna Singh,krishna.singh959@gmail.co,Bengaluru,Unclassified,False,+913988913997,False,2025-03-05
SWGY15646,Krishna Verma,krishna.verma146@hotmail.com,Hyderabad,Frequent Orderer,False,+918427557184,True,2023-12-11
SWGY13675,Krishna Verma,krishna.verma281@gmail.com,Gurugram,Frequent Orderer,False,+913646285069,True,2025-01-20
SWGY13762,Krishna Verma,krishna.verma351@yahoo.com,Lucknow,Dormant,False,+915479728089,True,2023-08-20
SWGY12358,Krishna Verma,krishna.verma372@gmail.com,Kochi,New,False,+917519679296,False,2024-07-26
SWGY15636,Krishna Verma,krishna.verma394@gmail.co,,Swiggy One Member,True,+914927582063,False,2023-09-27
SWGY10737,Krishna Verma,krishna.verma405@outlook.com,Noida,Unclassified,True,+913037360601,True,2024-01-21
SWGY11013,Krishna Verma,krishna.verma542@yahoo.com,Bengaluru,Swiggy One Member,True,+912353484864,True,2024-07-18
SWGY10037,Krishna Verma,krishna.verma704@yahoo.com,Hyderabad,Dormant,False,+919361832421,True,2024-03-22
SWGY10095,Krishna Verma,krishna.verma757@gmail.com,Lucknow,Swiggy One Member,True,+912620672400,True,2023-08-31
SWGY13436,Myra Bose,myra.bose12@outlook.com,Mumbai,New,False,,False,2025-03-07
SWGY15574,Myra Bose,myra.bose138@gmail.co,Pune,New,False,+914976011046,True,2024-02-05
SWGY13718,Myra Bose,myra.bose189@gmail.com,Lucknow,New,False,+916520774860,False,2024-12-21
SWGY10699,Myra Bose,myra.bose190@hotmail.com,Pune,Frequent Orderer,True,+918033242605,True,2024-12-22
SWGY10274,Myra Bose,myra.bose211@outlook.com,Chennai,Swiggy One Member,True,+914651909862,True,2024-07-04
SWGY12592,Myra Bose,myra.bose252@gmail.co,Gurugram,Churned,False,+918422966514,False,2024-07-04
SWGY10096,Myra Bose,myra.bose280@yahoo.com,Nellore,Dormant,False,+915274205493,True,2024-10-18
SWGY15177,Myra Bose,myra.bose335@outlook.com,,Churned,False,,True,2024-11-07
SWGY15644,Myra Bose,myra.bose617@yahoo.com,Lucknow,Frequent Orderer,False,+914447724335,True,2024-02-19
SWGY11088,Myra Bose,myra.bose650@gmail.co,Mumbai,Frequent Orderer,True,+914315890164,False,2024-07-29
SWGY13899,Myra Bose,myra.bose658@hotmail.com,Noida,Frequent Orderer,False,+913246057050,True,2025-05-19
SWGY10642,Myra Bose,myra.bose68@outlook.com,Noida,Dormant,False,+912373605079,True,2024-07-03
SWGY15705,Myra Bose,myra.bose73@yahoo.com,Ahmedabad,New,False,+913918080461,True,2023-08-24
SWGY11875,Myra Bose,myra.bose881@outlook.com,Mumbai,Frequent Orderer,False,+917396103405,False,2025-02-07
SWGY10117,Myra Bose,myra.bose96@hotmail.com,Nellore,Frequent Orderer,True,+915604661839,False,2024-11-06
SWGY15793,Myra Bose,myra.bose987@outlook.com,Bengaluru,New,False,,False,2023-08-01
SWGY11772,Myra Chatterjee,myra.chatterjee179@outlook.com,Noida,Dormant,False,+918343871515,False,2024-05-16
SWGY15697,Myra Chatterjee,myra.chatterjee206@gmail.co,Bengaluru,Swiggy One Member,True,+916745536318,True,2024-02-27
SWGY11012,Myra Chatterjee,myra.chatterjee25@hotmail.com,Bengaluru,Frequent Orderer,False,+917819190749,False,2023-06-10
SWGY14571,Myra Chatterjee,myra.chatterjee625@outlook.com,Mumbai,Frequent Orderer,False,+910498611172,False,2024-03-05
SWGY11808X,Myra Chatterjee,myra.chatterjee76@gmail.co,Jaipur,New,False,,False,2023-10-07
SWGY10684,Myra Chatterjee,myra.chatterjee815@yahoo.com,Vijayawada,Churned,False,+911009004047,True,2023-11-17
SWGY13239,Myra Chatterjee,myra.chatterjee95@gmail.co,Bengaluru,New,False,+917169944428,True,2024-02-22
SWGY10672X,Myra Das,myra.das156@yahoo.com,Kochi,New,False,,False,2025-05-21
SWGY11045X,Myra Das,myra.das252@gmail.co,Vijayawada,Frequent Orderer,False,+911935170871,False,2024-04-18
SWGY12706,Myra Das,myra.das28@gmail.co,Bengaluru,Swiggy One Member,True,+918106710917,False,2024-05-10
SWGY13303,Myra Das,myra.das421@gmail.co,Lucknow,New,False,+919742757148,True,2024-01-14
SWGY12103,Myra Das,myra.das442@yahoo.com,Vijayawada,Churned,False,+914823009715,True,2024-07-17
SWGY15740,Myra Das,myra.das550@gmail.co,Bengaluru,Frequent Orderer,False,+910858279346,False,2023-11-15
SWGY11935,Myra Das,myra.das562@hotmail.com,Kolkata,Unclassified,False,+917557983229,True,2023-08-14
SWGY11617,Myra Das,myra.das635@hotmail.com,Kolkata,Dormant,False,+911523029996,True,2023-06-06
SWGY12276,Myra Das,myra.das960@gmail.com,Ahmedabad,Frequent Orderer,False,+910951427702,False,2023-09-27
SWGY10876,Myra Gupta,myra.gupta130@gmail.com,Vijayawada,Dormant,True,+912657898260,True,2024-09-08
SWGY14687,Myra Gupta,myra.gupta206@gmail.co,Kochi,New,False,+915133863997,True,2024-06-03
SWGY14803,Myra Gupta,myra.gupta253@yahoo.com,Ahmedabad,Dormant,False,+912549601334,False,2023-11-10
SWGY14866,Myra Gupta,myra.gupta415@hotmail.com,Pune,Dormant,False,+914711235173,True,2024-10-06
SWGY11697,Myra Gupta,myra.gupta529@outlook.com,Ahmedabad,Frequent Orderer,True,,True,2024-12-29
SWGY14566,Myra Gupta,myra.gupta765@yahoo.com,Hyderabad,Unclassified,False,+914997985124,True,2024-07-02
SWGY13650,Myra Gupta,myra.gupta775@gmail.com,Bengaluru,Dormant,True,+910322323543,True,2024-07-03
SWGY12877,Myra Gupta,myra.gupta792@gmail.com,Vijayawada,Swiggy One Member,True,+912714635542,False,2024-04-30
SWGY13343,Myra Gupta,myra.gupta837@gmail.co,Ahmedabad,New,False,+910583349437,True,2023-07-22
SWGY14580,Myra Gupta,myra.gupta877@gmail.com,Bengaluru,Swiggy One Member,True,+916286479231,False,2024-03-23
SWGY15316,Myra Gupta,myra.gupta941@gmail.co,Chennai,Frequent Orderer,False,,True,2023-10-30
SWGY13482,Myra Gupta,myra.gupta948@gmail.co,Lucknow,Unclassified,False,+910968725407,False,2025-04-07
SWGY11928,Myra Iyer,myra.iyer126@hotmail.com,Lucknow,Frequent Orderer,False,+910880875645,False,2024-11-14
SWGY13362,Myra Iyer,myra.iyer13@hotmail.com,Pune,Frequent Orderer,True,+917588222724,False,2023-07-05
SWGY10732,Myra Iyer,myra.iyer152@gmail.com,Jaipur,New,True,+912214559376,True,2023-11-06
SWGY12460,Myra Iyer,myra.iyer160@outlook.com,Mumbai,Dormant,False,+914965502421,True,2023-08-04
SWGY15130,Myra Iyer,myra.iyer58@gmail.com,Noida,Dormant,False,+911610606558,False,2025-02-08
SWGY12863X,Myra Iyer,myra.iyer664@hotmail.com,Hyderabad,Dormant,False,,True,2024-06-19
SWGY12520,Myra Joshi,myra.joshi454@yahoo.com,Jaipur,Dormant,False,+917181905974,True,2024-08-28
SWGY14694,Myra Joshi,myra.joshi477@outlook.com,Hyderabad,Dormant,False,+914023055412,True,2024-09-20
SWGY15413,Myra Joshi,myra.joshi520@yahoo.com,Lucknow,New,False,+916390003664,True,2023-06-18
SWGY11576,Myra Joshi,myra.joshi643@hotmail.com,Lucknow,New,False,+916691953016,False,2024-08-15
SWGY15167,Myra Joshi,myra.joshi677@yahoo.com,Gurugram,New,False,+914287039663,False,2023-08-04
SWGY10255,Myra Joshi,myra.joshi753@gmail.com,Noida,Dormant,False,+918034764472,True,2023-07-14
SWGY10612,Myra Joshi,myra.joshi96@yahoo.com,Kolkata,Unclassified,False,+919812317955,False,2023-12-21
SWGY13770,Myra Kapoor,myra.kapoor233@hotmail.com,Hyderabad,Churned,False,,True,2023-10-04
SWGY10593,Myra Kapoor,myra.kapoor339@gmail.co,Kochi,Dormant,False,+919490228403,True,2024-02-06
SWGY12165,Myra Kapoor,myra.kapoor625@outlook.com,Jaipur,Dormant,False,+918361883744,False,2024-10-20
SWGY10300,Myra Kapoor,myra.kapoor750@gmail.co,Hyderabad,Swiggy One Member,True,+912543107427,False,2023-08-25
SWGY15184,Myra Kapoor,myra.kapoor862@hotmail.com,Chennai,Frequent Orderer,False,+910335634837,False,2024-05-05
SWGY12665,Myra Kapoor,myra.kapoor974@outlook.com,Delhi,Frequent Orderer,False,+911846891583,False,2024-02-28
SWGY11346,Myra Khan,myra.khan163@gmail.co,Noida,Swiggy One Member,True,+914395678446,True,2024-04-23
SWGY11680,Myra Khan,myra.khan224@gmail.com,Delhi,Dormant,True,+915109724725,True,2024-03-26
SWGY11760,Myra Khan,myra.khan279@hotmail.com,Delhi,Swiggy One Member,True,+912109222514,True,2023-12-04
SWGY12763,Myra Khan,myra.khan302@gmail.co,Ahmedabad,Frequent Orderer,False,+911067444998,False,2024-05-04
SWGY12235,Myra Khan,myra.khan339@outlook.com,Ahmedabad,Swiggy One Member,True,+915680846900,False,2023-10-29
SWGY13554,Myra Khan,myra.khan342@hotmail.com,Pune,Frequent Orderer,False,+915018872069,False,2025-04-26
SWGY15276,Myra Khan,myra.khan432@gmail.com,Bengaluru,New,False,+919361230176,True,2024-05-12
SWGY14748,Myra Khan,myra.khan614@outlook.com,Hyderabad,Dormant,False,+917168213385,False,2024-05-29
SWGY13027,Myra Khan,myra.khan846@gmail.com,Ahmedabad,Frequent Orderer,False,+918306829481,False,2024-02-03
SWGY11731,Myra Malhotra,myra.malhotra146@outlook.com,Noida,Frequent Orderer,False,+916600980578,True,2025-01-10
SWGY11277,Myra Malhotra,myra.malhotra48@gmail.com,Vijayawada,Frequent Orderer,False,+912141070716,True,2025-05-24
SWGY12710,Myra Malhotra,myra.malhotra802@gmail.com,Noida,Frequent Orderer,False,+912597657125,True,2024-02-28
SWGY10908,Myra Mehta,myra.mehta194@yahoo.com,Kolkata,Swiggy One Member,True,+915049627322,False,2023-12-19
SWGY10357,Myra Mehta,myra.mehta238@hotmail.com,Bengaluru,Frequent Orderer,False,+915972466572,False,2023-11-13
SWGY14411,Myra Mehta,myra.mehta319@gmail.com,Pune,Unclassified,False,+919690041813,True,2023-09-24
SWGY14546,Myra Mehta,myra.mehta476@gmail.co,Ahmedabad,Frequent Orderer,False,+915912797288,False,2024-11-11
SWGY12187,Myra Mehta,myra.mehta492@gmail.co,Nellore,Churned,True,+919333356942,True,2024-08-01
SWGY14240,Myra Mehta,myra.mehta492@yahoo.com,Chennai,Churned,False,+918876100594,True,2023-11-18
SWGY14762,Myra Mehta,myra.mehta591@outlook.com,Jaipur,Frequent Orderer,False,+917584931974,False,2025-02-19
SWGY10654,Myra Mehta,myra.mehta642@outlook.com,Jaipur,Dormant,False,+916667776755,False,2024-12-06
SWGY15765,Myra Mehta,myra.mehta643@outlook.com,Chennai,Dormant,True,+912333641909,False,2024-02-02
SWGY12814,Myra Mehta,myra.mehta991@hotmail.com,Pune,Churned,False,+911589730378,True,2024-04-03
SWGY10828,Myra Menon,myra.menon103@gmail.com,Kochi,New,False,+918682509522,True,2024-11-15
SWGY14173,Myra Menon,myra.menon161@yahoo.com,Jaipur,Frequent Orderer,False,,True,2025-04-09
SWGY11076,Myra Menon,myra.menon354@gmail.co,Chennai,New,False,+913869479025,False,2024-02-29
SWGY14828,Myra Menon,myra.menon362@gmail.com,Vijayawada,Frequent Orderer,False,+910190848539,True,2023-07-31
SWGY10603,Myra Menon,myra.menon414@gmail.com,Kolkata,Frequent Orderer,False,+915274033445,False,2024-12-28
SWGY15671,Myra Menon,myra.menon525@yahoo.com,Hyderabad,Swiggy One Member,True,+910210878704,False,2025-01-17
SWGY14859,Myra Menon,myra.menon535@hotmail.com,,Unclassified,False,,False,2024-11-11
SWGY13955,Myra Menon,myra.menon584@gmail.co,Jaipur,Frequent Orderer,False,+915215724895,True,2023-06-20
SWGY11933,Myra Menon,myra.menon662@hotmail.com,Gurugram,Frequent Orderer,False,,True,2024-01-24
SWGY15356,Myra Menon,myra.menon696@outlook.com,,New,False,+916768342690,False,2024-05-23
SWGY14875,Myra Menon,myra.menon761@hotmail.com,Noida,Frequent Orderer,False,+916921098309,True,2024-02-27
SWGY12807,Myra Menon,myra.menon817@yahoo.com,Hyderabad,Frequent Orderer,False,+915063483732,True,2024-12-23
SWGY10180,Myra Menon,myra.menon873@outlook.com,Chennai,New,False,+915611002255,False,2024-09-18
SWGY13305,Myra Nair,myra.nair194@yahoo.com,Pune,Frequent Orderer,False,+912308912294,True,2024-02-18
SWGY14460,Myra Nair,myra.nair347@gmail.co,Kolkata,New,False,+916157435513,False,2023-10-21
SWGY14910,Myra Nair,myra.nair640@gmail.com,Lucknow,Churned,True,+918525946308,False,2024-09-13
SWGY10457,Myra Nair,myra.nair664@outlook.com,Noida,New,False,+912269312163,True,2023-11-28
SWGY11719,Myra Nair,myra.nair714@hotmail.com,,New,False,+919653715573,True,2024-02-19
SWGY13550,Myra Patel,myra.patel103@gmail.co,,Dormant,False,+919890438100,True,2024-11-30
SWGY14422,Myra Patel,myra.patel131@outlook.com,,Frequent Orderer,False,+910360360827,False,2023-09-09
SWGY10711,Myra Patel,myra.patel154@gmail.co,Hyderabad,Dormant,False,+916084376855,False,2023-09-11
SWGY14740,Myra Patel,myra.patel338@gmail.com,Vijayawada,Swiggy One Member,True,+918850518097,False,2024-10-04
SWGY14838,Myra Patel,myra.patel410@yahoo.com,Mumbai,Swiggy One Member,True,+912738185569,False,2025-02-08
SWGY11432,Myra Patel,myra.patel519@gmail.co,Vijayawada,Dormant,False,+912385865392,False,2024-04-06
SWGY12153,Myra Patel,myra.patel607@yahoo.com,Mumbai,New,False,+913700889438,True,2025-03-29
SWGY11982,Myra Patel,myra.patel849@gmail.com,Nellore,Dormant,False,+910357965640,False,2024-01-13
SWGY10066,Myra Pillai,myra.pillai330@hotmail.com,Nellore,Frequent Orderer,False,,True,2023-07-13
SWGY13803,Myra Pillai,myra.pillai354@outlook.com,Lucknow,Dormant,False,+912876841816,False,2025-03-30
SWGY13364,Myra Pillai,myra.pillai41@yahoo.com,Noida,Churned,False,+911999465012,True,2024-07-19
SWGY10991,Myra Pillai,myra.pillai434@hotmail.com,Bengaluru,Frequent Orderer,False,+915158807053,False,2024-06-14
SWGY10736,Myra Pillai,myra.pillai46@outlook.com,Nellore,Swiggy One Member,True,+916917679935,True,2024-03-24
SWGY12944,Myra Pillai,myra.pillai814@gmail.co,Pune,Churned,False,+911567997281,False,2024-05-21
SWGY12206,Myra Pillai,myra.pillai892@outlook.com,Bengaluru,Dormant,False,,True,2024-01-17
SWGY12501,Myra Pillai,myra.pillai940@hotmail.com,Gurugram,New,False,+916190692395,False,2023-08-27
SWGY12784,Myra Pillai,myra.pillai990@gmail.co,Pune,New,False,+919677839075,True,2024-12-10
SWGY15454,Myra Rao,myra.rao331@yahoo.com,Vijayawada,Dormant,False,+913311320082,False,2023-10-19
SWGY15586,Myra Rao,myra.rao409@outlook.com,,New,False,+912699984508,False,2025-04-10
SWGY10677,Myra Rao,myra.rao601@yahoo.com,Hyderabad,Swiggy One Member,True,+910105875256,False,2025-05-24
SWGY15284,Myra Rao,myra.rao671@hotmail.com,Mumbai,New,False,,True,2024-06-05
SWGY10557,Myra Reddy,myra.reddy144@hotmail.com,Bengaluru,Frequent Orderer,False,+910416448595,True,2024-08-08
SWGY13943,Myra Reddy,myra.reddy212@yahoo.com,Kolkata,Swiggy One Member,True,+911711467530,True,2024-11-26
SWGY11044,Myra Reddy,myra.reddy371@gmail.co,Bengaluru,New,False,+917837031754,False,2024-09-14
SWGY13984,Myra Reddy,myra.reddy546@outlook.com,,Swiggy One Member,True,+918010999734,True,2024-06-19
SWGY10038,Myra Reddy,myra.reddy553@gmail.co,Gurugram,Frequent Orderer,False,,True,2025-05-06
SWGY13818,Myra Reddy,myra.reddy737@outlook.com,Delhi,Unclassified,True,+914093436886,True,2024-02-11
SWGY10006,Myra Sharma,myra.sharma109@outlook.com,Jaipur,Churned,False,+918932528809,False,2024-02-25
SWGY11295,Myra Sharma,myra.sharma301@gmail.com,,New,False,+912422241983,False,2025-05-10
SWGY10404,Myra Sharma,myra.sharma391@outlook.com,Mumbai,Swiggy One Member,True,+913600412577,False,2025-03-16
SWGY13393,Myra Sharma,myra.sharma440@gmail.co,Noida,Swiggy One Member,True,+910716239252,True,2025-01-01
SWGY11087,Myra Sharma,myra.sharma450@yahoo.com,Kolkata,New,False,+914982438843,False,2025-02-03
SWGY10032,Myra Sharma,myra.sharma596@outlook.com,Mumbai,Frequent Orderer,False,+918568557444,False,2024-03-28
SWGY11001,Myra Sharma,myra.sharma638@gmail.com,Noida,New,False,+915386028262,True,2024-02-13
SWGY13024,Myra Sharma,myra.sharma641@yahoo.com,Bengaluru,Frequent Orderer,False,+914023878930,False,2023-09-17
SWGY14061,Myra Sharma,myra.sharma701@outlook.com,Vijayawada,Frequent Orderer,True,+916356887955,True,2023-09-14
SWGY13203,Myra Sharma,myra.sharma790@hotmail.com,Lucknow,New,True,,True,2024-06-29
SWGY12217,Myra Shetty,myra.shetty267@gmail.com,Ahmedabad,Frequent Orderer,False,+917621874309,True,2024-02-10
SWGY14661,Myra Shetty,myra.shetty310@hotmail.com,Lucknow,Dormant,False,+910103174870,False,2025-02-06
SWGY14250,Myra Shetty,myra.shetty476@yahoo.com,Kochi,Churned,False,+917188285332,True,2025-02-16
SWGY11103,Myra Shetty,myra.shetty492@yahoo.com,Kolkata,New,False,+914043474125,False,2024-07-23
SWGY12241,Myra Shetty,myra.shetty521@outlook.com,Nellore,New,False,+910414505633,True,2024-05-23
SWGY12477,Myra Shetty,myra.shetty609@yahoo.com,Nellore,Frequent Orderer,False,,True,2024-06-24
SWGY12129,Myra Shetty,myra.shetty653@yahoo.com,Ahmedabad,Dormant,True,+918013702098,False,2023-12-03
SWGY10304,Myra Shetty,myra.shetty68@yahoo.com,Pune,Churned,False,+917116241124,True,2025-04-20
SWGY14952,Myra Shetty,myra.shetty758@hotmail.com,Jaipur,Frequent Orderer,False,+914370241052,False,2024-06-13
SWGY12672,Myra Shetty,myra.shetty803@gmail.com,Jaipur,Dormant,False,+913154344919,True,2025-01-17
SWGY13213,Myra Shetty,myra.shetty915@gmail.com,Vijayawada,Unclassified,False,+910451414688,False,2023-09-05
SWGY15347,Myra Singh,myra.singh122@gmail.co,Bengaluru,New,False,,True,2024-07-12
SWGY13066,Myra Singh,myra.singh30@gmail.co,Hyderabad,Frequent Orderer,False,+912300171955,True,2025-03-29
SWGY14494,Myra Singh,myra.singh365@gmail.co,Gurugram,Unclassified,False,+915448063446,False,2023-11-01
SWGY14323,Myra Singh,myra.singh534@gmail.co,Kochi,Dormant,False,+918628574331,False,2024-08-24
SWGY11398,Myra Singh,myra.singh577@gmail.com,Kolkata,New,False,+910647614427,True,2024-04-28
SWGY14539,Myra Singh,myra.singh820@hotmail.com,Chennai,Swiggy One Member,True,+916148546008,True,2023-07-03
SWGY13532,Myra Singh,myra.singh967@outlook.com,Pune,Frequent Orderer,False,+910674091260,True,2024-01-18
SWGY14429,Myra Verma,myra.verma154@outlook.com,Delhi,New,False,+913167208388,False,2024-08-11
SWGY13508,Myra Verma,myra.verma167@outlook.com,Hyderabad,Churned,False,+911694538455,False,2025-04-27
SWGY12315,Myra Verma,myra.verma275@hotmail.com,Ahmedabad,New,False,+915792578523,True,2024-09-09
SWGY12903,Myra Verma,myra.verma425@hotmail.com,Vijayawada,Swiggy One Member,True,+918189237104,False,2025-04-05
SWGY15660,Myra Verma,myra.verma591@yahoo.com,Kochi,Swiggy One Member,True,+919468277654,False,2024-08-26
SWGY14018,Myra Verma,myra.verma672@gmail.co,Hyderabad,Dormant,False,,False,2024-12-21
SWGY14564,Myra Verma,myra.verma679@gmail.co,Bengaluru,Frequent Orderer,False,,False,2023-11-07
SWGY11789,Myra Verma,myra.verma758@outlook.com,,Frequent Orderer,False,+914211175494,True,2024-03-09
SWGY10760,Myra Verma,myra.verma935@yahoo.com,Ahmedabad,Frequent Orderer,False,+914621276025,False,2024-09-03
SWGY14151,Navya Bose,navya.bose122@hotmail.com,Lucknow,Swiggy One Member,True,,False,2025-03-31
SWGY10878,Navya Bose,navya.bose142@gmail.co,Delhi,New,False,,True,2024-03-14
SWGY10199,Navya Bose,navya.bose217@gmail.co,Mumbai,New,False,,False,2024-04-08
SWGY10111,Navya Bose,navya.bose294@gmail.com,Kolkata,New,False,+916211823398,False,2023-06-13
SWGY11517,Navya Bose,navya.bose310@outlook.com,Ahmedabad,Dormant,False,+911919908213,False,2024-11-22
SWGY10252,Navya Bose,navya.bose31@outlook.com,Jaipur,New,False,+916647423122,False,2023-09-30
SWGY14845,Navya Bose,navya.bose372@gmail.co,Lucknow,Churned,False,,True,2023-08-31
SWGY11525,Navya Bose,navya.bose406@hotmail.com,Lucknow,Swiggy One Member,True,+913238004364,True,2023-12-29
SWGY13022,Navya Bose,navya.bose502@hotmail.com,Ahmedabad,New,False,+914808514966,False,2023-09-02
SWGY15725,Navya Bose,navya.bose513@gmail.co,Kolkata,Churned,False,+912980148137,True,2024-11-28
SWGY14601,Navya Bose,navya.bose60@yahoo.com,Gurugram,Frequent Orderer,False,+913472331227,False,2023-07-08
SWGY11632,Navya Bose,navya.bose65@hotmail.com,Ahmedabad,Unclassified,False,+913844781676,True,2024-09-01
SWGY13893,Navya Bose,navya.bose713@gmail.com,,Swiggy One Member,True,,False,2025-01-31
SWGY10980,Navya Bose,navya.bose730@outlook.com,Jaipur,Swiggy One Member,True,+912294252516,True,2024-02-08
SWGY10203,Navya Bose,navya.bose791@hotmail.com,Gurugram,Dormant,False,,True,2025-03-31
SWGY11586,Navya Bose,navya.bose81@yahoo.com,Gurugram,Frequent Orderer,False,+917531368593,True,2024-04-02
SWGY13484,Navya Bose,navya.bose83@outlook.com,Gurugram,Frequent Orderer,False,+916505809531,True,2023-11-11
SWGY15537,Navya Bose,navya.bose845@hotmail.com,Gurugram,New,False,+911319850452,False,2023-06-09
SWGY15183,Navya Bose,navya.bose853@outlook.com,Kochi,New,False,,False,2024-07-16
SWGY14481,Navya Bose,navya.bose879@outlook.com,Vijayawada,Swiggy One Member,True,+918413892888,True,2024-08-27
SWGY12137,Navya Bose,navya.bose910@gmail.com,Noida,Frequent Orderer,True,+918710365347,True,2025-03-16
SWGY10185,Navya Bose,navya.bose912@hotmail.com,Bengaluru,Dormant,False,+917550375899,False,2023-09-02
SWGY15311,Navya Bose,navya.bose92@hotmail.com,Bengaluru,New,False,+917342203770,True,2024-08-17
SWGY14112,Navya Chatterjee,navya.chatterjee18@gmail.com,Chennai,New,False,,True,2025-04-07
SWGY13157,Navya Chatterjee,navya.chatterjee315@hotmail.com,Bengaluru,Swiggy One Member,True,+919569110308,False,2024-07-11
SWGY12207,Navya Chatterjee,navya.chatterjee324@yahoo.com,Pune,New,False,+913049820700,False,2023-11-14
SWGY12513,Navya Chatterjee,navya.chatterjee382@gmail.co,Nellore,New,False,,False,2024-09-25
SWGY12893,Navya Chatterjee,navya.chatterjee464@gmail.co,Hyderabad,Dormant,False,+916635273600,True,2025-03-24
SWGY14722,Navya Chatterjee,navya.chatterjee656@outlook.com,Noida,New,False,+918071780988,True,2023-10-17
SWGY15710,Navya Chatterjee,navya.chatterjee775@outlook.com,Noida,Swiggy One Member,True,,False,2024-02-27
SWGY15109,Navya Chatterjee,navya.chatterjee829@hotmail.com,Ahmedabad,Dormant,False,+914967160890,True,2024-01-28
SWGY11630,Navya Chatterjee,navya.chatterjee892@gmail.com,,Dormant,False,+916089888501,False,2023-07-18
SWGY15125,Navya Chatterjee,navya.chatterjee919@outlook.com,Pune,New,False,+914525536228,True,2023-06-03
SWGY15933,Navya Chatterjee,navya.chatterjee950@yahoo.com,Nellore,Frequent Orderer,False,+919700259267,False,2025-05-15
SWGY14406,Navya Das,navya.das200@gmail.co,Mumbai,Dormant,False,+919456189134,False,2024-03-27
SWGY12564,Navya Das,navya.das420@yahoo.com,Lucknow,New,False,,True,2024-02-21
SWGY11622X,Navya Das,navya.das439@gmail.co,Chennai,Frequent Orderer,False,+918450156225,False,2023-07-17
SWGY11531,Navya Das,navya.das462@gmail.com,Ahmedabad,Churned,False,+919340991650,False,2023-07-27
SWGY13684,Navya Das,navya.das515@yahoo.com,Ahmedabad,Frequent Orderer,False,+915146354765,True,2023-07-09
SWGY15908,Navya Das,navya.das720@gmail.com,Kochi,Swiggy One Member,True,+915714147945,False,2023-09-25
SWGY12154,Navya Das,navya.das924@gmail.co,Gurugram,Dormant,False,+918041890244,True,2024-11-01
SWGY14493,Navya Das,navya.das924@hotmail.com,Chennai,New,True,+915168505293,True,2024-12-01
SWGY15215,Navya Das,navya.das944@outlook.com,Kochi,Unclassified,True,+915916960841,True,2025-02-09
SWGY12404,Navya Das,navya.das945@gmail.com,Jaipur,Dormant,False,+915444847920,True,2024-05-05
SWGY12494,Navya Gupta,navya.gupta193@yahoo.com,,Frequent Orderer,False,,True,2023-12-17
SWGY13450X,Navya Gupta,navya.gupta337@gmail.com,Lucknow,Swiggy One Member,True,,True,2024-02-20
SWGY10197,Navya Gupta,navya.gupta415@gmail.co,Vijayawada,Churned,False,+916180919015,True,2024-01-20
SWGY10158,Navya Gupta,navya.gupta442@yahoo.com,Pune,Churned,False,+916201533688,False,2025-01-29
SWGY13096,Navya Gupta,navya.gupta4@outlook.com,Lucknow,Frequent Orderer,False,+916101061958,False,2024-12-03
SWGY11215,Navya Gupta,navya.gupta57@gmail.co,Noida,Unclassified,True,,False,2025-05-18
SWGY10799,Navya Iyer,navya.iyer336@yahoo.com,Mumbai,Dormant,False,+916505871469,True,2025-04-05
SWGY13259,Navya Iyer,navya.iyer467@gmail.com,Kolkata,Unclassified,True,,True,2025-01-19
SWGY11878,Navya Iyer,navya.iyer576@hotmail.com,Noida,Dormant,False,+918852499196,True,2025-01-21
SWGY11082,Navya Iyer,navya.iyer589@outlook.com,Delhi,Frequent Orderer,False,+919087886538,False,2023-12-05
SWGY10789,Navya Iyer,navya.iyer642@gmail.com,Hyderabad,Dormant,False,+912730086966,False,2025-01-22
SWGY12109,Navya Iyer,navya.iyer729@hotmail.com,Chennai,New,False,+915724003031,False,2025-04-25
SWGY13820,Navya Iyer,navya.iyer841@gmail.com,Hyderabad,Churned,False,+917142720513,False,2023-12-15
SWGY11734,Navya Joshi,navya.joshi245@hotmail.com,Mumbai,Dormant,False,+917621577405,False,2025-04-07
SWGY13001,Navya Joshi,navya.joshi395@gmail.co,Lucknow,Swiggy One Member,True,+918433165098,False,2023-06-12
SWGY13175,Navya Joshi,navya.joshi519@hotmail.com,Chennai,Swiggy One Member,True,+910587686946,False,2024-04-30
SWGY14611,Navya Joshi,navya.joshi589@outlook.com,Nellore,Dormant,False,,True,2023-12-15
SWGY15813,Navya Joshi,navya.joshi594@gmail.co,Kochi,Swiggy One Member,True,+913174791486,True,2024-11-06
SWGY12102,Navya Joshi,navya.joshi620@hotmail.com,Chennai,Frequent Orderer,True,+918788477988,False,2025-02-20
SWGY13933,Navya Joshi,navya.joshi642@yahoo.com,Nellore,Dormant,False,+912354836625,False,2023-11-06
SWGY14645,Navya Joshi,navya.joshi643@outlook.com,Noida,New,False,+913631454615,True,2024-01-21
SWGY12247,Navya Joshi,navya.joshi656@yahoo.com,Kolkata,Frequent Orderer,False,,True,2025-01-07
SWGY11568,Navya Joshi,navya.joshi8@hotmail.com,Mumbai,Frequent Orderer,False,,False,2024-10-26
SWGY15566,Navya Joshi,navya.joshi904@gmail.com,,Swiggy One Member,True,+919730511496,False,2023-09-27
SWGY13681,Navya Kapoor,navya.kapoor110@yahoo.com,,Frequent Orderer,False,+910026745861,True,2025-05-24
SWGY10649,Navya Kapoor,navya.kapoor115@yahoo.com,Hyderabad,Frequent Orderer,True,+916211369572,False,2023-10-09
SWGY12627,Navya Kapoor,navya.kapoor202@hotmail.com,Ahmedabad,Frequent Orderer,False,+911031887277,False,2024-10-09
SWGY10105,Navya Kapoor,navya.kapoor327@gmail.co,Bengaluru,Churned,False,+914628733427,True,2024-05-18
SWGY10786,Navya Kapoor,navya.kapoor428@gmail.com,Delhi,Swiggy One Member,True,+912348389359,True,2024-07-12
SWGY13626,Navya Kapoor,navya.kapoor429@gmail.co,Nellore,Dormant,True,,True,2025-03-11
SWGY13152,Navya Kapoor,navya.kapoor463@gmail.co,Kolkata,Churned,False,+910363242866,False,2023-06-07
SWGY10959,Navya Kapoor,navya.kapoor544@outlook.com,Kolkata,Dormant,True,+918064420062,False,2024-04-01
SWGY15499,Navya Kapoor,navya.kapoor561@gmail.com,Nellore,New,False,+914080991250,True,2023-07-16
SWGY14097,Navya Kapoor,navya.kapoor611@hotmail.com,Nellore,Dormant,False,+916855131277,True,2024-07-27
SWGY11997,Navya Kapoor,navya.kapoor721@gmail.co,Kochi,Swiggy One Member,True,+919439137085,False,2024-02-11
SWGY10644,Navya Kapoor,navya.kapoor790@gmail.com,Vijayawada,Frequent Orderer,False,+910314998250,True,2024-07-03
SWGY15949,Navya Kapoor,navya.kapoor998@gmail.co,Jaipur,New,False,+918953008146,True,2023-06-26
SWGY12311,Navya Khan,navya.khan160@hotmail.com,Chennai,Dormant,False,,False,2024-03-03
SWGY10549,Navya Khan,navya.khan409@outlook.com,Chennai,Frequent Orderer,False,+914735047639,False,2025-04-22
SWGY14162,Navya Khan,navya.khan413@gmail.com,Kochi,Swiggy One Member,True,+918621649420,False,2023-09-01
SWGY14672,Navya Khan,navya.khan438@gmail.com,Kolkata,Swiggy One Member,True,+911725401486,False,2024-02-18
SWGY10635,Navya Khan,navya.khan568@yahoo.com,Mumbai,Frequent Orderer,False,+919079779612,True,2025-02-08
SWGY15022,Navya Khan,navya.khan675@gmail.com,Vijayawada,Dormant,False,+910857880045,False,2024-07-02
SWGY12299,Navya Khan,navya.khan675@outlook.com,Chennai,Swiggy One Member,True,+915039863834,True,2025-05-20
SWGY12329,Navya Khan,navya.khan750@yahoo.com,Pune,Unclassified,True,+914057411935,True,2024-05-30
SWGY10848,Navya Khan,navya.khan779@yahoo.com,Mumbai,New,False,+916488208934,False,2024-06-30
SWGY13405,Navya Khan,navya.khan815@yahoo.com,Jaipur,Churned,False,+919810534053,True,2024-11-01
SWGY15032,Navya Khan,navya.khan876@yahoo.com,Jaipur,New,False,,True,2024-05-09
SWGY14623,Navya Khan,navya.khan894@gmail.co,Lucknow,New,False,,True,2023-10-20
SWGY13977,Navya Khan,navya.khan994@hotmail.com,Lucknow,Dormant,False,+912048681820,True,2023-08-27
SWGY13118,Navya Malhotra,navya.malhotra287@gmail.co,Kolkata,Swiggy One Member,True,,False,2025-03-14
SWGY15745,Navya Malhotra,navya.malhotra321@gmail.com,Jaipur,Swiggy One Member,True,+912509917156,False,2023-09-26
SWGY15894,Navya Malhotra,navya.malhotra382@gmail.com,,Unclassified,False,+916493972390,True,2024-09-07
SWGY15835,Navya Malhotra,navya.malhotra39@yahoo.com,Delhi,Swiggy One Member,True,+917636672374,False,2024-07-19
SWGY11015,Navya Malhotra,navya.malhotra465@yahoo.com,,Dormant,False,+919008899114,True,2024-02-10
SWGY12756,Navya Malhotra,navya.malhotra557@hotmail.com,Lucknow,Swiggy One Member,True,+914822332284,False,2025-03-21
SWGY12790,Navya Malhotra,navya.malhotra639@gmail.co,Noida,Frequent Orderer,False,+911988874473,False,2023-08-23
SWGY10606,Navya Malhotra,navya.malhotra789@gmail.com,Noida,Swiggy One Member,True,+915573257375,True,2024-03-25
SWGY13389,Navya Malhotra,navya.malhotra812@outlook.com,Pune,Dormant,False,,False,2025-03-21
SWGY13970,Navya Malhotra,navya.malhotra829@gmail.com,Delhi,Frequent Orderer,False,+919412547246,False,2024-08-16
SWGY14314,Navya Malhotra,navya.malhotra985@hotmail.com,Gurugram,New,False,,True,2025-03-16
SWGY15534,Navya Mehta,navya.mehta111@gmail.com,Noida,Swiggy One Member,True,+917118129871,True,2024-09-17
SWGY11987,Navya Mehta,navya.mehta115@hotmail.com,Vijayawada,Dormant,False,+918304154474,True,2025-05-01
SWGY11146,Navya Mehta,navya.mehta117@outlook.com,Gurugram,Swiggy One Member,True,+916482308829,True,2024-06-06
SWGY12630,Navya Mehta,navya.mehta260@gmail.co,Ahmedabad,Frequent Orderer,False,+910170593967,True,2024-11-03
SWGY15204,Navya Mehta,navya.mehta278@gmail.com,Mumbai,Frequent Orderer,False,+912381290421,True,2023-07-08
SWGY10933,Navya Mehta,navya.mehta317@gmail.com,,Unclassified,False,+913656045006,False,2024-07-15
SWGY15237,Navya Mehta,navya.mehta391@gmail.co,Chennai,Dormant,False,+919155487289,False,2024-06-17
SWGY12980,Navya Mehta,navya.mehta440@gmail.com,Ahmedabad,Frequent Orderer,True,,True,2023-10-05
SWGY12933,Navya Mehta,navya.mehta516@outlook.com,Gurugram,New,False,,False,2023-12-10
SWGY11086,Navya Mehta,navya.mehta602@outlook.com,Noida,Swiggy One Member,True,,False,2024-04-11
SWGY12391,Navya Mehta,navya.mehta721@yahoo.com,Hyderabad,Swiggy One Member,True,+915417939431,True,2023-08-02
SWGY15150,Navya Mehta,navya.mehta876@hotmail.com,Jaipur,Frequent Orderer,False,+915557059339,False,2024-12-27
SWGY11069,Navya Mehta,navya.mehta93@yahoo.com,Hyderabad,Dormant,False,+913414992900,True,2025-01-24
SWGY13510,Navya Mehta,navya.mehta947@gmail.com,Ahmedabad,New,False,+915865115035,False,2024-04-25
SWGY14630,Navya Menon,navya.menon284@gmail.co,Mumbai,Swiggy One Member,True,+918471368643,False,2024-11-14
SWGY13495,Navya Menon,navya.menon305@yahoo.com,Chennai,New,False,+917667400184,True,2024-07-31
SWGY15098,Navya Menon,navya.menon320@outlook.com,Pune,New,True,+915400621748,True,2025-04-09
SWGY14636,Navya Menon,navya.menon695@gmail.co,Bengaluru,Dormant,False,+911210726427,False,2024-07-19
SWGY15383,Navya Menon,navya.menon81@outlook.com,Nellore,New,False,+913345375021,True,2024-01-16
SWGY11621,Navya Nair,navya.nair142@gmail.co,Gurugram,Dormant,False,,False,2023-10-27
SWGY13021,Navya Nair,navya.nair150@hotmail.com,Bengaluru,Churned,False,+919401541506,False,2023-12-24
SWGY14030,Navya Nair,navya.nair394@outlook.com,,Frequent Orderer,False,+919484645569,False,2024-03-23
SWGY14186,Navya Nair,navya.nair408@yahoo.com,Delhi,Swiggy One Member,True,+915916543496,False,2024-09-13
SWGY14734,Navya Nair,navya.nair474@gmail.co,Chennai,New,True,,False,2024-06-01
SWGY12686,Navya Nair,navya.nair550@yahoo.com,Nellore,Swiggy One Member,True,+916821636297,False,2025-04-13
SWGY12640,Navya Nair,navya.nair617@hotmail.com,Mumbai,Unclassified,False,+912243121255,True,2025-02-25
SWGY13142X,Navya Nair,navya.nair763@yahoo.com,Mumbai,Frequent Orderer,False,+913173880222,True,2023-10-25
SWGY12731,Navya Nair,navya.nair861@yahoo.com,Nellore,Swiggy One Member,True,+915073984855,False,2025-05-01
SWGY10376,Navya Nair,navya.nair934@hotmail.com,Kochi,Swiggy One Member,True,+910794200749,False,2024-02-07
SWGY13934,Navya Patel,navya.patel152@gmail.com,Delhi,Swiggy One Member,True,,True,2024-01-07
SWGY14367,Navya Patel,navya.patel46@gmail.com,Vijayawada,Frequent Orderer,False,+915787970415,True,2023-08-06
SWGY15092,Navya Patel,navya.patel539@yahoo.com,,Churned,False,,True,2024-01-01
SWGY15581,Navya Patel,navya.patel88@yahoo.com,Delhi,New,False,+911519474288,True,2024-04-13
SWGY14848,Navya Patel,navya.patel895@yahoo.com,Pune,Dormant,False,+913443121690,False,2023-09-01
SWGY14324,Navya Pillai,navya.pillai22@gmail.co,Kolkata,New,False,,True,2023-08-09
SWGY13185,Navya Pillai,navya.pillai240@outlook.com,,New,False,,False,2023-10-28
SWGY11554,Navya Pillai,navya.pillai343@yahoo.com,Pune,New,False,,False,2025-02-20
SWGY13396,Navya Pillai,navya.pillai499@hotmail.com,Bengaluru,Dormant,True,+911868938395,True,2023-09-08
SWGY13772,Navya Pillai,navya.pillai560@gmail.co,Ahmedabad,Dormant,False,+918331839021,True,2024-10-09
SWGY12475,Navya Pillai,navya.pillai604@gmail.co,Chennai,Dormant,False,+912459798982,True,2024-10-13
SWGY15488,Navya Pillai,navya.pillai606@gmail.co,Mumbai,New,False,+916976784123,False,2023-12-01
SWGY12119,Navya Pillai,navya.pillai796@yahoo.com,Nellore,Dormant,False,+919657537644,True,2023-08-17
SWGY11456,Navya Pillai,navya.pillai925@hotmail.com,Bengaluru,New,False,+918097186142,True,2024-01-30
SWGY15506,Navya Rao,navya.rao13@outlook.com,Gurugram,Dormant,False,+914571267728,True,2024-11-25
SWGY11260,Navya Rao,navya.rao202@outlook.com,Kolkata,New,False,+919390773729,True,2024-09-17
SWGY14542,Navya Rao,navya.rao236@gmail.com,Hyderabad,New,False,+910352947239,False,2023-09-24
SWGY12254,Navya Rao,navya.rao305@hotmail.com,Lucknow,Swiggy One Member,True,+919800557338,True,2024-01-01
SWGY11785,Navya Rao,navya.rao370@hotmail.com,Nellore,Swiggy One Member,True,,False,2024-12-29
SWGY14214,Navya Rao,navya.rao37@yahoo.com,Pune,Frequent Orderer,False,+917611564058,True,2024-08-14
SWGY13230,Navya Rao,navya.rao491@hotmail.com,,Swiggy One Member,True,+916408344434,True,2023-12-18
SWGY12095,Navya Rao,navya.rao505@gmail.co,Bengaluru,Unclassified,False,+911573685070,True,2025-01-09
SWGY11685,Navya Rao,navya.rao597@outlook.com,Jaipur,Frequent Orderer,False,+913305915419,True,2024-06-02
SWGY11814,Navya Rao,navya.rao686@hotmail.com,Nellore,Swiggy One Member,True,+914951659919,True,2024-12-24
SWGY15157,Navya Rao,navya.rao710@outlook.com,Jaipur,Swiggy One Member,True,+910188678265,True,2024-07-30
SWGY11832,Navya Rao,navya.rao759@outlook.com,Vijayawada,Unclassified,False,,False,2024-03-30
SWGY15466,Navya Rao,navya.rao88@gmail.com,Chennai,Frequent Orderer,False,+913795712821,False,2024-03-23
SWGY12173,Navya Reddy,navya.reddy111@outlook.com,Nellore,Dormant,True,,False,2024-09-20
SWGY12874,Navya Reddy,navya.reddy147@gmail.co,Pune,Swiggy One Member,True,+914433731402,True,2025-01-01
SWGY10692,Navya Reddy,navya.reddy191@gmail.com,Noida,New,True,+917165609456,False,2023-12-13
SWGY13378,Navya Reddy,navya.reddy225@outlook.com,Delhi,Churned,False,+914223177816,True,2025-05-08
SWGY15665,Navya Reddy,navya.reddy29@hotmail.com,Kolkata,New,False,+918370295212,True,2025-04-26
SWGY13032,Navya Reddy,navya.reddy307@gmail.co,Vijayawada,Frequent Orderer,False,,False,2024-10-18
SWGY12490,Navya Reddy,navya.reddy341@gmail.com,Vijayawada,Frequent Orderer,False,+918175760180,False,2024-11-29
SWGY10523,Navya Reddy,navya.reddy34@outlook.com,,Churned,False,+913502385037,False,2024-09-25
SWGY10390,Navya Reddy,navya.reddy369@gmail.com,Delhi,Frequent Orderer,False,+913342342583,True,2024-03-24
SWGY11642,Navya Reddy,navya.reddy631@gmail.com,,New,False,+917005229184,True,2024-07-16
SWGY10202,Navya Reddy,navya.reddy880@yahoo.com,Delhi,Swiggy One Member,True,,True,2025-03-23
SWGY12059,Navya Reddy,navya.reddy939@outlook.com,Pune,Dormant,False,+913187989763,False,2023-07-03
SWGY12540,Navya Reddy,navya.reddy95@outlook.com,Pune,Dormant,False,,False,2024-09-23
SWGY15428,Navya Reddy,navya.reddy995@yahoo.com,Bengaluru,New,False,+916910057964,True,2024-10-06
SWGY11700,Navya Sharma,navya.sharma319@hotmail.com,Lucknow,New,False,+917186442624,True,2024-03-13
SWGY10016,Navya Sharma,navya.sharma37@outlook.com,Mumbai,Churned,False,,False,2023-08-17
SWGY10379,Navya Sharma,navya.sharma386@hotmail.com,Lucknow,Frequent Orderer,False,,False,2025-04-18
SWGY14957,Navya Sharma,navya.sharma399@yahoo.com,Vijayawada,Dormant,False,+915680428503,False,2025-02-12
SWGY13832,Navya Sharma,navya.sharma55@gmail.com,Chennai,Frequent Orderer,False,+913885978719,True,2024-10-14
SWGY11585,Navya Sharma,navya.sharma568@hotmail.com,Pune,Churned,False,,True,2023-07-18
SWGY13850,Navya Sharma,navya.sharma689@yahoo.com,Chennai,Frequent Orderer,False,+913500376600,True,2023-09-30
SWGY13679,Navya Sharma,navya.sharma884@outlook.com,Chennai,Churned,False,,False,2024-03-17
SWGY15592,Navya Sharma,navya.sharma97@outlook.com,Noida,Dormant,False,+912564987674,True,2024-07-07
SWGY15190,Navya Shetty,navya.shetty174@yahoo.com,Bengaluru,Dormant,False,+913887769399,True,2023-10-07
SWGY15950,Navya Shetty,navya.shetty220@yahoo.com,Pune,Dormant,False,+919363334438,False,2023-07-05
SWGY13534,Navya Shetty,navya.shetty269@gmail.com,Chennai,Swiggy One Member,True,+912422960691,False,2024-07-01
SWGY13160,Navya Shetty,navya.shetty289@outlook.com,Vijayawada,Frequent Orderer,False,,False,2023-10-24
SWGY11717,Navya Shetty,navya.shetty347@hotmail.com,Delhi,Frequent Orderer,False,+918276774239,True,2023-07-09
SWGY13329,Navya Shetty,navya.shetty392@gmail.com,Jaipur,Frequent Orderer,False,,True,2024-07-03
SWGY10525,Navya Shetty,navya.shetty566@gmail.co,Noida,Swiggy One Member,True,+916266821719,True,2024-06-23
SWGY15951,Navya Shetty,navya.shetty571@yahoo.com,Hyderabad,Churned,False,+915656254340,True,2024-12-19
SWGY15069,Navya Shetty,navya.shetty950@yahoo.com,Noida,Frequent Orderer,False,+910860642772,True,2023-09-24
SWGY14529,Navya Singh,navya.singh12@gmail.co,Delhi,Swiggy One Member,True,+916424581972,True,2024-12-20
SWGY13156,Navya Singh,navya.singh13@yahoo.com,Hyderabad,Swiggy One Member,True,+911566705330,False,2024-11-13
SWGY14609,Navya Singh,navya.singh246@outlook.com,Hyderabad,New,False,,True,2023-10-22
SWGY12426,Navya Singh,navya.singh283@yahoo.com,Noida,Dormant,False,+913057925173,False,2025-03-03
SWGY13182,Navya Singh,navya.singh38@yahoo.com,Ahmedabad,Dormant,False,+910835889743,True,2024-03-14
SWGY11365,Navya Singh,navya.singh495@gmail.co,Kochi,Frequent Orderer,False,+911621720488,True,2024-09-19
SWGY14884,Navya Singh,navya.singh600@yahoo.com,Chennai,Frequent Orderer,False,+910553782915,False,2023-09-08
SWGY11023,Navya Singh,navya.singh764@yahoo.com,Nellore,Frequent Orderer,True,,False,2023-10-25
SWGY11508,Navya Singh,navya.singh909@hotmail.com,Hyderabad,Frequent Orderer,False,+911080153374,False,2024-05-30
SWGY10486,Navya Singh,navya.singh958@yahoo.com,Jaipur,Dormant,False,+919117911244,False,2024-06-22
SWGY14596,Navya Singh,navya.singh974@gmail.co,Bengaluru,Unclassified,False,+914227690362,False,2023-07-27
SWGY13076,Navya Singh,navya.singh987@hotmail.com,Pune,New,False,+918856069456,True,2025-03-13
SWGY11866,Navya Singh,navya.singh997@yahoo.com,Nellore,Frequent Orderer,False,+916543999428,False,2024-03-15
SWGY10129,Navya Verma,navya.verma105@yahoo.com,Kochi,Swiggy One Member,True,,False,2024-08-25
SWGY12563,Navya Verma,navya.verma184@gmail.com,Ahmedabad,New,True,+913955121698,True,2023-08-18
SWGY10811,Navya Verma,navya.verma241@hotmail.com,Vijayawada,Dormant,True,+915622586605,False,2023-10-13
SWGY15493,Navya Verma,navya.verma50@gmail.co,Hyderabad,Churned,False,+919085879414,False,2023-11-01
SWGY14614,Navya Verma,navya.verma549@gmail.co,Mumbai,Frequent Orderer,False,+916714227541,False,2024-01-31
SWGY10343,Navya Verma,navya.verma621@hotmail.com,Bengaluru,Churned,False,+910048964652,True,2024-05-06
SWGY13512,Navya Verma,navya.verma624@hotmail.com,Lucknow,Churned,False,,False,2023-06-25
SWGY12762,Navya Verma,navya.verma673@yahoo.com,,Dormant,False,,False,2025-01-09
SWGY13045,Navya Verma,navya.verma674@yahoo.com,Gurugram,New,False,+914513640294,True,2024-06-01
SWGY14296,Navya Verma,navya.verma809@hotmail.com,Pune,Dormant,False,+913782625945,True,2024-02-10
SWGY14699X,Navya Verma,navya.verma826@outlook.com,Hyderabad,Churned,False,+913710458260,True,2025-03-14
SWGY15727,Navya Verma,navya.verma855@outlook.com,Jaipur,Dormant,False,,True,2024-03-30
SWGY13424,Navya Verma,navya.verma91@hotmail.com,,Swiggy One Member,True,,False,2025-03-26
SWGY13580,Navya Verma,navya.verma922@gmail.co,Delhi,Unclassified,True,,False,2023-07-04
SWGY13357,Neha Bose,neha.bose127@gmail.com,Pune,Dormant,False,+910832121617,False,2024-01-03
SWGY11871,Neha Bose,neha.bose222@hotmail.com,Ahmedabad,Swiggy One Member,True,+915160269577,False,2025-01-20
SWGY14812,Neha Bose,neha.bose372@yahoo.com,Lucknow,Frequent Orderer,True,+918528386647,False,2024-09-17
SWGY15080,Neha Bose,neha.bose560@yahoo.com,Ahmedabad,Dormant,False,+915968317482,False,2025-05-16
SWGY14099,Neha Bose,neha.bose5@hotmail.com,Pune,Unclassified,False,+919817911598,False,2025-05-14
SWGY14851,Neha Bose,neha.bose624@yahoo.com,Delhi,Churned,True,+913282015506,True,2025-04-14
SWGY15558X,Neha Bose,neha.bose769@gmail.com,Ahmedabad,Swiggy One Member,True,+910567721360,False,2023-07-28
SWGY14098,Neha Bose,neha.bose858@yahoo.com,Mumbai,Swiggy One Member,True,+911291516394,True,2024-06-01
SWGY13017,Neha Bose,neha.bose913@gmail.com,Kolkata,New,False,+911472229453,True,2024-02-12
SWGY15005,Neha Chatterjee,neha.chatterjee216@yahoo.com,Ahmedabad,Dormant,True,+914497501482,False,2025-04-10
SWGY14945,Neha Chatterjee,neha.chatterjee284@gmail.com,Mumbai,Frequent Orderer,True,,True,2024-03-21
SWGY10160,Neha Chatterjee,neha.chatterjee397@yahoo.com,Gurugram,Dormant,False,+916527047743,False,2024-10-13
SWGY12143,Neha Chatterjee,neha.chatterjee492@gmail.co,Chennai,Frequent Orderer,False,,True,2024-06-30
SWGY10121,Neha Chatterjee,neha.chatterjee519@gmail.co,Mumbai,Churned,False,+915891135290,False,2024-09-02
SWGY11727,Neha Chatterjee,neha.chatterjee574@gmail.co,Gurugram,Churned,False,,True,2024-02-18
SWGY15525,Neha Chatterjee,neha.chatterjee633@gmail.co,,Dormant,True,,True,2024-02-04
SWGY12679,Neha Chatterjee,neha.chatterjee641@gmail.co,Ahmedabad,Swiggy One Member,True,+911341452448,False,2024-08-19
SWGY12648,Neha Chatterjee,neha.chatterjee746@hotmail.com,Kolkata,New,False,+916027316035,True,2024-04-27
SWGY15718,Neha Chatterjee,neha.chatterjee810@hotmail.com,Gurugram,New,False,,False,2024-09-12
SWGY12281,Neha Das,neha.das153@gmail.co,Chennai,New,False,+912738696648,True,2025-03-13
SWGY15545,Neha Das,neha.das327@gmail.com,Bengaluru,Frequent Orderer,False,+917685344346,True,2024-06-25
SWGY14246,Neha Das,neha.das595@hotmail.com,Pune,Frequent Orderer,False,+915091814983,False,2023-06-18
SWGY12973,Neha Das,neha.das630@gmail.com,Ahmedabad,New,False,,False,2025-04-22
SWGY10265,Neha Das,neha.das642@hotmail.com,Mumbai,Frequent Orderer,True,+919962914504,False,2023-10-31
SWGY11712,Neha Das,neha.das774@gmail.co,Jaipur,Swiggy One Member,True,+919324707926,False,2023-12-20
SWGY12169,Neha Das,neha.das964@gmail.co,Vijayawada,New,False,+915557486328,False,2024-03-24
SWGY12869,Neha Gupta,neha.gupta103@gmail.com,Kochi,Swiggy One Member,True,+913173499632,False,2025-05-04
SWGY13712,Neha Gupta,neha.gupta258@hotmail.com,,Unclassified,False,+915224994989,False,2024-04-10
SWGY10941,Neha Gupta,neha.gupta268@outlook.com,Lucknow,Swiggy One Member,True,+913456631138,False,2025-01-08
SWGY15899,Neha Gupta,neha.gupta328@yahoo.com,Delhi,Dormant,False,+917326377343,True,2024-11-01
SWGY12557,Neha Gupta,neha.gupta430@outlook.com,Vijayawada,Dormant,False,,False,2025-02-19
SWGY12787,Neha Iyer,neha.iyer137@yahoo.com,Nellore,Dormant,True,+913511748636,True,2024-01-16
SWGY11769,Neha Iyer,neha.iyer254@hotmail.com,Ahmedabad,Frequent Orderer,False,+910122016318,True,2023-12-26
SWGY15020,Neha Iyer,neha.iyer375@gmail.co,Nellore,Dormant,False,+918847154159,True,2024-03-01
SWGY15640,Neha Iyer,neha.iyer380@hotmail.com,Jaipur,Frequent Orderer,False,+917601721982,False,2024-01-12
SWGY10446,Neha Iyer,neha.iyer399@yahoo.com,Pune,Frequent Orderer,False,+911022580305,False,2024-07-14
SWGY15621,Neha Iyer,neha.iyer432@hotmail.com,Kolkata,Frequent Orderer,False,+915931002298,False,2025-04-27
SWGY14414,Neha Iyer,neha.iyer44@hotmail.com,Delhi,New,False,+910170569490,True,2025-03-23
SWGY10977,Neha Iyer,neha.iyer490@yahoo.com,Mumbai,Churned,False,,True,2024-04-27
SWGY15892,Neha Iyer,neha.iyer493@gmail.co,Bengaluru,Frequent Orderer,False,+915027322243,False,2024-06-18
SWGY11493,Neha Iyer,neha.iyer635@hotmail.com,Vijayawada,Frequent Orderer,False,+919798877544,True,2023-12-03
SWGY15641,Neha Iyer,neha.iyer877@gmail.co,Noida,Churned,False,,True,2023-08-28
SWGY10235,Neha Joshi,neha.joshi257@gmail.com,Jaipur,New,False,,True,2023-12-15
SWGY10325,Neha Joshi,neha.joshi268@hotmail.com,Hyderabad,Swiggy One Member,True,+918800616756,True,2024-03-27
SWGY15388,Neha Joshi,neha.joshi506@gmail.com,Gurugram,Frequent Orderer,False,+914383275070,True,2024-06-28
SWGY14691,Neha Joshi,neha.joshi517@yahoo.com,Kochi,Churned,True,,False,2023-10-25
SWGY13590,Neha Joshi,neha.joshi585@gmail.com,Mumbai,Dormant,False,+910465274045,True,2025-05-15
SWGY14886,Neha Joshi,neha.joshi646@gmail.com,Delhi,Swiggy One Member,True,+913805083350,True,2024-06-19
SWGY14041,Neha Joshi,neha.joshi653@gmail.com,Kolkata,New,False,+911939020014,False,2024-08-01
SWGY12711,Neha Joshi,neha.joshi66@outlook.com,Vijayawada,Churned,False,+919014090544,True,2025-04-11
SWGY14573,Neha Joshi,neha.joshi73@yahoo.com,Delhi,Frequent Orderer,False,+913404721174,True,2024-07-19
SWGY10912,Neha Joshi,neha.joshi740@outlook.com,Kolkata,Dormant,False,+915365974669,False,2025-01-21
SWGY13084,Neha Joshi,neha.joshi962@hotmail.com,Ahmedabad,Dormant,False,+915149400746,False,2024-04-22
SWGY12953,Neha Kapoor,neha.kapoor112@yahoo.com,Vijayawada,New,True,+914658365998,False,2024-07-02
SWGY14028,Neha Kapoor,neha.kapoor163@gmail.com,,New,False,+918390684005,False,2024-04-08
SWGY14552,Neha Kapoor,neha.kapoor233@gmail.com,Ahmedabad,Dormant,False,,True,2024-11-15
SWGY12947,Neha Kapoor,neha.kapoor287@gmail.com,Pune,Churned,False,+912109162696,True,2024-08-03
SWGY13471,Neha Kapoor,neha.kapoor403@gmail.com,Kochi,Unclassified,False,+910726076851,True,2023-07-11
SWGY14565,Neha Kapoor,neha.kapoor526@outlook.com,Jaipur,New,False,+914000237673,False,2024-06-29
SWGY13488,Neha Kapoor,neha.kapoor534@yahoo.com,Kochi,Frequent Orderer,False,+915663882822,False,2025-05-29
SWGY13838,Neha Kapoor,neha.kapoor638@hotmail.com,Delhi,Swiggy One Member,True,+919401898926,False,2024-10-08
SWGY14154,Neha Kapoor,neha.kapoor829@yahoo.com,Pune,Swiggy One Member,True,+911490066632,False,2023-09-09
SWGY13432,Neha Kapoor,neha.kapoor852@gmail.com,Hyderabad,Frequent Orderer,False,+911780655026,True,2024-04-13
SWGY13418,Neha Kapoor,neha.kapoor884@gmail.com,Delhi,Churned,True,+910848296046,False,2023-08-09
SWGY10553,Neha Khan,neha.khan103@outlook.com,Kolkata,Dormant,False,+919764613684,False,2024-11-06
SWGY15729,Neha Khan,neha.khan126@outlook.com,Nellore,Frequent Orderer,False,+918195896676,False,2024-07-08
SWGY14555,Neha Khan,neha.khan267@gmail.com,,New,True,+910637631586,True,2025-02-17
SWGY12132,Neha Khan,neha.khan454@yahoo.com,Mumbai,Frequent Orderer,False,,True,2023-12-29
SWGY11251,Neha Khan,neha.khan492@gmail.co,Vijayawada,New,False,,True,2024-11-30
SWGY13271,Neha Khan,neha.khan572@yahoo.com,Gurugram,Frequent Orderer,False,+911376835281,True,2024-06-23
SWGY12394X,Neha Khan,neha.khan679@gmail.com,Kolkata,Frequent Orderer,True,+910617356316,False,2024-05-30
SWGY11638,Neha Khan,neha.khan692@gmail.co,Pune,Frequent Orderer,False,,False,2025-01-19
SWGY10133,Neha Khan,neha.khan857@gmail.co,Lucknow,Dormant,True,+912770632424,False,2025-04-29
SWGY13949,Neha Malhotra,neha.malhotra150@gmail.com,Mumbai,Frequent Orderer,False,+912725967347,False,2024-07-23
SWGY15014,Neha Malhotra,neha.malhotra365@gmail.co,Mumbai,Swiggy One Member,True,+915637008251,False,2025-01-29
SWGY14366,Neha Malhotra,neha.malhotra595@gmail.com,Gurugram,Unclassified,False,+916741829430,True,2024-05-28
SWGY13262,Neha Malhotra,neha.malhotra656@yahoo.com,Chennai,Frequent Orderer,True,+919776631009,False,2024-12-28
SWGY12845,Neha Malhotra,neha.malhotra826@gmail.co,Noida,Frequent Orderer,False,+918677895324,False,2025-03-07
SWGY10143,Neha Malhotra,neha.malhotra866@outlook.com,Bengaluru,New,False,+918705349493,False,2024-07-15
SWGY10613,Neha Malhotra,neha.malhotra8@gmail.co,Pune,Frequent Orderer,True,,True,2024-10-02
SWGY11315,Neha Mehta,neha.mehta298@outlook.com,Pune,Frequent Orderer,False,+918565352326,True,2024-07-12
SWGY12321,Neha Mehta,neha.mehta387@gmail.com,Noida,Dormant,False,+919429921192,False,2024-09-02
SWGY11883,Neha Mehta,neha.mehta411@gmail.com,Jaipur,Frequent Orderer,False,+911743040256,False,2024-10-20
SWGY15176,Neha Mehta,neha.mehta429@gmail.com,Mumbai,Swiggy One Member,True,+917667157187,False,2023-09-21
SWGY11357,Neha Mehta,neha.mehta540@hotmail.com,Gurugram,Unclassified,False,+917072288341,False,2024-02-01
SWGY14369,Neha Mehta,neha.mehta666@hotmail.com,Gurugram,Swiggy One Member,True,+910974993757,True,2024-05-05
SWGY13036,Neha Mehta,neha.mehta828@gmail.co,Noida,Dormant,False,,False,2024-11-25
SWGY13112,Neha Mehta,neha.mehta934@hotmail.com,Vijayawada,Swiggy One Member,True,+917303659077,True,2025-05-15
SWGY13636,Neha Menon,neha.menon206@gmail.com,Hyderabad,Frequent Orderer,False,+910669580494,True,2024-06-30
SWGY13891,Neha Menon,neha.menon206@yahoo.com,Mumbai,Dormant,False,+910655976135,True,2025-02-09
SWGY15704,Neha Menon,neha.menon226@gmail.com,Kolkata,Frequent Orderer,True,+916182090892,False,2024-02-09
SWGY11848,Neha Menon,neha.menon331@yahoo.com,Ahmedabad,Swiggy One Member,True,,False,2024-11-12
SWGY15946,Neha Menon,neha.menon333@outlook.com,Noida,Swiggy One Member,True,,True,2024-07-18
SWGY12574,Neha Menon,neha.menon358@gmail.com,Jaipur,Frequent Orderer,False,+913474296364,False,2023-09-15
SWGY15370,Neha Menon,neha.menon464@gmail.com,Lucknow,Churned,False,+912068086366,False,2024-05-07
SWGY12452,Neha Menon,neha.menon608@yahoo.com,Kolkata,New,False,,True,2024-10-06
SWGY12729,Neha Menon,neha.menon616@outlook.com,Ahmedabad,New,False,+915259137206,False,2024-07-11
SWGY12541,Neha Menon,neha.menon686@gmail.com,Lucknow,Churned,False,+914661995417,False,2024-11-25
SWGY15952,Neha Menon,neha.menon744@hotmail.com,Ahmedabad,New,False,,False,2025-04-20
SWGY11129,Neha Menon,neha.menon777@gmail.co,Hyderabad,Swiggy One Member,True,,False,2024-01-05
SWGY13347,Neha Menon,neha.menon812@hotmail.com,Delhi,New,False,+912693609970,True,2023-08-07
SWGY11628,Neha Menon,neha.menon851@outlook.com,Pune,Swiggy One Member,True,+912168335766,True,2024-05-30
SWGY11100,Neha Menon,neha.menon892@outlook.com,Jaipur,Swiggy One Member,True,+919134103897,False,2025-03-29
SWGY13557,Neha Menon,neha.menon91@outlook.com,Ahmedabad,Frequent Orderer,False,,True,2023-07-28
SWGY11273,Neha Nair,neha.nair250@hotmail.com,Bengaluru,Dormant,False,+919034502958,True,2023-10-13
SWGY15368,Neha Nair,neha.nair416@gmail.co,Noida,Churned,False,+918813528590,True,2024-06-27
SWGY13558,Neha Nair,neha.nair65@gmail.co,Pune,Frequent Orderer,False,+914376018325,False,2024-05-02
SWGY13197,Neha Nair,neha.nair691@gmail.com,Jaipur,Frequent Orderer,False,,False,2025-03-18
SWGY10624,Neha Nair,neha.nair73@yahoo.com,Ahmedabad,Frequent Orderer,False,+914261923724,False,2024-08-03
SWGY12024,Neha Nair,neha.nair76@outlook.com,Pune,New,True,,False,2025-02-11
SWGY12596,Neha Nair,neha.nair885@gmail.com,Chennai,Frequent Orderer,False,+916323813705,True,2023-07-30
SWGY13804,Neha Patel,neha.patel122@hotmail.com,Noida,New,False,,True,2024-07-08
SWGY13591,Neha Patel,neha.patel181@gmail.co,Mumbai,Unclassified,True,+912947299263,True,2025-03-10
SWGY15605,Neha Patel,neha.patel366@hotmail.com,Bengaluru,New,False,+917573954092,False,2024-10-29
SWGY11028,Neha Patel,neha.patel388@hotmail.com,Chennai,Frequent Orderer,False,+911215649525,False,2023-07-25
SWGY15141,Neha Patel,neha.patel514@hotmail.com,Ahmedabad,Frequent Orderer,False,,True,2023-09-04
SWGY12591,Neha Patel,neha.patel554@hotmail.com,Hyderabad,Dormant,False,,True,2024-06-15
SWGY11943,Neha Patel,neha.patel799@yahoo.com,Noida,Frequent Orderer,False,+915683870278,True,2023-07-17
SWGY12320,Neha Patel,neha.patel823@yahoo.com,Kochi,Dormant,False,,True,2024-07-10
SWGY13711X,Neha Patel,neha.patel836@hotmail.com,Gurugram,Swiggy One Member,True,+914609121040,True,2024-09-16
SWGY11560,Neha Patel,neha.patel904@gmail.com,Jaipur,Swiggy One Member,True,+915289056651,True,2024-01-26
SWGY10369,Neha Pillai,neha.pillai188@gmail.co,Kolkata,Churned,False,+918510679497,True,2023-07-20
SWGY12835,Neha Pillai,neha.pillai210@hotmail.com,Noida,Swiggy One Member,True,,True,2024-06-28
SWGY14536,Neha Pillai,neha.pillai24@gmail.com,Jaipur,New,True,+915402248064,False,2023-11-04
SWGY11636,Neha Pillai,neha.pillai275@hotmail.com,Kochi,Dormant,False,,False,2023-06-12
SWGY12398,Neha Pillai,neha.pillai298@gmail.com,Bengaluru,Frequent Orderer,False,+917334307182,False,2023-12-24
SWGY10021,Neha Pillai,neha.pillai524@gmail.co,Vijayawada,Frequent Orderer,False,+912148951343,True,2025-04-01
SWGY11085,Neha Pillai,neha.pillai690@hotmail.com,Vijayawada,Dormant,False,+912718265337,True,2023-11-29
SWGY13587,Neha Pillai,neha.pillai705@hotmail.com,Mumbai,Frequent Orderer,True,,False,2024-09-22
SWGY11752,Neha Pillai,neha.pillai725@gmail.com,Jaipur,Swiggy One Member,True,+911501343390,True,2023-10-09
SWGY14237,Neha Pillai,neha.pillai744@gmail.co,Chennai,Dormant,False,+911903616543,False,2024-05-17
SWGY12854,Neha Pillai,neha.pillai762@hotmail.com,Delhi,Churned,True,+915893201089,False,2023-11-16
SWGY15830,Neha Pillai,neha.pillai812@gmail.co,Lucknow,Frequent Orderer,False,+918183470025,False,2025-04-26
SWGY13270,Neha Pillai,neha.pillai942@gmail.co,Gurugram,Frequent Orderer,False,,True,2024-06-22
SWGY13166,Neha Pillai,neha.pillai943@gmail.com,Kochi,Frequent Orderer,False,,True,2024-01-18
SWGY14264,Neha Rao,neha.rao106@gmail.co,Kochi,Dormant,False,+916694594830,False,2024-07-27
SWGY11608,Neha Rao,neha.rao145@gmail.co,Noida,Frequent Orderer,True,+913879633467,False,2023-07-01
SWGY13990,Neha Rao,neha.rao169@hotmail.com,Mumbai,New,False,,False,2024-02-07
SWGY13894,Neha Rao,neha.rao214@yahoo.com,Bengaluru,Unclassified,False,+910088950915,True,2024-06-30
SWGY11616,Neha Rao,neha.rao640@hotmail.com,Hyderabad,Frequent Orderer,False,+914408895930,True,2023-08-24
SWGY12008,Neha Rao,neha.rao662@gmail.co,Bengaluru,Dormant,True,+919930013414,True,2024-12-29
SWGY12481,Neha Rao,neha.rao786@yahoo.com,,Dormant,False,,True,2025-04-20
SWGY14182,Neha Rao,neha.rao794@outlook.com,Nellore,Dormant,False,+913968318592,False,2023-09-22
SWGY14749,Neha Reddy,neha.reddy125@yahoo.com,Nellore,Swiggy One Member,True,+917081775343,False,2024-02-26
SWGY11964,Neha Reddy,neha.reddy12@yahoo.com,Nellore,New,False,+912801938895,True,2023-06-17
SWGY11467,Neha Reddy,neha.reddy193@yahoo.com,Chennai,Frequent Orderer,False,+913477146950,True,2025-02-28
SWGY14827,Neha Reddy,neha.reddy294@outlook.com,Ahmedabad,Frequent Orderer,True,+916726811104,False,2023-12-23
SWGY13314,Neha Reddy,neha.reddy397@gmail.com,Kochi,New,False,+919671979697,True,2023-08-24
SWGY15255X,Neha Reddy,neha.reddy513@gmail.com,Vijayawada,Churned,False,+913855129986,True,2023-09-14
SWGY14191,Neha Reddy,neha.reddy607@gmail.co,Mumbai,Frequent Orderer,False,+919497916171,False,2024-11-10
SWGY12390,Neha Reddy,neha.reddy612@outlook.com,Kochi,Frequent Orderer,False,+913945069895,True,2024-08-21
SWGY14763,Neha Reddy,neha.reddy642@gmail.co,Noida,Churned,False,,False,2024-02-19
SWGY11699,Neha Reddy,neha.reddy683@gmail.com,Kochi,Dormant,False,,False,2023-07-03
SWGY15270,Neha Reddy,neha.reddy739@outlook.com,Lucknow,New,False,+913279070714,False,2024-01-22
SWGY13618,Neha Reddy,neha.reddy820@outlook.com,Gurugram,Dormant,False,+918153246063,True,2023-11-03
SWGY11515,Neha Reddy,neha.reddy821@hotmail.com,Hyderabad,Dormant,False,+917133996276,True,2024-04-05
SWGY12765,Neha Reddy,neha.reddy829@yahoo.com,Kochi,Dormant,True,+913038035431,False,2024-04-23
SWGY14020,Neha Reddy,neha.reddy86@yahoo.com,Vijayawada,Dormant,False,+914181291686,True,2024-11-22
SWGY11008,Neha Reddy,neha.reddy988@gmail.com,,Swiggy One Member,True,+910744360234,True,2023-09-22
SWGY14526,Neha Sharma,neha.sharma210@outlook.com,,Dormant,False,+912762931770,False,2024-08-31
SWGY14081,Neha Sharma,neha.sharma583@gmail.com,Mumbai,Dormant,False,+915735972804,True,2023-07-27
SWGY14278,Neha Sharma,neha.sharma643@hotmail.com,Vijayawada,Frequent Orderer,False,+914532217841,False,2024-05-04
SWGY14363,Neha Sharma,neha.sharma862@hotmail.com,Delhi,Swiggy One Member,True,+915362639638,True,2024-02-13
SWGY11946,Neha Sharma,neha.sharma922@yahoo.com,Pune,Swiggy One Member,True,+910402589881,False,2025-03-16
SWGY10293,Neha Shetty,neha.shetty184@gmail.com,Kolkata,New,True,+919467232487,True,2023-11-09
SWGY15142,Neha Shetty,neha.shetty246@gmail.co,Delhi,Swiggy One Member,True,+910603949258,True,2025-05-11
SWGY11934,Neha Shetty,neha.shetty328@yahoo.com,Lucknow,New,False,+914777437212,False,2024-07-04
SWGY11723,Neha Shetty,neha.shetty472@outlook.com,Lucknow,Unclassified,False,+919032308880,True,2025-02-28
SWGY15580,Neha Shetty,neha.shetty605@gmail.com,Gurugram,Dormant,False,,False,2024-06-16
SWGY12816,Neha Shetty,neha.shetty621@gmail.co,Ahmedabad,New,False,+911588901718,False,2024-12-10
SWGY15099,Neha Shetty,neha.shetty747@outlook.com,Kolkata,Frequent Orderer,False,,False,2023-06-29
SWGY12205,Neha Shetty,neha.shetty830@hotmail.com,Bengaluru,Swiggy One Member,True,+911170564765,True,2024-10-28
SWGY15877,Neha Shetty,neha.shetty990@outlook.com,Ahmedabad,New,False,+919533212919,True,2024-05-28
SWGY12538,Neha Singh,neha.singh101@outlook.com,Noida,New,False,,False,2024-02-11
SWGY12819,Neha Singh,neha.singh124@yahoo.com,Delhi,Churned,False,,True,2024-05-14
SWGY10665,Neha Singh,neha.singh198@gmail.co,Hyderabad,Dormant,False,,False,2023-07-22
SWGY11145,Neha Singh,neha.singh341@hotmail.com,Mumbai,Churned,False,,True,2024-05-28
SWGY11849,Neha Singh,neha.singh431@gmail.co,Nellore,New,False,+915068098383,False,2024-05-18
SWGY15533,Neha Singh,neha.singh522@outlook.com,Hyderabad,Dormant,False,+919367584576,True,2024-12-08
SWGY12919,Neha Singh,neha.singh533@hotmail.com,Delhi,Frequent Orderer,False,+914041627422,False,2024-06-17
SWGY10412,Neha Singh,neha.singh645@gmail.com,Vijayawada,Swiggy One Member,True,+917130232129,False,2024-06-25
SWGY10116,Neha Singh,neha.singh650@yahoo.com,Jaipur,New,False,+915511047541,False,2023-08-15
SWGY13897,Neha Singh,neha.singh91@gmail.com,Lucknow,Dormant,False,+910829380743,False,2025-04-16
SWGY13276,Neha Verma,neha.verma355@gmail.com,Kochi,New,False,+919357633812,False,2023-06-28
SWGY13928,Neha Verma,neha.verma441@gmail.com,Vijayawada,Churned,False,+914382913539,False,2024-12-11
SWGY11424,Neha Verma,neha.verma470@hotmail.com,Kochi,Frequent Orderer,False,+910314564572,False,2024-06-30
SWGY11922,Neha Verma,neha.verma474@gmail.com,Pune,New,False,+918113537396,True,2025-04-26
SWGY10597,Neha Verma,neha.verma817@yahoo.com,Gurugram,Swiggy One Member,True,,False,2025-01-01
SWGY12049,Neha Verma,neha.verma825@hotmail.com,Vijayawada,New,False,,False,2023-10-30
SWGY12761,Neha Verma,neha.verma852@gmail.co,Pune,Swiggy One Member,True,,True,2024-08-21
SWGY13402,Neha Verma,neha.verma882@gmail.com,Mumbai,Dormant,False,+919191799705,False,2024-02-05
SWGY15197,Neha Verma,neha.verma88@outlook.com,Noida,Frequent Orderer,True,+918015616413,True,2023-11-21
SWGY14040,Nikhil Bose,nikhil.bose256@yahoo.com,Vijayawada,Swiggy One Member,True,+911862647788,False,2024-04-05
SWGY12432,Nikhil Bose,nikhil.bose488@hotmail.com,Vijayawada,Dormant,False,,False,2024-01-21
SWGY10965,Nikhil Bose,nikhil.bose566@outlook.com,Lucknow,New,False,+911013282339,False,2024-07-17
SWGY12639,Nikhil Bose,nikhil.bose64@yahoo.com,Chennai,Frequent Orderer,False,,True,2024-08-06
SWGY12480,Nikhil Bose,nikhil.bose701@hotmail.com,Gurugram,Frequent Orderer,True,+918910548256,False,2023-08-11
SWGY10406,Nikhil Bose,nikhil.bose831@hotmail.com,Hyderabad,Swiggy One Member,True,+911647090063,False,2024-08-26
SWGY10795,Nikhil Bose,nikhil.bose886@hotmail.com,Chennai,Frequent Orderer,True,+912648016440,True,2024-04-10
SWGY14482,Nikhil Bose,nikhil.bose897@yahoo.com,Jaipur,Dormant,False,+912835287675,False,2024-04-17
SWGY15287,Nikhil Chatterjee,nikhil.chatterjee139@outlook.com,Chennai,Frequent Orderer,False,+913889250000,False,2024-12-20
SWGY11405,Nikhil Chatterjee,nikhil.chatterjee285@gmail.co,Kolkata,Unclassified,False,+916162185635,False,2024-01-23
SWGY15434,Nikhil Chatterjee,nikhil.chatterjee324@gmail.com,,Frequent Orderer,False,+912594140575,True,2024-07-25
SWGY14161,Nikhil Chatterjee,nikhil.chatterjee373@yahoo.com,Pune,Dormant,False,+912767330229,True,2025-04-07
SWGY12740,Nikhil Chatterjee,nikhil.chatterjee410@outlook.com,Nellore,Unclassified,True,,True,2025-01-13
SWGY12657,Nikhil Chatterjee,nikhil.chatterjee429@hotmail.com,Delhi,Swiggy One Member,True,+919060418696,False,2025-03-24
SWGY14506,Nikhil Chatterjee,nikhil.chatterjee482@gmail.com,Delhi,Dormant,False,+914442498796,True,2024-05-23
SWGY14359,Nikhil Chatterjee,nikhil.chatterjee523@outlook.com,Gurugram,Dormant,False,+914830988908,True,2024-06-15
SWGY15826,Nikhil Das,nikhil.das208@outlook.com,Jaipur,Frequent Orderer,False,+910807131309,True,2023-09-10
SWGY10948,Nikhil Das,nikhil.das266@hotmail.com,Bengaluru,Dormant,False,+911775461992,True,2024-08-23
SWGY13854,Nikhil Das,nikhil.das306@hotmail.com,Nellore,Dormant,False,+912808576236,False,2024-06-01
SWGY10452,Nikhil Das,nikhil.das430@hotmail.com,Gurugram,Dormant,False,,False,2025-03-06
SWGY14308,Nikhil Das,nikhil.das447@yahoo.com,Nellore,Dormant,True,+912889169404,False,2023-12-18
SWGY14008,Nikhil Das,nikhil.das452@yahoo.com,Noida,Dormant,False,+917565619112,True,2024-04-11
SWGY15145,Nikhil Das,nikhil.das521@outlook.com,Delhi,Frequent Orderer,False,+912590071097,False,2023-08-16
SWGY15065,Nikhil Das,nikhil.das629@hotmail.com,Chennai,Dormant,False,+916037310251,True,2024-07-09
SWGY10636,Nikhil Das,nikhil.das737@outlook.com,Gurugram,New,False,,False,2025-05-24
SWGY14171,Nikhil Das,nikhil.das814@outlook.com,Jaipur,Dormant,False,+912451719494,False,2025-02-01
SWGY11843,Nikhil Gupta,nikhil.gupta218@hotmail.com,Lucknow,Dormant,True,+917838744308,False,2023-12-24
SWGY12489,Nikhil Gupta,nikhil.gupta526@gmail.co,Nellore,Swiggy One Member,True,+913881939271,False,2025-04-06
SWGY14978,Nikhil Gupta,nikhil.gupta663@gmail.co,Bengaluru,Swiggy One Member,True,+919295124909,True,2025-05-23
SWGY13363,Nikhil Gupta,nikhil.gupta678@gmail.co,Gurugram,Dormant,False,,False,2024-11-08
SWGY11580,Nikhil Gupta,nikhil.gupta792@yahoo.com,Gurugram,New,False,+915353131845,False,2023-12-02
SWGY15658,Nikhil Gupta,nikhil.gupta822@gmail.co,Nellore,Swiggy One Member,True,,True,2024-09-02
SWGY12906,Nikhil Gupta,nikhil.gupta923@gmail.co,Chennai,Churned,False,+919441042320,False,2025-04-14
SWGY10989,Nikhil Gupta,nikhil.gupta938@outlook.com,Gurugram,Churned,False,,False,2023-06-15
SWGY11080,Nikhil Gupta,nikhil.gupta961@gmail.com,Nellore,Dormant,False,,True,2024-06-16
SWGY14550,Nikhil Gupta,nikhil.gupta990@outlook.com,Nellore,Frequent Orderer,False,+910714158046,False,2023-09-16
SWGY14707,Nikhil Iyer,nikhil.iyer244@gmail.co,,Swiggy One Member,True,+914244356480,False,2023-06-15
SWGY11858,Nikhil Iyer,nikhil.iyer320@hotmail.com,Nellore,Frequent Orderer,False,,False,2023-06-15
SWGY13289,Nikhil Iyer,nikhil.iyer351@yahoo.com,Mumbai,Swiggy One Member,True,+919311423115,False,2025-01-24
SWGY14013X,Nikhil Iyer,nikhil.iyer404@hotmail.com,Bengaluru,Frequent Orderer,False,+916784496411,True,2024-01-04
SWGY10355,Nikhil Iyer,nikhil.iyer461@hotmail.com,Jaipur,Frequent Orderer,True,,False,2025-05-20
SWGY12420,Nikhil Iyer,nikhil.iyer577@outlook.com,Kolkata,Dormant,True,,False,2025-02-03
SWGY10598,Nikhil Iyer,nikhil.iyer596@gmail.co,Nellore,New,False,+918051371717,False,2024-04-06
SWGY10392,Nikhil Iyer,nikhil.iyer614@gmail.co,Kochi,New,False,+913099384253,False,2023-12-12
SWGY11461,Nikhil Iyer,nikhil.iyer630@hotmail.com,Nellore,Dormant,False,+911843976309,False,2024-06-09
SWGY15159,Nikhil Iyer,nikhil.iyer700@yahoo.com,Jaipur,New,False,+914751625471,False,2023-12-09
SWGY11633,Nikhil Iyer,nikhil.iyer717@gmail.com,Jaipur,Swiggy One Member,True,,False,2023-06-09
SWGY13337,Nikhil Iyer,nikhil.iyer724@gmail.com,Vijayawada,New,False,+919629395613,False,2025-03-18
SWGY13661,Nikhil Iyer,nikhil.iyer887@yahoo.com,Mumbai,Dormant,False,+912408407493,False,2024-07-21
SWGY12413,Nikhil Iyer,nikhil.iyer909@outlook.com,Lucknow,Frequent Orderer,False,+914971512954,True,2024-10-17
SWGY15132,Nikhil Joshi,nikhil.joshi31@hotmail.com,Noida,New,False,,False,2024-08-18
SWGY13722,Nikhil Joshi,nikhil.joshi621@outlook.com,Jaipur,Swiggy One Member,True,+911571762696,True,2023-11-06
SWGY14256,Nikhil Joshi,nikhil.joshi684@outlook.com,Ahmedabad,Dormant,True,+917570974141,True,2025-02-07
SWGY14333,Nikhil Joshi,nikhil.joshi706@gmail.com,Noida,Frequent Orderer,False,,True,2024-09-30
SWGY10815,Nikhil Joshi,nikhil.joshi7@yahoo.com,Jaipur,Swiggy One Member,True,+918254318328,False,2024-03-26
SWGY11984,Nikhil Kapoor,nikhil.kapoor148@outlook.com,Pune,Swiggy One Member,True,+918223064211,True,2024-03-25
SWGY14485,Nikhil Kapoor,nikhil.kapoor154@gmail.com,Ahmedabad,New,False,+919024507624,True,2023-06-07
SWGY13825,Nikhil Kapoor,nikhil.kapoor213@yahoo.com,Lucknow,Dormant,False,+914808013604,True,2023-09-13
SWGY14311,Nikhil Kapoor,nikhil.kapoor260@outlook.com,Noida,Frequent Orderer,False,+911430234599,True,2025-02-20
SWGY12720,Nikhil Kapoor,nikhil.kapoor386@yahoo.com,Lucknow,Dormant,False,+916711712034,True,2024-08-21
SWGY13620,Nikhil Kapoor,nikhil.kapoor467@outlook.com,Gurugram,Churned,False,+913486579681,True,2023-12-03
SWGY15221,Nikhil Kapoor,nikhil.kapoor539@gmail.com,Lucknow,Frequent Orderer,False,+917691749706,False,2023-08-21
SWGY10626,Nikhil Kapoor,nikhil.kapoor618@hotmail.com,Kochi,Frequent Orderer,True,+913766014448,True,2024-03-25
SWGY10287,Nikhil Kapoor,nikhil.kapoor681@gmail.co,Delhi,Swiggy One Member,True,+915690877661,False,2025-03-30
SWGY11223,Nikhil Kapoor,nikhil.kapoor685@gmail.com,Gurugram,Churned,False,+915797251840,False,2024-12-15
SWGY14626,Nikhil Kapoor,nikhil.kapoor828@gmail.co,Ahmedabad,Dormant,False,,True,2023-06-26
SWGY10728,Nikhil Kapoor,nikhil.kapoor870@yahoo.com,Lucknow,Unclassified,True,+919252959611,True,2024-07-10
SWGY12624,Nikhil Kapoor,nikhil.kapoor958@gmail.co,Lucknow,Frequent Orderer,False,+918532414842,False,2024-06-09
SWGY13164,Nikhil Khan,nikhil.khan225@hotmail.com,Gurugram,Swiggy One Member,True,+916828972870,False,2024-04-13
SWGY15880,Nikhil Khan,nikhil.khan233@outlook.com,,Swiggy One Member,True,+911050908971,True,2023-07-26
SWGY11623,Nikhil Khan,nikhil.khan417@outlook.com,Jaipur,Frequent Orderer,False,+915076955593,False,2023-07-02
SWGY12649,Nikhil Khan,nikhil.khan475@gmail.com,Bengaluru,Dormant,False,+915241694564,False,2024-07-08
SWGY14270,Nikhil Khan,nikhil.khan494@hotmail.com,,Frequent Orderer,False,,True,2025-01-27
SWGY10888,Nikhil Khan,nikhil.khan683@hotmail.com,Mumbai,Frequent Orderer,False,+913111786190,False,2023-07-14
SWGY14217,Nikhil Khan,nikhil.khan810@hotmail.com,Bengaluru,Dormant,False,,True,2025-05-06
SWGY15327,Nikhil Malhotra,nikhil.malhotra169@outlook.com,Jaipur,New,False,+919875622567,False,2023-06-28
SWGY13170,Nikhil Malhotra,nikhil.malhotra238@hotmail.com,Gurugram,Frequent Orderer,False,+910882570445,False,2024-10-18
SWGY11810,Nikhil Malhotra,nikhil.malhotra367@gmail.com,Mumbai,Frequent Orderer,False,+910269395533,False,2025-02-18
SWGY13291,Nikhil Malhotra,nikhil.malhotra612@hotmail.com,Chennai,Unclassified,True,+917884310749,False,2024-05-21
SWGY15172,Nikhil Malhotra,nikhil.malhotra74@hotmail.com,Pune,Dormant,True,+916376005894,False,2024-05-06
SWGY15754,Nikhil Malhotra,nikhil.malhotra836@gmail.co,Gurugram,New,True,+915922555329,True,2024-08-23
SWGY14549,Nikhil Malhotra,nikhil.malhotra955@hotmail.com,Mumbai,Frequent Orderer,False,+919200582093,True,2023-12-10
SWGY12099,Nikhil Mehta,nikhil.mehta24@gmail.co,Kochi,New,False,+916537305342,False,2025-05-20
SWGY12808,Nikhil Mehta,nikhil.mehta255@hotmail.com,Chennai,Frequent Orderer,False,+919541852039,False,2024-08-08
SWGY12844,Nikhil Mehta,nikhil.mehta310@hotmail.com,Delhi,Frequent Orderer,False,+910096461469,False,2025-02-25
SWGY11312,Nikhil Mehta,nikhil.mehta402@gmail.co,Delhi,Frequent Orderer,False,+910898977475,True,2025-04-22
SWGY11227,Nikhil Mehta,nikhil.mehta430@outlook.com,Lucknow,New,False,+910132495193,True,2025-02-03
SWGY13931,Nikhil Mehta,nikhil.mehta462@yahoo.com,Chennai,Swiggy One Member,True,+910457412986,False,2023-06-30
SWGY11906,Nikhil Mehta,nikhil.mehta662@yahoo.com,,Frequent Orderer,False,,True,2025-03-17
SWGY15091,Nikhil Mehta,nikhil.mehta741@outlook.com,Hyderabad,New,False,,True,2024-10-05
SWGY14796,Nikhil Mehta,nikhil.mehta7@gmail.co,Gurugram,Churned,False,+915621261371,False,2024-09-11
SWGY13483,Nikhil Mehta,nikhil.mehta860@hotmail.com,Noida,New,True,+917731774278,False,2024-11-01
SWGY10528,Nikhil Mehta,nikhil.mehta862@hotmail.com,Jaipur,Frequent Orderer,True,+918315203771,True,2025-02-26
SWGY15071,Nikhil Mehta,nikhil.mehta873@hotmail.com,Nellore,Swiggy One Member,True,+917286455188,False,2024-04-29
SWGY15582,Nikhil Mehta,nikhil.mehta877@yahoo.com,,Frequent Orderer,False,,True,2025-01-13
SWGY10647,Nikhil Mehta,nikhil.mehta963@outlook.com,Ahmedabad,Dormant,False,,False,2025-01-05
SWGY15409,Nikhil Mehta,nikhil.mehta974@gmail.com,Chennai,New,True,+912563201901,True,2023-06-05
SWGY15923,Nikhil Menon,nikhil.menon226@gmail.com,Kochi,Frequent Orderer,False,,True,2023-11-04
SWGY15924,Nikhil Menon,nikhil.menon2@gmail.com,Nellore,Swiggy One Member,True,,True,2025-04-01
SWGY12108,Nikhil Menon,nikhil.menon399@gmail.com,,Frequent Orderer,False,+917294206708,True,2023-08-22
SWGY10535,Nikhil Menon,nikhil.menon418@outlook.com,Delhi,Frequent Orderer,False,+914902504290,True,2023-06-26
SWGY13930,Nikhil Menon,nikhil.menon470@hotmail.com,Lucknow,Swiggy One Member,True,+918855763416,False,2025-01-29
SWGY11564,Nikhil Menon,nikhil.menon471@gmail.co,Vijayawada,New,False,+919116122150,True,2023-07-31
SWGY12733,Nikhil Menon,nikhil.menon727@outlook.com,,Frequent Orderer,False,+917530144633,True,2024-06-06
SWGY15807,Nikhil Menon,nikhil.menon758@outlook.com,Kochi,New,False,,False,2025-05-26
SWGY13048,Nikhil Menon,nikhil.menon843@gmail.com,Chennai,Unclassified,False,+915148111468,False,2025-05-13
SWGY13685,Nikhil Menon,nikhil.menon994@hotmail.com,Kochi,Dormant,True,+914867370219,False,2025-05-25
SWGY11292,Nikhil Nair,nikhil.nair416@gmail.com,Lucknow,Dormant,False,,False,2023-09-17
SWGY12546,Nikhil Nair,nikhil.nair536@outlook.com,Pune,Swiggy One Member,True,+911357408747,False,2024-11-16
SWGY13655,Nikhil Nair,nikhil.nair620@yahoo.com,Chennai,Dormant,False,+919638999680,False,2024-07-17
SWGY12423,Nikhil Nair,nikhil.nair645@gmail.co,,New,False,,True,2023-12-24
SWGY10566,Nikhil Nair,nikhil.nair681@gmail.co,Lucknow,Dormant,True,+910138241270,False,2025-01-21
SWGY15703,Nikhil Nair,nikhil.nair817@outlook.com,,Swiggy One Member,True,+918337261946,False,2024-10-13
SWGY11855,Nikhil Nair,nikhil.nair892@hotmail.com,Nellore,Frequent Orderer,False,,True,2023-11-02
SWGY11749,Nikhil Nair,nikhil.nair971@outlook.com,Bengaluru,Dormant,False,,True,2023-10-23
SWGY14272,Nikhil Patel,nikhil.patel271@outlook.com,Pune,Swiggy One Member,True,+919789550047,False,2024-07-25
SWGY12327,Nikhil Patel,nikhil.patel307@outlook.com,Jaipur,New,False,+913497320096,False,2024-07-31
SWGY10569,Nikhil Patel,nikhil.patel364@hotmail.com,Delhi,Frequent Orderer,False,,True,2024-03-29
SWGY13740,Nikhil Patel,nikhil.patel452@outlook.com,Nellore,Frequent Orderer,False,+918768079810,False,2023-10-26
SWGY13406,Nikhil Patel,nikhil.patel483@hotmail.com,Bengaluru,Swiggy One Member,True,,False,2025-05-04
SWGY15747,Nikhil Patel,nikhil.patel94@hotmail.com,Kolkata,Swiggy One Member,True,+915166406413,False,2023-11-05
SWGY13319,Nikhil Pillai,nikhil.pillai121@outlook.com,Hyderabad,Frequent Orderer,False,+912610912827,True,2024-08-03
SWGY13932,Nikhil Pillai,nikhil.pillai225@gmail.com,Kochi,Dormant,False,,True,2023-06-29
SWGY11653,Nikhil Pillai,nikhil.pillai254@gmail.com,Mumbai,Swiggy One Member,True,+913647089440,True,2024-06-22
SWGY13742,Nikhil Pillai,nikhil.pillai499@outlook.com,Nellore,New,False,+917386880507,False,2023-08-15
SWGY15302,Nikhil Pillai,nikhil.pillai545@outlook.com,Delhi,Dormant,True,+919239122356,False,2024-02-15
SWGY14122,Nikhil Pillai,nikhil.pillai606@gmail.com,Kolkata,Dormant,False,+911076237855,True,2024-01-15
SWGY14744,Nikhil Rao,nikhil.rao436@yahoo.com,Delhi,Frequent Orderer,False,+910752277588,True,2023-12-05
SWGY14705,Nikhil Rao,nikhil.rao453@hotmail.com,Kochi,Dormant,False,+912659117996,False,2025-01-20
SWGY14433,Nikhil Rao,nikhil.rao570@gmail.co,Jaipur,Churned,True,,True,2024-10-29
SWGY15858,Nikhil Rao,nikhil.rao833@yahoo.com,Kochi,Churned,False,+912913894199,False,2024-11-26
SWGY12066,Nikhil Rao,nikhil.rao840@outlook.com,Chennai,Churned,False,+918334658672,False,2024-11-25
SWGY14471,Nikhil Rao,nikhil.rao953@yahoo.com,Delhi,Frequent Orderer,True,+914530395194,False,2024-01-15
SWGY15334,Nikhil Reddy,nikhil.reddy106@hotmail.com,,Frequent Orderer,False,+916907669936,False,2025-01-02
SWGY12039,Nikhil Reddy,nikhil.reddy119@outlook.com,Jaipur,New,False,+911605801975,True,2024-11-12
SWGY14785,Nikhil Reddy,nikhil.reddy240@hotmail.com,Kochi,Dormant,True,,False,2023-11-11
SWGY10976,Nikhil Reddy,nikhil.reddy259@yahoo.com,Bengaluru,Frequent Orderer,False,+910674568652,True,2024-01-23
SWGY13678X,Nikhil Reddy,nikhil.reddy272@yahoo.com,Bengaluru,Frequent Orderer,False,+914545419135,True,2024-12-12
SWGY11738,Nikhil Reddy,nikhil.reddy411@gmail.co,Kolkata,Dormant,False,+917657666476,True,2025-05-03
SWGY14322,Nikhil Reddy,nikhil.reddy432@yahoo.com,Hyderabad,Dormant,False,,False,2024-03-27
SWGY12474,Nikhil Reddy,nikhil.reddy519@gmail.com,,Frequent Orderer,False,,False,2023-12-21
SWGY13218,Nikhil Reddy,nikhil.reddy534@outlook.com,Lucknow,Unclassified,True,+917550748144,True,2024-08-13
SWGY11210,Nikhil Reddy,nikhil.reddy619@yahoo.com,Pune,Frequent Orderer,False,+910632503139,True,2025-05-01
SWGY11460,Nikhil Reddy,nikhil.reddy774@gmail.co,Jaipur,Dormant,False,,True,2023-09-28
SWGY15124,Nikhil Reddy,nikhil.reddy860@hotmail.com,Jaipur,Dormant,False,,True,2024-05-18
SWGY13981,Nikhil Reddy,nikhil.reddy903@yahoo.com,Gurugram,Dormant,True,+911779185064,False,2025-05-28
SWGY13789,Nikhil Sharma,nikhil.sharma145@outlook.com,Delhi,New,False,+916224174860,True,2023-12-26
SWGY13412,Nikhil Sharma,nikhil.sharma304@hotmail.com,Chennai,Swiggy One Member,True,+910136724508,True,2023-11-08
SWGY10674,Nikhil Sharma,nikhil.sharma330@gmail.com,Pune,Dormant,False,+917941763425,False,2024-11-05
SWGY15568,Nikhil Sharma,nikhil.sharma354@gmail.co,Pune,Dormant,False,+917394197703,True,2023-07-10
SWGY11689,Nikhil Sharma,nikhil.sharma443@outlook.com,Nellore,Frequent Orderer,False,,True,2024-10-28
SWGY13498,Nikhil Sharma,nikhil.sharma465@outlook.com,Jaipur,Frequent Orderer,False,+912217806677,False,2024-09-08
SWGY12817,Nikhil Sharma,nikhil.sharma658@gmail.com,Noida,Dormant,False,+916242060511,True,2023-08-21
SWGY15325X,Nikhil Sharma,nikhil.sharma745@gmail.com,Chennai,New,False,+915680873053,True,2023-08-04
SWGY14653,Nikhil Sharma,nikhil.sharma9@gmail.com,Gurugram,Swiggy One Member,True,+913262021230,False,2024-02-19
SWGY11099,Nikhil Shetty,nikhil.shetty195@hotmail.com,Noida,New,False,+912600014407,False,2024-02-08
SWGY13707,Nikhil Shetty,nikhil.shetty201@gmail.co,Chennai,New,False,+910187151300,True,2024-08-02
SWGY10386,Nikhil Shetty,nikhil.shetty465@hotmail.com,Vijayawada,Frequent Orderer,False,,False,2023-09-12
SWGY11441,Nikhil Shetty,nikhil.shetty640@hotmail.com,Hyderabad,Swiggy One Member,True,+912252964448,False,2024-09-15
SWGY12293,Nikhil Shetty,nikhil.shetty724@gmail.co,Bengaluru,Frequent Orderer,False,+916222772610,True,2024-03-14
SWGY12925,Nikhil Shetty,nikhil.shetty92@outlook.com,Delhi,Dormant,False,+916425088232,False,2024-02-28
SWGY15139,Nikhil Singh,nikhil.singh182@outlook.com,Vijayawada,Frequent Orderer,False,+912367908211,False,2024-05-22
SWGY14446,Nikhil Singh,nikhil.singh259@outlook.com,Bengaluru,Frequent Orderer,True,+918440438075,True,2025-05-02
SWGY13469,Nikhil Singh,nikhil.singh295@outlook.com,Lucknow,Churned,False,+916117954957,True,2024-01-20
SWGY11744,Nikhil Singh,nikhil.singh364@hotmail.com,Ahmedabad,Dormant,False,+914178256019,False,2023-12-26
SWGY14220,Nikhil Singh,nikhil.singh468@outlook.com,Nellore,Frequent Orderer,False,+912441753967,False,2024-08-21
SWGY11495,Nikhil Singh,nikhil.singh541@outlook.com,Nellore,New,False,+917936561156,True,2025-02-07
SWGY13883,Nikhil Singh,nikhil.singh575@yahoo.com,Delhi,Frequent Orderer,False,,True,2024-11-28
SWGY12889,Nikhil Singh,nikhil.singh613@gmail.com,Gurugram,Swiggy One Member,True,+912762439606,False,2024-07-01
SWGY15313,Nikhil Singh,nikhil.singh744@gmail.co,Gurugram,Swiggy One Member,True,,False,2024-02-05
SWGY14027,Nikhil Singh,nikhil.singh818@hotmail.com,Lucknow,Dormant,True,+914463302973,True,2024-11-18
SWGY11874,Nikhil Singh,nikhil.singh830@hotmail.com,Chennai,Dormant,True,+914754737704,False,2025-05-22
SWGY15914,Nikhil Singh,nikhil.singh908@gmail.co,Vijayawada,Frequent Orderer,False,,True,2024-06-05
SWGY11955,Nikhil Singh,nikhil.singh956@gmail.co,Ahmedabad,New,False,+914261447165,False,2024-01-12
SWGY15081,Nikhil Verma,nikhil.verma135@gmail.com,Mumbai,Swiggy One Member,True,+915078956518,False,2024-03-29
SWGY10009,Nikhil Verma,nikhil.verma220@hotmail.com,Noida,New,False,+919973763116,False,2024-05-04
SWGY10801,Nikhil Verma,nikhil.verma236@hotmail.com,Noida,Dormant,False,+919484249598,False,2024-05-04
SWGY15532,Nikhil Verma,nikhil.verma294@gmail.com,Bengaluru,Dormant,False,+912353557551,True,2023-06-07
SWGY11327,Nikhil Verma,nikhil.verma321@outlook.com,Vijayawada,Frequent Orderer,False,+916345418299,True,2024-07-22
SWGY15412,Nikhil Verma,nikhil.verma332@outlook.com,Mumbai,New,False,,True,2024-12-12
SWGY13917,Nikhil Verma,nikhil.verma519@gmail.co,Chennai,New,False,,False,2023-08-30
SWGY11757,Nikhil Verma,nikhil.verma749@gmail.co,Ahmedabad,New,False,+917754658617,True,2024-08-07
SWGY10491,Nikhil Verma,nikhil.verma847@hotmail.com,Nellore,Swiggy One Member,True,,True,2024-02-15
SWGY15440,Nikhil Verma,nikhil.verma93@hotmail.com,Delhi,Frequent Orderer,False,+911453733686,True,2024-08-16
SWGY15358,Nikhil Verma,nikhil.verma956@outlook.com,Chennai,Swiggy One Member,True,+916105991237,True,2024-11-09
SWGY10873,Nikhil Verma,nikhil.verma95@gmail.com,Kolkata,Churned,False,+916541134078,True,2024-08-17
SWGY12742,Pari Bose,pari.bose103@outlook.com,Nellore,New,False,+910542487840,False,2023-08-25
SWGY15432,Pari Bose,pari.bose244@yahoo.com,Jaipur,Dormant,False,,True,2024-12-20
SWGY13950,Pari Bose,pari.bose257@gmail.co,Chennai,Dormant,False,+915609157541,False,2025-05-14
SWGY10151,Pari Bose,pari.bose277@yahoo.com,Kochi,Frequent Orderer,False,+919304078593,False,2024-10-09
SWGY11356,Pari Bose,pari.bose321@outlook.com,,Swiggy One Member,True,+916215938967,False,2025-05-18
SWGY10984,Pari Bose,pari.bose324@gmail.com,Gurugram,New,False,+911746535378,False,2023-12-19
SWGY10453,Pari Bose,pari.bose394@hotmail.com,Noida,Churned,False,,False,2024-11-07
SWGY10478,Pari Bose,pari.bose585@gmail.co,Jaipur,Churned,False,+918931992550,False,2023-11-12
SWGY11498,Pari Bose,pari.bose777@gmail.com,Noida,Swiggy One Member,True,+916154598586,False,2023-12-08
SWGY13537,Pari Bose,pari.bose786@gmail.co,Noida,Frequent Orderer,False,+912681361593,False,2024-09-09
SWGY15551,Pari Bose,pari.bose895@gmail.co,Pune,Swiggy One Member,True,+916260933317,True,2025-01-02
SWGY12618,Pari Bose,pari.bose950@yahoo.com,Kolkata,Dormant,False,+912733089034,False,2025-05-04
SWGY11783,Pari Chatterjee,pari.chatterjee133@outlook.com,Gurugram,Frequent Orderer,True,+910170921764,False,2024-08-23
SWGY14254,Pari Chatterjee,pari.chatterjee311@outlook.com,Gurugram,Frequent Orderer,False,,True,2023-08-19
SWGY13151,Pari Chatterjee,pari.chatterjee343@gmail.com,Kochi,New,False,+918165498061,True,2025-04-30
SWGY15223,Pari Chatterjee,pari.chatterjee37@outlook.com,,New,False,+911164581797,True,2023-12-24
SWGY14982,Pari Chatterjee,pari.chatterjee582@outlook.com,Noida,New,False,+912879148813,False,2023-09-27
SWGY10157,Pari Chatterjee,pari.chatterjee592@yahoo.com,,Frequent Orderer,False,+911040541152,False,2024-12-11
SWGY12834,Pari Chatterjee,pari.chatterjee758@outlook.com,Bengaluru,Swiggy One Member,True,+916124983344,False,2024-05-16
SWGY11604,Pari Chatterjee,pari.chatterjee784@outlook.com,Noida,Swiggy One Member,True,+914587669494,True,2024-10-17
SWGY12445,Pari Chatterjee,pari.chatterjee921@hotmail.com,Hyderabad,Frequent Orderer,True,+910365354237,False,2023-08-18
SWGY11249,Pari Chatterjee,pari.chatterjee982@yahoo.com,Noida,Swiggy One Member,True,+913688501627,True,2023-10-07
SWGY10773,Pari Chatterjee,pari.chatterjee984@hotmail.com,Chennai,Dormant,False,+910315388824,True,2024-07-26
SWGY13913,Pari Das,pari.das168@hotmail.com,Vijayawada,Frequent Orderer,False,+911881940548,True,2025-01-10
SWGY13284,Pari Das,pari.das19@gmail.com,Vijayawada,Dormant,True,,True,2024-07-06
SWGY13953,Pari Das,pari.das251@outlook.com,Nellore,Swiggy One Member,True,+912801940945,True,2024-06-17
SWGY12253,Pari Das,pari.das37@outlook.com,,New,False,+913355563859,True,2025-03-11
SWGY10904,Pari Das,pari.das382@yahoo.com,Noida,Swiggy One Member,True,+912816506463,False,2023-10-09
SWGY15510,Pari Das,pari.das943@gmail.com,Vijayawada,Dormant,False,+914793442366,False,2025-01-10
SWGY14307,Pari Gupta,pari.gupta118@outlook.com,Nellore,Frequent Orderer,False,,True,2024-04-16
SWGY13607,Pari Gupta,pari.gupta197@hotmail.com,Gurugram,Swiggy One Member,True,+914994084772,True,2024-08-17
SWGY13811,Pari Gupta,pari.gupta254@gmail.co,Bengaluru,Frequent Orderer,False,+911194271003,True,2024-04-22
SWGY12778,Pari Gupta,pari.gupta333@gmail.com,Bengaluru,Churned,False,+913562844372,True,2023-11-25
SWGY13778,Pari Gupta,pari.gupta727@gmail.co,Kochi,Swiggy One Member,True,,True,2025-03-22
SWGY15569,Pari Gupta,pari.gupta778@gmail.co,Bengaluru,Churned,False,+911258010079,False,2024-07-31
SWGY15814,Pari Gupta,pari.gupta847@gmail.co,Vijayawada,Frequent Orderer,False,,True,2024-04-05
SWGY15171,Pari Gupta,pari.gupta939@gmail.co,,Churned,False,+911515947284,True,2024-09-17
SWGY15108,Pari Iyer,pari.iyer146@gmail.co,Hyderabad,Frequent Orderer,False,+911819892407,False,2024-03-01
SWGY11035,Pari Iyer,pari.iyer233@gmail.co,Kochi,Swiggy One Member,True,+916160881972,False,2024-09-22
SWGY13353,Pari Iyer,pari.iyer271@gmail.co,Mumbai,Swiggy One Member,True,+914400054312,False,2024-06-11
SWGY12523,Pari Iyer,pari.iyer36@gmail.com,Kochi,Swiggy One Member,True,+918438580099,True,2024-07-11
SWGY15085,Pari Iyer,pari.iyer659@outlook.com,Kochi,Frequent Orderer,False,+914008879174,True,2025-02-22
SWGY10851,Pari Iyer,pari.iyer666@gmail.com,Chennai,Swiggy One Member,True,+914409661771,True,2023-10-06
SWGY13028,Pari Iyer,pari.iyer932@hotmail.com,Vijayawada,New,False,+916379800472,True,2024-04-01
SWGY15331,Pari Iyer,pari.iyer961@yahoo.com,Vijayawada,New,False,+910476394457,False,2024-05-01
SWGY13224,Pari Joshi,pari.joshi235@gmail.com,Delhi,Churned,False,+910533019251,False,2023-12-13
SWGY15784,Pari Joshi,pari.joshi265@yahoo.com,Nellore,Unclassified,False,+915673985260,True,2024-05-16
SWGY11061,Pari Joshi,pari.joshi394@yahoo.com,Chennai,Frequent Orderer,False,+914193759192,False,2025-01-23
SWGY15531,Pari Joshi,pari.joshi410@outlook.com,Hyderabad,New,True,,True,2024-11-12
SWGY10588,Pari Joshi,pari.joshi4@hotmail.com,Chennai,New,False,+917216966630,False,2024-09-03
SWGY13489,Pari Joshi,pari.joshi593@hotmail.com,Gurugram,New,False,,False,2024-01-28
SWGY11027,Pari Joshi,pari.joshi655@yahoo.com,Noida,Swiggy One Member,True,+910618489742,True,2023-08-22
SWGY11694,Pari Joshi,pari.joshi673@gmail.com,Lucknow,Dormant,False,+913981893972,False,2024-06-14
SWGY15624,Pari Joshi,pari.joshi729@hotmail.com,Delhi,Swiggy One Member,True,+915228736379,False,2024-12-19
SWGY12931,Pari Kapoor,pari.kapoor181@outlook.com,Jaipur,Churned,False,+918412876128,True,2024-10-06
SWGY15782,Pari Kapoor,pari.kapoor340@hotmail.com,Pune,Swiggy One Member,True,+919091433187,False,2024-05-27
SWGY12433,Pari Kapoor,pari.kapoor371@outlook.com,Gurugram,Dormant,False,+912412503834,False,2023-10-14
SWGY10441,Pari Kapoor,pari.kapoor416@gmail.com,Nellore,Churned,False,+910685389097,False,2025-05-02
SWGY12652,Pari Kapoor,pari.kapoor448@gmail.com,Kolkata,Frequent Orderer,False,,False,2024-06-12
SWGY10752,Pari Kapoor,pari.kapoor63@gmail.com,,New,True,+918436142442,False,2024-08-21
SWGY11471,Pari Kapoor,pari.kapoor946@yahoo.com,Gurugram,Swiggy One Member,True,+912763990460,False,2024-12-03
SWGY12799,Pari Khan,pari.khan208@gmail.com,Bengaluru,Swiggy One Member,True,+913315349762,False,2024-09-09
SWGY14727,Pari Khan,pari.khan2@yahoo.com,Mumbai,Frequent Orderer,False,+917211624421,False,2024-07-10
SWGY12871,Pari Khan,pari.khan47@yahoo.com,Noida,New,True,+917408975784,False,2024-12-04
SWGY15135,Pari Khan,pari.khan67@hotmail.com,Delhi,New,False,,False,2024-05-26
SWGY15811,Pari Khan,pari.khan783@gmail.co,Noida,Frequent Orderer,False,+914823824308,True,2024-07-13
SWGY13813,Pari Khan,pari.khan824@gmail.com,Ahmedabad,Swiggy One Member,True,+916443162300,True,2023-07-31
SWGY10031,Pari Khan,pari.khan902@hotmail.com,Delhi,New,False,+914808313678,False,2024-10-12
SWGY14213,Pari Khan,pari.khan945@outlook.com,Pune,Frequent Orderer,False,+917185516877,True,2024-08-07
SWGY15749,Pari Malhotra,pari.malhotra288@gmail.co,Hyderabad,New,False,+911014938008,False,2024-09-19
SWGY13317,Pari Malhotra,pari.malhotra332@outlook.com,Kolkata,Unclassified,False,+911206126873,True,2023-09-03
SWGY11892,Pari Malhotra,pari.malhotra466@yahoo.com,Chennai,Frequent Orderer,True,+914580197621,False,2025-01-23
SWGY11419,Pari Malhotra,pari.malhotra598@hotmail.com,Nellore,Dormant,False,+913615276958,True,2024-03-27
SWGY13719,Pari Malhotra,pari.malhotra603@gmail.com,Mumbai,Dormant,False,+917273285577,True,2023-08-31
SWGY13174,Pari Malhotra,pari.malhotra668@hotmail.com,Bengaluru,Dormant,False,+914452925824,True,2024-02-19
SWGY12191,Pari Malhotra,pari.malhotra729@gmail.co,Mumbai,Dormant,False,+911340749185,True,2024-02-10
SWGY10312,Pari Malhotra,pari.malhotra7@gmail.co,Pune,Churned,False,+914628792326,True,2023-08-07
SWGY15845,Pari Malhotra,pari.malhotra885@yahoo.com,Kochi,Frequent Orderer,False,+911349876322,True,2024-06-06
SWGY13732,Pari Mehta,pari.mehta222@yahoo.com,Lucknow,Churned,False,+911837015774,False,2024-02-24
SWGY13435,Pari Mehta,pari.mehta357@gmail.com,Gurugram,Churned,False,+919251911556,True,2025-03-19
SWGY11477,Pari Mehta,pari.mehta437@outlook.com,Bengaluru,Frequent Orderer,True,+914525737874,True,2025-01-02
SWGY15320,Pari Mehta,pari.mehta555@gmail.com,Nellore,Swiggy One Member,True,+912660183440,True,2024-03-25
SWGY11187,Pari Mehta,pari.mehta703@outlook.com,Noida,Swiggy One Member,True,+911409841016,False,2024-10-06
SWGY12125,Pari Mehta,pari.mehta733@hotmail.com,Hyderabad,Dormant,False,+918043843097,False,2024-12-24
SWGY11715,Pari Menon,pari.menon235@yahoo.com,Ahmedabad,Dormant,False,+914023936276,True,2025-04-05
SWGY15771,Pari Menon,pari.menon238@gmail.co,Gurugram,Swiggy One Member,True,+910249328289,True,2025-02-19
SWGY12408,Pari Menon,pari.menon591@outlook.com,,New,False,,True,2023-11-12
SWGY10663,Pari Menon,pari.menon683@outlook.com,Chennai,Churned,False,+911021312512,False,2023-08-25
SWGY13582,Pari Menon,pari.menon800@gmail.co,Delhi,New,True,+916001452323,True,2023-11-10
SWGY13802,Pari Menon,pari.menon910@gmail.com,Mumbai,New,False,+914288151473,False,2024-05-30
SWGY11265,Pari Nair,pari.nair395@gmail.com,Nellore,Frequent Orderer,False,+912157562641,True,2023-09-19
SWGY14394,Pari Nair,pari.nair481@gmail.co,Chennai,New,False,+910069646901,True,2025-01-30
SWGY13116,Pari Nair,pari.nair559@gmail.com,Kolkata,Dormant,True,,False,2024-01-19
SWGY14048,Pari Nair,pari.nair751@gmail.co,Lucknow,Frequent Orderer,False,,False,2023-07-26
SWGY13703,Pari Nair,pari.nair762@hotmail.com,Vijayawada,New,True,+915084342112,True,2024-10-17
SWGY12339,Pari Nair,pari.nair977@gmail.com,Mumbai,Dormant,False,+915915798155,True,2023-06-27
SWGY15156,Pari Patel,pari.patel476@hotmail.com,Jaipur,Frequent Orderer,False,+915270982380,True,2025-04-07
SWGY12353,Pari Patel,pari.patel602@yahoo.com,Mumbai,New,False,+912985672405,True,2024-02-24
SWGY10934,Pari Patel,pari.patel632@yahoo.com,Bengaluru,Dormant,False,+917119529635,True,2025-01-23
SWGY10748,Pari Patel,pari.patel699@hotmail.com,Jaipur,New,False,+916084937830,False,2025-05-26
SWGY11825,Pari Patel,pari.patel727@gmail.co,Bengaluru,Dormant,False,+916352356118,False,2024-01-10
SWGY12262,Pari Patel,pari.patel832@hotmail.com,Kolkata,Swiggy One Member,True,+919777382438,False,2023-12-09
SWGY11237,Pari Patel,pari.patel870@gmail.co,Lucknow,Churned,False,,False,2025-04-25
SWGY13493,Pari Patel,pari.patel872@outlook.com,Nellore,New,False,+912454053606,False,2023-07-19
SWGY13963,Pari Patel,pari.patel992@hotmail.com,Vijayawada,Dormant,False,+919818370394,False,2023-10-08
SWGY10439,Pari Pillai,pari.pillai130@yahoo.com,Delhi,New,False,+914053967275,False,2024-02-21
SWGY10660,Pari Pillai,pari.pillai139@hotmail.com,Pune,Churned,False,+916213541597,True,2024-05-13
SWGY10327,Pari Pillai,pari.pillai292@outlook.com,Kolkata,Swiggy One Member,True,+919025590561,False,2025-02-21
SWGY15959,Pari Pillai,pari.pillai343@hotmail.com,Noida,Frequent Orderer,False,+919760229405,False,2024-09-09
SWGY13007,Pari Pillai,pari.pillai367@gmail.co,Lucknow,New,False,+913373434889,True,2023-08-11
SWGY11538,Pari Pillai,pari.pillai411@outlook.com,Mumbai,Churned,True,+911198309754,False,2023-09-27
SWGY10306,Pari Pillai,pari.pillai469@outlook.com,Ahmedabad,Swiggy One Member,True,+914243754025,True,2025-05-14
SWGY13204,Pari Pillai,pari.pillai697@gmail.com,Gurugram,Swiggy One Member,True,,False,2024-06-07
SWGY11158,Pari Pillai,pari.pillai791@gmail.co,Kochi,New,False,+916401632957,False,2024-03-27
SWGY11462,Pari Pillai,pari.pillai802@outlook.com,Chennai,Swiggy One Member,True,+915744410769,False,2025-02-20
SWGY14388,Pari Pillai,pari.pillai964@hotmail.com,Ahmedabad,New,False,+910826815423,False,2024-06-09
SWGY15231,Pari Rao,pari.rao362@outlook.com,Chennai,Dormant,True,+914859231387,True,2024-12-01
SWGY13578,Pari Rao,pari.rao366@gmail.co,Delhi,Frequent Orderer,False,+919419045490,False,2023-09-21
SWGY15808,Pari Rao,pari.rao741@gmail.com,Ahmedabad,New,False,+911750908006,True,2024-02-22
SWGY15772,Pari Rao,pari.rao750@gmail.co,Chennai,Unclassified,False,+918725755044,True,2023-12-29
SWGY12551,Pari Reddy,pari.reddy102@outlook.com,Ahmedabad,Churned,True,,False,2024-04-02
SWGY14583,Pari Reddy,pari.reddy152@gmail.co,Noida,Dormant,False,+915268530744,True,2024-12-19
SWGY14306,Pari Reddy,pari.reddy214@gmail.com,Nellore,New,True,,False,2024-10-02
SWGY14415,Pari Reddy,pari.reddy286@outlook.com,Chennai,New,False,+911582843656,False,2025-03-07
SWGY15073,Pari Reddy,pari.reddy468@outlook.com,Chennai,Frequent Orderer,True,+914588822707,False,2024-08-09
SWGY15174,Pari Reddy,pari.reddy51@gmail.com,Gurugram,Swiggy One Member,True,,False,2024-05-17
SWGY10028,Pari Reddy,pari.reddy621@hotmail.com,Vijayawada,Frequent Orderer,False,,False,2024-01-10
SWGY11559,Pari Reddy,pari.reddy678@outlook.com,Lucknow,Frequent Orderer,False,+918104573466,False,2024-07-29
SWGY15654,Pari Reddy,pari.reddy944@gmail.com,Lucknow,Swiggy One Member,True,,True,2025-04-12
SWGY14331,Pari Reddy,pari.reddy970@gmail.com,Chennai,New,False,,True,2025-01-09
SWGY14927,Pari Sharma,pari.sharma204@outlook.com,Nellore,New,True,+916643121885,False,2023-10-01
SWGY10090,Pari Sharma,pari.sharma598@outlook.com,Pune,Swiggy One Member,True,+910974993097,False,2024-05-05
SWGY10051,Pari Sharma,pari.sharma651@gmail.co,Vijayawada,Frequent Orderer,False,+914612004711,False,2024-12-26
SWGY11039,Pari Sharma,pari.sharma665@hotmail.com,Hyderabad,Frequent Orderer,False,,False,2023-12-20
SWGY11989,Pari Sharma,pari.sharma714@gmail.co,Mumbai,Frequent Orderer,False,+910952905509,True,2023-09-27
SWGY13425,Pari Sharma,pari.sharma753@yahoo.com,Lucknow,Frequent Orderer,False,+916286411692,True,2023-06-25
SWGY11431,Pari Sharma,pari.sharma898@gmail.com,Noida,Dormant,False,+919926653619,False,2024-01-03
SWGY11104,Pari Shetty,pari.shetty202@yahoo.com,Pune,New,True,,False,2024-07-19
SWGY13729,Pari Shetty,pari.shetty21@outlook.com,Gurugram,Frequent Orderer,False,+914205008000,True,2024-08-03
SWGY10387,Pari Shetty,pari.shetty320@hotmail.com,Gurugram,Frequent Orderer,False,+915498227495,True,2023-12-08
SWGY13326,Pari Shetty,pari.shetty508@outlook.com,,New,False,+915507576449,True,2025-04-20
SWGY10595,Pari Shetty,pari.shetty514@outlook.com,Lucknow,Churned,False,+916728727601,False,2023-11-22
SWGY12873,Pari Shetty,pari.shetty633@yahoo.com,Kolkata,Dormant,False,,True,2025-02-16
SWGY10495,Pari Shetty,pari.shetty657@gmail.com,Bengaluru,Frequent Orderer,False,+919103002156,False,2024-07-07
SWGY10756,Pari Shetty,pari.shetty778@yahoo.com,Hyderabad,Frequent Orderer,False,+917368011923,False,2024-02-06
SWGY12072,Pari Shetty,pari.shetty793@outlook.com,Chennai,Frequent Orderer,True,+918273868833,False,2023-07-15
SWGY14860,Pari Shetty,pari.shetty906@gmail.co,Bengaluru,New,False,+917935894414,True,2023-07-16
SWGY11998,Pari Shetty,pari.shetty970@hotmail.com,Delhi,Frequent Orderer,False,+916080993715,False,2023-10-05
SWGY11120,Pari Shetty,pari.shetty993@gmail.co,Gurugram,Frequent Orderer,True,,False,2023-07-24
SWGY10671,Pari Shetty,pari.shetty993@gmail.com,Jaipur,Frequent Orderer,False,+911157942387,True,2024-10-24
SWGY11042,Pari Singh,pari.singh141@hotmail.com,Nellore,Frequent Orderer,False,+917751239597,True,2024-05-11
SWGY11516,Pari Singh,pari.singh170@hotmail.com,Chennai,New,False,+913813014948,True,2023-10-10
SWGY10211,Pari Singh,pari.singh194@gmail.com,Lucknow,Frequent Orderer,False,+910981806356,False,2023-08-25
SWGY14420,Pari Singh,pari.singh203@hotmail.com,Delhi,Swiggy One Member,True,+912002873403,True,2023-10-28
SWGY10520X,Pari Singh,pari.singh22@hotmail.com,Chennai,Frequent Orderer,False,,False,2023-10-27
SWGY15143,Pari Singh,pari.singh31@gmail.co,Lucknow,New,False,+914884660612,False,2023-10-15
SWGY10831,Pari Singh,pari.singh454@gmail.com,Nellore,Frequent Orderer,False,+919063224815,True,2024-10-19
SWGY11413,Pari Singh,pari.singh493@gmail.com,Bengaluru,New,False,+912615487201,True,2025-04-24
SWGY15503,Pari Singh,pari.singh586@yahoo.com,Noida,Swiggy One Member,True,+912813840383,True,2023-09-13
SWGY12384,Pari Singh,pari.singh5@gmail.co,Kolkata,New,False,,False,2024-09-23
SWGY15238,Pari Singh,pari.singh774@hotmail.com,Jaipur,Frequent Orderer,False,+917508824621,False,2024-09-04
SWGY11429,Pari Singh,pari.singh829@yahoo.com,Ahmedabad,Frequent Orderer,False,+910781117196,True,2024-10-05
SWGY13980,Pari Verma,pari.verma244@hotmail.com,,Unclassified,True,+912282102152,True,2024-09-18
SWGY12063,Pari Verma,pari.verma406@yahoo.com,Ahmedabad,Frequent Orderer,True,+919863678281,True,2025-05-04
SWGY13542,Pari Verma,pari.verma471@gmail.co,Hyderabad,Frequent Orderer,False,+912117005245,True,2023-10-13
SWGY14210,Pari Verma,pari.verma472@hotmail.com,Ahmedabad,Churned,True,+917994126428,False,2024-05-23
SWGY13514,Pari Verma,pari.verma497@gmail.com,Bengaluru,New,False,+910055501878,True,2025-02-17
SWGY15209X,Pari Verma,pari.verma847@yahoo.com,Pune,Dormant,False,+914837469064,True,2024-09-07
SWGY14822,Pari Verma,pari.verma866@gmail.com,Lucknow,Swiggy One Member,True,,False,2024-08-22
SWGY15175,Pari Verma,pari.verma950@gmail.co,Lucknow,Churned,False,,False,2024-06-26
SWGY11451,Pooja Bose,pooja.bose127@gmail.co,Bengaluru,New,False,+916968740330,True,2025-02-10
SWGY11241,Pooja Bose,pooja.bose212@outlook.com,Lucknow,Frequent Orderer,False,,False,2023-12-26
SWGY10045,Pooja Bose,pooja.bose233@gmail.com,Bengaluru,New,False,+911172400504,True,2025-02-22
SWGY11017,Pooja Bose,pooja.bose24@hotmail.com,Kolkata,Churned,False,+919843361137,False,2024-10-04
SWGY13960,Pooja Bose,pooja.bose256@gmail.co,Noida,Frequent Orderer,False,+917975254217,True,2024-09-25
SWGY14880,Pooja Bose,pooja.bose568@yahoo.com,Mumbai,Unclassified,False,,True,2024-09-15
SWGY14258,Pooja Bose,pooja.bose775@gmail.co,Vijayawada,Dormant,False,+911089748542,False,2024-04-06
SWGY11150,Pooja Bose,pooja.bose830@gmail.co,Ahmedabad,Frequent Orderer,False,+919541767553,True,2025-03-15
SWGY15188,Pooja Bose,pooja.bose837@outlook.com,Ahmedabad,Dormant,False,,True,2024-03-02
SWGY10864,Pooja Bose,pooja.bose920@gmail.co,Nellore,Swiggy One Member,True,,False,2024-06-23
SWGY15482,Pooja Chatterjee,pooja.chatterjee101@gmail.com,Nellore,Frequent Orderer,False,,True,2024-10-15
SWGY10173,Pooja Chatterjee,pooja.chatterjee206@outlook.com,,Frequent Orderer,False,,False,2024-04-01
SWGY12847,Pooja Chatterjee,pooja.chatterjee463@gmail.com,Nellore,Frequent Orderer,False,,True,2023-12-22
SWGY13189,Pooja Chatterjee,pooja.chatterjee484@hotmail.com,Vijayawada,Swiggy One Member,True,,False,2023-09-18
SWGY15202,Pooja Chatterjee,pooja.chatterjee491@outlook.com,Chennai,Frequent Orderer,False,+919666223462,False,2024-08-16
SWGY15484,Pooja Chatterjee,pooja.chatterjee521@hotmail.com,Delhi,Frequent Orderer,False,+910010919409,True,2025-05-03
SWGY15233X,Pooja Chatterjee,pooja.chatterjee602@hotmail.com,Hyderabad,Dormant,False,+917515366377,True,2024-01-19
SWGY14295,Pooja Das,pooja.das243@gmail.com,Noida,Churned,False,+914342464522,True,2023-06-15
SWGY10073X,Pooja Das,pooja.das291@outlook.com,Chennai,Swiggy One Member,True,+912787924477,True,2025-04-06
SWGY12882,Pooja Das,pooja.das58@gmail.co,Gurugram,Swiggy One Member,True,,False,2024-09-08
SWGY10563,Pooja Das,pooja.das632@hotmail.com,Noida,Dormant,False,+913652037583,False,2024-09-20
SWGY12478,Pooja Das,pooja.das765@yahoo.com,Kolkata,New,False,,False,2025-05-10
SWGY10487,Pooja Das,pooja.das76@gmail.co,,Frequent Orderer,True,+911366572240,True,2023-12-30
SWGY12172,Pooja Das,pooja.das794@yahoo.com,Chennai,Dormant,False,+915338824996,True,2024-07-07
SWGY15195,Pooja Das,pooja.das825@gmail.co,Gurugram,Swiggy One Member,True,,True,2024-03-16
SWGY11614,Pooja Das,pooja.das989@gmail.co,Mumbai,Dormant,False,,False,2023-07-01
SWGY13937,Pooja Gupta,pooja.gupta136@hotmail.com,Delhi,Swiggy One Member,True,,True,2024-07-16
SWGY11268,Pooja Gupta,pooja.gupta379@hotmail.com,Ahmedabad,Swiggy One Member,True,+916450282313,True,2024-03-25
SWGY10334,Pooja Gupta,pooja.gupta407@yahoo.com,Lucknow,Dormant,False,+919818984713,True,2024-07-21
SWGY15737,Pooja Gupta,pooja.gupta448@outlook.com,,Frequent Orderer,False,+914793970635,False,2024-08-22
SWGY12504,Pooja Gupta,pooja.gupta581@yahoo.com,Bengaluru,Frequent Orderer,False,+919704538687,False,2024-12-04
SWGY15557,Pooja Gupta,pooja.gupta636@gmail.co,Noida,New,False,+912432449959,False,2025-05-10
SWGY15966,Pooja Gupta,pooja.gupta647@yahoo.com,Jaipur,Dormant,False,+917791411987,True,2023-12-07
SWGY12796,Pooja Gupta,pooja.gupta816@outlook.com,Gurugram,New,False,+919916277650,True,2024-12-26
SWGY12532X,Pooja Gupta,pooja.gupta869@outlook.com,Bengaluru,Swiggy One Member,True,+919965678956,False,2023-12-08
SWGY13576,Pooja Iyer,pooja.iyer215@hotmail.com,Noida,New,False,+911862050255,False,2024-01-15
SWGY10043,Pooja Iyer,pooja.iyer387@gmail.co,Gurugram,Frequent Orderer,False,+913396360576,True,2024-12-03
SWGY13874,Pooja Iyer,pooja.iyer408@hotmail.com,Gurugram,Frequent Orderer,False,+917810528941,False,2023-09-16
SWGY10497,Pooja Iyer,pooja.iyer458@gmail.com,,Dormant,False,+913977457314,False,2025-01-19
SWGY14892,Pooja Iyer,pooja.iyer493@yahoo.com,Pune,Dormant,False,+910476778390,True,2024-01-11
SWGY12600,Pooja Iyer,pooja.iyer508@gmail.co,Jaipur,Frequent Orderer,False,+912716892788,False,2024-02-04
SWGY15511,Pooja Iyer,pooja.iyer527@hotmail.com,Hyderabad,Unclassified,False,+911419446644,False,2024-06-27
SWGY14189,Pooja Iyer,pooja.iyer68@gmail.com,Gurugram,Swiggy One Member,True,+912837519828,True,2024-08-19
SWGY11106,Pooja Iyer,pooja.iyer6@gmail.co,Kochi,Frequent Orderer,True,,True,2024-01-17
SWGY11795X,Pooja Iyer,pooja.iyer726@hotmail.com,Gurugram,Swiggy One Member,True,,False,2025-01-30
SWGY14499,Pooja Iyer,pooja.iyer822@gmail.com,Gurugram,New,True,+918837735671,True,2024-11-15
SWGY15472,Pooja Iyer,pooja.iyer882@outlook.com,Kochi,Frequent Orderer,False,+916373023553,False,2023-06-05
SWGY11706,Pooja Iyer,pooja.iyer886@gmail.co,Delhi,Churned,False,+917353842561,True,2023-08-17
SWGY15778,Pooja Iyer,pooja.iyer943@outlook.com,Delhi,Dormant,True,,False,2024-04-01
SWGY14905,Pooja Iyer,pooja.iyer947@hotmail.com,Bengaluru,Frequent Orderer,False,+913410345550,False,2025-04-16
SWGY11034,Pooja Joshi,pooja.joshi124@gmail.com,Noida,Frequent Orderer,True,+917535821072,True,2024-11-18
SWGY10914,Pooja Joshi,pooja.joshi283@yahoo.com,Delhi,Dormant,False,+919142614048,True,2023-09-24
SWGY10882,Pooja Joshi,pooja.joshi438@gmail.com,Lucknow,Churned,False,+910537092300,True,2023-09-20
SWGY12174,Pooja Joshi,pooja.joshi622@yahoo.com,Vijayawada,Dormant,False,+919443121345,True,2023-07-28
SWGY10475,Pooja Joshi,pooja.joshi838@gmail.co,Ahmedabad,Frequent Orderer,False,+912166365155,False,2023-09-04
SWGY11314,Pooja Kapoor,pooja.kapoor205@outlook.com,Kolkata,Frequent Orderer,False,+915733099000,True,2024-09-21
SWGY10585,Pooja Kapoor,pooja.kapoor262@gmail.co,Hyderabad,Swiggy One Member,True,,False,2024-11-27
SWGY14222,Pooja Kapoor,pooja.kapoor266@outlook.com,Bengaluru,Dormant,False,+910148234799,True,2023-12-07
SWGY15619,Pooja Kapoor,pooja.kapoor316@gmail.co,Jaipur,Dormant,False,,False,2023-06-01
SWGY14960,Pooja Kapoor,pooja.kapoor491@outlook.com,Vijayawada,Churned,False,+916625028451,True,2024-09-20
SWGY15180,Pooja Kapoor,pooja.kapoor642@yahoo.com,Kolkata,New,False,+910729701033,True,2023-08-09
SWGY13450,Pooja Kapoor,pooja.kapoor996@gmail.com,Jaipur,Swiggy One Member,True,,True,2025-03-31
SWGY10065,Pooja Khan,pooja.khan282@hotmail.com,,New,False,,False,2024-08-24
SWGY12783,Pooja Khan,pooja.khan345@hotmail.com,Gurugram,Dormant,True,+911227254495,True,2025-04-05
SWGY13785,Pooja Khan,pooja.khan462@outlook.com,Kolkata,Dormant,False,+917842717137,False,2024-10-12
SWGY10479,Pooja Khan,pooja.khan462@yahoo.com,Mumbai,Frequent Orderer,True,+919103368296,False,2025-04-21
SWGY10765,Pooja Khan,pooja.khan708@gmail.com,Bengaluru,Dormant,False,+910152911371,True,2023-07-04
SWGY15151X,Pooja Khan,pooja.khan765@gmail.co,Chennai,New,False,,True,2023-06-16
SWGY11491,Pooja Khan,pooja.khan906@gmail.co,Chennai,Dormant,False,+918192147498,False,2024-12-11
SWGY10701,Pooja Malhotra,pooja.malhotra169@yahoo.com,Delhi,Frequent Orderer,False,+916534606056,True,2023-08-09
SWGY13369,Pooja Malhotra,pooja.malhotra202@hotmail.com,Kochi,Swiggy One Member,True,,False,2024-01-01
SWGY10993,Pooja Malhotra,pooja.malhotra307@yahoo.com,Jaipur,New,False,+913615873662,True,2023-10-04
SWGY12958,Pooja Malhotra,pooja.malhotra350@hotmail.com,Nellore,Churned,False,+917291930420,True,2024-01-06
SWGY13909,Pooja Malhotra,pooja.malhotra381@gmail.co,Gurugram,Swiggy One Member,True,+910048690802,True,2024-08-06
SWGY14561,Pooja Malhotra,pooja.malhotra426@gmail.com,Kolkata,Frequent Orderer,False,,False,2025-05-03
SWGY13683,Pooja Malhotra,pooja.malhotra478@gmail.com,Bengaluru,New,False,,False,2024-01-26
SWGY10100,Pooja Malhotra,pooja.malhotra501@gmail.com,Gurugram,Swiggy One Member,True,+917072867908,True,2023-09-28
SWGY11612,Pooja Malhotra,pooja.malhotra652@hotmail.com,Gurugram,Frequent Orderer,False,+911292361391,False,2024-05-08
SWGY12228,Pooja Malhotra,pooja.malhotra672@yahoo.com,Jaipur,Swiggy One Member,True,+913071081692,False,2024-10-03
SWGY12493,Pooja Malhotra,pooja.malhotra793@outlook.com,Lucknow,Frequent Orderer,False,,True,2023-10-09
SWGY12960,Pooja Malhotra,pooja.malhotra825@hotmail.com,Chennai,New,False,,False,2023-10-06
SWGY15378,Pooja Malhotra,pooja.malhotra871@yahoo.com,Hyderabad,Swiggy One Member,True,+919161612668,True,2024-05-15
SWGY10499,Pooja Malhotra,pooja.malhotra889@hotmail.com,Mumbai,New,False,+916314624912,False,2023-10-12
SWGY15612,Pooja Mehta,pooja.mehta488@outlook.com,Bengaluru,Frequent Orderer,True,+916279611286,True,2023-07-22
SWGY14155,Pooja Mehta,pooja.mehta505@hotmail.com,Bengaluru,Unclassified,False,+914505495222,True,2023-10-10
SWGY11939,Pooja Mehta,pooja.mehta511@hotmail.com,Noida,Frequent Orderer,False,+915004450729,True,2024-06-29
SWGY11945,Pooja Mehta,pooja.mehta549@gmail.co,Kochi,Churned,False,+916067755957,False,2024-11-10
SWGY14141,Pooja Mehta,pooja.mehta626@gmail.com,Nellore,Dormant,False,,True,2024-12-04
SWGY15623,Pooja Mehta,pooja.mehta867@gmail.co,Lucknow,Frequent Orderer,False,+912136211786,True,2024-02-09
SWGY11609,Pooja Mehta,pooja.mehta926@gmail.co,Jaipur,Frequent Orderer,False,+919974159209,False,2023-07-09
SWGY10113,Pooja Mehta,pooja.mehta98@hotmail.com,Ahmedabad,Swiggy One Member,True,,True,2024-05-05
SWGY11321,Pooja Menon,pooja.menon106@gmail.com,Noida,New,False,+912387351866,True,2023-10-10
SWGY12969,Pooja Menon,pooja.menon268@outlook.com,Mumbai,New,False,+915195442334,True,2024-01-18
SWGY12687,Pooja Menon,pooja.menon450@yahoo.com,Ahmedabad,Churned,False,,False,2025-05-14
SWGY15246,Pooja Menon,pooja.menon497@hotmail.com,Bengaluru,New,True,,True,2025-05-05
SWGY15713,Pooja Menon,pooja.menon698@gmail.co,Noida,Frequent Orderer,False,+919377598864,False,2024-10-29
SWGY15110,Pooja Menon,pooja.menon783@gmail.com,Ahmedabad,New,False,+915509023075,False,2023-10-25
SWGY13144,Pooja Menon,pooja.menon846@gmail.co,Delhi,Churned,False,,True,2024-08-22
SWGY11198,Pooja Nair,pooja.nair159@outlook.com,Delhi,New,False,+914752835999,True,2024-01-21
SWGY13747,Pooja Nair,pooja.nair165@gmail.co,Chennai,Swiggy One Member,True,,True,2025-05-25
SWGY14690,Pooja Nair,pooja.nair193@hotmail.com,,New,False,+914729564694,True,2024-01-12
SWGY10794,Pooja Nair,pooja.nair225@gmail.co,Ahmedabad,New,False,+918527789561,False,2023-09-13
SWGY14401,Pooja Nair,pooja.nair305@gmail.com,,New,False,,True,2024-05-09
SWGY14980,Pooja Nair,pooja.nair32@yahoo.com,Pune,Dormant,False,+915855502436,False,2025-04-15
SWGY11678X,Pooja Nair,pooja.nair373@yahoo.com,Noida,Dormant,False,+910008119776,False,2023-08-05
SWGY15524,Pooja Nair,pooja.nair474@hotmail.com,Gurugram,Swiggy One Member,True,,False,2025-01-05
SWGY15913,Pooja Nair,pooja.nair531@hotmail.com,Jaipur,Dormant,False,+914053536048,False,2024-03-16
SWGY14297,Pooja Nair,pooja.nair689@hotmail.com,Mumbai,Swiggy One Member,True,+916760244011,True,2024-03-29
SWGY10371,Pooja Nair,pooja.nair725@outlook.com,Jaipur,Swiggy One Member,True,+911813989098,True,2023-06-26
SWGY12915,Pooja Patel,pooja.patel260@gmail.co,Nellore,Swiggy One Member,True,+915545085548,True,2025-03-06
SWGY12607,Pooja Patel,pooja.patel400@gmail.co,Mumbai,New,False,,True,2025-03-01
SWGY10297,Pooja Patel,pooja.patel447@yahoo.com,Kolkata,New,False,+919726527354,True,2024-01-12
SWGY13310,Pooja Patel,pooja.patel482@outlook.com,Pune,Dormant,False,+914431328156,True,2024-03-22
SWGY12295,Pooja Patel,pooja.patel622@gmail.com,Ahmedabad,Frequent Orderer,False,+912384876144,False,2025-01-20
SWGY14814,Pooja Patel,pooja.patel625@gmail.co,Jaipur,Dormant,False,+912364956917,True,2025-01-14
SWGY14021,Pooja Patel,pooja.patel850@hotmail.com,Kolkata,Unclassified,False,+917867771109,True,2023-08-13
SWGY14202,Pooja Patel,pooja.patel886@gmail.co,Bengaluru,Frequent Orderer,False,+912406383466,True,2023-11-26
SWGY10305,Pooja Patel,pooja.patel955@yahoo.com,Nellore,New,False,,True,2025-03-04
SWGY15721,Pooja Pillai,pooja.pillai249@hotmail.com,Pune,Churned,False,,True,2024-07-11
SWGY12244,Pooja Pillai,pooja.pillai265@yahoo.com,Nellore,Swiggy One Member,True,+919474934768,False,2024-05-05
SWGY15451,Pooja Pillai,pooja.pillai337@gmail.co,Gurugram,Unclassified,True,,False,2023-10-17
SWGY12319,Pooja Pillai,pooja.pillai492@gmail.com,Kochi,Frequent Orderer,False,+918258320143,False,2024-09-02
SWGY11307,Pooja Pillai,pooja.pillai730@outlook.com,Kochi,Frequent Orderer,False,+918617892571,True,2024-01-21
SWGY10714,Pooja Pillai,pooja.pillai867@gmail.com,Ahmedabad,Swiggy One Member,True,+915031219804,True,2024-11-11
SWGY12036,Pooja Pillai,pooja.pillai88@outlook.com,Kolkata,New,False,+918047118004,True,2024-07-17
SWGY10697,Pooja Pillai,pooja.pillai934@gmail.com,Noida,Frequent Orderer,False,,False,2024-10-18
SWGY10036,Pooja Pillai,pooja.pillai984@gmail.com,Kolkata,Swiggy One Member,True,+913341232812,False,2024-04-08
SWGY15021,Pooja Rao,pooja.rao306@outlook.com,Kochi,Dormant,False,+913566572625,True,2023-08-27
SWGY15589,Pooja Rao,pooja.rao470@gmail.com,,Dormant,False,,False,2025-04-19
SWGY10661,Pooja Rao,pooja.rao502@outlook.com,Hyderabad,Frequent Orderer,False,,True,2024-11-07
SWGY10367,Pooja Rao,pooja.rao706@gmail.co,Vijayawada,Swiggy One Member,True,+916228277288,False,2024-10-23
SWGY13421,Pooja Rao,pooja.rao707@gmail.com,Hyderabad,Swiggy One Member,True,,True,2023-10-09
SWGY10071,Pooja Rao,pooja.rao729@hotmail.com,Bengaluru,Frequent Orderer,False,+914124782613,False,2025-03-18
SWGY12381,Pooja Rao,pooja.rao922@yahoo.com,Noida,Frequent Orderer,False,+911768922068,True,2024-01-03
SWGY11291,Pooja Rao,pooja.rao933@outlook.com,Jaipur,Swiggy One Member,True,,False,2024-01-10
SWGY12233,Pooja Rao,pooja.rao982@gmail.com,Lucknow,Unclassified,True,+912845848749,True,2024-12-06
SWGY15255,Pooja Reddy,pooja.reddy138@gmail.com,Ahmedabad,Dormant,True,+910009196568,False,2023-08-02
SWGY11159,Pooja Reddy,pooja.reddy165@hotmail.com,Pune,Churned,False,+912731868302,True,2025-01-17
SWGY12440,Pooja Reddy,pooja.reddy167@outlook.com,Vijayawada,Dormant,False,+919520769915,False,2024-10-28
SWGY12914,Pooja Reddy,pooja.reddy346@hotmail.com,Pune,Dormant,False,,True,2024-06-26
SWGY12113,Pooja Reddy,pooja.reddy378@yahoo.com,Hyderabad,Swiggy One Member,True,+913750839731,True,2025-02-27
SWGY12646,Pooja Reddy,pooja.reddy42@hotmail.com,Lucknow,Frequent Orderer,False,+912205322089,True,2024-11-02
SWGY12977,Pooja Reddy,pooja.reddy477@gmail.com,Nellore,Swiggy One Member,True,+919656455392,False,2024-11-07
SWGY15377,Pooja Reddy,pooja.reddy558@gmail.co,Mumbai,Frequent Orderer,False,,False,2023-11-29
SWGY12741,Pooja Reddy,pooja.reddy654@yahoo.com,Kolkata,Swiggy One Member,True,+914200502940,False,2024-01-26
SWGY10744,Pooja Reddy,pooja.reddy713@outlook.com,Bengaluru,Swiggy One Member,True,,True,2024-04-03
SWGY12658,Pooja Reddy,pooja.reddy724@gmail.com,Mumbai,New,False,+915864358309,False,2024-12-21
SWGY13858,Pooja Reddy,pooja.reddy805@gmail.co,Kochi,Frequent Orderer,False,+913874848936,True,2023-10-19
SWGY11854,Pooja Reddy,pooja.reddy864@hotmail.com,Lucknow,Unclassified,False,+915883140035,False,2024-10-26
SWGY11153,Pooja Reddy,pooja.reddy8@gmail.co,Nellore,Dormant,True,+919010792372,False,2023-10-16
SWGY14274,Pooja Reddy,pooja.reddy986@outlook.com,Gurugram,Frequent Orderer,False,+915886802263,True,2025-03-09
SWGY11644,Pooja Sharma,pooja.sharma127@yahoo.com,Ahmedabad,Frequent Orderer,False,+911092216897,False,2024-10-08
SWGY10917,Pooja Sharma,pooja.sharma152@yahoo.com,Jaipur,Frequent Orderer,False,+917729665633,True,2024-11-23
SWGY15585,Pooja Sharma,pooja.sharma17@gmail.co,Jaipur,Frequent Orderer,False,,True,2024-10-16
SWGY11521,Pooja Sharma,pooja.sharma211@gmail.com,,Swiggy One Member,True,+917005994696,True,2025-01-08
SWGY11278,Pooja Sharma,pooja.sharma329@gmail.com,Kochi,Swiggy One Member,True,,True,2025-03-31
SWGY14947,Pooja Sharma,pooja.sharma464@gmail.co,Ahmedabad,Dormant,False,+912868384324,False,2024-11-22
SWGY14966,Pooja Sharma,pooja.sharma564@gmail.co,Lucknow,Frequent Orderer,False,+914357110234,True,2025-05-29
SWGY14290,Pooja Sharma,pooja.sharma751@gmail.co,Bengaluru,New,False,+913541989320,True,2023-06-10
SWGY13413,Pooja Sharma,pooja.sharma909@gmail.co,Nellore,Dormant,False,+911932694464,True,2024-04-20
SWGY11869,Pooja Sharma,pooja.sharma912@hotmail.com,Bengaluru,Dormant,False,+918657374496,False,2023-12-23
SWGY14288,Pooja Sharma,pooja.sharma924@yahoo.com,Jaipur,Swiggy One Member,True,+919985196528,True,2024-11-27
SWGY12626,Pooja Shetty,pooja.shetty188@hotmail.com,,Churned,True,+913511877863,True,2024-12-24
SWGY12389,Pooja Shetty,pooja.shetty402@hotmail.com,Gurugram,Frequent Orderer,False,+915437636628,False,2024-09-20
SWGY14184,Pooja Shetty,pooja.shetty502@gmail.co,Gurugram,New,False,+919782489182,False,2024-08-23
SWGY14057,Pooja Shetty,pooja.shetty755@yahoo.com,Jaipur,Swiggy One Member,True,+917097049221,False,2025-01-18
SWGY15870,Pooja Singh,pooja.singh256@gmail.co,Gurugram,New,False,+918217453314,False,2024-08-08
SWGY15450,Pooja Singh,pooja.singh362@gmail.co,Vijayawada,Frequent Orderer,False,+912594018980,True,2023-09-24
SWGY11703X,Pooja Singh,pooja.singh474@gmail.co,Pune,Churned,False,+917305721864,False,2023-10-17
SWGY12310,Pooja Singh,pooja.singh532@gmail.co,Nellore,Frequent Orderer,False,,False,2024-12-05
SWGY11351,Pooja Singh,pooja.singh680@gmail.com,Kochi,Swiggy One Member,True,+914872255785,False,2024-03-21
SWGY12982,Pooja Singh,pooja.singh6@yahoo.com,Noida,Frequent Orderer,False,+912179211828,True,2024-01-22
SWGY10551,Pooja Singh,pooja.singh751@yahoo.com,Chennai,Churned,False,+910081867024,False,2023-11-13
SWGY10546,Pooja Singh,pooja.singh752@gmail.co,Ahmedabad,Frequent Orderer,False,,False,2023-12-18
SWGY14032,Pooja Singh,pooja.singh93@yahoo.com,Delhi,Swiggy One Member,True,+917043796508,False,2023-08-01
SWGY11232,Pooja Verma,pooja.verma213@outlook.com,Jaipur,Dormant,False,+915819565728,False,2024-04-24
SWGY12238,Pooja Verma,pooja.verma315@gmail.com,,Dormant,False,+914202230597,False,2025-05-08
SWGY11624,Pooja Verma,pooja.verma338@outlook.com,Nellore,Unclassified,False,+917774592541,False,2025-05-29
SWGY10010,Pooja Verma,pooja.verma348@gmail.com,Ahmedabad,Churned,True,,True,2025-03-31
SWGY12041,Pooja Verma,pooja.verma674@gmail.co,Mumbai,Dormant,False,+912684970424,False,2024-05-02
SWGY14879X,Pooja Verma,pooja.verma72@gmail.com,,New,False,+914956119989,False,2024-09-20
SWGY13374,Pooja Verma,pooja.verma743@hotmail.com,Jaipur,Swiggy One Member,True,,True,2025-04-08
SWGY12458,Pooja Verma,pooja.verma752@gmail.co,Mumbai,Dormant,False,+914910676987,True,2023-08-18
SWGY12257,Pooja Verma,pooja.verma757@yahoo.com,Noida,Dormant,False,+913591142028,True,2024-08-13
SWGY13748,Pooja Verma,pooja.verma852@gmail.com,Kochi,New,False,+918345037350,False,2024-05-04
SWGY10282,Priya Bose,priya.bose269@yahoo.com,Hyderabad,Swiggy One Member,True,,True,2024-06-23
SWGY14760,Priya Bose,priya.bose342@outlook.com,Kolkata,New,True,+918787476851,True,2024-09-26
SWGY12443,Priya Bose,priya.bose49@yahoo.com,Chennai,Frequent Orderer,False,+919182363725,True,2024-06-09
SWGY12052,Priya Bose,priya.bose671@hotmail.com,,New,False,,True,2024-02-04
SWGY14715,Priya Bose,priya.bose747@outlook.com,Gurugram,Churned,False,+911846122391,True,2025-05-02
SWGY15050,Priya Bose,priya.bose833@yahoo.com,Mumbai,Frequent Orderer,False,+910809649271,False,2024-08-20
SWGY14907,Priya Chatterjee,priya.chatterjee198@gmail.co,Kochi,New,False,+919575380299,True,2023-12-07
SWGY15520,Priya Chatterjee,priya.chatterjee383@gmail.com,,Swiggy One Member,True,+919367776398,False,2023-12-15
SWGY12553,Priya Chatterjee,priya.chatterjee387@gmail.com,Chennai,Frequent Orderer,False,+911990818733,False,2024-02-12
SWGY12891,Priya Chatterjee,priya.chatterjee539@gmail.co,Delhi,Swiggy One Member,True,+915105973446,True,2024-06-27
SWGY11167,Priya Chatterjee,priya.chatterjee777@yahoo.com,,Unclassified,True,+917764149003,True,2025-02-17
SWGY15682,Priya Chatterjee,priya.chatterjee887@hotmail.com,Nellore,New,False,,False,2024-10-16
SWGY14407,Priya Chatterjee,priya.chatterjee914@gmail.com,Noida,Frequent Orderer,False,+919388829563,False,2024-09-25
SWGY11487,Priya Chatterjee,priya.chatterjee91@gmail.co,Kochi,Dormant,False,+910584968814,True,2023-06-05
SWGY11890,Priya Das,priya.das161@hotmail.com,Ahmedabad,Churned,True,+910868744123,True,2024-06-09
SWGY10496,Priya Das,priya.das266@gmail.com,Noida,Churned,False,+914145964229,True,2024-12-02
SWGY13223,Priya Das,priya.das467@yahoo.com,Jaipur,Dormant,False,,False,2023-11-08
SWGY10505,Priya Das,priya.das470@gmail.com,Nellore,Swiggy One Member,True,+914589714802,True,2024-02-19
SWGY11368,Priya Das,priya.das594@gmail.co,Nellore,New,False,,True,2025-01-08
SWGY11941,Priya Das,priya.das599@hotmail.com,Kolkata,New,False,+917245819870,False,2024-10-24
SWGY13519,Priya Das,priya.das791@gmail.co,Mumbai,Frequent Orderer,False,+914573625303,True,2023-09-24
SWGY10470,Priya Das,priya.das919@hotmail.com,Delhi,Swiggy One Member,True,,False,2025-05-20
SWGY10239,Priya Gupta,priya.gupta104@yahoo.com,Noida,New,False,,False,2024-04-07
SWGY14172,Priya Gupta,priya.gupta108@gmail.com,Pune,Unclassified,False,,False,2024-01-21
SWGY11189,Priya Gupta,priya.gupta148@gmail.com,Lucknow,Swiggy One Member,True,+913485484203,False,2025-02-25
SWGY14631,Priya Gupta,priya.gupta326@yahoo.com,Gurugram,Swiggy One Member,True,+911562783123,True,2024-01-09
SWGY13979,Priya Gupta,priya.gupta347@outlook.com,Kochi,Frequent Orderer,False,,True,2023-09-08
SWGY15666,Priya Gupta,priya.gupta424@yahoo.com,Chennai,Frequent Orderer,False,+914703132823,True,2024-07-04
SWGY12080,Priya Gupta,priya.gupta543@yahoo.com,Ahmedabad,Dormant,False,+910164303297,True,2024-05-18
SWGY11114,Priya Gupta,priya.gupta591@outlook.com,Noida,Swiggy One Member,True,+917662623596,True,2025-02-22
SWGY13759,Priya Gupta,priya.gupta622@yahoo.com,Bengaluru,Frequent Orderer,False,+913812401476,True,2024-11-03
SWGY14470,Priya Gupta,priya.gupta640@yahoo.com,Kolkata,New,False,+913357574458,False,2023-09-22
SWGY10402,Priya Gupta,priya.gupta729@outlook.com,Chennai,Dormant,False,+912632967629,True,2025-03-23
SWGY10929,Priya Gupta,priya.gupta734@gmail.co,Delhi,New,False,+919678976098,True,2024-04-10
SWGY15628,Priya Gupta,priya.gupta776@gmail.com,Kolkata,Dormant,False,+912169138853,True,2024-05-09
SWGY15980,Priya Gupta,priya.gupta906@outlook.com,Hyderabad,New,False,+914143633778,False,2024-07-19
SWGY13610,Priya Gupta,priya.gupta909@outlook.com,Ahmedabad,New,False,+913338179842,True,2023-10-19
SWGY13694,Priya Gupta,priya.gupta934@hotmail.com,Hyderabad,New,False,+919922910807,True,2024-08-27
SWGY12034,Priya Gupta,priya.gupta974@gmail.co,Ahmedabad,Frequent Orderer,False,+910730217373,True,2025-05-10
SWGY11331,Priya Iyer,priya.iyer149@hotmail.com,,Swiggy One Member,True,,True,2023-12-13
SWGY14774,Priya Iyer,priya.iyer193@outlook.com,Ahmedabad,Unclassified,False,+917754372954,True,2024-10-26
SWGY15573,Priya Iyer,priya.iyer212@gmail.co,Bengaluru,Dormant,False,+915125436444,True,2023-08-11
SWGY14800,Priya Iyer,priya.iyer536@hotmail.com,Jaipur,Dormant,False,+919346744846,False,2023-11-15
SWGY10766,Priya Iyer,priya.iyer662@outlook.com,Pune,Frequent Orderer,True,+914218299874,True,2024-04-16
SWGY14899,Priya Iyer,priya.iyer703@gmail.com,Noida,Swiggy One Member,True,+915702245852,False,2023-09-04
SWGY15786,Priya Iyer,priya.iyer732@gmail.co,Jaipur,Dormant,False,+916049522541,True,2023-11-19
SWGY14522,Priya Iyer,priya.iyer861@outlook.com,Mumbai,Frequent Orderer,False,+917421787830,True,2024-07-19
SWGY10213,Priya Iyer,priya.iyer973@yahoo.com,Noida,New,False,+918658902601,False,2025-04-06
SWGY11281,Priya Iyer,priya.iyer979@outlook.com,Hyderabad,Swiggy One Member,True,+911446627633,False,2025-05-04
SWGY14093,Priya Joshi,priya.joshi105@hotmail.com,Mumbai,New,False,+911107355278,False,2024-07-02
SWGY10077,Priya Joshi,priya.joshi377@hotmail.com,Lucknow,Unclassified,False,+911616928451,True,2024-06-30
SWGY11561,Priya Joshi,priya.joshi553@hotmail.com,Gurugram,Swiggy One Member,True,+917434509685,True,2023-09-01
SWGY15402,Priya Joshi,priya.joshi594@gmail.co,Gurugram,Frequent Orderer,False,,True,2025-03-27
SWGY11165,Priya Joshi,priya.joshi759@gmail.com,Kolkata,Frequent Orderer,False,+917915244614,True,2024-12-19
SWGY11558,Priya Joshi,priya.joshi793@hotmail.com,Hyderabad,Frequent Orderer,False,+913785954176,False,2023-11-05
SWGY11912,Priya Joshi,priya.joshi90@hotmail.com,Delhi,Churned,False,+913779626389,False,2024-01-22
SWGY14720,Priya Joshi,priya.joshi991@yahoo.com,Mumbai,Churned,False,+914341182514,True,2024-04-21
SWGY13904,Priya Kapoor,priya.kapoor445@hotmail.com,Pune,Frequent Orderer,False,+911300871062,False,2025-01-12
SWGY13912,Priya Kapoor,priya.kapoor492@yahoo.com,Pune,Swiggy One Member,True,+918468585760,True,2025-03-01
SWGY12313,Priya Kapoor,priya.kapoor541@gmail.co,Hyderabad,Churned,False,+914031916661,False,2024-06-22
SWGY14144,Priya Kapoor,priya.kapoor775@outlook.com,Pune,Churned,False,+911224714116,False,2023-06-23
SWGY14293,Priya Kapoor,priya.kapoor850@gmail.com,Delhi,New,False,+915228039098,True,2024-06-22
SWGY14091,Priya Kapoor,priya.kapoor863@hotmail.com,Jaipur,New,True,+914793802839,False,2024-09-17
SWGY13083,Priya Kapoor,priya.kapoor872@gmail.com,Hyderabad,Frequent Orderer,False,+919037773110,False,2023-10-25
SWGY11243,Priya Kapoor,priya.kapoor902@yahoo.com,Ahmedabad,Frequent Orderer,False,+916014605190,False,2023-10-10
SWGY13783,Priya Khan,priya.khan224@yahoo.com,Jaipur,Churned,False,+917123630619,False,2024-10-09
SWGY11422,Priya Khan,priya.khan312@gmail.co,Noida,Unclassified,False,+918341034141,False,2024-06-22
SWGY14514,Priya Khan,priya.khan338@outlook.com,Lucknow,Swiggy One Member,True,+910675858834,True,2023-10-04
SWGY14639,Priya Khan,priya.khan535@gmail.co,Kochi,Frequent Orderer,False,+918316826882,False,2024-04-02
SWGY13093,Priya Khan,priya.khan778@outlook.com,Jaipur,New,False,+914651679212,True,2023-07-07
SWGY11168,Priya Khan,priya.khan801@outlook.com,Pune,Dormant,False,+914867228839,False,2023-08-05
SWGY10012,Priya Khan,priya.khan874@hotmail.com,Bengaluru,Swiggy One Member,True,+918121913619,False,2023-07-22
SWGY14532,Priya Khan,priya.khan996@outlook.com,Jaipur,Churned,False,+913653193366,True,2025-03-02
SWGY15273,Priya Khan,priya.khan996@yahoo.com,Pune,New,False,+917136971984,False,2023-11-12
SWGY11660X,Priya Malhotra,priya.malhotra190@hotmail.com,,Swiggy One Member,True,,False,2024-11-29
SWGY11539,Priya Malhotra,priya.malhotra190@yahoo.com,Lucknow,Dormant,False,+917487700788,False,2024-12-11
SWGY13603,Priya Malhotra,priya.malhotra320@gmail.co,Gurugram,New,True,+912162757332,False,2024-02-20
SWGY11067,Priya Malhotra,priya.malhotra329@gmail.co,Nellore,Dormant,False,,True,2023-12-14
SWGY10176,Priya Malhotra,priya.malhotra351@gmail.co,Vijayawada,Frequent Orderer,False,+913260332309,True,2024-11-18
SWGY10466,Priya Malhotra,priya.malhotra661@gmail.com,Jaipur,Frequent Orderer,False,,True,2024-04-02
SWGY11047,Priya Malhotra,priya.malhotra688@gmail.com,Noida,Swiggy One Member,True,+918869320553,True,2024-09-29
SWGY15695,Priya Malhotra,priya.malhotra693@hotmail.com,Gurugram,Dormant,False,+916476836264,True,2025-03-25
SWGY15319,Priya Malhotra,priya.malhotra804@outlook.com,Kochi,Frequent Orderer,False,+918828872480,False,2024-01-13
SWGY15349,Priya Malhotra,priya.malhotra857@outlook.com,Nellore,Dormant,False,+917752108219,True,2024-01-09
SWGY10419,Priya Mehta,priya.mehta187@hotmail.com,Delhi,Frequent Orderer,False,+917932302346,True,2023-11-28
SWGY14198,Priya Mehta,priya.mehta188@outlook.com,Mumbai,Frequent Orderer,False,,False,2024-01-30
SWGY14574,Priya Mehta,priya.mehta26@hotmail.com,,Dormant,False,+913178648971,False,2024-09-26
SWGY15656,Priya Mehta,priya.mehta285@hotmail.com,Noida,Dormant,False,,False,2024-06-17
SWGY12269,Priya Mehta,priya.mehta418@gmail.co,Delhi,Frequent Orderer,True,+918094059647,False,2025-03-31
SWGY13835,Priya Mehta,priya.mehta601@hotmail.com,Pune,Swiggy One Member,True,+913640298168,True,2023-09-26
SWGY11506,Priya Mehta,priya.mehta73@yahoo.com,Gurugram,New,False,+919558770062,True,2024-01-20
SWGY15565,Priya Mehta,priya.mehta762@outlook.com,Pune,Swiggy One Member,True,+916922764199,True,2025-04-14
SWGY10418,Priya Mehta,priya.mehta834@yahoo.com,Kochi,New,False,+913640270116,True,2023-08-31
SWGY12530,Priya Mehta,priya.mehta837@yahoo.com,Vijayawada,Dormant,True,+911128740811,False,2024-06-13
SWGY11024,Priya Mehta,priya.mehta936@outlook.com,Kolkata,Frequent Orderer,False,+910422763460,False,2024-04-28
SWGY13043,Priya Menon,priya.menon17@outlook.com,Jaipur,New,False,+913590058198,False,2025-03-11
SWGY15925,Priya Menon,priya.menon208@gmail.com,Ahmedabad,Churned,True,+918099375885,False,2024-11-30
SWGY12852,Priya Menon,priya.menon444@hotmail.com,Vijayawada,Swiggy One Member,True,,False,2024-02-01
SWGY13863,Priya Menon,priya.menon607@outlook.com,Nellore,Frequent Orderer,False,,False,2024-01-16
SWGY15797,Priya Menon,priya.menon69@gmail.com,Bengaluru,New,False,+918424690130,True,2024-02-28
SWGY10020,Priya Menon,priya.menon714@outlook.com,Nellore,Swiggy One Member,True,+913662994680,False,2024-04-12
SWGY11194,Priya Menon,priya.menon738@gmail.com,Lucknow,New,False,+917989948856,False,2023-08-16
SWGY12212,Priya Menon,priya.menon861@outlook.com,Mumbai,Frequent Orderer,False,+919537425257,False,2024-03-24
SWGY14990,Priya Menon,priya.menon891@gmail.com,Pune,New,False,+914927305593,False,2024-12-18
SWGY12851,Priya Menon,priya.menon911@outlook.com,,Dormant,False,+917491139282,False,2024-09-28
SWGY14026,Priya Nair,priya.nair205@hotmail.com,Bengaluru,Frequent Orderer,False,+918182695490,True,2024-06-21
SWGY15133,Priya Nair,priya.nair206@outlook.com,Vijayawada,Swiggy One Member,True,,False,2025-05-10
SWGY14781,Priya Nair,priya.nair224@yahoo.com,Pune,Swiggy One Member,True,+919772709416,False,2023-10-02
SWGY10771,Priya Nair,priya.nair315@gmail.co,Nellore,Swiggy One Member,True,+910362586314,True,2025-01-06
SWGY11672,Priya Nair,priya.nair409@gmail.com,Bengaluru,New,False,+910956418541,False,2023-11-22
SWGY10615,Priya Nair,priya.nair414@outlook.com,Pune,Dormant,True,+914950050702,False,2023-09-21
SWGY13952,Priya Nair,priya.nair430@hotmail.com,Delhi,Frequent Orderer,False,+919732598960,True,2023-10-01
SWGY15419,Priya Nair,priya.nair439@gmail.com,Kochi,Unclassified,True,+912286698826,True,2024-04-26
SWGY12116,Priya Nair,priya.nair439@yahoo.com,Vijayawada,Unclassified,True,+915873608055,True,2023-12-11
SWGY11888,Priya Nair,priya.nair709@gmail.co,Chennai,Swiggy One Member,True,,False,2023-11-08
SWGY15530,Priya Nair,priya.nair856@outlook.com,Noida,Dormant,False,+915292305611,True,2024-06-22
SWGY12444,Priya Patel,priya.patel26@outlook.com,Kochi,New,False,+917482522925,True,2023-08-28
SWGY11375,Priya Patel,priya.patel397@gmail.com,Noida,Swiggy One Member,True,+914270799594,False,2023-09-28
SWGY14402,Priya Patel,priya.patel420@yahoo.com,Mumbai,Frequent Orderer,True,+914019422852,False,2023-09-10
SWGY15798,Priya Patel,priya.patel492@outlook.com,Chennai,New,False,+911328428642,True,2023-08-31
SWGY11599,Priya Patel,priya.patel600@hotmail.com,Kolkata,Frequent Orderer,False,,False,2024-02-13
SWGY13451,Priya Patel,priya.patel713@outlook.com,,Swiggy One Member,True,,True,2024-10-15
SWGY14665,Priya Patel,priya.patel833@yahoo.com,Gurugram,Dormant,False,+919593564600,True,2024-12-26
SWGY15649,Priya Pillai,priya.pillai229@gmail.com,Gurugram,Unclassified,True,+919120090883,False,2024-02-29
SWGY10947,Priya Pillai,priya.pillai278@yahoo.com,Nellore,Dormant,True,,True,2024-02-20
SWGY10541,Priya Pillai,priya.pillai379@gmail.co,Lucknow,New,False,+917289413475,True,2024-11-03
SWGY15015,Priya Pillai,priya.pillai438@outlook.com,Kolkata,Dormant,False,+913847773362,True,2023-12-09
SWGY14983,Priya Pillai,priya.pillai570@outlook.com,Mumbai,Dormant,False,+911671100798,True,2025-02-17
SWGY13384,Priya Pillai,priya.pillai609@gmail.co,Kochi,Frequent Orderer,False,,False,2024-07-04
SWGY12928,Priya Pillai,priya.pillai692@gmail.com,Mumbai,Frequent Orderer,False,+915802562197,True,2023-12-22
SWGY15322,Priya Pillai,priya.pillai795@gmail.co,Noida,New,True,+910327306344,True,2024-10-01
SWGY13026,Priya Pillai,priya.pillai822@yahoo.com,Nellore,Unclassified,False,+910667549059,False,2024-06-03
SWGY11318,Priya Pillai,priya.pillai854@gmail.co,Kolkata,Swiggy One Member,True,+912905256599,False,2024-07-14
SWGY14791,Priya Pillai,priya.pillai932@yahoo.com,Ahmedabad,Swiggy One Member,True,+910290366840,False,2025-02-07
SWGY11489,Priya Pillai,priya.pillai933@hotmail.com,Mumbai,Churned,True,+911846689859,False,2023-09-08
SWGY14544,Priya Pillai,priya.pillai940@hotmail.com,Gurugram,Dormant,True,+918452205979,True,2024-12-30
SWGY14107,Priya Rao,priya.rao155@gmail.co,Noida,Frequent Orderer,False,+919548166149,False,2025-04-13
SWGY14624,Priya Rao,priya.rao258@yahoo.com,,Frequent Orderer,False,+914585619780,True,2023-11-06
SWGY11975,Priya Rao,priya.rao389@gmail.com,Delhi,Frequent Orderer,False,+918231017171,False,2024-06-30
SWGY14390,Priya Rao,priya.rao485@hotmail.com,Hyderabad,Swiggy One Member,True,+912173891455,True,2025-03-06
SWGY11766,Priya Rao,priya.rao654@outlook.com,Gurugram,New,False,+916661051496,False,2023-11-29
SWGY15476,Priya Reddy,priya.reddy154@yahoo.com,Ahmedabad,Frequent Orderer,False,+911595769635,False,2024-01-10
SWGY14143,Priya Reddy,priya.reddy192@gmail.com,Mumbai,New,False,+910292718229,False,2023-10-22
SWGY13672,Priya Reddy,priya.reddy254@gmail.co,,New,False,+915579431936,False,2023-11-29
SWGY14885,Priya Reddy,priya.reddy499@outlook.com,Kolkata,Frequent Orderer,False,+910578958429,False,2023-10-07
SWGY14327,Priya Reddy,priya.reddy521@hotmail.com,Nellore,Churned,True,+915351878638,False,2024-02-09
SWGY10861,Priya Reddy,priya.reddy778@gmail.co,Lucknow,New,False,+916596807852,True,2023-11-16
SWGY11938,Priya Reddy,priya.reddy783@outlook.com,Vijayawada,Churned,False,+918827376309,False,2024-07-18
SWGY10325X,Priya Reddy,priya.reddy86@outlook.com,Ahmedabad,Frequent Orderer,False,+917601751800,True,2023-07-19
SWGY14839,Priya Reddy,priya.reddy886@yahoo.com,Kochi,Frequent Orderer,False,+910798273072,True,2024-10-23
SWGY15346,Priya Reddy,priya.reddy93@hotmail.com,Gurugram,Frequent Orderer,False,,False,2024-01-14
SWGY13131,Priya Reddy,priya.reddy949@hotmail.com,Hyderabad,Swiggy One Member,True,+918142735022,False,2025-01-03
SWGY15310,Priya Sharma,priya.sharma186@yahoo.com,Pune,Dormant,False,+915099290105,False,2024-05-17
SWGY12167,Priya Sharma,priya.sharma299@gmail.com,Hyderabad,Dormant,False,+918043741269,False,2024-08-22
SWGY12147,Priya Sharma,priya.sharma36@hotmail.com,Pune,Dormant,False,+917445406914,False,2023-06-14
SWGY10060,Priya Sharma,priya.sharma379@outlook.com,Mumbai,New,False,+919910229014,False,2024-11-25
SWGY10798,Priya Sharma,priya.sharma439@gmail.co,Gurugram,Swiggy One Member,True,+911770673682,False,2025-05-20
SWGY14490,Priya Sharma,priya.sharma596@gmail.com,Ahmedabad,Swiggy One Member,True,+912631251776,False,2024-10-11
SWGY14303,Priya Sharma,priya.sharma639@outlook.com,Vijayawada,New,False,+915230451424,False,2023-10-23
SWGY13816,Priya Sharma,priya.sharma679@hotmail.com,Hyderabad,New,False,+919154259428,True,2023-11-02
SWGY13676,Priya Sharma,priya.sharma726@gmail.com,Kolkata,Frequent Orderer,True,+915016055704,False,2024-02-28
SWGY10458,Priya Sharma,priya.sharma782@gmail.com,Vijayawada,Frequent Orderer,True,+911429001851,False,2023-09-11
SWGY13597,Priya Sharma,priya.sharma787@gmail.com,Delhi,Frequent Orderer,False,+916316295810,False,2023-07-18
SWGY10075,Priya Sharma,priya.sharma791@hotmail.com,Pune,Frequent Orderer,False,+915205852772,False,2023-08-09
SWGY11330,Priya Sharma,priya.sharma819@outlook.com,Bengaluru,Unclassified,True,+912870322007,False,2024-05-19
SWGY14699,Priya Sharma,priya.sharma824@outlook.com,Chennai,New,False,+917744940136,False,2025-02-17
SWGY13720,Priya Sharma,priya.sharma89@hotmail.com,Nellore,New,False,,True,2024-06-04
SWGY11410,Priya Sharma,priya.sharma906@hotmail.com,Nellore,New,False,+919951454983,True,2024-01-14
SWGY15422,Priya Shetty,priya.shetty578@hotmail.com,Noida,New,False,+915813243365,False,2024-04-22
SWGY10436,Priya Shetty,priya.shetty666@yahoo.com,Kolkata,Swiggy One Member,True,+911462831435,True,2023-08-16
SWGY12866,Priya Shetty,priya.shetty873@outlook.com,Kochi,Frequent Orderer,True,,False,2025-02-01
SWGY12430,Priya Shetty,priya.shetty921@gmail.com,Gurugram,Frequent Orderer,False,+914421756394,False,2023-10-23
SWGY10667,Priya Singh,priya.singh258@outlook.com,Nellore,Swiggy One Member,True,+911017509617,True,2023-06-08
SWGY15852,Priya Singh,priya.singh268@hotmail.com,Kochi,Frequent Orderer,False,+916087566255,True,2024-04-23
SWGY14664,Priya Singh,priya.singh275@outlook.com,Lucknow,Churned,False,+919328955791,False,2025-04-04
SWGY12371,Priya Singh,priya.singh317@gmail.com,Kolkata,Unclassified,False,,True,2025-01-08
SWGY14002,Priya Singh,priya.singh332@gmail.co,Hyderabad,Swiggy One Member,True,+915122537698,True,2024-05-20
SWGY14953,Priya Singh,priya.singh452@outlook.com,Hyderabad,New,False,+912714778096,True,2023-07-31
SWGY10742,Priya Singh,priya.singh469@gmail.co,Noida,Churned,False,,True,2025-04-03
SWGY15487,Priya Singh,priya.singh509@gmail.co,,Unclassified,False,,True,2025-03-12
SWGY14244,Priya Singh,priya.singh548@hotmail.com,Vijayawada,New,False,+919537747693,True,2024-11-27
SWGY11595,Priya Singh,priya.singh725@gmail.com,Gurugram,Swiggy One Member,True,+913648116595,True,2024-12-22
SWGY10839X,Priya Singh,priya.singh72@outlook.com,Noida,New,False,+915105177578,True,2024-09-06
SWGY14362,Priya Singh,priya.singh809@gmail.co,Mumbai,Swiggy One Member,True,+919560502065,True,2024-04-07
SWGY15584,Priya Singh,priya.singh840@outlook.com,Kochi,Dormant,False,+919266750315,True,2024-01-14
SWGY12037,Priya Singh,priya.singh991@gmail.co,Lucknow,Dormant,False,+912769347796,True,2023-08-11
SWGY14437,Priya Verma,priya.verma194@hotmail.com,Mumbai,New,True,+919016358751,True,2025-04-12
SWGY12588,Priya Verma,priya.verma335@yahoo.com,Kochi,Swiggy One Member,True,+916822879561,False,2023-12-31
SWGY14299,Priya Verma,priya.verma581@hotmail.com,Gurugram,Swiggy One Member,True,+915542283924,True,2024-02-13
SWGY15301,Priya Verma,priya.verma703@gmail.com,Noida,Frequent Orderer,True,,False,2023-11-08
SWGY12608,Priya Verma,priya.verma711@gmail.co,Kochi,Frequent Orderer,False,+912656564165,False,2024-04-08
SWGY14569,Priya Verma,priya.verma752@hotmail.com,Nellore,Swiggy One Member,True,+916642494182,False,2025-05-08
SWGY12273,Priya Verma,priya.verma790@gmail.com,Mumbai,Frequent Orderer,False,,False,2023-10-17
SWGY13297,Priya Verma,priya.verma817@gmail.co,Mumbai,Unclassified,False,+918665571955,True,2023-06-21
SWGY12473,Priya Verma,priya.verma902@gmail.co,Gurugram,Frequent Orderer,False,+914142642930,False,2024-05-13
SWGY15907,Rahul Bose,rahul.bose121@yahoo.com,Vijayawada,Frequent Orderer,False,+911025488575,False,2024-04-05
SWGY11442,Rahul Bose,rahul.bose317@yahoo.com,Kolkata,New,False,+916409805877,True,2024-11-01
SWGY11800,Rahul Bose,rahul.bose436@gmail.com,Ahmedabad,Swiggy One Member,True,+916354760751,False,2024-07-24
SWGY15833,Rahul Bose,rahul.bose540@gmail.com,,Churned,True,,False,2025-03-28
SWGY10099,Rahul Bose,rahul.bose611@gmail.com,Kochi,Dormant,False,+918519108839,True,2025-04-11
SWGY14858,Rahul Bose,rahul.bose636@hotmail.com,Nellore,New,True,,False,2024-05-29
SWGY13183,Rahul Bose,rahul.bose644@outlook.com,Chennai,Dormant,False,+912876756753,False,2023-11-10
SWGY12867,Rahul Bose,rahul.bose654@hotmail.com,Pune,New,False,+913847927951,True,2025-04-04
SWGY11226,Rahul Bose,rahul.bose692@hotmail.com,Hyderabad,Churned,False,+918289671360,True,2023-12-27
SWGY15100,Rahul Bose,rahul.bose701@outlook.com,Kochi,Frequent Orderer,True,,False,2024-03-30
SWGY15286,Rahul Bose,rahul.bose725@outlook.com,Chennai,Frequent Orderer,False,+919351675004,False,2024-03-22
SWGY15056,Rahul Chatterjee,rahul.chatterjee239@gmail.com,Mumbai,New,False,+919173398832,False,2025-01-22
SWGY12342,Rahul Chatterjee,rahul.chatterjee288@gmail.com,Delhi,Frequent Orderer,False,+910113146442,False,2024-06-16
SWGY14159,Rahul Chatterjee,rahul.chatterjee333@yahoo.com,Nellore,Frequent Orderer,False,,True,2024-03-20
SWGY12118,Rahul Chatterjee,rahul.chatterjee432@yahoo.com,Noida,Swiggy One Member,True,,True,2025-05-15
SWGY15562,Rahul Chatterjee,rahul.chatterjee68@yahoo.com,Bengaluru,Dormant,False,+917176970339,True,2024-02-21
SWGY13839,Rahul Chatterjee,rahul.chatterjee751@gmail.com,Gurugram,New,False,+912295703493,True,2024-02-13
SWGY15944,Rahul Chatterjee,rahul.chatterjee862@yahoo.com,Lucknow,Swiggy One Member,True,,False,2023-09-08
SWGY14393,Rahul Chatterjee,rahul.chatterjee873@outlook.com,Lucknow,New,False,+919305069987,True,2024-01-13
SWGY12240,Rahul Chatterjee,rahul.chatterjee896@hotmail.com,Chennai,Frequent Orderer,False,,True,2024-10-25
SWGY15355,Rahul Chatterjee,rahul.chatterjee970@gmail.co,Chennai,Dormant,False,+918808126180,False,2024-10-05
SWGY13125,Rahul Das,rahul.das131@hotmail.com,Vijayawada,Frequent Orderer,True,,False,2024-05-05
SWGY12195,Rahul Das,rahul.das152@hotmail.com,Jaipur,Unclassified,False,+917565783393,False,2024-05-20
SWGY10055,Rahul Das,rahul.das45@hotmail.com,Nellore,New,False,+910076617711,True,2025-01-28
SWGY15896,Rahul Das,rahul.das583@yahoo.com,Noida,New,True,+913029457849,True,2024-12-18
SWGY10630,Rahul Das,rahul.das632@hotmail.com,Kochi,Dormant,False,+913541165972,False,2023-11-24
SWGY11269,Rahul Das,rahul.das736@outlook.com,Gurugram,Frequent Orderer,False,+910443183436,False,2024-06-22
SWGY14247,Rahul Das,rahul.das898@outlook.com,Delhi,Dormant,False,,True,2024-11-24
SWGY12959,Rahul Das,rahul.das899@gmail.co,Delhi,Frequent Orderer,True,,False,2024-10-02
SWGY10182,Rahul Das,rahul.das914@yahoo.com,Vijayawada,Dormant,False,,True,2023-06-30
SWGY11214,Rahul Das,rahul.das943@gmail.com,Hyderabad,Swiggy One Member,True,+917666505276,True,2025-04-24
SWGY10125,Rahul Gupta,rahul.gupta202@gmail.co,Vijayawada,Dormant,False,+917859696915,True,2023-09-13
SWGY12718,Rahul Gupta,rahul.gupta213@yahoo.com,Kolkata,New,False,,False,2024-06-28
SWGY12302,Rahul Gupta,rahul.gupta312@gmail.co,Nellore,New,False,+914250743820,True,2023-12-31
SWGY12820,Rahul Gupta,rahul.gupta405@yahoo.com,Jaipur,Swiggy One Member,True,+911186701987,True,2023-07-29
SWGY14798,Rahul Gupta,rahul.gupta96@outlook.com,Ahmedabad,Dormant,False,+916010475753,False,2025-05-21
SWGY11693,Rahul Iyer,rahul.iyer434@gmail.co,Ahmedabad,Unclassified,False,,False,2025-04-28
SWGY13502,Rahul Iyer,rahul.iyer459@hotmail.com,,New,False,+910134720967,False,2024-11-13
SWGY12949,Rahul Iyer,rahul.iyer460@yahoo.com,Lucknow,New,False,+911569147012,True,2023-07-18
SWGY10301,Rahul Iyer,rahul.iyer476@gmail.com,Noida,Unclassified,False,+911658046498,False,2025-05-21
SWGY13269,Rahul Iyer,rahul.iyer487@outlook.com,Noida,Swiggy One Member,True,,True,2024-07-06
SWGY13200,Rahul Iyer,rahul.iyer53@yahoo.com,Pune,Frequent Orderer,False,,False,2024-11-05
SWGY14078,Rahul Iyer,rahul.iyer565@hotmail.com,Ahmedabad,Dormant,False,+915849165849,False,2025-02-08
SWGY10245,Rahul Iyer,rahul.iyer586@yahoo.com,Kochi,Frequent Orderer,False,,True,2023-10-17
SWGY14316,Rahul Iyer,rahul.iyer744@gmail.com,Nellore,Churned,False,+910979293625,True,2025-01-25
SWGY10414,Rahul Iyer,rahul.iyer778@outlook.com,Noida,New,False,+912824674746,True,2024-10-06
SWGY10370,Rahul Iyer,rahul.iyer888@outlook.com,Nellore,Frequent Orderer,False,,False,2025-03-13
SWGY11593,Rahul Joshi,rahul.joshi203@gmail.com,Delhi,Frequent Orderer,False,+915969206660,False,2024-08-10
SWGY12948,Rahul Joshi,rahul.joshi245@yahoo.com,Kochi,Swiggy One Member,True,+912637319682,False,2024-10-29
SWGY10857,Rahul Joshi,rahul.joshi316@outlook.com,Pune,Dormant,False,+913890623546,True,2024-12-02
SWGY12823,Rahul Joshi,rahul.joshi545@outlook.com,Noida,Dormant,False,+915845840222,True,2023-10-15
SWGY15469,Rahul Joshi,rahul.joshi598@yahoo.com,Bengaluru,Swiggy One Member,True,+917412683182,True,2025-03-14
SWGY13522,Rahul Joshi,rahul.joshi608@yahoo.com,Mumbai,Dormant,True,+914422138433,False,2024-01-02
SWGY13349,Rahul Joshi,rahul.joshi623@gmail.co,Chennai,Frequent Orderer,False,+912256385160,False,2024-04-16
SWGY11247,Rahul Joshi,rahul.joshi893@outlook.com,Lucknow,Churned,False,+913110583309,False,2025-05-15
SWGY10817,Rahul Kapoor,rahul.kapoor186@outlook.com,,Dormant,False,+915458472629,False,2024-11-13
SWGY11816,Rahul Kapoor,rahul.kapoor309@gmail.co,Vijayawada,Frequent Orderer,True,,True,2025-05-04
SWGY14039,Rahul Kapoor,rahul.kapoor486@gmail.co,Vijayawada,Swiggy One Member,True,+913849169715,True,2023-06-13
SWGY11144,Rahul Kapoor,rahul.kapoor656@yahoo.com,Chennai,Churned,True,+910598026029,True,2024-11-03
SWGY14408,Rahul Kapoor,rahul.kapoor786@gmail.com,Nellore,Swiggy One Member,True,,False,2025-01-03
SWGY13148,Rahul Kapoor,rahul.kapoor827@gmail.co,Noida,Frequent Orderer,True,+915665764063,True,2024-09-11
SWGY13397,Rahul Kapoor,rahul.kapoor829@yahoo.com,Jaipur,New,False,+914058870491,False,2025-05-07
SWGY12773,Rahul Kapoor,rahul.kapoor847@hotmail.com,Gurugram,Frequent Orderer,True,+918110007783,False,2023-12-15
SWGY14071,Rahul Khan,rahul.khan255@gmail.co,Gurugram,New,False,,False,2023-06-30
SWGY11851,Rahul Khan,rahul.khan346@gmail.co,Gurugram,Frequent Orderer,False,+912638803242,False,2023-07-25
SWGY12365,Rahul Khan,rahul.khan366@gmail.com,Kochi,New,False,+919065632267,False,2024-07-11
SWGY13494,Rahul Khan,rahul.khan374@yahoo.com,Chennai,New,False,,False,2025-03-02
SWGY11650,Rahul Khan,rahul.khan401@outlook.com,Mumbai,Swiggy One Member,True,+913633057543,True,2023-07-22
SWGY10492,Rahul Khan,rahul.khan477@hotmail.com,Mumbai,Frequent Orderer,True,+913816493831,False,2023-06-10
SWGY13121,Rahul Khan,rahul.khan70@gmail.com,Chennai,Frequent Orderer,False,,False,2024-10-26
SWGY10321,Rahul Khan,rahul.khan722@outlook.com,Mumbai,New,False,,False,2024-09-20
SWGY13177,Rahul Khan,rahul.khan755@gmail.co,Lucknow,Swiggy One Member,True,+913578666736,False,2025-04-30
SWGY11458,Rahul Khan,rahul.khan786@gmail.com,Gurugram,Churned,False,+916089589701,False,2024-07-26
SWGY13853,Rahul Khan,rahul.khan822@outlook.com,Bengaluru,Dormant,False,+917261958436,False,2023-10-16
SWGY10901,Rahul Khan,rahul.khan879@yahoo.com,Lucknow,Unclassified,False,+916928972845,False,2024-01-29
SWGY11342,Rahul Khan,rahul.khan945@outlook.com,Vijayawada,Swiggy One Member,True,+918483492766,True,2024-09-29
SWGY12654,Rahul Khan,rahul.khan952@yahoo.com,Gurugram,New,False,+918237084446,False,2024-05-02
SWGY15559,Rahul Malhotra,rahul.malhotra19@gmail.co,Vijayawada,Dormant,False,+919160444746,True,2023-10-21
SWGY10175,Rahul Malhotra,rahul.malhotra255@yahoo.com,Hyderabad,Swiggy One Member,True,+915421689421,False,2023-06-19
SWGY12725,Rahul Malhotra,rahul.malhotra349@yahoo.com,Hyderabad,Churned,True,+914888076965,True,2025-01-08
SWGY14436,Rahul Malhotra,rahul.malhotra423@yahoo.com,Vijayawada,New,False,+915608973654,False,2024-11-20
SWGY14832,Rahul Malhotra,rahul.malhotra63@gmail.co,Noida,Unclassified,False,,False,2024-11-13
SWGY12001,Rahul Malhotra,rahul.malhotra668@yahoo.com,Bengaluru,Swiggy One Member,True,+915028477982,True,2025-04-14
SWGY10723,Rahul Malhotra,rahul.malhotra69@yahoo.com,Bengaluru,Dormant,False,,True,2025-04-13
SWGY12436,Rahul Malhotra,rahul.malhotra728@gmail.com,Vijayawada,Swiggy One Member,True,+911994281783,True,2025-05-23
SWGY15698,Rahul Malhotra,rahul.malhotra76@gmail.com,Ahmedabad,Dormant,False,+913972552906,False,2023-07-21
SWGY10822,Rahul Malhotra,rahul.malhotra838@outlook.com,Lucknow,Dormant,False,,False,2024-10-22
SWGY12745,Rahul Malhotra,rahul.malhotra842@gmail.co,Chennai,Frequent Orderer,False,,False,2023-10-20
SWGY10204,Rahul Malhotra,rahul.malhotra894@yahoo.com,Delhi,New,False,+917503731453,True,2024-08-30
SWGY14241,Rahul Mehta,rahul.mehta218@gmail.com,Vijayawada,Unclassified,False,+917285802082,False,2023-07-10
SWGY11134,Rahul Mehta,rahul.mehta264@gmail.co,,Unclassified,False,+911289811594,True,2024-01-08
SWGY12937,Rahul Mehta,rahul.mehta324@hotmail.com,Bengaluru,Swiggy One Member,True,+914398158832,True,2024-06-17
SWGY12239,Rahul Mehta,rahul.mehta388@outlook.com,Nellore,Dormant,False,+915552586856,False,2025-03-30
SWGY15009,Rahul Mehta,rahul.mehta443@outlook.com,Delhi,Frequent Orderer,False,+910410268033,True,2024-05-08
SWGY10858,Rahul Mehta,rahul.mehta619@hotmail.com,Pune,Frequent Orderer,True,+910062212242,False,2025-05-18
SWGY13791,Rahul Mehta,rahul.mehta634@gmail.co,Jaipur,New,False,+915398374537,True,2025-02-26
SWGY11259,Rahul Mehta,rahul.mehta665@outlook.com,Kochi,Swiggy One Member,True,+916958050450,True,2025-02-14
SWGY15955,Rahul Mehta,rahul.mehta694@yahoo.com,,Unclassified,False,,True,2025-01-26
SWGY12464,Rahul Mehta,rahul.mehta727@hotmail.com,Delhi,Frequent Orderer,False,+914991047164,True,2025-01-02
SWGY15077,Rahul Menon,rahul.menon246@yahoo.com,Delhi,Frequent Orderer,False,,False,2024-09-06
SWGY15977,Rahul Menon,rahul.menon385@gmail.co,Chennai,Frequent Orderer,False,,True,2023-08-15
SWGY13434,Rahul Menon,rahul.menon390@yahoo.com,Jaipur,Frequent Orderer,False,+919663786120,False,2024-03-04
SWGY15403,Rahul Menon,rahul.menon404@hotmail.com,Nellore,Frequent Orderer,True,+918260155501,True,2023-11-13
SWGY15112,Rahul Menon,rahul.menon593@yahoo.com,,New,True,+915470408063,True,2024-12-30
SWGY14302,Rahul Menon,rahul.menon658@outlook.com,Delhi,Swiggy One Member,True,,True,2024-02-04
SWGY10469,Rahul Menon,rahul.menon88@hotmail.com,Hyderabad,New,False,+919700514054,False,2024-12-16
SWGY13044,Rahul Menon,rahul.menon929@yahoo.com,Kolkata,New,False,+915397900578,True,2025-01-16
SWGY14175,Rahul Nair,rahul.nair116@gmail.com,Bengaluru,Frequent Orderer,False,+912308183726,True,2023-08-10
SWGY13594X,Rahul Nair,rahul.nair126@hotmail.com,,New,False,+919412328062,True,2024-11-21
SWGY11634,Rahul Nair,rahul.nair246@gmail.co,Kochi,Swiggy One Member,True,+915818774499,False,2024-10-19
SWGY12439,Rahul Nair,rahul.nair30@gmail.co,Chennai,Frequent Orderer,False,+912125798969,True,2024-02-16
SWGY12260,Rahul Nair,rahul.nair421@yahoo.com,,Churned,True,+918467640897,False,2024-04-26
SWGY13964,Rahul Nair,rahul.nair47@gmail.co,Kochi,Frequent Orderer,False,+914976740028,False,2025-03-02
SWGY11469,Rahul Nair,rahul.nair612@gmail.com,Mumbai,Swiggy One Member,True,+912706507612,False,2024-12-16
SWGY11969,Rahul Patel,rahul.patel159@gmail.com,Vijayawada,New,True,+915626070247,False,2023-06-19
SWGY15700,Rahul Patel,rahul.patel285@gmail.co,Lucknow,Swiggy One Member,True,+914226957565,False,2024-11-28
SWGY12466,Rahul Patel,rahul.patel329@outlook.com,Delhi,Dormant,False,,True,2023-11-25
SWGY11486,Rahul Patel,rahul.patel376@gmail.com,Gurugram,New,False,+913379376699,False,2024-03-25
SWGY10144,Rahul Patel,rahul.patel420@gmail.com,Jaipur,Dormant,True,+915050641383,True,2024-12-11
SWGY12004,Rahul Patel,rahul.patel425@gmail.com,Gurugram,Swiggy One Member,True,,True,2025-01-06
SWGY13016,Rahul Patel,rahul.patel520@gmail.co,Bengaluru,Unclassified,False,,True,2023-08-08
SWGY11083,Rahul Patel,rahul.patel528@hotmail.com,Vijayawada,New,False,+918760550492,False,2024-07-29
SWGY15207,Rahul Patel,rahul.patel596@outlook.com,Nellore,Dormant,True,+913780745159,True,2025-04-17
SWGY12681,Rahul Patel,rahul.patel597@gmail.com,Delhi,New,True,+916438470981,True,2024-09-09
SWGY13015,Rahul Patel,rahul.patel59@hotmail.com,Noida,Frequent Orderer,True,+911423757454,False,2023-11-10
SWGY11377,Rahul Patel,rahul.patel702@gmail.co,,Swiggy One Member,True,+915606699261,False,2023-06-11
SWGY13117,Rahul Patel,rahul.patel758@hotmail.com,Kochi,Swiggy One Member,True,+912763439463,False,2023-09-21
SWGY13098,Rahul Patel,rahul.patel777@gmail.co,Kolkata,New,False,+918912415212,False,2025-03-23
SWGY15659,Rahul Patel,rahul.patel798@gmail.com,Vijayawada,Frequent Orderer,False,+918707977485,False,2023-10-02
SWGY10147,Rahul Patel,rahul.patel827@outlook.com,Gurugram,Frequent Orderer,False,+919035213568,True,2024-04-11
SWGY10650,Rahul Patel,rahul.patel881@outlook.com,Jaipur,New,True,+915730662481,False,2024-04-21
SWGY11459,Rahul Patel,rahul.patel8@hotmail.com,Hyderabad,Dormant,False,+917612898993,False,2024-06-23
SWGY11358,Rahul Patel,rahul.patel933@outlook.com,Vijayawada,New,False,+914936635796,True,2023-06-08
SWGY13368,Rahul Patel,rahul.patel945@yahoo.com,Bengaluru,Swiggy One Member,True,+917602787033,True,2024-12-09
SWGY11578,Rahul Patel,rahul.patel964@gmail.co,Chennai,Swiggy One Member,True,,True,2025-02-01
SWGY14400,Rahul Pillai,rahul.pillai270@yahoo.com,,New,False,,True,2023-09-25
SWGY10309,Rahul Pillai,rahul.pillai347@gmail.com,Ahmedabad,Dormant,False,+910281406937,True,2023-10-29
SWGY11835,Rahul Pillai,rahul.pillai454@yahoo.com,Vijayawada,Frequent Orderer,False,+913734483656,False,2024-08-11
SWGY10192,Rahul Pillai,rahul.pillai460@yahoo.com,Nellore,New,False,+911228160648,True,2025-02-07
SWGY10877,Rahul Pillai,rahul.pillai523@outlook.com,Pune,Unclassified,False,+911777412746,False,2023-10-21
SWGY15268,Rahul Pillai,rahul.pillai673@gmail.co,Delhi,New,False,+917090108163,True,2024-07-23
SWGY13358,Rahul Pillai,rahul.pillai813@hotmail.com,Gurugram,Dormant,False,+913312652810,False,2023-12-29
SWGY10220,Rahul Pillai,rahul.pillai963@hotmail.com,Delhi,Swiggy One Member,True,,False,2023-07-26
SWGY12580,Rahul Rao,rahul.rao103@outlook.com,,New,False,,False,2023-08-08
SWGY12488,Rahul Rao,rahul.rao185@outlook.com,Gurugram,Dormant,False,+914396848359,True,2024-03-04
SWGY10999,Rahul Rao,rahul.rao243@outlook.com,Noida,Dormant,False,+917271743068,False,2024-04-23
SWGY12364,Rahul Rao,rahul.rao425@gmail.co,Hyderabad,Frequent Orderer,True,+910503562372,True,2024-10-14
SWGY13619X,Rahul Rao,rahul.rao726@gmail.co,Nellore,Frequent Orderer,False,+916524326543,True,2024-10-10
SWGY15442,Rahul Rao,rahul.rao730@gmail.com,,Frequent Orderer,False,+917291960614,True,2023-06-15
SWGY13915,Rahul Rao,rahul.rao769@hotmail.com,,Dormant,True,+916274368485,False,2023-10-07
SWGY11986,Rahul Rao,rahul.rao842@outlook.com,Vijayawada,New,True,+913713463107,False,2024-04-18
SWGY10740,Rahul Rao,rahul.rao856@hotmail.com,Delhi,Dormant,False,+911794151526,True,2023-09-25
SWGY15755,Rahul Reddy,rahul.reddy11@outlook.com,Delhi,Swiggy One Member,True,+914574655886,False,2024-05-02
SWGY11550,Rahul Reddy,rahul.reddy17@gmail.co,Gurugram,Unclassified,True,+915442157837,True,2024-08-05
SWGY13063,Rahul Reddy,rahul.reddy190@gmail.com,Ahmedabad,New,True,,False,2025-05-05
SWGY10365,Rahul Reddy,rahul.reddy348@yahoo.com,Gurugram,Swiggy One Member,True,,False,2024-04-01
SWGY11197,Rahul Reddy,rahul.reddy419@hotmail.com,Lucknow,New,False,+914172820762,True,2023-06-06
SWGY14984,Rahul Reddy,rahul.reddy447@hotmail.com,Nellore,Frequent Orderer,False,+917176934317,True,2023-07-31
SWGY15479,Rahul Reddy,rahul.reddy573@yahoo.com,Ahmedabad,New,False,+915458262715,False,2025-03-02
SWGY13299,Rahul Reddy,rahul.reddy613@hotmail.com,Jaipur,New,True,+919982486131,True,2024-06-03
SWGY14025,Rahul Reddy,rahul.reddy629@gmail.com,Kochi,New,False,+916862113759,False,2024-02-15
SWGY10267,Rahul Reddy,rahul.reddy742@gmail.com,Noida,Swiggy One Member,True,+918104091570,True,2024-11-10
SWGY10154,Rahul Reddy,rahul.reddy965@gmail.co,Noida,Dormant,False,,True,2024-11-20
SWGY10735,Rahul Sharma,rahul.sharma3@gmail.com,Ahmedabad,Dormant,False,+918332584868,True,2024-06-04
SWGY10572,Rahul Sharma,rahul.sharma409@gmail.co,Gurugram,Frequent Orderer,False,+914595764038,True,2025-02-21
SWGY11629,Rahul Sharma,rahul.sharma53@outlook.com,Chennai,Unclassified,False,+917155785219,False,2025-01-15
SWGY10141,Rahul Sharma,rahul.sharma591@gmail.com,Pune,Frequent Orderer,True,+918507925241,True,2024-08-13
SWGY14620,Rahul Sharma,rahul.sharma758@outlook.com,Kolkata,Dormant,True,+911672090691,True,2025-02-23
SWGY15348,Rahul Sharma,rahul.sharma859@hotmail.com,Vijayawada,New,False,+910580987079,True,2024-05-19
SWGY13548,Rahul Sharma,rahul.sharma89@outlook.com,Jaipur,Frequent Orderer,False,+916926005428,False,2024-04-23
SWGY11839,Rahul Sharma,rahul.sharma911@gmail.com,Bengaluru,New,False,+918854673474,False,2023-06-27
SWGY15787,Rahul Sharma,rahul.sharma984@outlook.com,Nellore,New,False,+913195319210,False,2024-02-20
SWGY11324,Rahul Shetty,rahul.shetty100@hotmail.com,Delhi,Swiggy One Member,True,+918918003814,True,2024-01-07
SWGY14209,Rahul Shetty,rahul.shetty126@outlook.com,Kochi,Swiggy One Member,True,+915252843863,False,2023-08-26
SWGY10616,Rahul Shetty,rahul.shetty229@gmail.com,Jaipur,New,True,+911177687290,True,2024-11-19
SWGY11350,Rahul Shetty,rahul.shetty306@gmail.com,Noida,Frequent Orderer,False,,False,2023-07-26
SWGY12522,Rahul Shetty,rahul.shetty403@gmail.com,,Swiggy One Member,True,+919406357247,True,2025-02-18
SWGY13085,Rahul Shetty,rahul.shetty538@hotmail.com,Noida,Swiggy One Member,True,+910760595587,True,2024-11-16
SWGY10738,Rahul Shetty,rahul.shetty566@outlook.com,Ahmedabad,Frequent Orderer,False,,True,2023-07-23
SWGY11923,Rahul Shetty,rahul.shetty714@gmail.com,Pune,Dormant,False,+914899071299,True,2025-01-15
SWGY10874,Rahul Shetty,rahul.shetty792@hotmail.com,Gurugram,Swiggy One Member,True,+916683482689,False,2023-07-13
SWGY13350,Rahul Shetty,rahul.shetty81@outlook.com,Mumbai,Frequent Orderer,False,,True,2024-04-03
SWGY14229,Rahul Singh,rahul.singh206@outlook.com,Kolkata,Frequent Orderer,True,+915839952580,False,2023-06-29
SWGY14825,Rahul Singh,rahul.singh274@yahoo.com,Kochi,New,False,,True,2024-03-15
SWGY13215,Rahul Singh,rahul.singh346@gmail.com,Ahmedabad,Churned,False,+919178356364,True,2023-12-15
SWGY12911,Rahul Singh,rahul.singh43@yahoo.com,Hyderabad,New,False,+918607294306,True,2024-09-18
SWGY14325,Rahul Singh,rahul.singh588@hotmail.com,Jaipur,New,False,+918704628159,False,2024-01-15
SWGY11522,Rahul Singh,rahul.singh698@outlook.com,Hyderabad,Frequent Orderer,True,+910097140863,True,2025-05-07
SWGY11374,Rahul Singh,rahul.singh767@gmail.co,Bengaluru,Frequent Orderer,False,+917451048480,False,2024-01-20
SWGY14841,Rahul Verma,rahul.verma114@gmail.co,Kochi,New,False,,False,2024-01-17
SWGY15285,Rahul Verma,rahul.verma158@gmail.com,Gurugram,New,False,+916539039159,False,2025-05-22
SWGY11730,Rahul Verma,rahul.verma163@gmail.co,Noida,Swiggy One Member,True,+915712567212,True,2024-01-12
SWGY12280,Rahul Verma,rahul.verma169@hotmail.com,Bengaluru,Unclassified,True,,True,2025-01-30
SWGY11784,Rahul Verma,rahul.verma258@outlook.com,Delhi,Swiggy One Member,True,+914782772532,True,2023-11-04
SWGY11788,Rahul Verma,rahul.verma384@gmail.co,Mumbai,Swiggy One Member,True,+914526362886,True,2024-02-24
SWGY15228,Rahul Verma,rahul.verma466@outlook.com,Hyderabad,Frequent Orderer,False,+919493331696,True,2024-02-15
SWGY10104,Rahul Verma,rahul.verma590@outlook.com,Delhi,Churned,False,+915342836440,False,2024-10-28
SWGY13638,Rahul Verma,rahul.verma695@hotmail.com,Gurugram,Dormant,False,,False,2024-04-13
SWGY12160,Rahul Verma,rahul.verma807@gmail.co,Kochi,Dormant,False,+918146953953,True,2024-12-21
SWGY13523,Rahul Verma,rahul.verma942@yahoo.com,Lucknow,Swiggy One Member,True,+916030293095,True,2023-08-02
SWGY15012,Rahul Verma,rahul.verma952@yahoo.com,Lucknow,Swiggy One Member,True,+917215240938,False,2023-09-30
SWGY10326,Reyansh Bose,reyansh.bose320@gmail.co,Ahmedabad,Dormant,False,+911978897782,True,2024-04-06
SWGY12885,Reyansh Bose,reyansh.bose414@outlook.com,Lucknow,New,False,+917474493667,False,2024-07-06
SWGY11500,Reyansh Bose,reyansh.bose460@gmail.com,Nellore,Churned,False,,True,2023-11-08
SWGY14444,Reyansh Bose,reyansh.bose525@yahoo.com,Lucknow,Dormant,False,,True,2024-02-18
SWGY14349,Reyansh Bose,reyansh.bose548@yahoo.com,Pune,Churned,False,+917910877980,True,2024-12-24
SWGY11678,Reyansh Bose,reyansh.bose753@outlook.com,Chennai,Dormant,False,+916713202534,False,2023-06-13
SWGY11504,Reyansh Bose,reyansh.bose808@outlook.com,Pune,Churned,True,+912555468939,True,2024-09-01
SWGY14465,Reyansh Bose,reyansh.bose855@hotmail.com,Mumbai,Frequent Orderer,False,+916799714685,True,2025-03-20
SWGY10481,Reyansh Bose,reyansh.bose866@gmail.co,Vijayawada,Swiggy One Member,True,,False,2023-11-14
SWGY14918,Reyansh Bose,reyansh.bose892@gmail.com,Kochi,Dormant,False,+916358792129,True,2023-09-16
SWGY14150,Reyansh Bose,reyansh.bose892@hotmail.com,Bengaluru,Dormant,False,+916175926599,True,2023-12-20
SWGY13986,Reyansh Bose,reyansh.bose96@gmail.co,Nellore,Churned,False,,True,2024-02-12
SWGY14622,Reyansh Chatterjee,reyansh.chatterjee200@gmail.co,Kolkata,Frequent Orderer,False,,False,2024-08-26
SWGY12897,Reyansh Chatterjee,reyansh.chatterjee572@outlook.com,Lucknow,New,False,+914273598407,False,2025-02-03
SWGY15053,Reyansh Chatterjee,reyansh.chatterjee777@outlook.com,Chennai,New,False,+915252416166,False,2025-02-18
SWGY12294,Reyansh Chatterjee,reyansh.chatterjee815@gmail.co,Bengaluru,Swiggy One Member,True,+915921895688,False,2023-12-02
SWGY11052,Reyansh Chatterjee,reyansh.chatterjee890@gmail.com,Chennai,Dormant,True,+910316370500,True,2024-10-20
SWGY10531,Reyansh Chatterjee,reyansh.chatterjee974@outlook.com,Gurugram,New,True,+913845960945,True,2024-01-30
SWGY15341,Reyansh Das,reyansh.das234@yahoo.com,Pune,Dormant,False,,True,2025-03-25
SWGY13827,Reyansh Das,reyansh.das487@gmail.com,Noida,Swiggy One Member,True,+912176999590,True,2024-12-27
SWGY15101,Reyansh Das,reyansh.das592@yahoo.com,Kolkata,Swiggy One Member,True,+911730901913,True,2024-05-16
SWGY12318,Reyansh Das,reyansh.das712@yahoo.com,Pune,Dormant,False,+911012546759,True,2023-06-09
SWGY11513,Reyansh Gupta,reyansh.gupta10@yahoo.com,Kochi,Dormant,False,+916340941218,True,2023-11-20
SWGY15338,Reyansh Gupta,reyansh.gupta136@hotmail.com,Jaipur,Frequent Orderer,False,+918116259839,True,2024-04-04
SWGY10353,Reyansh Gupta,reyansh.gupta19@gmail.com,Jaipur,Frequent Orderer,False,+910277697499,False,2025-02-08
SWGY11596,Reyansh Gupta,reyansh.gupta214@gmail.co,Vijayawada,Frequent Orderer,False,+916597276768,True,2024-02-08
SWGY15536,Reyansh Gupta,reyansh.gupta260@outlook.com,Noida,Dormant,False,+910097352000,False,2024-05-07
SWGY11430,Reyansh Gupta,reyansh.gupta343@hotmail.com,Chennai,Frequent Orderer,False,+914333849655,False,2024-03-20
SWGY13513,Reyansh Gupta,reyansh.gupta677@hotmail.com,Vijayawada,Dormant,True,+916516800472,True,2023-09-10
SWGY12962,Reyansh Gupta,reyansh.gupta754@gmail.com,Kochi,Dormant,False,+911820808617,False,2023-09-26
SWGY11109,Reyansh Gupta,reyansh.gupta788@yahoo.com,Kochi,New,False,+910385886407,False,2024-12-04
SWGY11790,Reyansh Gupta,reyansh.gupta877@outlook.com,Ahmedabad,Swiggy One Member,True,+918151291164,False,2024-12-19
SWGY14269,Reyansh Gupta,reyansh.gupta951@yahoo.com,Delhi,Swiggy One Member,True,+910325361443,False,2024-03-18
SWGY10710,Reyansh Gupta,reyansh.gupta98@yahoo.com,Vijayawada,Unclassified,False,+913379223410,False,2025-02-18
SWGY10445,Reyansh Iyer,reyansh.iyer114@yahoo.com,Pune,New,False,+912665023741,False,2024-08-18
SWGY15998,Reyansh Iyer,reyansh.iyer255@hotmail.com,Nellore,Frequent Orderer,False,+917244600404,False,2025-02-07
SWGY15983,Reyansh Iyer,reyansh.iyer262@yahoo.com,Bengaluru,New,False,+917695290090,False,2024-07-01
SWGY10118,Reyansh Iyer,reyansh.iyer283@gmail.co,Chennai,Frequent Orderer,False,+911543799371,False,2024-04-04
SWGY15366,Reyansh Iyer,reyansh.iyer308@gmail.co,Nellore,Churned,False,+912763668709,True,2024-05-15
SWGY14218,Reyansh Iyer,reyansh.iyer548@outlook.com,Ahmedabad,Churned,False,,True,2024-07-28
SWGY14156,Reyansh Iyer,reyansh.iyer579@yahoo.com,Bengaluru,Swiggy One Member,True,+917513093732,False,2024-06-05
SWGY13127,Reyansh Iyer,reyansh.iyer585@hotmail.com,Bengaluru,New,False,+910560222470,False,2024-10-09
SWGY14968,Reyansh Iyer,reyansh.iyer90@outlook.com,Lucknow,New,True,+910930694827,True,2025-03-30
SWGY10837,Reyansh Joshi,reyansh.joshi153@gmail.com,Lucknow,Dormant,False,+911832700046,True,2024-02-16
SWGY10424,Reyansh Joshi,reyansh.joshi217@yahoo.com,Mumbai,Swiggy One Member,True,,False,2024-10-06
SWGY11704,Reyansh Joshi,reyansh.joshi252@outlook.com,Pune,New,False,+917432567405,True,2025-01-29
SWGY11921,Reyansh Joshi,reyansh.joshi595@gmail.com,Pune,Swiggy One Member,True,+911956630063,False,2024-07-08
SWGY13520,Reyansh Joshi,reyansh.joshi624@yahoo.com,Noida,New,False,+917287022940,False,2024-01-28
SWGY12632,Reyansh Joshi,reyansh.joshi62@yahoo.com,Jaipur,New,False,+914980084755,False,2023-10-06
SWGY13880,Reyansh Joshi,reyansh.joshi666@outlook.com,Nellore,New,True,+917351549606,False,2023-08-15
SWGY15166,Reyansh Joshi,reyansh.joshi810@gmail.com,Pune,New,True,+911007163131,False,2023-08-13
SWGY13919,Reyansh Joshi,reyansh.joshi812@gmail.com,Mumbai,Dormant,False,+918495254003,False,2024-11-27
SWGY15702,Reyansh Joshi,reyansh.joshi820@gmail.com,Vijayawada,New,False,+910836275434,False,2024-03-25
SWGY13372,Reyansh Joshi,reyansh.joshi872@outlook.com,Gurugram,Frequent Orderer,False,+919882391627,False,2025-02-05
SWGY15919,Reyansh Kapoor,reyansh.kapoor203@yahoo.com,Ahmedabad,Dormant,False,+913216787769,False,2024-10-24
SWGY15708,Reyansh Kapoor,reyansh.kapoor299@gmail.com,Gurugram,Frequent Orderer,False,+912463454565,True,2024-04-26
SWGY13973,Reyansh Kapoor,reyansh.kapoor427@hotmail.com,Jaipur,Dormant,True,+915171711882,False,2023-10-15
SWGY15074,Reyansh Kapoor,reyansh.kapoor53@hotmail.com,Ahmedabad,New,True,+917672544917,True,2023-11-07
SWGY11991,Reyansh Kapoor,reyansh.kapoor546@gmail.com,Nellore,Dormant,False,,False,2025-03-23
SWGY14853,Reyansh Kapoor,reyansh.kapoor79@outlook.com,Delhi,Frequent Orderer,False,,True,2023-07-29
SWGY12545,Reyansh Kapoor,reyansh.kapoor851@hotmail.com,Nellore,Frequent Orderer,False,,True,2024-03-23
SWGY13379,Reyansh Kapoor,reyansh.kapoor852@gmail.com,Kolkata,Swiggy One Member,True,+912141635021,True,2024-06-06
SWGY15748,Reyansh Kapoor,reyansh.kapoor88@yahoo.com,Jaipur,New,False,,False,2024-03-18
SWGY15086,Reyansh Khan,reyansh.khan12@yahoo.com,Kolkata,Churned,False,+910621309966,True,2024-02-10
SWGY10807,Reyansh Khan,reyansh.khan227@yahoo.com,Kolkata,Churned,False,+919513818655,True,2023-11-19
SWGY14523,Reyansh Khan,reyansh.khan291@hotmail.com,Gurugram,Churned,False,+912896681063,True,2024-06-11
SWGY10271,Reyansh Khan,reyansh.khan360@gmail.co,Kochi,Frequent Orderer,True,+912459928161,False,2024-04-28
SWGY15163,Reyansh Khan,reyansh.khan373@hotmail.com,Chennai,New,False,+918352578906,True,2024-09-19
SWGY10209,Reyansh Khan,reyansh.khan388@gmail.co,Lucknow,Swiggy One Member,True,+910388629127,False,2024-09-07
SWGY13859,Reyansh Khan,reyansh.khan479@hotmail.com,Bengaluru,New,False,+913742141570,False,2024-12-28
SWGY11540,Reyansh Khan,reyansh.khan569@gmail.com,Lucknow,New,False,+912267990966,False,2023-09-06
SWGY12750,Reyansh Khan,reyansh.khan63@yahoo.com,Chennai,Swiggy One Member,True,,False,2023-11-30
SWGY14692,Reyansh Khan,reyansh.khan646@gmail.com,Jaipur,Dormant,False,+912527061226,False,2024-11-01
SWGY11184,Reyansh Khan,reyansh.khan649@yahoo.com,Ahmedabad,Dormant,False,+914563391729,False,2024-03-11
SWGY12688,Reyansh Khan,reyansh.khan797@gmail.co,Chennai,Frequent Orderer,False,,False,2023-09-15
SWGY15478,Reyansh Khan,reyansh.khan973@yahoo.com,Noida,New,False,+914514931885,False,2025-02-10
SWGY10869,Reyansh Malhotra,reyansh.malhotra116@hotmail.com,Hyderabad,Swiggy One Member,True,+916293288098,False,2024-01-30
SWGY10515,Reyansh Malhotra,reyansh.malhotra297@outlook.com,Jaipur,Swiggy One Member,True,+919754661766,False,2025-05-17
SWGY10731,Reyansh Malhotra,reyansh.malhotra33@gmail.co,Mumbai,Swiggy One Member,True,+912775844663,False,2024-10-21
SWGY12044,Reyansh Malhotra,reyansh.malhotra439@gmail.co,Chennai,Frequent Orderer,False,+910667219228,False,2024-06-11
SWGY11920,Reyansh Malhotra,reyansh.malhotra473@gmail.co,Jaipur,Swiggy One Member,True,,False,2024-01-16
SWGY11767,Reyansh Malhotra,reyansh.malhotra535@gmail.co,Noida,Frequent Orderer,False,+919244940395,True,2024-12-14
SWGY13237,Reyansh Malhotra,reyansh.malhotra793@gmail.com,,Frequent Orderer,False,+911135033668,True,2025-01-11
SWGY11409,Reyansh Malhotra,reyansh.malhotra844@gmail.com,Bengaluru,Frequent Orderer,False,+918147237356,False,2023-06-13
SWGY14543,Reyansh Malhotra,reyansh.malhotra863@outlook.com,Ahmedabad,Churned,False,+913311327734,False,2023-11-09
SWGY11857,Reyansh Malhotra,reyansh.malhotra956@yahoo.com,Vijayawada,Swiggy One Member,True,+911633084601,False,2025-03-28
SWGY13293,Reyansh Malhotra,reyansh.malhotra960@gmail.co,Lucknow,New,False,+912819750772,False,2023-06-21
SWGY15017,Reyansh Malhotra,reyansh.malhotra996@outlook.com,Vijayawada,Frequent Orderer,False,,False,2025-01-14
SWGY14946,Reyansh Mehta,reyansh.mehta142@outlook.com,Hyderabad,Dormant,False,+913963502998,False,2024-06-22
SWGY10461,Reyansh Mehta,reyansh.mehta154@outlook.com,Nellore,Swiggy One Member,True,,True,2024-05-08
SWGY11968,Reyansh Mehta,reyansh.mehta220@gmail.co,Nellore,Frequent Orderer,False,+916821407373,True,2024-07-10
SWGY10890,Reyansh Mehta,reyansh.mehta220@yahoo.com,Kochi,Churned,True,+915947950740,False,2025-05-17
SWGY11507,Reyansh Mehta,reyansh.mehta331@yahoo.com,Chennai,Frequent Orderer,True,+912033980138,True,2023-07-03
SWGY12965,Reyansh Mehta,reyansh.mehta487@yahoo.com,Jaipur,Frequent Orderer,True,+910224102621,False,2023-08-13
SWGY13921,Reyansh Mehta,reyansh.mehta526@hotmail.com,Kolkata,Swiggy One Member,True,+917876824584,False,2024-01-15
SWGY11250,Reyansh Mehta,reyansh.mehta584@yahoo.com,Kolkata,Frequent Orderer,False,+916165228989,False,2024-08-19
SWGY13765,Reyansh Mehta,reyansh.mehta732@hotmail.com,Noida,New,False,,True,2025-04-03
SWGY12715,Reyansh Mehta,reyansh.mehta812@gmail.co,Pune,Frequent Orderer,False,,True,2024-05-09
SWGY15269,Reyansh Menon,reyansh.menon203@outlook.com,Ahmedabad,Swiggy One Member,True,,True,2025-04-20
SWGY15773,Reyansh Menon,reyansh.menon580@yahoo.com,Lucknow,Frequent Orderer,False,+915545349972,False,2023-10-28
SWGY11674,Reyansh Menon,reyansh.menon659@gmail.com,Vijayawada,New,False,+912999481414,True,2023-11-30
SWGY15860,Reyansh Menon,reyansh.menon713@gmail.com,Gurugram,Frequent Orderer,False,+912532407436,True,2024-05-25
SWGY11781,Reyansh Menon,reyansh.menon731@outlook.com,Bengaluru,Frequent Orderer,True,+917117064857,False,2024-07-15
SWGY15477,Reyansh Menon,reyansh.menon791@yahoo.com,Bengaluru,Unclassified,True,+912714310082,True,2024-11-30
SWGY13069,Reyansh Nair,reyansh.nair127@gmail.co,Nellore,Swiggy One Member,True,+914600341058,False,2024-11-08
SWGY11097,Reyansh Nair,reyansh.nair427@gmail.co,Kolkata,Swiggy One Member,True,+917996235699,False,2024-12-29
SWGY10162,Reyansh Nair,reyansh.nair446@yahoo.com,Hyderabad,New,False,+912945116868,False,2023-12-15
SWGY14225,Reyansh Nair,reyansh.nair447@gmail.co,Chennai,Dormant,False,+910640646278,False,2023-07-19
SWGY12695,Reyansh Nair,reyansh.nair480@gmail.co,Chennai,Swiggy One Member,True,+910378171506,True,2023-07-21
SWGY15200,Reyansh Nair,reyansh.nair539@outlook.com,Gurugram,Frequent Orderer,False,+919359985101,False,2023-10-23
SWGY11175,Reyansh Nair,reyansh.nair680@hotmail.com,Bengaluru,Unclassified,False,+911134843391,True,2024-06-16
SWGY14215,Reyansh Nair,reyansh.nair686@hotmail.com,,Churned,False,+917314309020,False,2023-12-11
SWGY11915,Reyansh Nair,reyansh.nair709@hotmail.com,Gurugram,Dormant,False,+916529483051,False,2025-04-20
SWGY11803,Reyansh Nair,reyansh.nair866@gmail.com,Pune,Dormant,False,,True,2024-12-16
SWGY15930,Reyansh Nair,reyansh.nair898@yahoo.com,Bengaluru,Dormant,False,+910053514984,False,2024-09-13
SWGY11397,Reyansh Nair,reyansh.nair986@outlook.com,Vijayawada,Swiggy One Member,True,+916771539022,True,2024-12-03
SWGY14017,Reyansh Nair,reyansh.nair998@gmail.com,Gurugram,Dormant,False,+913829553631,False,2024-02-24
SWGY15043,Reyansh Patel,reyansh.patel1@gmail.co,Mumbai,Churned,False,+910192872913,False,2024-05-02
SWGY12700,Reyansh Patel,reyansh.patel329@hotmail.com,Chennai,Churned,False,,True,2023-06-12
SWGY10841,Reyansh Patel,reyansh.patel597@hotmail.com,Jaipur,Churned,False,+919701426203,False,2025-05-06
SWGY11503,Reyansh Patel,reyansh.patel660@gmail.com,Ahmedabad,Dormant,False,+915358597302,True,2023-10-11
SWGY12510,Reyansh Patel,reyansh.patel693@gmail.co,Gurugram,Frequent Orderer,False,+911999391767,True,2024-11-05
SWGY15127,Reyansh Patel,reyansh.patel69@outlook.com,,New,False,,False,2025-01-17
SWGY10232,Reyansh Patel,reyansh.patel787@yahoo.com,Lucknow,Dormant,False,,True,2024-02-12
SWGY11594,Reyansh Patel,reyansh.patel831@outlook.com,,Churned,False,+918118465124,False,2025-03-31
SWGY13192,Reyansh Patel,reyansh.patel923@yahoo.com,Gurugram,New,False,+914701260562,False,2024-10-31
SWGY13365,Reyansh Patel,reyansh.patel958@gmail.com,Ahmedabad,Frequent Orderer,False,+913406262953,False,2025-02-20
SWGY15438,Reyansh Pillai,reyansh.pillai265@gmail.com,,Frequent Orderer,True,+915542327297,False,2025-03-24
SWGY11212,Reyansh Pillai,reyansh.pillai349@gmail.co,Ahmedabad,Frequent Orderer,False,+914718559407,True,2024-05-15
SWGY12918,Reyansh Pillai,reyansh.pillai460@gmail.com,Hyderabad,New,False,,False,2023-12-29
SWGY12297,Reyansh Pillai,reyansh.pillai499@hotmail.com,Bengaluru,New,False,,True,2023-06-14
SWGY15513,Reyansh Pillai,reyansh.pillai594@hotmail.com,,Unclassified,True,+918839067672,True,2024-10-07
SWGY13771,Reyansh Pillai,reyansh.pillai601@outlook.com,Nellore,New,False,+917830030564,False,2025-04-01
SWGY11881,Reyansh Pillai,reyansh.pillai678@outlook.com,Kolkata,Unclassified,False,+914273449799,False,2024-11-18
SWGY11844,Reyansh Pillai,reyansh.pillai839@gmail.co,Ahmedabad,Swiggy One Member,True,+912663820715,True,2023-12-27
SWGY10533,Reyansh Rao,reyansh.rao179@yahoo.com,Kochi,Frequent Orderer,False,+910310287950,True,2024-03-09
SWGY13910,Reyansh Rao,reyansh.rao318@yahoo.com,Vijayawada,Dormant,False,+917497847522,True,2023-06-16
SWGY10881,Reyansh Rao,reyansh.rao399@hotmail.com,Jaipur,Frequent Orderer,False,+915071058011,True,2024-09-06
SWGY10866,Reyansh Rao,reyansh.rao438@gmail.com,Chennai,Churned,False,+913851799378,True,2024-02-16
SWGY14810,Reyansh Rao,reyansh.rao548@gmail.com,Noida,Swiggy One Member,True,,False,2024-12-11
SWGY11177,Reyansh Rao,reyansh.rao56@hotmail.com,,Frequent Orderer,False,+913677349852,True,2024-11-06
SWGY13689,Reyansh Rao,reyansh.rao644@yahoo.com,Chennai,Swiggy One Member,True,+917422577983,True,2024-07-14
SWGY15970,Reyansh Rao,reyansh.rao746@yahoo.com,Kochi,Swiggy One Member,True,+912830537129,True,2023-10-16
SWGY12749,Reyansh Rao,reyansh.rao799@gmail.co,Pune,Swiggy One Member,True,+918070927857,True,2025-05-11
SWGY12703,Reyansh Rao,reyansh.rao989@hotmail.com,Noida,Frequent Orderer,False,+915189819785,False,2024-03-04
SWGY15707,Reyansh Reddy,reyansh.reddy329@outlook.com,Mumbai,Swiggy One Member,True,+912363019642,True,2024-11-27
SWGY14670,Reyansh Reddy,reyansh.reddy555@outlook.com,Chennai,Swiggy One Member,True,+919790174039,True,2023-09-24
SWGY13452,Reyansh Reddy,reyansh.reddy642@gmail.com,Kolkata,Churned,False,,False,2024-02-03
SWGY11563,Reyansh Reddy,reyansh.reddy843@yahoo.com,Delhi,Swiggy One Member,True,+911088035469,True,2023-09-13
SWGY15333,Reyansh Reddy,reyansh.reddy893@gmail.com,Jaipur,New,False,+910505838914,True,2024-08-30
SWGY12938,Reyansh Reddy,reyansh.reddy995@gmail.com,Mumbai,Swiggy One Member,True,,False,2024-07-26
SWGY15575,Reyansh Sharma,reyansh.sharma103@outlook.com,Gurugram,Frequent Orderer,False,+918732291652,True,2025-01-29
SWGY11093,Reyansh Sharma,reyansh.sharma167@outlook.com,Jaipur,Dormant,False,+919091237530,False,2024-03-29
SWGY13887,Reyansh Sharma,reyansh.sharma246@gmail.co,Mumbai,New,False,+917259856842,True,2024-08-05
SWGY10504,Reyansh Sharma,reyansh.sharma254@gmail.co,Vijayawada,Churned,False,+910943882211,False,2024-05-26
SWGY11864,Reyansh Sharma,reyansh.sharma366@yahoo.com,Noida,Unclassified,False,+919521768012,True,2023-12-02
SWGY12256X,Reyansh Sharma,reyansh.sharma478@hotmail.com,Chennai,Swiggy One Member,True,+911971112125,True,2024-03-07
SWGY14216X,Reyansh Sharma,reyansh.sharma490@hotmail.com,Gurugram,New,False,+912767707406,True,2024-03-26
SWGY15975,Reyansh Sharma,reyansh.sharma495@outlook.com,Kochi,Swiggy One Member,True,,True,2023-10-31
SWGY13649,Reyansh Sharma,reyansh.sharma4@gmail.co,Kochi,Dormant,False,+914209225973,True,2025-05-24
SWGY15350,Reyansh Sharma,reyansh.sharma633@gmail.com,Nellore,Dormant,False,,True,2025-02-20
SWGY14923,Reyansh Sharma,reyansh.sharma67@gmail.co,Gurugram,Unclassified,True,+917628379675,False,2023-07-25
SWGY13004,Reyansh Sharma,reyansh.sharma883@gmail.co,,New,False,+911738555550,False,2025-02-12
SWGY13367,Reyansh Sharma,reyansh.sharma889@gmail.com,Gurugram,Frequent Orderer,False,+915525391255,True,2025-02-02
SWGY11449,Reyansh Shetty,reyansh.shetty19@outlook.com,Jaipur,Frequent Orderer,True,+910819484226,True,2024-05-01
SWGY11222,Reyansh Shetty,reyansh.shetty221@outlook.com,Hyderabad,Dormant,False,+914212914650,True,2024-04-23
SWGY12263,Reyansh Shetty,reyansh.shetty229@yahoo.com,Delhi,New,False,+911385223590,True,2023-11-17
SWGY10957,Reyansh Shetty,reyansh.shetty44@gmail.co,Jaipur,Swiggy One Member,True,,True,2024-03-30
SWGY15639,Reyansh Shetty,reyansh.shetty456@gmail.co,Delhi,Frequent Orderer,False,,True,2023-12-31
SWGY10952,Reyansh Shetty,reyansh.shetty505@gmail.co,Pune,Frequent Orderer,False,+913387220542,True,2023-09-21
SWGY10955,Reyansh Shetty,reyansh.shetty510@gmail.co,Jaipur,Frequent Orderer,False,+912259206165,True,2024-04-20
SWGY11607,Reyansh Shetty,reyansh.shetty538@gmail.com,Mumbai,Unclassified,False,+914073730415,True,2024-02-09
SWGY10130,Reyansh Shetty,reyansh.shetty546@outlook.com,Delhi,Dormant,False,+912544948126,True,2023-12-29
SWGY10401,Reyansh Shetty,reyansh.shetty702@gmail.co,Vijayawada,Swiggy One Member,True,+910271693859,True,2024-04-13
SWGY14988,Reyansh Shetty,reyansh.shetty732@gmail.com,Kochi,Frequent Orderer,False,,True,2023-12-02
SWGY10762,Reyansh Shetty,reyansh.shetty752@gmail.com,Noida,Frequent Orderer,False,,False,2024-08-29
SWGY13864,Reyansh Shetty,reyansh.shetty898@yahoo.com,Lucknow,Swiggy One Member,True,+916198285904,True,2024-06-22
SWGY11873,Reyansh Shetty,reyansh.shetty980@hotmail.com,Noida,Frequent Orderer,True,+915395260885,False,2024-11-09
SWGY11296,Reyansh Singh,reyansh.singh103@outlook.com,Kolkata,Frequent Orderer,True,+912484202435,False,2024-04-16
SWGY12151,Reyansh Singh,reyansh.singh256@hotmail.com,Kolkata,Frequent Orderer,False,,True,2024-02-02
SWGY14424,Reyansh Singh,reyansh.singh430@yahoo.com,Mumbai,Frequent Orderer,False,,True,2024-01-20
SWGY15759,Reyansh Singh,reyansh.singh520@yahoo.com,Bengaluru,Frequent Orderer,False,+918064204336,True,2024-10-23
SWGY11255,Reyansh Singh,reyansh.singh575@gmail.com,Noida,Frequent Orderer,False,+910073024266,False,2023-12-11
SWGY13780,Reyansh Singh,reyansh.singh661@gmail.com,Pune,Swiggy One Member,True,+919016651517,True,2025-01-23
SWGY12855,Reyansh Singh,reyansh.singh689@gmail.co,Delhi,Swiggy One Member,True,+917830194410,True,2023-10-24
SWGY14487,Reyansh Singh,reyansh.singh795@yahoo.com,Chennai,Frequent Orderer,False,+918674171448,False,2024-11-06
SWGY12543,Reyansh Singh,reyansh.singh822@hotmail.com,Chennai,Churned,False,+916226648491,True,2024-03-15
SWGY11536,Reyansh Singh,reyansh.singh834@hotmail.com,Pune,Frequent Orderer,False,+913728756798,True,2025-05-31
SWGY13272,Reyansh Verma,reyansh.verma163@gmail.com,Chennai,Dormant,False,+910572677983,True,2024-08-03
SWGY12309,Reyansh Verma,reyansh.verma267@gmail.co,Noida,Frequent Orderer,True,+915839018769,True,2025-01-13
SWGY12046,Reyansh Verma,reyansh.verma294@gmail.co,Pune,Swiggy One Member,True,+916988012256,False,2025-01-28
SWGY13232,Reyansh Verma,reyansh.verma403@outlook.com,Bengaluru,Churned,False,+913701126992,True,2024-09-21
SWGY15716,Reyansh Verma,reyansh.verma45@gmail.co,Noida,Frequent Orderer,False,+917647731171,False,2025-03-08
SWGY12506,Reyansh Verma,reyansh.verma49@gmail.com,Bengaluru,Dormant,False,,False,2024-11-14
SWGY11402,Reyansh Verma,reyansh.verma50@yahoo.com,Hyderabad,Frequent Orderer,False,+912510715558,True,2024-01-22
SWGY15093,Reyansh Verma,reyansh.verma525@gmail.com,Delhi,Unclassified,False,+910884383213,False,2025-04-13
SWGY11276,Reyansh Verma,reyansh.verma771@gmail.co,Kochi,Dormant,False,,True,2024-12-15
SWGY10856,Reyansh Verma,reyansh.verma925@hotmail.com,Chennai,Churned,False,+916760564204,False,2024-06-20
SWGY10823,Reyansh Verma,reyansh.verma963@gmail.co,Lucknow,Frequent Orderer,False,,True,2023-07-16
SWGY10938,Riya Bose,riya.bose103@yahoo.com,Ahmedabad,Swiggy One Member,True,+910972021707,True,2024-11-16
SWGY11701,Riya Bose,riya.bose515@gmail.co,Kolkata,New,False,+910332570443,True,2024-09-24
SWGY14510,Riya Bose,riya.bose63@gmail.co,Ahmedabad,Frequent Orderer,False,+911301035614,True,2024-04-10
SWGY15776,Riya Bose,riya.bose69@hotmail.com,Kochi,Frequent Orderer,False,+916637328886,True,2024-07-16
SWGY11762,Riya Bose,riya.bose776@yahoo.com,Delhi,New,False,+913922950149,True,2023-10-03
SWGY14761,Riya Bose,riya.bose894@gmail.com,Noida,New,False,+919829883804,False,2024-08-19
SWGY15024,Riya Bose,riya.bose991@gmail.co,Kochi,Frequent Orderer,False,,True,2024-05-15
SWGY14911,Riya Chatterjee,riya.chatterjee271@hotmail.com,Delhi,Dormant,False,+919255495952,False,2024-03-22
SWGY10928,Riya Chatterjee,riya.chatterjee509@outlook.com,Vijayawada,Swiggy One Member,True,+910702042620,True,2024-01-03
SWGY14603,Riya Chatterjee,riya.chatterjee557@hotmail.com,Nellore,Dormant,False,+910526866765,False,2024-04-20
SWGY11710,Riya Chatterjee,riya.chatterjee55@gmail.com,Chennai,Frequent Orderer,False,,True,2025-01-22
SWGY10573,Riya Chatterjee,riya.chatterjee612@hotmail.com,Vijayawada,New,False,+919225014257,True,2023-06-30
SWGY12509,Riya Chatterjee,riya.chatterjee660@outlook.com,Noida,Swiggy One Member,True,+916627145706,False,2023-08-22
SWGY14849,Riya Chatterjee,riya.chatterjee679@yahoo.com,Vijayawada,New,False,+910076259962,True,2025-03-25
SWGY12425,Riya Das,riya.das145@outlook.com,,Dormant,True,+919002842241,False,2023-09-23
SWGY11754,Riya Das,riya.das295@yahoo.com,Pune,Swiggy One Member,True,+911622065910,False,2024-09-16
SWGY13796,Riya Das,riya.das322@gmail.co,Mumbai,Frequent Orderer,True,,True,2023-11-08
SWGY12340,Riya Das,riya.das326@yahoo.com,Jaipur,New,False,+917328424872,True,2024-06-11
SWGY13227,Riya Das,riya.das518@gmail.co,Jaipur,Frequent Orderer,False,+917250069736,True,2024-10-17
SWGY12917,Riya Das,riya.das580@hotmail.com,Vijayawada,New,False,+910207773088,True,2024-04-10
SWGY15756,Riya Das,riya.das630@gmail.co,Vijayawada,Frequent Orderer,False,+912490434935,True,2023-12-15
SWGY15054,Riya Das,riya.das809@hotmail.com,Kochi,Frequent Orderer,False,,True,2023-08-27
SWGY13763,Riya Das,riya.das848@hotmail.com,Noida,New,False,+917501481027,True,2024-08-13
SWGY11280,Riya Das,riya.das946@gmail.co,Kolkata,New,False,+910557371388,True,2023-09-18
SWGY14755,Riya Das,riya.das978@yahoo.com,Chennai,Swiggy One Member,True,+913622967750,False,2025-03-04
SWGY11886,Riya Gupta,riya.gupta130@outlook.com,Pune,Frequent Orderer,False,+914678203690,True,2024-11-04
SWGY11016,Riya Gupta,riya.gupta143@gmail.co,Kolkata,Dormant,False,,False,2025-01-02
SWGY13766,Riya Gupta,riya.gupta184@yahoo.com,Chennai,Frequent Orderer,True,+914891427425,False,2024-04-04
SWGY13735,Riya Gupta,riya.gupta235@gmail.com,Mumbai,New,False,+918839557016,False,2025-03-14
SWGY15094,Riya Gupta,riya.gupta372@yahoo.com,Noida,Swiggy One Member,True,,True,2023-06-24
SWGY15555,Riya Gupta,riya.gupta521@gmail.co,Jaipur,Frequent Orderer,True,+913469328982,False,2024-03-05
SWGY12888,Riya Gupta,riya.gupta719@gmail.co,Kolkata,Frequent Orderer,False,+917594144772,False,2024-07-01
SWGY15342,Riya Gupta,riya.gupta803@hotmail.com,Jaipur,Frequent Orderer,False,+914609456758,False,2025-03-20
SWGY11404,Riya Gupta,riya.gupta926@gmail.com,Noida,Dormant,False,+913494197157,False,2024-02-11
SWGY12684,Riya Gupta,riya.gupta9@gmail.co,Gurugram,Frequent Orderer,False,+911172923359,False,2024-09-03
SWGY13628,Riya Iyer,riya.iyer138@outlook.com,Hyderabad,Swiggy One Member,True,,False,2024-04-27
SWGY10868,Riya Iyer,riya.iyer260@gmail.co,Noida,New,False,,False,2024-10-03
SWGY10258,Riya Iyer,riya.iyer317@gmail.co,Delhi,New,False,+912123094077,False,2023-10-27
SWGY13506,Riya Iyer,riya.iyer534@yahoo.com,Gurugram,Churned,False,+915947922701,False,2024-05-05
SWGY13228,Riya Iyer,riya.iyer9@hotmail.com,Noida,New,False,+917831357190,False,2025-04-05
SWGY10935,Riya Joshi,riya.joshi165@gmail.co,Jaipur,New,False,+913643159489,False,2023-06-09
SWGY14431,Riya Joshi,riya.joshi568@outlook.com,Pune,Swiggy One Member,True,+916219851553,False,2024-06-15
SWGY13716,Riya Joshi,riya.joshi647@hotmail.com,Kochi,Frequent Orderer,False,,False,2024-03-05
SWGY10753,Riya Joshi,riya.joshi705@outlook.com,Pune,Swiggy One Member,True,+916427372037,True,2024-04-06
SWGY11390,Riya Joshi,riya.joshi773@gmail.co,Noida,Dormant,False,+918291585511,False,2023-06-04
SWGY13614,Riya Joshi,riya.joshi837@gmail.co,Jaipur,New,False,+916449255933,True,2024-02-16
SWGY15426,Riya Joshi,riya.joshi922@outlook.com,Vijayawada,Frequent Orderer,False,+914660964847,True,2023-07-18
SWGY14795,Riya Kapoor,riya.kapoor109@outlook.com,Kochi,New,False,+917514044453,True,2023-06-11
SWGY10539,Riya Kapoor,riya.kapoor124@gmail.co,Ahmedabad,Dormant,True,+918712060212,True,2023-12-20
SWGY14754,Riya Kapoor,riya.kapoor332@hotmail.com,Nellore,Frequent Orderer,False,+914091714727,False,2023-11-02
SWGY14467,Riya Kapoor,riya.kapoor455@yahoo.com,Gurugram,Churned,False,+919374686398,True,2023-10-28
SWGY13640,Riya Kapoor,riya.kapoor513@outlook.com,Vijayawada,Churned,False,+913572231526,False,2024-09-07
SWGY10314,Riya Kapoor,riya.kapoor711@gmail.com,Vijayawada,Dormant,False,+919042902572,True,2024-08-20
SWGY11056,Riya Kapoor,riya.kapoor741@gmail.com,Chennai,Dormant,True,+918640675602,False,2025-02-28
SWGY13829,Riya Kapoor,riya.kapoor8@hotmail.com,Hyderabad,Churned,False,,False,2024-04-30
SWGY14291,Riya Khan,riya.khan266@yahoo.com,Pune,Unclassified,False,+917157899370,False,2023-11-20
SWGY15863,Riya Khan,riya.khan35@yahoo.com,Gurugram,Swiggy One Member,True,+913725784090,True,2025-04-09
SWGY11339,Riya Khan,riya.khan652@yahoo.com,Noida,Frequent Orderer,False,+917555928974,False,2025-01-09
SWGY14726,Riya Khan,riya.khan653@gmail.com,Ahmedabad,Churned,False,+916003422256,False,2024-09-23
SWGY13266,Riya Khan,riya.khan689@yahoo.com,Noida,Swiggy One Member,True,+913586234223,False,2024-08-26
SWGY10610,Riya Khan,riya.khan842@hotmail.com,Nellore,Swiggy One Member,True,,True,2024-09-11
SWGY13890,Riya Khan,riya.khan845@hotmail.com,Mumbai,Churned,False,+917284712719,True,2025-03-19
SWGY14972,Riya Malhotra,riya.malhotra129@yahoo.com,Jaipur,New,True,+917116488789,False,2025-03-31
SWGY15590,Riya Malhotra,riya.malhotra155@gmail.co,Hyderabad,Frequent Orderer,False,,True,2025-03-03
SWGY11786,Riya Malhotra,riya.malhotra316@gmail.co,,Frequent Orderer,False,,False,2025-04-12
SWGY14083,Riya Malhotra,riya.malhotra529@hotmail.com,Bengaluru,Frequent Orderer,False,+913034686730,True,2024-07-15
SWGY10962,Riya Malhotra,riya.malhotra563@gmail.com,Mumbai,New,False,,True,2025-03-29
SWGY12890,Riya Malhotra,riya.malhotra569@hotmail.com,Delhi,Dormant,False,+917873563921,False,2023-12-30
SWGY14521,Riya Malhotra,riya.malhotra673@yahoo.com,Delhi,Dormant,False,+917531284794,True,2023-06-22
SWGY12842,Riya Malhotra,riya.malhotra679@gmail.com,Chennai,Frequent Orderer,False,+916484121234,True,2024-11-27
SWGY12422,Riya Malhotra,riya.malhotra750@hotmail.com,Jaipur,Swiggy One Member,True,+918701881113,True,2024-03-02
SWGY11384,Riya Malhotra,riya.malhotra847@gmail.com,Kochi,New,False,+912495629179,False,2024-10-08
SWGY10700,Riya Malhotra,riya.malhotra882@gmail.co,Bengaluru,Dormant,False,+913777312688,True,2024-04-06
SWGY10637,Riya Malhotra,riya.malhotra884@gmail.com,Kolkata,Dormant,False,,True,2023-10-26
SWGY10860,Riya Malhotra,riya.malhotra896@gmail.com,Kolkata,Dormant,False,,True,2024-10-05
SWGY12561,Riya Malhotra,riya.malhotra907@hotmail.com,Nellore,Swiggy One Member,True,+918252543093,True,2025-05-30
SWGY15667,Riya Malhotra,riya.malhotra909@outlook.com,Pune,Churned,False,+911344049634,False,2023-09-26
SWGY14392X,Riya Malhotra,riya.malhotra92@gmail.co,Chennai,New,False,,False,2023-07-17
SWGY14677,Riya Malhotra,riya.malhotra962@hotmail.com,Bengaluru,New,False,+911203626533,True,2024-05-21
SWGY10622,Riya Malhotra,riya.malhotra970@hotmail.com,Nellore,Dormant,False,+912129328963,True,2023-07-19
SWGY13492,Riya Mehta,riya.mehta115@hotmail.com,Mumbai,Frequent Orderer,False,+914359730980,True,2023-11-07
SWGY11643,Riya Mehta,riya.mehta136@gmail.co,Pune,Swiggy One Member,True,+912599611435,True,2025-02-22
SWGY12603,Riya Mehta,riya.mehta17@gmail.com,Hyderabad,Swiggy One Member,True,+919768933450,True,2024-04-03
SWGY11389,Riya Mehta,riya.mehta29@hotmail.com,Gurugram,Churned,False,+911920182852,True,2025-02-13
SWGY10836,Riya Mehta,riya.mehta364@gmail.co,Delhi,Swiggy One Member,True,+916947031805,False,2024-05-23
SWGY15757,Riya Mehta,riya.mehta409@gmail.co,Chennai,Swiggy One Member,True,+917793548930,True,2023-09-04
SWGY13708,Riya Mehta,riya.mehta588@yahoo.com,Kochi,New,False,+912361815797,True,2023-09-07
SWGY14389,Riya Mehta,riya.mehta592@gmail.com,,Swiggy One Member,True,+911700159197,True,2024-11-02
SWGY15687,Riya Mehta,riya.mehta646@hotmail.com,Bengaluru,Frequent Orderer,False,+915207812643,True,2023-10-07
SWGY10493,Riya Mehta,riya.mehta822@gmail.co,Ahmedabad,Unclassified,False,+914611729596,True,2024-08-19
SWGY15119,Riya Mehta,riya.mehta858@hotmail.com,,Frequent Orderer,False,+914376627728,True,2024-10-09
SWGY11555,Riya Mehta,riya.mehta939@hotmail.com,Hyderabad,Swiggy One Member,True,+913895546565,True,2025-01-31
SWGY13866,Riya Mehta,riya.mehta990@outlook.com,Kolkata,Swiggy One Member,True,+911539122190,False,2024-07-31
SWGY13641,Riya Menon,riya.menon25@gmail.com,Nellore,Frequent Orderer,False,+915447512457,True,2023-08-10
SWGY11684,Riya Menon,riya.menon410@yahoo.com,,Unclassified,True,+917686621380,True,2025-01-12
SWGY12900X,Riya Menon,riya.menon811@hotmail.com,Pune,New,False,+917461553741,False,2023-08-02
SWGY13865,Riya Menon,riya.menon847@yahoo.com,Noida,Dormant,True,+910130113263,True,2024-01-11
SWGY11813,Riya Menon,riya.menon941@yahoo.com,Bengaluru,Swiggy One Member,True,+910235893771,True,2024-08-21
SWGY13193,Riya Nair,riya.nair238@outlook.com,Lucknow,Frequent Orderer,True,+911487630298,False,2024-01-26
SWGY10995,Riya Nair,riya.nair253@gmail.co,Pune,Dormant,True,+919028377270,False,2024-05-21
SWGY10750,Riya Nair,riya.nair255@yahoo.com,,Swiggy One Member,True,+913301623419,False,2025-03-18
SWGY15733,Riya Nair,riya.nair605@yahoo.com,Ahmedabad,Frequent Orderer,False,,True,2024-05-09
SWGY11057,Riya Nair,riya.nair796@outlook.com,Vijayawada,New,False,+913904489093,False,2023-07-18
SWGY14895,Riya Patel,riya.patel217@yahoo.com,Jaipur,Swiggy One Member,True,+917444569358,False,2023-11-03
SWGY15547,Riya Patel,riya.patel312@outlook.com,Vijayawada,New,True,,True,2023-12-19
SWGY14738,Riya Patel,riya.patel364@hotmail.com,Hyderabad,New,False,+915062942047,True,2024-10-07
SWGY15618,Riya Patel,riya.patel541@yahoo.com,,Dormant,False,+911856545342,True,2024-08-11
SWGY14680,Riya Patel,riya.patel645@outlook.com,Mumbai,Frequent Orderer,True,+912282585770,False,2025-05-25
SWGY11597,Riya Patel,riya.patel92@gmail.co,Pune,Frequent Orderer,False,+919195380884,True,2024-12-24
SWGY10319,Riya Patel,riya.patel965@outlook.com,Delhi,Frequent Orderer,True,+915528938911,False,2025-04-17
SWGY14486,Riya Pillai,riya.pillai101@gmail.co,Nellore,Dormant,False,,False,2023-09-17
SWGY12409,Riya Pillai,riya.pillai214@gmail.co,Chennai,New,False,+913782564858,False,2024-03-31
SWGY14265,Riya Pillai,riya.pillai266@yahoo.com,Noida,Swiggy One Member,True,+918974347629,False,2023-09-29
SWGY10224,Riya Pillai,riya.pillai292@outlook.com,Ahmedabad,Swiggy One Member,True,,False,2025-03-26
SWGY10518,Riya Pillai,riya.pillai47@gmail.com,Pune,Unclassified,True,+912311775331,False,2025-01-19
SWGY10084,Riya Pillai,riya.pillai620@outlook.com,Delhi,Swiggy One Member,True,+919001094396,True,2023-11-23
SWGY10171,Riya Pillai,riya.pillai654@gmail.co,Noida,Frequent Orderer,False,,True,2023-12-12
SWGY15258,Riya Pillai,riya.pillai760@outlook.com,Noida,Churned,False,+917846786913,True,2025-04-10
SWGY13474,Riya Pillai,riya.pillai799@yahoo.com,Kochi,Frequent Orderer,False,+911871694675,True,2023-12-21
SWGY10490,Riya Pillai,riya.pillai905@gmail.co,Chennai,Dormant,False,+914591966395,True,2023-11-17
SWGY15352,Riya Pillai,riya.pillai996@gmail.com,Vijayawada,Swiggy One Member,True,+911597781465,False,2024-08-04
SWGY12483,Riya Rao,riya.rao102@gmail.com,Chennai,Frequent Orderer,False,+916854026218,True,2023-08-20
SWGY15140,Riya Rao,riya.rao172@hotmail.com,Mumbai,Frequent Orderer,False,+914306638177,True,2024-04-02
SWGY15212,Riya Rao,riya.rao25@hotmail.com,Kolkata,Swiggy One Member,True,+918436064380,False,2024-08-14
SWGY10001,Riya Rao,riya.rao285@yahoo.com,Kochi,Dormant,False,,False,2023-06-07
SWGY12000,Riya Rao,riya.rao451@gmail.co,Kolkata,Frequent Orderer,False,+910053558823,False,2023-11-21
SWGY11656,Riya Rao,riya.rao51@gmail.com,Noida,Unclassified,False,+912762805877,False,2025-01-06
SWGY10854,Riya Rao,riya.rao614@yahoo.com,Pune,New,False,+917536051171,False,2025-04-06
SWGY13478,Riya Rao,riya.rao632@gmail.co,Lucknow,Frequent Orderer,False,+910977418412,True,2025-03-06
SWGY15131,Riya Rao,riya.rao66@gmail.com,Delhi,New,False,,True,2023-11-21
SWGY14964,Riya Rao,riya.rao73@hotmail.com,Vijayawada,Dormant,False,+919484707173,True,2024-03-16
SWGY13054,Riya Rao,riya.rao815@yahoo.com,Ahmedabad,Unclassified,True,+916731396286,False,2025-04-19
SWGY11667,Riya Rao,riya.rao822@gmail.com,Hyderabad,Swiggy One Member,True,+911042797493,True,2025-01-14
SWGY13264,Riya Rao,riya.rao86@gmail.co,Lucknow,Dormant,False,+914936016168,True,2024-04-12
SWGY10502,Riya Rao,riya.rao904@hotmail.com,Hyderabad,Swiggy One Member,True,+916661347323,True,2023-08-07
SWGY14659,Riya Rao,riya.rao99@yahoo.com,Hyderabad,New,True,+910354258595,False,2024-12-04
SWGY15051,Riya Reddy,riya.reddy215@outlook.com,Hyderabad,New,False,+913067946733,False,2024-06-30
SWGY14139,Riya Reddy,riya.reddy2@hotmail.com,Noida,New,False,+919947662738,False,2024-11-26
SWGY10900,Riya Reddy,riya.reddy381@outlook.com,Kolkata,Dormant,False,+911959772168,True,2023-09-17
SWGY10628,Riya Reddy,riya.reddy432@gmail.co,Mumbai,Frequent Orderer,False,+910577980660,True,2024-01-31
SWGY13704,Riya Reddy,riya.reddy677@outlook.com,Chennai,Frequent Orderer,False,+914332125954,True,2024-05-24
SWGY14116,Riya Reddy,riya.reddy703@gmail.com,Kolkata,Unclassified,False,+915152701274,False,2024-04-23
SWGY13140,Riya Reddy,riya.reddy844@yahoo.com,Delhi,Swiggy One Member,True,+915338430926,False,2024-07-14
SWGY12536,Riya Reddy,riya.reddy898@hotmail.com,Lucknow,Frequent Orderer,False,+910352196091,False,2025-02-06
SWGY13414,Riya Reddy,riya.reddy941@hotmail.com,Jaipur,New,False,+915717862089,False,2023-10-16
SWGY13873,Riya Reddy,riya.reddy977@outlook.com,Noida,Swiggy One Member,True,+911067076967,False,2025-05-27
SWGY11780,Riya Sharma,riya.sharma12@outlook.com,Mumbai,Swiggy One Member,True,+912134063680,True,2025-05-07
SWGY15278,Riya Sharma,riya.sharma182@yahoo.com,Ahmedabad,Dormant,False,+916174696716,True,2024-02-15
SWGY11936,Riya Sharma,riya.sharma330@hotmail.com,Pune,Unclassified,True,+910591934424,False,2024-03-20
SWGY12620,Riya Sharma,riya.sharma657@hotmail.com,Vijayawada,New,False,+914676170995,False,2025-02-25
SWGY15851,Riya Sharma,riya.sharma803@hotmail.com,Kochi,Dormant,False,+911379837427,False,2024-04-19
SWGY11836,Riya Sharma,riya.sharma825@outlook.com,Pune,Swiggy One Member,True,+913967705467,False,2024-07-20
SWGY11400,Riya Sharma,riya.sharma886@yahoo.com,Chennai,Dormant,False,+915287835733,False,2024-04-23
SWGY10970,Riya Shetty,riya.shetty469@outlook.com,Kolkata,New,True,+917485994641,True,2024-10-09
SWGY14843,Riya Shetty,riya.shetty491@gmail.co,Vijayawada,New,False,+915004385286,False,2024-01-27
SWGY15774,Riya Shetty,riya.shetty785@hotmail.com,Lucknow,Dormant,False,+915572325509,True,2024-06-04
SWGY10646,Riya Shetty,riya.shetty947@outlook.com,Bengaluru,Churned,False,+913526356022,True,2023-07-17
SWGY11746,Riya Shetty,riya.shetty953@gmail.co,Lucknow,New,False,+919095203872,True,2023-07-20
SWGY12323,Riya Shetty,riya.shetty974@outlook.com,Lucknow,New,False,+914761680680,True,2023-07-12
SWGY15631,Riya Singh,riya.singh242@outlook.com,Kolkata,Dormant,False,+913180213092,False,2024-11-02
SWGY11648,Riya Singh,riya.singh280@hotmail.com,Kochi,Churned,True,+919516570794,False,2025-05-13
SWGY13901,Riya Singh,riya.singh565@yahoo.com,Chennai,New,False,+912130273220,True,2024-04-07
SWGY14029,Riya Singh,riya.singh618@outlook.com,Pune,Dormant,False,+912013303422,False,2023-10-06
SWGY10059,Riya Singh,riya.singh629@hotmail.com,Kochi,Dormant,False,+914024455022,True,2024-08-13
SWGY10940,Riya Verma,riya.verma140@gmail.com,Noida,New,False,+917565896359,False,2023-06-29
SWGY10039,Riya Verma,riya.verma186@hotmail.com,Kochi,Frequent Orderer,False,+917175655125,False,2023-11-27
SWGY12995,Riya Verma,riya.verma2@gmail.co,Mumbai,Churned,False,+915845450529,False,2024-04-30
SWGY14045,Riya Verma,riya.verma536@hotmail.com,Pune,Churned,False,+915812027258,False,2023-08-29
SWGY11122,Riya Verma,riya.verma605@outlook.com,Pune,New,False,+919406453157,False,2023-10-11
SWGY15726,Riya Verma,riya.verma982@gmail.co,Bengaluru,Frequent Orderer,True,+913139816734,False,2025-03-26
SWGY12673,Rohan Bose,rohan.bose128@gmail.com,Lucknow,Unclassified,True,,True,2024-03-19
SWGY15976,Rohan Bose,rohan.bose193@outlook.com,Lucknow,Swiggy One Member,True,+918183973363,True,2024-02-23
SWGY10200,Rohan Bose,rohan.bose203@hotmail.com,Mumbai,Swiggy One Member,True,+915523149135,True,2024-03-24
SWGY13308,Rohan Bose,rohan.bose280@gmail.co,Kochi,Frequent Orderer,False,,True,2024-09-06
SWGY10127,Rohan Bose,rohan.bose296@yahoo.com,Jaipur,Churned,False,+917905072368,False,2025-03-22
SWGY12872,Rohan Bose,rohan.bose319@yahoo.com,Lucknow,New,False,+914928841634,True,2025-04-20
SWGY13843,Rohan Bose,rohan.bose397@gmail.co,Bengaluru,Frequent Orderer,True,+913388806973,False,2024-09-18
SWGY11258,Rohan Bose,rohan.bose445@gmail.co,Kolkata,New,False,+918532077587,True,2025-03-07
SWGY15326,Rohan Bose,rohan.bose47@hotmail.com,Bengaluru,Dormant,False,+912545684799,False,2023-10-10
SWGY10949,Rohan Bose,rohan.bose481@yahoo.com,Hyderabad,Dormant,False,,True,2024-12-01
SWGY14764,Rohan Bose,rohan.bose795@outlook.com,Lucknow,Swiggy One Member,True,+916234021646,False,2024-02-09
SWGY12221,Rohan Bose,rohan.bose855@outlook.com,Chennai,Frequent Orderer,False,+910574580766,True,2024-05-01
SWGY11242,Rohan Chatterjee,rohan.chatterjee160@gmail.com,Noida,Swiggy One Member,True,+911726652824,True,2024-03-17
SWGY12087,Rohan Chatterjee,rohan.chatterjee184@outlook.com,Lucknow,Frequent Orderer,False,+913265720798,False,2023-10-12
SWGY10468,Rohan Chatterjee,rohan.chatterjee200@outlook.com,Noida,New,False,,True,2024-06-24
SWGY13635,Rohan Chatterjee,rohan.chatterjee201@gmail.com,Pune,Frequent Orderer,False,+915903824030,False,2024-05-06
SWGY14674,Rohan Chatterjee,rohan.chatterjee332@hotmail.com,Vijayawada,New,False,,False,2024-07-04
SWGY14801,Rohan Chatterjee,rohan.chatterjee462@gmail.com,Ahmedabad,Frequent Orderer,False,+912787711278,False,2024-02-05
SWGY12943,Rohan Chatterjee,rohan.chatterjee549@outlook.com,Pune,Swiggy One Member,True,+918684438068,True,2024-12-21
SWGY15121,Rohan Chatterjee,rohan.chatterjee570@gmail.co,Pune,Dormant,True,,True,2024-06-26
SWGY11157,Rohan Chatterjee,rohan.chatterjee597@gmail.co,Noida,Swiggy One Member,True,+917978023445,False,2024-11-28
SWGY10068,Rohan Chatterjee,rohan.chatterjee659@outlook.com,,Dormant,True,+918168505423,False,2025-01-30
SWGY12554,Rohan Chatterjee,rohan.chatterjee801@gmail.co,Hyderabad,Dormant,False,+916950432605,False,2023-10-21
SWGY13169,Rohan Chatterjee,rohan.chatterjee822@outlook.com,Gurugram,Frequent Orderer,False,+917668293007,False,2024-12-15
SWGY12827,Rohan Chatterjee,rohan.chatterjee896@gmail.com,,New,False,,True,2025-01-14
SWGY13654,Rohan Das,rohan.das10@gmail.com,Hyderabad,New,False,+912800648615,False,2024-03-05
SWGY12361,Rohan Das,rohan.das228@outlook.com,Delhi,Churned,False,+912237750448,False,2025-05-04
SWGY14121,Rohan Das,rohan.das290@gmail.co,Delhi,Frequent Orderer,False,+913211194701,False,2024-11-16
SWGY10820,Rohan Das,rohan.das328@hotmail.com,Jaipur,Dormant,False,+914617773264,True,2024-02-06
SWGY15817,Rohan Das,rohan.das448@gmail.co,Vijayawada,New,False,+912637352734,False,2024-07-04
SWGY14149,Rohan Das,rohan.das705@hotmail.com,Gurugram,New,False,+911476228989,True,2023-06-08
SWGY15678,Rohan Das,rohan.das733@hotmail.com,Ahmedabad,New,False,+919308276412,False,2024-01-07
SWGY13011,Rohan Das,rohan.das914@gmail.com,Bengaluru,Frequent Orderer,False,+918703824298,True,2025-01-25
SWGY12644,Rohan Gupta,rohan.gupta178@yahoo.com,Vijayawada,Frequent Orderer,False,+917288073664,False,2023-11-06
SWGY12744,Rohan Gupta,rohan.gupta316@gmail.co,Kolkata,Unclassified,True,+913309947914,True,2024-12-19
SWGY15921,Rohan Gupta,rohan.gupta391@gmail.com,Kolkata,Frequent Orderer,False,+910566283073,True,2024-06-07
SWGY12074,Rohan Gupta,rohan.gupta493@yahoo.com,,Dormant,False,,False,2024-04-08
SWGY15642,Rohan Gupta,rohan.gupta509@hotmail.com,Ahmedabad,Swiggy One Member,True,+913825534616,True,2023-06-08
SWGY10196,Rohan Gupta,rohan.gupta702@gmail.co,Hyderabad,Swiggy One Member,True,+913861207501,True,2025-04-17
SWGY11747,Rohan Gupta,rohan.gupta749@gmail.co,Vijayawada,Swiggy One Member,True,+914462201656,False,2023-07-13
SWGY10608,Rohan Gupta,rohan.gupta800@gmail.com,Jaipur,Swiggy One Member,True,+918197931647,True,2023-08-17
SWGY14253,Rohan Gupta,rohan.gupta820@outlook.com,Ahmedabad,Frequent Orderer,False,+918414574735,True,2023-09-09
SWGY13831,Rohan Gupta,rohan.gupta862@hotmail.com,Vijayawada,Swiggy One Member,True,,False,2024-10-14
SWGY11770,Rohan Iyer,rohan.iyer200@yahoo.com,Hyderabad,New,False,+916314098212,False,2025-01-14
SWGY14238,Rohan Iyer,rohan.iyer237@gmail.co,Kolkata,New,False,,True,2024-01-17
SWGY13061,Rohan Iyer,rohan.iyer265@outlook.com,Pune,Dormant,False,+912718045591,True,2024-11-06
SWGY14347,Rohan Iyer,rohan.iyer348@outlook.com,Lucknow,Frequent Orderer,True,+911384366113,False,2024-01-05
SWGY12815,Rohan Iyer,rohan.iyer420@gmail.com,Vijayawada,Dormant,False,+917505611555,True,2024-11-18
SWGY12086,Rohan Iyer,rohan.iyer508@hotmail.com,Mumbai,Frequent Orderer,False,,True,2025-04-06
SWGY14830,Rohan Iyer,rohan.iyer553@yahoo.com,Jaipur,Churned,False,,False,2025-04-13
SWGY14207,Rohan Iyer,rohan.iyer580@gmail.com,Chennai,New,False,+919681664017,True,2025-01-25
SWGY13906,Rohan Iyer,rohan.iyer596@gmail.co,Chennai,New,False,+912734857949,True,2024-04-16
SWGY15818,Rohan Iyer,rohan.iyer750@yahoo.com,Pune,Frequent Orderer,False,+912080568028,False,2024-06-15
SWGY13674,Rohan Iyer,rohan.iyer800@outlook.com,Gurugram,Churned,False,,True,2024-05-28
SWGY10806,Rohan Iyer,rohan.iyer851@yahoo.com,Ahmedabad,Unclassified,False,+913891562415,False,2024-11-27
SWGY15626,Rohan Iyer,rohan.iyer93@yahoo.com,Hyderabad,Dormant,True,,False,2024-04-29
SWGY10826,Rohan Iyer,rohan.iyer947@gmail.co,Jaipur,New,False,+912019111661,False,2023-11-03
SWGY13886,Rohan Joshi,rohan.joshi102@outlook.com,Nellore,Dormant,False,+918061870013,True,2023-06-07
SWGY15447,Rohan Joshi,rohan.joshi111@outlook.com,Ahmedabad,New,True,+916060154827,True,2023-10-25
SWGY12337,Rohan Joshi,rohan.joshi197@gmail.co,Lucknow,New,False,,True,2024-02-07
SWGY14117,Rohan Joshi,rohan.joshi325@outlook.com,Lucknow,Frequent Orderer,False,+916719224782,False,2024-08-01
SWGY12393,Rohan Joshi,rohan.joshi390@yahoo.com,Lucknow,New,False,+917799751090,True,2023-06-21
SWGY11911,Rohan Joshi,rohan.joshi530@gmail.co,Nellore,Dormant,False,,True,2025-04-11
SWGY13795,Rohan Joshi,rohan.joshi562@gmail.co,Kochi,Dormant,False,,False,2024-06-22
SWGY11007,Rohan Joshi,rohan.joshi580@gmail.com,Delhi,New,False,,False,2023-11-12
SWGY10921,Rohan Joshi,rohan.joshi618@hotmail.com,Hyderabad,Swiggy One Member,True,+914573532366,False,2025-05-17
SWGY11534,Rohan Joshi,rohan.joshi714@outlook.com,Hyderabad,Frequent Orderer,False,,False,2024-03-04
SWGY15458,Rohan Joshi,rohan.joshi847@gmail.co,Hyderabad,Swiggy One Member,True,+915339568237,False,2023-08-22
SWGY15210,Rohan Kapoor,rohan.kapoor14@gmail.co,Noida,Dormant,False,+913209915215,True,2025-04-30
SWGY11131,Rohan Kapoor,rohan.kapoor277@gmail.com,Kochi,Unclassified,True,+916758267625,True,2025-05-26
SWGY12343,Rohan Kapoor,rohan.kapoor344@hotmail.com,Nellore,Dormant,True,+912770260497,False,2025-04-25
SWGY12997,Rohan Kapoor,rohan.kapoor604@outlook.com,Ahmedabad,New,False,,True,2023-07-25
SWGY10164,Rohan Kapoor,rohan.kapoor634@hotmail.com,Vijayawada,Frequent Orderer,False,+916065307450,True,2025-02-13
SWGY11216,Rohan Kapoor,rohan.kapoor701@gmail.co,Ahmedabad,New,False,+915921268485,False,2024-08-11
SWGY14554,Rohan Khan,rohan.khan144@gmail.com,Nellore,New,False,+910407844371,False,2024-03-07
SWGY15394,Rohan Khan,rohan.khan15@outlook.com,Delhi,New,True,+912441491717,False,2023-12-15
SWGY14531,Rohan Khan,rohan.khan209@gmail.co,Noida,Dormant,False,,False,2024-03-26
SWGY10678,Rohan Khan,rohan.khan290@outlook.com,Kolkata,Frequent Orderer,True,,False,2023-11-30
SWGY10170,Rohan Khan,rohan.khan306@yahoo.com,Noida,Frequent Orderer,False,+913096520744,True,2024-03-10
SWGY11463,Rohan Khan,rohan.khan582@gmail.com,Chennai,Unclassified,False,,False,2025-03-31
SWGY15685,Rohan Khan,rohan.khan710@yahoo.com,Mumbai,New,False,+917042499317,False,2025-04-15
SWGY12322,Rohan Khan,rohan.khan922@yahoo.com,Bengaluru,Swiggy One Member,True,+919387211203,False,2024-08-15
SWGY12462,Rohan Khan,rohan.khan985@yahoo.com,Chennai,Frequent Orderer,False,+912061392031,False,2024-10-28
SWGY14243,Rohan Malhotra,rohan.malhotra307@gmail.co,Kolkata,Frequent Orderer,True,+913077207802,False,2025-01-13
SWGY12465,Rohan Malhotra,rohan.malhotra473@gmail.com,Noida,Dormant,False,,False,2024-02-27
SWGY15820,Rohan Malhotra,rohan.malhotra655@outlook.com,Noida,New,False,,False,2024-07-05
SWGY12619,Rohan Malhotra,rohan.malhotra766@gmail.com,Chennai,Churned,False,,False,2024-02-10
SWGY14469,Rohan Malhotra,rohan.malhotra774@yahoo.com,Bengaluru,Churned,False,+918073383040,True,2024-06-27
SWGY10620,Rohan Malhotra,rohan.malhotra827@gmail.co,Lucknow,Frequent Orderer,False,,False,2024-05-11
SWGY13967,Rohan Mehta,rohan.mehta155@gmail.co,Ahmedabad,Frequent Orderer,True,+915879432050,True,2023-06-24
SWGY15526,Rohan Mehta,rohan.mehta321@yahoo.com,Mumbai,Churned,False,,True,2025-04-24
SWGY12100,Rohan Mehta,rohan.mehta387@gmail.com,Delhi,New,False,+910710661690,True,2025-01-13
SWGY14038,Rohan Mehta,rohan.mehta413@gmail.co,Chennai,Churned,False,+910855443644,True,2024-06-26
SWGY11639,Rohan Mehta,rohan.mehta425@yahoo.com,Chennai,Frequent Orderer,False,+910561465344,True,2025-03-16
SWGY12189,Rohan Mehta,rohan.mehta718@outlook.com,Pune,Unclassified,False,+911203846726,True,2023-10-22
SWGY14137,Rohan Mehta,rohan.mehta789@outlook.com,Lucknow,Frequent Orderer,False,+913723423823,False,2025-01-22
SWGY12326,Rohan Mehta,rohan.mehta862@outlook.com,Pune,Swiggy One Member,True,+914836090168,True,2025-05-17
SWGY13647,Rohan Mehta,rohan.mehta86@outlook.com,Noida,Dormant,False,+912186459821,True,2025-04-22
SWGY13472,Rohan Mehta,rohan.mehta944@outlook.com,Chennai,Churned,True,+915128272942,False,2023-07-05
SWGY15887,Rohan Menon,rohan.menon105@hotmail.com,Bengaluru,Frequent Orderer,False,,True,2024-02-02
SWGY14255,Rohan Menon,rohan.menon278@gmail.co,Noida,New,False,+913143969261,True,2024-04-29
SWGY15481,Rohan Menon,rohan.menon292@gmail.com,Chennai,Frequent Orderer,False,+914011349976,True,2024-05-13
SWGY11257,Rohan Menon,rohan.menon390@gmail.co,Chennai,New,False,,True,2024-06-16
SWGY10331,Rohan Menon,rohan.menon412@outlook.com,Nellore,Frequent Orderer,False,+917820829737,True,2024-04-03
SWGY12050,Rohan Menon,rohan.menon448@gmail.co,Lucknow,Dormant,False,+914843930046,True,2023-09-29
SWGY15829,Rohan Menon,rohan.menon731@yahoo.com,Jaipur,Frequent Orderer,False,+912835555535,False,2023-07-24
SWGY10085,Rohan Menon,rohan.menon75@gmail.com,Gurugram,Dormant,False,+916773592555,False,2024-02-06
SWGY13071,Rohan Nair,rohan.nair100@outlook.com,Ahmedabad,Frequent Orderer,False,+915524027820,False,2024-04-24
SWGY10434,Rohan Nair,rohan.nair128@hotmail.com,Mumbai,Frequent Orderer,False,+918260340848,False,2024-12-27
SWGY14391,Rohan Nair,rohan.nair159@hotmail.com,Bengaluru,Frequent Orderer,False,,True,2023-10-15
SWGY10896,Rohan Nair,rohan.nair316@outlook.com,Ahmedabad,Dormant,False,,True,2025-01-07
SWGY15816,Rohan Nair,rohan.nair367@gmail.com,Hyderabad,New,False,+914801985894,False,2024-11-29
SWGY11655,Rohan Nair,rohan.nair421@gmail.com,Gurugram,Swiggy One Member,True,+916118680109,False,2023-09-22
SWGY14733,Rohan Nair,rohan.nair470@gmail.co,Chennai,Frequent Orderer,False,+915400128801,False,2025-04-21
SWGY13137,Rohan Nair,rohan.nair470@yahoo.com,Chennai,Swiggy One Member,True,+918688786192,True,2025-03-07
SWGY13064,Rohan Nair,rohan.nair519@hotmail.com,Jaipur,Frequent Orderer,False,+913591998855,True,2024-02-26
SWGY12362,Rohan Nair,rohan.nair563@outlook.com,Chennai,Swiggy One Member,True,+914126165542,False,2024-03-12
SWGY14361,Rohan Nair,rohan.nair636@gmail.co,Nellore,Frequent Orderer,True,+912671697781,False,2023-09-11
SWGY15420,Rohan Nair,rohan.nair686@gmail.com,Lucknow,Frequent Orderer,False,+913364722353,True,2024-01-01
SWGY10477,Rohan Nair,rohan.nair730@gmail.co,,New,False,+918342016542,False,2023-10-24
SWGY13328,Rohan Nair,rohan.nair931@gmail.co,Jaipur,New,False,+919926624341,True,2023-10-20
SWGY15926,Rohan Patel,rohan.patel147@outlook.com,Kochi,Dormant,False,+912990372321,False,2024-07-05
SWGY10602X,Rohan Patel,rohan.patel388@hotmail.com,Delhi,Swiggy One Member,True,+913145662528,False,2023-12-07
SWGY13277,Rohan Patel,rohan.patel423@gmail.com,Kolkata,Churned,False,,False,2023-07-18
SWGY11803X,Rohan Patel,rohan.patel452@gmail.com,Pune,New,False,+912410988138,True,2023-12-23
SWGY14105,Rohan Patel,rohan.patel622@gmail.co,Hyderabad,New,False,+914527696624,False,2023-08-25
SWGY14951,Rohan Patel,rohan.patel734@outlook.com,Noida,Unclassified,False,+918552516129,False,2024-07-12
SWGY14644,Rohan Patel,rohan.patel828@outlook.com,Gurugram,Swiggy One Member,True,+919000476694,True,2023-12-14
SWGY11691,Rohan Patel,rohan.patel937@gmail.com,Delhi,Frequent Orderer,False,+912043474334,True,2023-08-05
SWGY12767,Rohan Pillai,rohan.pillai147@hotmail.com,,Swiggy One Member,True,+919863910620,False,2024-10-05
SWGY15939,Rohan Pillai,rohan.pillai255@gmail.co,Mumbai,Frequent Orderer,False,,True,2024-10-26
SWGY10212,Rohan Pillai,rohan.pillai283@gmail.co,Chennai,Dormant,False,+916887258874,False,2024-02-23
SWGY12093,Rohan Pillai,rohan.pillai294@gmail.co,Lucknow,New,False,+912689753115,False,2025-05-01
SWGY13726,Rohan Pillai,rohan.pillai373@gmail.com,Hyderabad,Churned,False,+914418500603,True,2024-03-07
SWGY10785,Rohan Pillai,rohan.pillai513@outlook.com,Hyderabad,Frequent Orderer,False,+913231234266,True,2023-10-29
SWGY15505,Rohan Pillai,rohan.pillai605@outlook.com,Bengaluru,New,True,+915091153227,True,2023-08-22
SWGY10988,Rohan Pillai,rohan.pillai607@gmail.com,Pune,New,False,+911797891248,False,2024-11-14
SWGY10931,Rohan Pillai,rohan.pillai618@gmail.com,Lucknow,Swiggy One Member,True,+916543089523,True,2025-05-16
SWGY10634,Rohan Pillai,rohan.pillai823@outlook.com,Lucknow,Unclassified,False,+915358512538,False,2024-07-01
SWGY14612,Rohan Pillai,rohan.pillai86@gmail.co,Gurugram,Unclassified,True,+917338329769,False,2023-07-25
SWGY10494,Rohan Pillai,rohan.pillai918@hotmail.com,Bengaluru,Frequent Orderer,False,+910501716445,True,2024-09-15
SWGY15052,Rohan Pillai,rohan.pillai977@gmail.co,Lucknow,Dormant,False,+913392628918,True,2024-12-03
SWGY12083,Rohan Rao,rohan.rao358@hotmail.com,Delhi,Unclassified,False,+910248910557,True,2023-10-03
SWGY11091,Rohan Rao,rohan.rao702@gmail.com,Mumbai,Unclassified,True,+916127662080,False,2023-08-17
SWGY15603,Rohan Rao,rohan.rao731@yahoo.com,Hyderabad,Unclassified,False,+918141676450,True,2024-11-11
SWGY10456,Rohan Rao,rohan.rao837@gmail.co,Noida,Swiggy One Member,True,+914396273652,True,2025-03-03
SWGY11447,Rohan Rao,rohan.rao859@yahoo.com,Ahmedabad,Unclassified,False,+910788312736,True,2024-12-24
SWGY12278,Rohan Rao,rohan.rao870@gmail.com,Jaipur,New,False,,True,2024-10-23
SWGY15738,Rohan Rao,rohan.rao948@hotmail.com,Bengaluru,New,False,+919079154251,True,2024-02-23
SWGY14249,Rohan Rao,rohan.rao965@yahoo.com,Hyderabad,Unclassified,True,+912840645338,True,2023-10-29
SWGY14483,Rohan Reddy,rohan.reddy103@outlook.com,Pune,Dormant,False,,True,2025-03-08
SWGY15769,Rohan Reddy,rohan.reddy154@gmail.com,Kochi,Swiggy One Member,True,+919418184786,True,2024-11-07
SWGY14457,Rohan Reddy,rohan.reddy61@gmail.com,Noida,Frequent Orderer,False,+913313933736,True,2023-09-03
SWGY15690,Rohan Reddy,rohan.reddy646@hotmail.com,Lucknow,Frequent Orderer,False,,True,2024-10-06
SWGY12242,Rohan Reddy,rohan.reddy664@gmail.com,Noida,Swiggy One Member,True,+917595594229,False,2023-08-07
SWGY11465,Rohan Reddy,rohan.reddy902@yahoo.com,Kochi,Dormant,False,+910078836922,True,2025-05-04
SWGY11254,Rohan Sharma,rohan.sharma105@yahoo.com,Kochi,Swiggy One Member,True,+910186074290,True,2023-10-23
SWGY10990,Rohan Sharma,rohan.sharma117@gmail.com,Hyderabad,Frequent Orderer,False,,False,2024-11-22
SWGY11470,Rohan Sharma,rohan.sharma255@gmail.com,Pune,Frequent Orderer,False,,True,2024-06-30
SWGY13629,Rohan Sharma,rohan.sharma27@yahoo.com,Lucknow,Frequent Orderer,False,+917621188069,False,2023-08-12
SWGY10675,Rohan Sharma,rohan.sharma280@outlook.com,Pune,Dormant,False,,True,2024-05-30
SWGY11583,Rohan Sharma,rohan.sharma319@yahoo.com,Bengaluru,Swiggy One Member,True,+915789635587,True,2025-04-28
SWGY12800,Rohan Sharma,rohan.sharma389@outlook.com,Noida,Frequent Orderer,False,,False,2025-03-14
SWGY13751,Rohan Sharma,rohan.sharma458@gmail.co,Noida,Dormant,True,+912070771359,False,2024-09-04
SWGY14019,Rohan Sharma,rohan.sharma47@hotmail.com,Delhi,Dormant,False,+915352162296,False,2024-01-12
SWGY13653,Rohan Sharma,rohan.sharma544@gmail.com,Jaipur,New,False,+915359851532,False,2024-09-13
SWGY11929,Rohan Sharma,rohan.sharma570@gmail.co,Pune,New,True,,False,2024-11-24
SWGY13290,Rohan Sharma,rohan.sharma679@hotmail.com,Chennai,Dormant,False,+913120605395,True,2025-02-28
SWGY14908,Rohan Sharma,rohan.sharma701@gmail.co,Delhi,Dormant,False,+910116628927,True,2024-11-16
SWGY14340,Rohan Sharma,rohan.sharma751@hotmail.com,Kolkata,Dormant,False,+918475951865,True,2023-12-10
SWGY14461,Rohan Sharma,rohan.sharma907@yahoo.com,Mumbai,Dormant,False,+916724347014,False,2024-06-28
SWGY12945,Rohan Sharma,rohan.sharma988@gmail.co,Delhi,Frequent Orderer,False,+911694973976,False,2025-03-04
SWGY14339,Rohan Shetty,rohan.shetty141@outlook.com,Ahmedabad,Unclassified,False,+911452999914,True,2025-02-18
SWGY15138,Rohan Shetty,rohan.shetty219@outlook.com,Pune,Frequent Orderer,False,+912438457116,True,2023-10-12
SWGY15187,Rohan Shetty,rohan.shetty258@yahoo.com,Hyderabad,New,False,+911795825222,False,2023-08-18
SWGY15194,Rohan Shetty,rohan.shetty340@yahoo.com,Nellore,Unclassified,False,,False,2023-11-07
SWGY11606,Rohan Shetty,rohan.shetty358@outlook.com,Chennai,Dormant,False,+910780538338,False,2024-05-06
SWGY14334,Rohan Shetty,rohan.shetty381@gmail.com,Gurugram,New,False,+918680498750,False,2023-09-14
SWGY14233,Rohan Shetty,rohan.shetty556@gmail.co,Kochi,Unclassified,False,,False,2023-07-02
SWGY14756,Rohan Shetty,rohan.shetty589@gmail.com,Hyderabad,Dormant,False,+911845862391,False,2023-11-26
SWGY12527,Rohan Shetty,rohan.shetty73@yahoo.com,Ahmedabad,New,False,+910750006991,True,2023-06-11
SWGY10455,Rohan Shetty,rohan.shetty740@yahoo.com,Pune,New,False,+919450053424,False,2024-04-28
SWGY12645,Rohan Shetty,rohan.shetty746@gmail.com,Noida,Swiggy One Member,True,+916433562395,False,2024-04-16
SWGY15519,Rohan Shetty,rohan.shetty774@outlook.com,Gurugram,New,True,,True,2024-11-16
SWGY13104,Rohan Shetty,rohan.shetty777@hotmail.com,Nellore,Dormant,False,,False,2024-08-06
SWGY15041,Rohan Shetty,rohan.shetty795@outlook.com,Jaipur,Dormant,False,,False,2024-11-06
SWGY10348,Rohan Shetty,rohan.shetty817@hotmail.com,Gurugram,Churned,False,+910450189616,False,2024-04-28
SWGY11224,Rohan Shetty,rohan.shetty970@yahoo.com,Nellore,New,False,+913720945167,False,2023-10-16
SWGY12870,Rohan Singh,rohan.singh105@gmail.co,Noida,Dormant,False,+912861224000,False,2025-02-21
SWGY15850,Rohan Singh,rohan.singh106@yahoo.com,Lucknow,Frequent Orderer,False,+912552801822,True,2025-02-15
SWGY14605,Rohan Singh,rohan.singh171@hotmail.com,Nellore,Frequent Orderer,False,+914285177565,True,2023-12-11
SWGY11313,Rohan Singh,rohan.singh195@gmail.co,Chennai,Dormant,False,+914037676874,True,2024-10-27
SWGY13775,Rohan Singh,rohan.singh431@hotmail.com,Noida,Unclassified,False,+913273996662,False,2025-05-21
SWGY11485,Rohan Singh,rohan.singh463@outlook.com,Noida,Frequent Orderer,False,+912526942041,True,2025-02-03
SWGY12351,Rohan Singh,rohan.singh531@outlook.com,Chennai,Frequent Orderer,False,+912733188156,False,2024-08-30
SWGY10706,Rohan Singh,rohan.singh664@gmail.co,Hyderabad,Dormant,False,+916749785249,False,2025-02-02
SWGY13755,Rohan Singh,rohan.singh759@outlook.com,Jaipur,Frequent Orderer,False,,False,2023-11-04
SWGY13889,Rohan Singh,rohan.singh791@gmail.com,Bengaluru,New,False,+919047547691,True,2024-12-07
SWGY13248,Rohan Singh,rohan.singh792@yahoo.com,Hyderabad,Dormant,False,,False,2024-04-08
SWGY14294,Rohan Singh,rohan.singh840@outlook.com,Lucknow,New,False,+911244977872,True,2024-06-11
SWGY12303,Rohan Verma,rohan.verma1@gmail.com,Gurugram,Frequent Orderer,False,+913576036733,True,2024-11-02
SWGY12407,Rohan Verma,rohan.verma217@yahoo.com,Gurugram,Frequent Orderer,False,+912251766689,True,2025-02-11
SWGY13583,Rohan Verma,rohan.verma225@hotmail.com,,Unclassified,False,+910718466090,True,2023-09-11
SWGY12759,Rohan Verma,rohan.verma228@yahoo.com,Nellore,Dormant,False,,True,2024-01-04
SWGY13462,Rohan Verma,rohan.verma276@gmail.co,Kochi,Frequent Orderer,False,+910510019950,False,2023-12-17
SWGY11403,Rohan Verma,rohan.verma307@outlook.com,Chennai,New,False,,False,2023-11-03
SWGY10847,Rohan Verma,rohan.verma625@gmail.co,Lucknow,Churned,False,+913496047842,True,2025-02-09
SWGY10233,Rohan Verma,rohan.verma654@outlook.com,Jaipur,Swiggy One Member,True,+910313650249,True,2024-12-14
SWGY10382,Rohan Verma,rohan.verma697@hotmail.com,Noida,Frequent Orderer,False,+915803046875,True,2024-04-26
SWGY14650,Rohan Verma,rohan.verma870@gmail.co,Gurugram,Frequent Orderer,False,+919435695139,True,2023-10-04
SWGY13784,Rohan Verma,rohan.verma891@hotmail.com,Kolkata,Unclassified,True,,True,2023-10-01
SWGY11981,Rohan Verma,rohan.verma8@gmail.com,Nellore,Frequent Orderer,False,+911761706130,True,2024-05-26
SWGY10241,Saanvi Bose,saanvi.bose1@gmail.com,Lucknow,Unclassified,False,+919082404335,True,2024-02-16
SWGY14913,Saanvi Bose,saanvi.bose222@gmail.co,Vijayawada,Frequent Orderer,False,,True,2024-07-16
SWGY10964,Saanvi Bose,saanvi.bose250@yahoo.com,Jaipur,New,False,+918389633761,False,2024-08-16
SWGY13792,Saanvi Bose,saanvi.bose353@gmail.co,Chennai,New,False,+912065931248,True,2025-02-17
SWGY15804,Saanvi Bose,saanvi.bose426@hotmail.com,Kolkata,Swiggy One Member,True,+916666320665,True,2023-07-18
SWGY11373,Saanvi Bose,saanvi.bose469@gmail.co,Chennai,Dormant,False,,False,2023-09-27
SWGY15728,Saanvi Bose,saanvi.bose552@outlook.com,Nellore,Frequent Orderer,False,,False,2023-06-28
SWGY13447,Saanvi Bose,saanvi.bose613@gmail.co,Nellore,Dormant,False,+912163487864,True,2023-07-04
SWGY13241,Saanvi Bose,saanvi.bose654@gmail.co,Delhi,New,False,+917532999839,True,2024-03-03
SWGY10808,Saanvi Bose,saanvi.bose792@outlook.com,Pune,Swiggy One Member,True,+913034918911,True,2023-06-17
SWGY11329,Saanvi Bose,saanvi.bose86@gmail.co,Delhi,Dormant,False,,False,2024-08-01
SWGY13315,Saanvi Chatterjee,saanvi.chatterjee178@gmail.co,Gurugram,Dormant,True,+915970073212,True,2023-09-05
SWGY12286,Saanvi Chatterjee,saanvi.chatterjee21@hotmail.com,Ahmedabad,Frequent Orderer,False,+910509083069,True,2024-10-18
SWGY10768,Saanvi Chatterjee,saanvi.chatterjee234@outlook.com,Vijayawada,Frequent Orderer,False,+910542960807,False,2023-10-04
SWGY12255,Saanvi Chatterjee,saanvi.chatterjee258@gmail.co,Bengaluru,Swiggy One Member,True,+915017505665,False,2025-01-12
SWGY11448X,Saanvi Chatterjee,saanvi.chatterjee399@hotmail.com,Nellore,Frequent Orderer,False,+910756638623,True,2025-04-01
SWGY11918,Saanvi Chatterjee,saanvi.chatterjee685@outlook.com,Lucknow,Churned,False,,True,2025-05-25
SWGY12229,Saanvi Chatterjee,saanvi.chatterjee714@gmail.com,Delhi,Frequent Orderer,True,+918070272929,False,2023-09-24
SWGY10562,Saanvi Chatterjee,saanvi.chatterjee81@hotmail.com,Jaipur,Frequent Orderer,False,+912426877418,True,2024-09-28
SWGY12534,Saanvi Chatterjee,saanvi.chatterjee854@outlook.com,Delhi,New,False,,True,2024-01-17
SWGY11196,Saanvi Chatterjee,saanvi.chatterjee895@gmail.com,Delhi,Frequent Orderer,False,+910144130686,False,2025-03-31
SWGY12064,Saanvi Chatterjee,saanvi.chatterjee897@yahoo.com,Noida,Swiggy One Member,True,+910425284658,False,2024-10-29
SWGY11480,Saanvi Chatterjee,saanvi.chatterjee987@gmail.co,Nellore,New,False,+917951279831,True,2024-11-09
SWGY14031,Saanvi Das,saanvi.das252@outlook.com,Chennai,Frequent Orderer,False,,True,2024-04-21
SWGY13411,Saanvi Das,saanvi.das27@gmail.co,,New,False,+916523204204,False,2024-01-29
SWGY15063,Saanvi Das,saanvi.das387@gmail.co,Delhi,New,False,+911472678904,True,2025-02-06
SWGY15805,Saanvi Das,saanvi.das388@yahoo.com,Ahmedabad,Frequent Orderer,False,+919980669693,True,2023-11-12
SWGY13081,Saanvi Das,saanvi.das417@outlook.com,Lucknow,Swiggy One Member,True,,False,2024-11-19
SWGY11074,Saanvi Das,saanvi.das476@gmail.co,Chennai,New,False,+916857606349,True,2024-03-21
SWGY15055,Saanvi Das,saanvi.das598@gmail.co,Chennai,Frequent Orderer,False,+913203133103,False,2025-02-06
SWGY10277,Saanvi Das,saanvi.das749@yahoo.com,Hyderabad,Frequent Orderer,True,+914689500975,False,2023-12-08
SWGY15376,Saanvi Das,saanvi.das844@gmail.co,Lucknow,Dormant,False,+916991791646,False,2024-08-15
SWGY12589,Saanvi Gupta,saanvi.gupta195@yahoo.com,,Swiggy One Member,True,+917890885069,False,2024-06-12
SWGY13132,Saanvi Gupta,saanvi.gupta348@yahoo.com,Bengaluru,Dormant,False,+911059784281,True,2025-05-07
SWGY10399,Saanvi Gupta,saanvi.gupta463@outlook.com,Nellore,New,True,+911820970231,False,2024-06-30
SWGY13468,Saanvi Gupta,saanvi.gupta471@hotmail.com,Hyderabad,Swiggy One Member,True,+918816266698,True,2023-09-29
SWGY10922,Saanvi Gupta,saanvi.gupta524@yahoo.com,Lucknow,Swiggy One Member,True,+917182360107,False,2023-07-21
SWGY14850,Saanvi Gupta,saanvi.gupta666@hotmail.com,Noida,Frequent Orderer,False,+917568363331,False,2025-05-10
SWGY15042,Saanvi Gupta,saanvi.gupta706@yahoo.com,Lucknow,New,False,+910319398103,False,2024-12-09
SWGY15382,Saanvi Gupta,saanvi.gupta751@gmail.co,Lucknow,New,False,+917672245484,True,2023-12-09
SWGY14507,Saanvi Gupta,saanvi.gupta91@yahoo.com,Mumbai,Swiggy One Member,True,+910299903037,True,2023-12-21
SWGY14052,Saanvi Gupta,saanvi.gupta996@yahoo.com,Noida,Swiggy One Member,True,+915195730097,True,2025-03-20
SWGY14421,Saanvi Iyer,saanvi.iyer130@hotmail.com,Vijayawada,Unclassified,False,+916745208260,False,2024-05-19
SWGY13682,Saanvi Iyer,saanvi.iyer133@gmail.com,Noida,Swiggy One Member,True,+918253655220,True,2024-03-28
SWGY13168,Saanvi Iyer,saanvi.iyer140@outlook.com,Nellore,Frequent Orderer,True,+918511688392,False,2025-02-14
SWGY11285,Saanvi Iyer,saanvi.iyer161@outlook.com,Vijayawada,New,False,+918301817960,False,2023-09-05
SWGY11090,Saanvi Iyer,saanvi.iyer179@outlook.com,Nellore,Swiggy One Member,True,+918500728895,False,2023-11-17
SWGY12219,Saanvi Iyer,saanvi.iyer192@outlook.com,,Churned,False,+912876634041,True,2024-10-01
SWGY12614,Saanvi Iyer,saanvi.iyer199@gmail.co,Kolkata,Churned,False,,False,2025-01-21
SWGY15997,Saanvi Iyer,saanvi.iyer230@hotmail.com,Noida,Churned,False,+910328243435,True,2024-12-17
SWGY11587,Saanvi Iyer,saanvi.iyer303@gmail.com,Mumbai,Swiggy One Member,True,+914301061445,True,2025-04-03
SWGY13360,Saanvi Iyer,saanvi.iyer395@outlook.com,Delhi,Dormant,False,+919549465920,True,2024-02-03
SWGY11077,Saanvi Iyer,saanvi.iyer479@yahoo.com,Kolkata,Swiggy One Member,True,,True,2024-12-24
SWGY10717,Saanvi Iyer,saanvi.iyer624@outlook.com,Delhi,Frequent Orderer,False,+914737213290,True,2023-07-20
SWGY14992,Saanvi Iyer,saanvi.iyer699@gmail.co,Hyderabad,New,False,+910168897274,False,2024-12-06
SWGY11570,Saanvi Iyer,saanvi.iyer70@yahoo.com,Jaipur,Frequent Orderer,True,+912030695165,False,2024-09-02
SWGY14553,Saanvi Joshi,saanvi.joshi139@outlook.com,Delhi,Swiggy One Member,True,+914746925976,False,2024-08-15
SWGY13885,Saanvi Joshi,saanvi.joshi384@gmail.com,Ahmedabad,New,False,+916940948718,False,2025-02-05
SWGY11238,Saanvi Joshi,saanvi.joshi537@yahoo.com,Kolkata,New,False,,False,2024-03-30
SWGY14862,Saanvi Joshi,saanvi.joshi634@yahoo.com,Noida,Unclassified,False,+916876712237,True,2024-11-17
SWGY10462,Saanvi Joshi,saanvi.joshi745@outlook.com,,Dormant,True,+915226557676,False,2024-10-02
SWGY10702,Saanvi Joshi,saanvi.joshi810@hotmail.com,Vijayawada,Dormant,False,+912398471690,False,2024-01-17
SWGY15570,Saanvi Joshi,saanvi.joshi925@yahoo.com,Noida,Frequent Orderer,False,,False,2024-06-23
SWGY11026,Saanvi Joshi,saanvi.joshi958@outlook.com,Bengaluru,Frequent Orderer,False,+916224197687,True,2024-11-03
SWGY10205,Saanvi Kapoor,saanvi.kapoor106@hotmail.com,Lucknow,Dormant,True,,True,2024-09-08
SWGY13438,Saanvi Kapoor,saanvi.kapoor242@gmail.co,Gurugram,Dormant,False,,True,2024-01-22
SWGY12040,Saanvi Kapoor,saanvi.kapoor269@outlook.com,,Frequent Orderer,False,+911442942670,True,2024-12-13
SWGY15182,Saanvi Kapoor,saanvi.kapoor278@hotmail.com,Chennai,Swiggy One Member,True,,False,2025-01-05
SWGY13613,Saanvi Kapoor,saanvi.kapoor282@gmail.com,Mumbai,Churned,False,+917608307354,False,2023-12-09
SWGY11741,Saanvi Kapoor,saanvi.kapoor39@yahoo.com,Delhi,Frequent Orderer,False,+911430318393,False,2024-04-08
SWGY11038,Saanvi Kapoor,saanvi.kapoor448@hotmail.com,Bengaluru,Dormant,False,+913952150164,True,2024-07-03
SWGY13555,Saanvi Kapoor,saanvi.kapoor483@gmail.com,Jaipur,Swiggy One Member,True,+910848397200,True,2024-09-19
SWGY14268,Saanvi Kapoor,saanvi.kapoor606@gmail.com,Gurugram,Dormant,False,+918438485159,True,2023-12-16
SWGY11411,Saanvi Kapoor,saanvi.kapoor741@gmail.co,Chennai,New,False,,True,2024-12-29
SWGY13927,Saanvi Kapoor,saanvi.kapoor824@hotmail.com,Ahmedabad,New,True,+917834010772,False,2023-06-23
SWGY10356,Saanvi Kapoor,saanvi.kapoor889@gmail.co,Nellore,Dormant,False,,True,2025-01-26
SWGY12009,Saanvi Kapoor,saanvi.kapoor977@gmail.co,Bengaluru,New,False,,True,2025-01-05
SWGY12868,Saanvi Khan,saanvi.khan102@outlook.com,Mumbai,New,False,+912014079834,False,2024-12-11
SWGY11917,Saanvi Khan,saanvi.khan307@hotmail.com,Nellore,Frequent Orderer,False,+911407712806,True,2024-10-06
SWGY12772,Saanvi Khan,saanvi.khan391@hotmail.com,Ahmedabad,Frequent Orderer,False,+918698716462,False,2024-08-24
SWGY14024,Saanvi Khan,saanvi.khan415@hotmail.com,Gurugram,Swiggy One Member,True,+917325744338,True,2024-03-18
SWGY11283,Saanvi Khan,saanvi.khan495@gmail.com,,Unclassified,False,,False,2024-12-03
SWGY13793,Saanvi Khan,saanvi.khan760@outlook.com,Kochi,Frequent Orderer,False,,False,2024-04-07
SWGY14540,Saanvi Khan,saanvi.khan769@gmail.co,Bengaluru,Churned,False,+912615684933,False,2023-12-27
SWGY10953,Saanvi Khan,saanvi.khan871@yahoo.com,Ahmedabad,Unclassified,True,+910833444704,True,2024-02-22
SWGY10542,Saanvi Khan,saanvi.khan904@yahoo.com,Kochi,Churned,True,+914995154214,False,2023-11-30
SWGY14079,Saanvi Malhotra,saanvi.malhotra226@outlook.com,Noida,New,False,+918503083892,True,2024-06-23
SWGY10410,Saanvi Malhotra,saanvi.malhotra22@hotmail.com,Ahmedabad,Frequent Orderer,True,+911436391025,True,2024-01-25
SWGY11529,Saanvi Malhotra,saanvi.malhotra238@gmail.co,Kochi,Churned,False,,True,2024-02-17
SWGY15655,Saanvi Malhotra,saanvi.malhotra316@outlook.com,Pune,New,False,+913731332289,False,2024-03-19
SWGY14986,Saanvi Malhotra,saanvi.malhotra338@yahoo.com,Kochi,Frequent Orderer,False,+912840939423,False,2023-11-21
SWGY15134,Saanvi Malhotra,saanvi.malhotra38@gmail.co,Chennai,Frequent Orderer,True,,True,2024-01-08
SWGY12984,Saanvi Malhotra,saanvi.malhotra395@outlook.com,Nellore,Dormant,False,+912954637333,True,2024-05-10
SWGY13667,Saanvi Malhotra,saanvi.malhotra758@gmail.com,,New,False,+913606370554,True,2024-04-19
SWGY14804,Saanvi Malhotra,saanvi.malhotra831@gmail.co,Mumbai,Dormant,True,,False,2025-01-01
SWGY14935,Saanvi Mehta,saanvi.mehta378@gmail.co,Jaipur,Frequent Orderer,False,+915802824021,True,2024-05-30
SWGY10463,Saanvi Mehta,saanvi.mehta550@yahoo.com,Nellore,Swiggy One Member,True,+919689313503,False,2024-10-22
SWGY12736,Saanvi Mehta,saanvi.mehta613@gmail.co,Gurugram,New,False,,False,2024-03-23
SWGY12785,Saanvi Mehta,saanvi.mehta624@hotmail.com,Delhi,Dormant,False,+910737229176,False,2024-07-19
SWGY14809,Saanvi Menon,saanvi.menon130@hotmail.com,Gurugram,Swiggy One Member,True,,True,2024-04-09
SWGY11995,Saanvi Menon,saanvi.menon153@yahoo.com,,Frequent Orderer,False,+911612921351,False,2023-12-04
SWGY12375,Saanvi Menon,saanvi.menon218@yahoo.com,Lucknow,New,False,+917239191846,False,2024-10-03
SWGY14998,Saanvi Menon,saanvi.menon335@hotmail.com,Jaipur,Frequent Orderer,False,+914246708450,False,2024-03-05
SWGY11793,Saanvi Menon,saanvi.menon394@yahoo.com,Lucknow,Dormant,False,,False,2024-01-31
SWGY11345,Saanvi Menon,saanvi.menon544@outlook.com,Vijayawada,New,False,+912850215538,False,2025-01-08
SWGY10890X,Saanvi Menon,saanvi.menon556@hotmail.com,Chennai,Frequent Orderer,False,,False,2025-04-26
SWGY15186,Saanvi Menon,saanvi.menon644@gmail.co,Noida,New,False,+911599803752,False,2024-06-25
SWGY10155,Saanvi Menon,saanvi.menon719@hotmail.com,Jaipur,Frequent Orderer,True,+919029593917,False,2025-05-06
SWGY14142,Saanvi Menon,saanvi.menon842@hotmail.com,Vijayawada,Churned,False,+911744945986,True,2025-02-06
SWGY10895,Saanvi Nair,saanvi.nair12@gmail.com,Pune,New,False,+916542624178,True,2024-05-01
SWGY14384,Saanvi Nair,saanvi.nair511@gmail.co,Delhi,Churned,False,+918631863455,True,2024-07-20
SWGY13836,Saanvi Nair,saanvi.nair521@hotmail.com,Mumbai,New,False,+912915515219,True,2023-06-19
SWGY11562,Saanvi Nair,saanvi.nair585@hotmail.com,Jaipur,New,False,+916469243435,True,2024-04-27
SWGY15743,Saanvi Nair,saanvi.nair635@gmail.co,,Dormant,False,+913217406575,False,2024-05-20
SWGY14504,Saanvi Nair,saanvi.nair798@yahoo.com,Hyderabad,New,False,+914443807744,True,2025-01-20
SWGY13673,Saanvi Nair,saanvi.nair841@yahoo.com,Kochi,New,False,+918629187937,False,2024-06-01
SWGY12544,Saanvi Nair,saanvi.nair964@gmail.com,Nellore,Frequent Orderer,False,+913315131356,True,2024-11-11
SWGY14176,Saanvi Patel,saanvi.patel414@gmail.co,Lucknow,Frequent Orderer,False,+919636996917,True,2023-10-05
SWGY12312,Saanvi Patel,saanvi.patel450@gmail.co,Lucknow,Churned,False,,False,2024-02-17
SWGY10411,Saanvi Patel,saanvi.patel455@outlook.com,Ahmedabad,Frequent Orderer,False,+915086403553,False,2023-07-09
SWGY10645,Saanvi Patel,saanvi.patel757@hotmail.com,Pune,New,False,+912850317235,False,2024-12-02
SWGY15044,Saanvi Patel,saanvi.patel758@gmail.com,Lucknow,Swiggy One Member,True,+913093645885,True,2023-06-25
SWGY11741X,Saanvi Patel,saanvi.patel769@yahoo.com,Gurugram,Swiggy One Member,True,+910528509656,False,2025-05-25
SWGY11185,Saanvi Pillai,saanvi.pillai186@gmail.co,Chennai,Dormant,True,,True,2024-10-30
SWGY12199,Saanvi Pillai,saanvi.pillai22@gmail.co,Lucknow,Dormant,False,,True,2023-07-19
SWGY15602,Saanvi Pillai,saanvi.pillai284@outlook.com,Pune,Frequent Orderer,False,+918956593005,True,2024-06-28
SWGY15731,Saanvi Pillai,saanvi.pillai366@outlook.com,Mumbai,New,False,+910988379785,True,2025-01-28
SWGY11472,Saanvi Pillai,saanvi.pillai435@hotmail.com,Kolkata,Churned,False,+912209755061,False,2025-04-07
SWGY13656,Saanvi Pillai,saanvi.pillai457@gmail.co,Jaipur,New,True,+912494428281,True,2025-02-17
SWGY12916,Saanvi Pillai,saanvi.pillai541@hotmail.com,Bengaluru,Frequent Orderer,False,+919949844060,True,2024-04-09
SWGY14780,Saanvi Pillai,saanvi.pillai786@gmail.com,Gurugram,Frequent Orderer,False,+919621976588,False,2025-01-30
SWGY10763,Saanvi Pillai,saanvi.pillai819@yahoo.com,Jaipur,New,False,+910898138815,True,2023-10-17
SWGY14335,Saanvi Pillai,saanvi.pillai842@hotmail.com,Lucknow,New,False,+911759300617,True,2023-11-25
SWGY13905,Saanvi Pillai,saanvi.pillai874@outlook.com,Hyderabad,Frequent Orderer,False,+916495665660,False,2023-09-19
SWGY11666,Saanvi Pillai,saanvi.pillai904@hotmail.com,Jaipur,Frequent Orderer,False,+913916867088,False,2024-06-17
SWGY10573X,Saanvi Pillai,saanvi.pillai951@outlook.com,Kolkata,Dormant,False,+912275044656,False,2024-05-27
SWGY14358,Saanvi Pillai,saanvi.pillai95@outlook.com,Kolkata,Churned,True,,False,2023-12-19
SWGY10272,Saanvi Pillai,saanvi.pillai998@gmail.co,Kolkata,Swiggy One Member,True,,False,2024-01-31
SWGY11755,Saanvi Rao,saanvi.rao165@hotmail.com,Lucknow,Frequent Orderer,False,+916914220072,False,2024-01-07
SWGY10373,Saanvi Rao,saanvi.rao188@outlook.com,Mumbai,Churned,False,+912462095200,True,2023-09-26
SWGY11779,Saanvi Rao,saanvi.rao330@outlook.com,Ahmedabad,Dormant,False,,True,2024-03-28
SWGY10101,Saanvi Rao,saanvi.rao353@gmail.com,Noida,Dormant,False,+910170462265,False,2023-06-04
SWGY12650,Saanvi Rao,saanvi.rao518@outlook.com,Kolkata,Dormant,False,+910013743784,False,2025-02-18
SWGY14044,Saanvi Rao,saanvi.rao546@gmail.com,Noida,New,True,+917597011908,True,2023-11-24
SWGY11818,Saanvi Rao,saanvi.rao664@yahoo.com,Pune,Frequent Orderer,False,+913286785150,False,2024-10-05
SWGY11900,Saanvi Rao,saanvi.rao742@hotmail.com,Pune,Swiggy One Member,True,,True,2023-07-11
SWGY14004,Saanvi Rao,saanvi.rao822@yahoo.com,Chennai,New,False,+917423289310,True,2025-02-25
SWGY11893,Saanvi Rao,saanvi.rao938@gmail.co,Ahmedabad,New,False,+913222470810,False,2024-06-20
SWGY13596,Saanvi Reddy,saanvi.reddy104@gmail.co,,Unclassified,True,+910478737480,False,2023-10-20
SWGY13110,Saanvi Reddy,saanvi.reddy220@outlook.com,Mumbai,Dormant,False,+919606585522,True,2024-02-18
SWGY13947,Saanvi Reddy,saanvi.reddy286@hotmail.com,Ahmedabad,Swiggy One Member,True,+911746487820,True,2024-08-04
SWGY12864,Saanvi Reddy,saanvi.reddy312@hotmail.com,Chennai,Frequent Orderer,False,,False,2024-01-17
SWGY14970,Saanvi Reddy,saanvi.reddy365@gmail.co,Jaipur,Churned,False,+912660533920,True,2024-03-19
SWGY13380,Saanvi Reddy,saanvi.reddy400@outlook.com,Mumbai,Dormant,False,+918200941244,False,2024-02-25
SWGY15905,Saanvi Reddy,saanvi.reddy509@gmail.co,Kolkata,Frequent Orderer,False,+917757636018,False,2024-01-28
SWGY10223,Saanvi Reddy,saanvi.reddy645@gmail.com,Jaipur,New,False,+915455884506,False,2023-11-15
SWGY11834,Saanvi Reddy,saanvi.reddy723@hotmail.com,Nellore,Swiggy One Member,True,+910720203388,True,2024-05-01
SWGY10438,Saanvi Reddy,saanvi.reddy842@gmail.co,Kochi,New,False,+915948491025,False,2023-10-05
SWGY10195,Saanvi Reddy,saanvi.reddy934@hotmail.com,Kolkata,Unclassified,True,+915887704358,True,2024-02-18
SWGY14200,Saanvi Sharma,saanvi.sharma258@outlook.com,Vijayawada,Churned,False,+918303860655,False,2024-11-02
SWGY13713,Saanvi Sharma,saanvi.sharma334@hotmail.com,Bengaluru,Frequent Orderer,False,+911529506354,True,2024-09-02
SWGY14204,Saanvi Sharma,saanvi.sharma406@yahoo.com,Nellore,New,False,+911419810250,False,2023-06-24
SWGY13700,Saanvi Sharma,saanvi.sharma425@gmail.com,Lucknow,Frequent Orderer,True,+910985691039,False,2023-12-04
SWGY10554,Saanvi Sharma,saanvi.sharma464@yahoo.com,,Churned,False,+910637579145,True,2024-07-08
SWGY14864,Saanvi Sharma,saanvi.sharma576@hotmail.com,Noida,Dormant,False,+916500399156,False,2024-04-10
SWGY12886,Saanvi Sharma,saanvi.sharma607@gmail.co,Nellore,Frequent Orderer,False,+910939349647,False,2024-02-09
SWGY11907,Saanvi Sharma,saanvi.sharma729@gmail.co,Kochi,Unclassified,True,+915334225393,True,2023-08-26
SWGY14965,Saanvi Sharma,saanvi.sharma763@gmail.co,Mumbai,Dormant,False,+919845762105,False,2023-12-27
SWGY13746,Saanvi Sharma,saanvi.sharma770@outlook.com,Kolkata,Frequent Orderer,False,+918794931733,False,2025-02-11
SWGY12696,Saanvi Sharma,saanvi.sharma842@hotmail.com,Nellore,Dormant,False,+910851512286,False,2024-11-04
SWGY15827,Saanvi Shetty,saanvi.shetty136@gmail.com,,Churned,True,,False,2024-08-10
SWGY12755,Saanvi Shetty,saanvi.shetty223@yahoo.com,Bengaluru,Dormant,False,+912327234424,False,2023-12-27
SWGY10423,Saanvi Shetty,saanvi.shetty488@gmail.com,Kochi,Frequent Orderer,False,+914932898027,False,2023-08-23
SWGY15036,Saanvi Shetty,saanvi.shetty560@gmail.co,Delhi,Dormant,False,+919363178680,False,2023-10-19
SWGY15579,Saanvi Shetty,saanvi.shetty562@gmail.co,Mumbai,Frequent Orderer,False,+918650629859,True,2025-05-25
SWGY10784,Saanvi Shetty,saanvi.shetty786@hotmail.com,Jaipur,Swiggy One Member,True,+916489971842,False,2025-01-07
SWGY12634,Saanvi Shetty,saanvi.shetty914@outlook.com,Nellore,New,False,+915627137024,True,2024-10-22
SWGY12862,Saanvi Singh,saanvi.singh119@yahoo.com,Delhi,Dormant,False,+913580210377,False,2023-11-17
SWGY11041,Saanvi Singh,saanvi.singh318@hotmail.com,Hyderabad,Dormant,False,+910501476427,True,2025-04-14
SWGY14924,Saanvi Singh,saanvi.singh343@outlook.com,Jaipur,New,False,+912401891599,True,2024-09-04
SWGY10106,Saanvi Singh,saanvi.singh380@gmail.com,Chennai,Frequent Orderer,True,,False,2023-12-26
SWGY13490,Saanvi Singh,saanvi.singh385@gmail.com,Delhi,Unclassified,False,,False,2023-06-20
SWGY10720,Saanvi Singh,saanvi.singh409@gmail.co,,Churned,False,+915372603214,False,2023-06-17
SWGY14902,Saanvi Singh,saanvi.singh478@gmail.com,,Dormant,False,+912804424166,True,2025-03-06
SWGY10206,Saanvi Singh,saanvi.singh494@hotmail.com,Nellore,Frequent Orderer,False,+912723184322,False,2024-07-20
SWGY14882,Saanvi Singh,saanvi.singh527@gmail.co,Lucknow,Churned,False,,False,2024-12-05
SWGY11408,Saanvi Singh,saanvi.singh549@outlook.com,Nellore,New,False,+915690509656,False,2024-11-17
SWGY14453,Saanvi Singh,saanvi.singh607@gmail.com,Delhi,Unclassified,False,+915241544799,True,2024-05-22
SWGY13068,Saanvi Singh,saanvi.singh642@hotmail.com,Noida,Frequent Orderer,False,,True,2024-11-10
SWGY14969,Saanvi Singh,saanvi.singh794@yahoo.com,Chennai,New,False,,False,2024-07-12
SWGY15843,Saanvi Singh,saanvi.singh940@hotmail.com,Kochi,Dormant,False,+915037858573,True,2025-03-15
SWGY10168,Saanvi Verma,saanvi.verma231@yahoo.com,Delhi,Dormant,False,+916800722903,True,2025-01-06
SWGY15211,Saanvi Verma,saanvi.verma242@hotmail.com,Noida,Swiggy One Member,True,+913282286441,False,2025-05-01
SWGY11334,Saanvi Verma,saanvi.verma24@gmail.com,Kolkata,New,False,+913860479471,True,2025-03-24
SWGY12216,Saanvi Verma,saanvi.verma360@gmail.com,Ahmedabad,New,False,+913434936356,False,2023-12-15
SWGY12988,Saanvi Verma,saanvi.verma592@gmail.com,,Frequent Orderer,False,+911261935815,True,2025-02-15
SWGY13025,Saanvi Verma,saanvi.verma898@yahoo.com,Chennai,Swiggy One Member,True,+916292259537,True,2023-06-03
SWGY11094,Saanvi Verma,saanvi.verma941@outlook.com,Hyderabad,Frequent Orderer,True,+915240553648,True,2025-02-14
SWGY10926,Sai Bose,sai.bose14@gmail.com,Chennai,Swiggy One Member,True,,False,2023-10-03
SWGY12829,Sai Bose,sai.bose194@gmail.co,Hyderabad,Frequent Orderer,False,,False,2024-07-17
SWGY13426,Sai Bose,sai.bose230@gmail.co,Vijayawada,Swiggy One Member,True,+919036571688,False,2024-01-25
SWGY13419,Sai Bose,sai.bose237@outlook.com,Chennai,Unclassified,True,,True,2024-01-12
SWGY10137,Sai Bose,sai.bose28@outlook.com,Vijayawada,Dormant,False,+919836403761,False,2025-02-04
SWGY14488,Sai Bose,sai.bose388@gmail.com,Chennai,Dormant,False,,True,2024-05-07
SWGY13255,Sai Bose,sai.bose41@gmail.co,Delhi,Swiggy One Member,True,+918663070996,False,2023-10-08
SWGY12061,Sai Bose,sai.bose42@gmail.co,Lucknow,Churned,False,+916027578966,True,2024-08-19
SWGY11953,Sai Bose,sai.bose563@gmail.com,Chennai,Swiggy One Member,True,,True,2024-06-23
SWGY15113,Sai Bose,sai.bose81@yahoo.com,Delhi,Frequent Orderer,False,+919944507849,False,2024-07-17
SWGY15742,Sai Bose,sai.bose998@gmail.com,Jaipur,Swiggy One Member,True,,True,2025-05-29
SWGY10676,Sai Chatterjee,sai.chatterjee148@outlook.com,Kolkata,Dormant,True,+916157276829,True,2025-05-18
SWGY14745,Sai Chatterjee,sai.chatterjee475@hotmail.com,Pune,Swiggy One Member,True,+913288404465,True,2024-02-11
SWGY10249,Sai Chatterjee,sai.chatterjee545@gmail.com,Nellore,New,False,+918780038457,True,2025-05-27
SWGY11909,Sai Chatterjee,sai.chatterjee548@gmail.co,Hyderabad,Frequent Orderer,False,+918420475983,False,2024-11-25
SWGY12908X,Sai Chatterjee,sai.chatterjee712@yahoo.com,Delhi,Dormant,False,+918004607571,False,2024-10-28
SWGY13727,Sai Chatterjee,sai.chatterjee738@gmail.co,Hyderabad,Swiggy One Member,True,,True,2024-03-10
SWGY15630,Sai Chatterjee,sai.chatterjee829@gmail.co,,Swiggy One Member,True,+914053194096,True,2025-03-24
SWGY15911,Sai Chatterjee,sai.chatterjee858@gmail.com,Mumbai,Swiggy One Member,True,+915576306570,False,2024-01-14
SWGY14993,Sai Chatterjee,sai.chatterjee929@outlook.com,,Frequent Orderer,False,+916219821121,True,2023-11-12
SWGY12435,Sai Das,sai.das194@gmail.co,Delhi,Churned,False,+918263218945,True,2023-09-08
SWGY15746,Sai Das,sai.das224@gmail.com,Vijayawada,Frequent Orderer,False,+919550349028,False,2023-11-25
SWGY11081,Sai Das,sai.das254@gmail.co,Kolkata,New,False,+916983306773,False,2024-08-12
SWGY11021,Sai Das,sai.das353@gmail.co,Ahmedabad,Frequent Orderer,False,+914129182851,False,2023-12-15
SWGY14396,Sai Das,sai.das464@gmail.co,Noida,Swiggy One Member,True,+916909119632,True,2025-03-21
SWGY13041,Sai Das,sai.das635@outlook.com,Lucknow,Frequent Orderer,False,+915675646676,False,2024-10-18
SWGY12033,Sai Das,sai.das65@gmail.com,Pune,New,False,+911584567313,True,2023-07-01
SWGY12555,Sai Das,sai.das673@outlook.com,Hyderabad,Unclassified,False,+913053973451,False,2024-05-01
SWGY10156,Sai Das,sai.das842@outlook.com,Pune,Swiggy One Member,True,+914331541006,False,2023-11-19
SWGY11481,Sai Das,sai.das87@hotmail.com,Ahmedabad,Frequent Orderer,False,+919848087017,False,2025-05-03
SWGY14178,Sai Das,sai.das990@gmail.com,Jaipur,New,False,,True,2025-01-07
SWGY14386,Sai Gupta,sai.gupta238@yahoo.com,Chennai,Unclassified,True,,False,2024-04-24
SWGY15550,Sai Gupta,sai.gupta282@hotmail.com,Bengaluru,Dormant,False,+913572347964,True,2024-06-30
SWGY14888,Sai Gupta,sai.gupta356@outlook.com,Noida,Swiggy One Member,True,,False,2025-02-08
SWGY11169,Sai Gupta,sai.gupta383@gmail.co,Chennai,Frequent Orderer,False,+913251149788,False,2024-06-04
SWGY15595,Sai Gupta,sai.gupta405@hotmail.com,Bengaluru,Unclassified,False,+918819025448,True,2025-03-03
SWGY10967,Sai Gupta,sai.gupta472@hotmail.com,Vijayawada,Frequent Orderer,False,+915969838457,True,2023-10-09
SWGY15802,Sai Gupta,sai.gupta593@hotmail.com,Delhi,Swiggy One Member,True,+916432788128,True,2023-08-07
SWGY13982,Sai Iyer,sai.iyer120@outlook.com,Bengaluru,Frequent Orderer,False,,False,2024-01-09
SWGY14597,Sai Iyer,sai.iyer352@outlook.com,Noida,Swiggy One Member,True,+919262777302,False,2024-09-09
SWGY10596,Sai Iyer,sai.iyer366@gmail.co,Chennai,Dormant,False,+910833506158,False,2025-02-13
SWGY12259,Sai Iyer,sai.iyer459@hotmail.com,Kochi,New,True,+912824350979,False,2025-05-20
SWGY13398,Sai Iyer,sai.iyer631@gmail.co,Hyderabad,Frequent Orderer,False,+913344059389,False,2023-12-14
SWGY13014,Sai Iyer,sai.iyer728@yahoo.com,Hyderabad,New,False,+914945703176,False,2024-06-15
SWGY12243,Sai Iyer,sai.iyer868@gmail.co,Chennai,Swiggy One Member,True,+911801677436,True,2023-08-18
SWGY11794,Sai Joshi,sai.joshi151@gmail.com,Lucknow,Swiggy One Member,True,,True,2024-04-12
SWGY15591,Sai Joshi,sai.joshi386@hotmail.com,Mumbai,Dormant,False,+914123611136,False,2024-01-04
SWGY13536,Sai Joshi,sai.joshi604@gmail.co,Nellore,Dormant,False,+911897248187,False,2024-09-26
SWGY12469,Sai Joshi,sai.joshi689@gmail.co,Ahmedabad,New,False,+910141115816,True,2024-07-11
SWGY13086,Sai Joshi,sai.joshi733@yahoo.com,Lucknow,Frequent Orderer,False,,False,2024-09-22
SWGY12002,Sai Joshi,sai.joshi871@yahoo.com,Mumbai,Frequent Orderer,False,+910706667063,False,2024-06-15
SWGY13187,Sai Joshi,sai.joshi940@gmail.com,Kolkata,Dormant,False,,True,2023-11-04
SWGY13518,Sai Joshi,sai.joshi972@gmail.com,Bengaluru,Swiggy One Member,True,+916136375060,False,2023-08-11
SWGY14158,Sai Joshi,sai.joshi980@yahoo.com,Lucknow,Frequent Orderer,False,+917235662578,False,2023-06-28
SWGY11360,Sai Kapoor,sai.kapoor145@hotmail.com,Kochi,Churned,False,+918669112232,True,2025-01-26
SWGY15406,Sai Kapoor,sai.kapoor206@yahoo.com,Mumbai,Frequent Orderer,False,+919859416612,False,2024-04-01
SWGY14183,Sai Kapoor,sai.kapoor448@yahoo.com,Delhi,Dormant,False,+915619080634,False,2024-04-23
SWGY10347,Sai Kapoor,sai.kapoor697@gmail.com,Ahmedabad,Dormant,True,+919152017774,True,2023-09-05
SWGY10022,Sai Kapoor,sai.kapoor736@gmail.co,Vijayawada,Frequent Orderer,False,+913201632870,False,2023-08-14
SWGY15501,Sai Kapoor,sai.kapoor793@gmail.com,Gurugram,New,False,+917763049315,True,2023-10-30
SWGY13408,Sai Kapoor,sai.kapoor924@hotmail.com,Noida,New,False,+911716813835,False,2025-05-19
SWGY10880,Sai Khan,sai.khan140@outlook.com,Kolkata,Churned,False,+917282895400,True,2024-03-08
SWGY13453,Sai Khan,sai.khan143@gmail.co,Chennai,Swiggy One Member,True,+916242996639,True,2024-08-21
SWGY10960,Sai Khan,sai.khan289@gmail.co,Nellore,Dormant,False,,True,2024-05-01
SWGY14533,Sai Khan,sai.khan645@outlook.com,Noida,Unclassified,True,+919132255600,True,2024-03-06
SWGY13287,Sai Khan,sai.khan665@yahoo.com,Ahmedabad,Churned,False,+917291714112,True,2024-12-15
SWGY14578,Sai Khan,sai.khan679@yahoo.com,Gurugram,Swiggy One Member,True,+911392942872,False,2025-05-05
SWGY15664,Sai Khan,sai.khan783@yahoo.com,Bengaluru,Churned,False,+913282070672,False,2025-04-03
SWGY11030,Sai Khan,sai.khan826@yahoo.com,Ahmedabad,Dormant,False,+918849680664,False,2025-01-21
SWGY10184,Sai Khan,sai.khan837@yahoo.com,Chennai,Frequent Orderer,False,+917971775170,True,2023-07-22
SWGY12181,Sai Khan,sai.khan926@gmail.com,Kolkata,Churned,False,+915877707501,True,2024-11-17
SWGY12909,Sai Khan,sai.khan932@gmail.co,Ahmedabad,New,True,+914172734069,False,2025-05-30
SWGY10046,Sai Malhotra,sai.malhotra180@gmail.com,Kolkata,Swiggy One Member,True,+916937923747,True,2024-12-31
SWGY11600,Sai Malhotra,sai.malhotra473@yahoo.com,Ahmedabad,Frequent Orderer,False,+912096102372,True,2023-06-28
SWGY12330,Sai Malhotra,sai.malhotra510@gmail.co,Ahmedabad,New,False,+919521858680,True,2025-01-14
SWGY13717,Sai Malhotra,sai.malhotra733@outlook.com,Vijayawada,New,False,+918993650031,True,2023-09-28
SWGY12651,Sai Malhotra,sai.malhotra741@hotmail.com,Kochi,New,False,+913762233450,False,2023-11-30
SWGY11889,Sai Malhotra,sai.malhotra795@gmail.co,Bengaluru,Frequent Orderer,False,+918645552615,True,2024-05-06
SWGY10339,Sai Malhotra,sai.malhotra812@outlook.com,Jaipur,Dormant,False,+912429543165,False,2025-03-26
SWGY13440,Sai Malhotra,sai.malhotra843@outlook.com,Hyderabad,Frequent Orderer,False,+910310777353,False,2024-09-09
SWGY14187,Sai Malhotra,sai.malhotra94@yahoo.com,Vijayawada,Swiggy One Member,True,+911101801380,False,2023-12-28
SWGY12678,Sai Malhotra,sai.malhotra960@outlook.com,,Frequent Orderer,False,+915250191653,True,2024-04-11
SWGY15730,Sai Mehta,sai.mehta161@hotmail.com,Gurugram,Dormant,False,,False,2024-10-14
SWGY11954,Sai Mehta,sai.mehta177@yahoo.com,Mumbai,Frequent Orderer,False,+919579474508,False,2023-10-09
SWGY12022,Sai Mehta,sai.mehta192@gmail.co,Lucknow,Dormant,False,+914482943500,False,2024-08-07
SWGY12427,Sai Mehta,sai.mehta343@yahoo.com,Nellore,Dormant,True,+917968546211,True,2023-11-15
SWGY14678,Sai Mehta,sai.mehta458@outlook.com,Vijayawada,Swiggy One Member,True,+912552349324,False,2024-02-12
SWGY13565,Sai Mehta,sai.mehta516@hotmail.com,Jaipur,Swiggy One Member,True,+917363015277,False,2024-10-10
SWGY13861,Sai Mehta,sai.mehta786@outlook.com,Lucknow,New,False,+915452355897,True,2024-10-25
SWGY12307,Sai Menon,sai.menon280@gmail.com,Gurugram,Frequent Orderer,True,+918265652936,True,2023-10-03
SWGY13916,Sai Menon,sai.menon284@outlook.com,,Frequent Orderer,False,+910571062080,False,2023-11-26
SWGY13461,Sai Menon,sai.menon421@gmail.co,Delhi,Swiggy One Member,True,+917352675652,False,2025-04-27
SWGY14768,Sai Menon,sai.menon444@hotmail.com,Jaipur,Swiggy One Member,True,+910956755037,False,2024-06-17
SWGY11201,Sai Menon,sai.menon523@gmail.com,Mumbai,Frequent Orderer,False,+914478674280,False,2025-02-17
SWGY12368,Sai Menon,sai.menon524@yahoo.com,Bengaluru,New,False,+911592668668,True,2024-11-08
SWGY12633,Sai Menon,sai.menon621@gmail.com,Ahmedabad,New,False,+911836694983,True,2025-03-22
SWGY13781,Sai Menon,sai.menon637@hotmail.com,Hyderabad,Frequent Orderer,False,+914650335046,False,2025-05-01
SWGY15540,Sai Menon,sai.menon708@hotmail.com,Nellore,Frequent Orderer,False,,True,2023-11-24
SWGY13042,Sai Menon,sai.menon804@outlook.com,Jaipur,New,False,,True,2024-11-04
SWGY12497,Sai Menon,sai.menon856@yahoo.com,Mumbai,Frequent Orderer,False,+911065729976,True,2023-11-17
SWGY15724,Sai Menon,sai.menon885@outlook.com,Delhi,Unclassified,False,+918810524904,True,2023-11-14
SWGY10832,Sai Menon,sai.menon927@gmail.co,Bengaluru,New,True,,True,2024-02-11
SWGY14627,Sai Nair,sai.nair290@gmail.com,Delhi,New,False,,False,2023-06-30
SWGY12054,Sai Nair,sai.nair370@gmail.com,Bengaluru,Swiggy One Member,True,,True,2024-06-14
SWGY13505,Sai Nair,sai.nair386@gmail.com,,Frequent Orderer,False,+913745576639,False,2023-11-21
SWGY12910,Sai Nair,sai.nair685@gmail.com,Kolkata,Dormant,True,+915089229830,False,2023-12-16
SWGY10403,Sai Nair,sai.nair69@yahoo.com,Chennai,Swiggy One Member,True,+916815118567,True,2025-03-05
SWGY15988,Sai Nair,sai.nair704@gmail.co,Gurugram,Swiggy One Member,True,+912673336592,True,2025-02-24
SWGY14973,Sai Nair,sai.nair967@gmail.co,Bengaluru,Frequent Orderer,False,+914027865607,False,2023-12-03
SWGY13128,Sai Patel,sai.patel317@gmail.com,Gurugram,Dormant,True,+916429385550,True,2024-11-29
SWGY15686,Sai Patel,sai.patel435@gmail.co,Nellore,Frequent Orderer,True,+914811791720,True,2023-08-25
SWGY14069,Sai Patel,sai.patel440@outlook.com,Kolkata,Frequent Orderer,False,,False,2023-09-10
SWGY10259,Sai Patel,sai.patel615@gmail.com,Vijayawada,Frequent Orderer,False,+918498302205,True,2025-04-06
SWGY10983,Sai Patel,sai.patel705@yahoo.com,,New,True,+918926087882,True,2024-11-24
SWGY10655,Sai Patel,sai.patel747@hotmail.com,Jaipur,Swiggy One Member,True,+917865436271,False,2023-12-13
SWGY14259,Sai Pillai,sai.pillai13@outlook.com,Jaipur,Dormant,False,+911867308562,True,2025-03-31
SWGY15490,Sai Pillai,sai.pillai228@gmail.com,Jaipur,New,False,+919067746803,True,2023-11-20
SWGY12144,Sai Pillai,sai.pillai595@hotmail.com,Vijayawada,New,True,+918610285514,True,2024-12-30
SWGY15380,Sai Pillai,sai.pillai792@outlook.com,Noida,Swiggy One Member,True,,True,2024-12-17
SWGY12967,Sai Pillai,sai.pillai837@yahoo.com,Gurugram,Swiggy One Member,True,+917130423876,True,2023-10-25
SWGY14871,Sai Pillai,sai.pillai924@outlook.com,Bengaluru,Dormant,False,+918374025528,True,2024-11-20
SWGY12084,Sai Rao,sai.rao151@yahoo.com,Ahmedabad,Dormant,False,,True,2024-05-25
SWGY11154,Sai Rao,sai.rao312@hotmail.com,Lucknow,Frequent Orderer,False,+910350675789,True,2025-05-24
SWGY14671,Sai Rao,sai.rao327@outlook.com,Delhi,Swiggy One Member,True,+910072923657,False,2025-04-11
SWGY14651,Sai Rao,sai.rao659@yahoo.com,Vijayawada,Churned,False,,False,2024-06-30
SWGY13731,Sai Rao,sai.rao793@gmail.com,Pune,Frequent Orderer,True,+919425922021,True,2024-07-15
SWGY14131,Sai Rao,sai.rao841@hotmail.com,Ahmedabad,New,False,+914792229783,True,2024-03-14
SWGY12515,Sai Reddy,sai.reddy149@outlook.com,Chennai,Unclassified,False,+916038280710,True,2025-01-04
SWGY12442,Sai Reddy,sai.reddy35@gmail.com,Kolkata,Frequent Orderer,False,+916857439738,False,2023-10-19
SWGY15457,Sai Reddy,sai.reddy377@gmail.co,Kolkata,Dormant,False,+910003409488,True,2024-03-20
SWGY15058,Sai Reddy,sai.reddy431@gmail.com,Mumbai,Frequent Orderer,True,+917932367053,True,2025-03-03
SWGY14585,Sai Reddy,sai.reddy836@outlook.com,Vijayawada,Frequent Orderer,False,+914880719631,False,2024-02-22
SWGY13146,Sai Reddy,sai.reddy859@outlook.com,Mumbai,Churned,False,+916300433590,True,2024-08-18
SWGY11696,Sai Reddy,sai.reddy929@hotmail.com,Pune,Dormant,False,+918536205449,True,2024-10-09
SWGY10897,Sai Sharma,sai.sharma140@hotmail.com,Delhi,New,False,+914575988759,False,2023-09-28
SWGY15463,Sai Sharma,sai.sharma188@outlook.com,Nellore,New,False,+918397469596,True,2024-08-28
SWGY14403,Sai Sharma,sai.sharma326@gmail.com,Ahmedabad,Frequent Orderer,False,,True,2023-06-06
SWGY12994,Sai Sharma,sai.sharma437@outlook.com,Nellore,Frequent Orderer,False,+914425096933,False,2024-11-06
SWGY10500,Sai Sharma,sai.sharma464@outlook.com,Lucknow,New,True,+918156326868,True,2024-09-14
SWGY10584,Sai Sharma,sai.sharma624@gmail.co,Jaipur,Frequent Orderer,False,+919586780555,False,2024-04-28
SWGY11040,Sai Sharma,sai.sharma829@gmail.com,Bengaluru,Churned,False,,True,2024-04-04
SWGY13714,Sai Sharma,sai.sharma913@outlook.com,Chennai,Frequent Orderer,False,,False,2024-04-07
SWGY10726,Sai Sharma,sai.sharma997@gmail.co,Kolkata,Unclassified,False,+919441283337,True,2024-10-07
SWGY12112,Sai Shetty,sai.shetty263@hotmail.com,Ahmedabad,Dormant,False,+911380115576,True,2024-06-04
SWGY13652,Sai Shetty,sai.shetty269@yahoo.com,Ahmedabad,New,False,+910996079391,True,2024-10-12
SWGY10216,Sai Shetty,sai.shetty417@hotmail.com,Hyderabad,Churned,False,,False,2024-09-08
SWGY14568,Sai Shetty,sai.shetty425@gmail.com,Mumbai,Churned,False,+911504854874,True,2024-10-26
SWGY11108,Sai Shetty,sai.shetty485@gmail.com,Ahmedabad,Churned,True,+910930454184,True,2023-09-28
SWGY10867,Sai Shetty,sai.shetty525@outlook.com,Mumbai,Unclassified,True,+916999698829,False,2023-10-29
SWGY12470,Sai Shetty,sai.shetty559@gmail.co,Chennai,Swiggy One Member,True,+916509163975,True,2023-11-12
SWGY13617,Sai Shetty,sai.shetty637@outlook.com,Mumbai,Swiggy One Member,True,+919332766163,False,2024-06-26
SWGY10247,Sai Shetty,sai.shetty711@gmail.com,Lucknow,Dormant,True,+917053833884,True,2023-10-30
SWGY10969,Sai Shetty,sai.shetty756@outlook.com,,Frequent Orderer,False,+919907472966,False,2025-04-18
SWGY15154,Sai Shetty,sai.shetty794@gmail.co,Bengaluru,Dormant,False,+911462139362,True,2025-04-20
SWGY11186,Sai Shetty,sai.shetty805@hotmail.com,Mumbai,New,False,+916399490133,False,2023-07-04
SWGY15395,Sai Shetty,sai.shetty812@outlook.com,Jaipur,Swiggy One Member,True,+918161920365,True,2024-01-18
SWGY11641,Sai Singh,sai.singh193@yahoo.com,Pune,Frequent Orderer,False,+919876632790,False,2024-12-12
SWGY12664,Sai Singh,sai.singh283@hotmail.com,Bengaluru,Swiggy One Member,True,,True,2025-05-04
SWGY13311,Sai Singh,sai.singh299@gmail.co,Ahmedabad,Swiggy One Member,True,+918467407248,False,2023-10-27
SWGY12656,Sai Singh,sai.singh433@outlook.com,Noida,Swiggy One Member,True,+910549712793,True,2024-10-11
SWGY10618,Sai Singh,sai.singh474@hotmail.com,,Dormant,False,,True,2023-12-07
SWGY12081,Sai Singh,sai.singh696@gmail.co,Kochi,Swiggy One Member,True,+917404772464,False,2023-10-27
SWGY12403,Sai Singh,sai.singh840@yahoo.com,Hyderabad,New,False,+914802496689,True,2024-11-14
SWGY12414,Sai Singh,sai.singh857@hotmail.com,Pune,Dormant,False,+911695359522,True,2024-10-25
SWGY13834,Sai Singh,sai.singh880@outlook.com,Jaipur,Churned,False,,False,2024-06-17
SWGY14345,Sai Singh,sai.singh967@gmail.co,Lucknow,Dormant,False,+912335549920,True,2024-12-30
SWGY11274,Sai Verma,sai.verma211@outlook.com,Chennai,Swiggy One Member,True,+917541823688,False,2023-06-09
SWGY15873,Sai Verma,sai.verma251@gmail.com,Bengaluru,Dormant,False,+912807271683,False,2024-12-09
SWGY15371,Sai Verma,sai.verma362@gmail.co,Gurugram,Dormant,False,+915698735269,True,2023-08-19
SWGY11695,Sai Verma,sai.verma514@gmail.co,Chennai,New,False,,True,2024-06-04
SWGY15152,Sai Verma,sai.verma662@gmail.com,Nellore,Swiggy One Member,True,,True,2023-12-24
SWGY14224,Sai Verma,sai.verma663@hotmail.com,Nellore,Frequent Orderer,False,+910054316704,True,2023-11-23
SWGY14619,Sai Verma,sai.verma819@gmail.com,Hyderabad,Dormant,False,+917680670480,False,2024-03-26
SWGY14371,Sai Verma,sai.verma866@hotmail.com,Delhi,Frequent Orderer,False,+911320272575,True,2024-03-14
SWGY10004X,Sai Verma,sai.verma926@gmail.co,Pune,Frequent Orderer,False,+915082382888,False,2024-01-05
SWGY12461X,Sneha Bose,sneha.bose103@yahoo.com,Pune,Frequent Orderer,False,+911559599592,False,2025-01-20
SWGY10689,Sneha Bose,sneha.bose141@outlook.com,Kolkata,Churned,True,+917782058295,True,2024-06-03
SWGY12671,Sneha Bose,sneha.bose169@yahoo.com,Vijayawada,Dormant,False,+915576930888,True,2023-11-19
SWGY13430,Sneha Bose,sneha.bose600@gmail.com,Gurugram,New,False,+913426926344,True,2024-03-15
SWGY11879,Sneha Bose,sneha.bose64@outlook.com,Kochi,Dormant,False,+916318559670,True,2024-05-08
SWGY10047,Sneha Bose,sneha.bose655@gmail.co,,Frequent Orderer,False,+917436713695,True,2023-08-15
SWGY12628,Sneha Bose,sneha.bose732@outlook.com,Nellore,Swiggy One Member,True,+912050578462,False,2024-11-16
SWGY10787,Sneha Bose,sneha.bose919@outlook.com,Kochi,Dormant,False,+911299650826,True,2023-06-18
SWGY14595,Sneha Chatterjee,sneha.chatterjee136@gmail.com,Vijayawada,Frequent Orderer,False,,True,2025-04-18
SWGY13454,Sneha Chatterjee,sneha.chatterjee179@yahoo.com,Kolkata,New,False,+910023706093,False,2023-12-26
SWGY12097,Sneha Chatterjee,sneha.chatterjee277@yahoo.com,Kochi,Churned,False,+910102655764,False,2023-06-10
SWGY14594,Sneha Chatterjee,sneha.chatterjee358@gmail.co,Noida,Frequent Orderer,False,+910897918836,True,2024-11-07
SWGY13574,Sneha Chatterjee,sneha.chatterjee421@yahoo.com,Pune,Frequent Orderer,False,+915279586072,False,2024-03-11
SWGY15672,Sneha Chatterjee,sneha.chatterjee443@hotmail.com,Noida,Frequent Orderer,False,+911930315842,True,2023-12-13
SWGY14857,Sneha Chatterjee,sneha.chatterjee520@gmail.com,Pune,Frequent Orderer,False,+913432658827,True,2024-03-11
SWGY11414X,Sneha Chatterjee,sneha.chatterjee547@gmail.com,Jaipur,Dormant,False,+919901627204,False,2023-11-17
SWGY14261,Sneha Chatterjee,sneha.chatterjee612@gmail.co,Chennai,Frequent Orderer,False,+916517938525,False,2024-12-17
SWGY15956,Sneha Chatterjee,sneha.chatterjee696@yahoo.com,Delhi,Swiggy One Member,True,,True,2023-10-18
SWGY10889,Sneha Chatterjee,sneha.chatterjee735@hotmail.com,Bengaluru,Dormant,True,+913541201227,True,2025-05-04
SWGY13564,Sneha Chatterjee,sneha.chatterjee778@yahoo.com,Delhi,Dormant,False,+915395956917,True,2024-06-18
SWGY14360,Sneha Chatterjee,sneha.chatterjee858@outlook.com,Jaipur,New,False,+912640859551,True,2024-03-27
SWGY15761,Sneha Das,sneha.das131@gmail.com,Ahmedabad,Dormant,True,+916726325032,True,2024-05-07
SWGY13814,Sneha Das,sneha.das163@yahoo.com,Kochi,New,False,,False,2025-03-26
SWGY10250,Sneha Das,sneha.das283@gmail.com,Pune,Frequent Orderer,False,,False,2025-03-02
SWGY14592,Sneha Das,sneha.das33@gmail.com,Jaipur,Dormant,False,,True,2024-05-11
SWGY12950,Sneha Das,sneha.das500@gmail.com,Chennai,Dormant,False,+910665285300,False,2023-08-20
SWGY12057,Sneha Das,sneha.das53@outlook.com,Delhi,Swiggy One Member,True,+916071241373,False,2023-12-26
SWGY11698,Sneha Das,sneha.das774@yahoo.com,Pune,Swiggy One Member,True,+914407896778,True,2025-04-29
SWGY11899,Sneha Das,sneha.das882@hotmail.com,Gurugram,Dormant,False,+913049950438,False,2023-10-01
SWGY13377,Sneha Das,sneha.das927@gmail.com,Kolkata,Dormant,True,+911530804027,False,2024-02-02
SWGY12585,Sneha Das,sneha.das951@gmail.co,Delhi,Churned,False,+912721264543,False,2024-06-24
SWGY15504,Sneha Gupta,sneha.gupta12@hotmail.com,Mumbai,Swiggy One Member,True,,True,2024-09-02
SWGY12141,Sneha Gupta,sneha.gupta192@hotmail.com,Hyderabad,Dormant,False,+919541754016,True,2024-02-16
SWGY14635,Sneha Gupta,sneha.gupta194@yahoo.com,Hyderabad,New,False,+911607626506,False,2024-03-06
SWGY11817,Sneha Gupta,sneha.gupta248@outlook.com,Gurugram,Churned,True,+916031613407,False,2024-10-08
SWGY10687,Sneha Gupta,sneha.gupta274@gmail.com,Kochi,Dormant,False,,True,2024-03-14
SWGY15889,Sneha Gupta,sneha.gupta316@gmail.com,Pune,Frequent Orderer,False,,True,2024-03-10
SWGY14782,Sneha Gupta,sneha.gupta368@gmail.co,Noida,Frequent Orderer,False,+919062836006,False,2024-06-08
SWGY11635,Sneha Gupta,sneha.gupta583@hotmail.com,Chennai,Frequent Orderer,False,+913155664239,False,2024-02-19
SWGY11433,Sneha Gupta,sneha.gupta591@yahoo.com,Chennai,New,False,,False,2025-05-19
SWGY11940,Sneha Gupta,sneha.gupta707@yahoo.com,Bengaluru,Unclassified,True,+912782546305,False,2024-08-26
SWGY15230,Sneha Gupta,sneha.gupta738@gmail.com,Bengaluru,Swiggy One Member,True,,False,2024-07-18
SWGY14582,Sneha Gupta,sneha.gupta792@hotmail.com,Kolkata,Frequent Orderer,False,,False,2023-08-28
SWGY11340,Sneha Gupta,sneha.gupta951@yahoo.com,Jaipur,Frequent Orderer,False,,True,2025-03-13
SWGY13000,Sneha Gupta,sneha.gupta988@gmail.com,Jaipur,Swiggy One Member,True,+917738007789,False,2023-07-18
SWGY10574,Sneha Iyer,sneha.iyer209@gmail.co,Hyderabad,Frequent Orderer,True,+913285072517,False,2023-11-24
SWGY14118,Sneha Iyer,sneha.iyer512@gmail.co,Pune,Swiggy One Member,True,+912927065366,False,2024-12-10
SWGY11112,Sneha Iyer,sneha.iyer567@outlook.com,Kochi,Frequent Orderer,True,+915263211960,True,2024-07-04
SWGY12421,Sneha Iyer,sneha.iyer726@gmail.co,Bengaluru,Dormant,False,+915734943856,True,2025-02-28
SWGY10425,Sneha Iyer,sneha.iyer815@outlook.com,Lucknow,Swiggy One Member,True,+919915668633,False,2024-11-29
SWGY15699,Sneha Iyer,sneha.iyer831@outlook.com,Pune,Churned,False,+910955150913,False,2024-11-28
SWGY12572,Sneha Iyer,sneha.iyer943@hotmail.com,Gurugram,Swiggy One Member,True,+915869793584,False,2024-05-04
SWGY12214,Sneha Joshi,sneha.joshi100@hotmail.com,Kochi,Dormant,False,,False,2025-03-23
SWGY12727,Sneha Joshi,sneha.joshi219@outlook.com,Nellore,Churned,False,+919447484856,True,2025-04-28
SWGY15651,Sneha Joshi,sneha.joshi2@gmail.co,Hyderabad,New,True,+912408241699,False,2024-08-07
SWGY13531,Sneha Joshi,sneha.joshi492@yahoo.com,Delhi,Frequent Orderer,False,+918479270599,False,2024-01-21
SWGY12065,Sneha Joshi,sneha.joshi625@gmail.co,Vijayawada,New,False,+917031080834,True,2023-10-16
SWGY10284,Sneha Joshi,sneha.joshi635@gmail.com,Pune,Dormant,True,+919391119269,True,2024-01-11
SWGY13757,Sneha Joshi,sneha.joshi652@yahoo.com,Delhi,Frequent Orderer,False,+915515109346,True,2023-08-22
SWGY11582,Sneha Joshi,sneha.joshi706@outlook.com,Lucknow,Swiggy One Member,True,+912116823137,False,2024-10-06
SWGY11913,Sneha Joshi,sneha.joshi830@yahoo.com,Vijayawada,Dormant,False,+918100142866,True,2023-08-27
SWGY13624,Sneha Joshi,sneha.joshi837@yahoo.com,Kochi,Frequent Orderer,False,,False,2024-05-07
SWGY11688,Sneha Joshi,sneha.joshi841@gmail.com,Jaipur,Unclassified,False,+912759637311,False,2025-04-29
SWGY12296,Sneha Joshi,sneha.joshi993@gmail.com,Lucknow,Frequent Orderer,True,+917537947631,True,2024-01-24
SWGY15856,Sneha Kapoor,sneha.kapoor213@outlook.com,Chennai,Swiggy One Member,True,,True,2024-09-03
SWGY13598,Sneha Kapoor,sneha.kapoor413@gmail.co,Kolkata,Dormant,False,+910648588844,True,2024-10-14
SWGY10358,Sneha Kapoor,sneha.kapoor426@gmail.co,Delhi,New,False,+913800545228,False,2023-11-25
SWGY14355,Sneha Kapoor,sneha.kapoor51@yahoo.com,Nellore,Churned,False,,False,2023-10-01
SWGY12200,Sneha Kapoor,sneha.kapoor669@hotmail.com,Hyderabad,New,False,,False,2025-03-12
SWGY13808,Sneha Kapoor,sneha.kapoor66@hotmail.com,Pune,Frequent Orderer,False,+916219731457,True,2023-08-17
SWGY10429,Sneha Kapoor,sneha.kapoor714@yahoo.com,Pune,Unclassified,False,+918612590472,False,2024-07-05
SWGY11798,Sneha Kapoor,sneha.kapoor784@hotmail.com,Jaipur,New,False,,False,2024-08-21
SWGY10653,Sneha Kapoor,sneha.kapoor942@yahoo.com,Vijayawada,Frequent Orderer,False,+915324264250,True,2024-02-12
SWGY10734,Sneha Khan,sneha.khan169@outlook.com,Lucknow,Dormant,False,+917520238974,True,2025-01-01
SWGY12680,Sneha Khan,sneha.khan202@outlook.com,Hyderabad,Churned,False,,False,2024-05-20
SWGY12357,Sneha Khan,sneha.khan223@gmail.co,,Frequent Orderer,False,+914110020896,True,2024-12-05
SWGY12821,Sneha Khan,sneha.khan228@gmail.com,Chennai,Unclassified,False,+914709973413,True,2024-03-29
SWGY15314,Sneha Khan,sneha.khan287@outlook.com,Jaipur,Dormant,False,+912376468318,True,2024-04-14
SWGY10172,Sneha Khan,sneha.khan431@outlook.com,,Frequent Orderer,False,+919471709991,False,2023-08-31
SWGY11602,Sneha Khan,sneha.khan478@gmail.co,Chennai,Swiggy One Member,True,,True,2025-04-25
SWGY14456,Sneha Khan,sneha.khan562@outlook.com,Kolkata,Swiggy One Member,True,,True,2024-09-27
SWGY13095,Sneha Khan,sneha.khan568@gmail.com,Nellore,Dormant,False,+910436256915,True,2023-09-02
SWGY15003,Sneha Khan,sneha.khan601@outlook.com,Chennai,Churned,False,+912383636905,False,2023-08-14
SWGY13738,Sneha Khan,sneha.khan648@hotmail.com,Mumbai,Churned,False,+914910263986,True,2024-12-06
SWGY10378,Sneha Khan,sneha.khan709@yahoo.com,Pune,Frequent Orderer,True,+910970026876,False,2024-01-02
SWGY11362,Sneha Khan,sneha.khan792@hotmail.com,,Churned,True,+915136738052,False,2024-03-20
SWGY10774,Sneha Khan,sneha.khan874@outlook.com,Bengaluru,Swiggy One Member,True,,False,2024-03-23
SWGY11983,Sneha Khan,sneha.khan895@gmail.co,,Dormant,False,,True,2023-10-11
SWGY12491,Sneha Khan,sneha.khan89@outlook.com,Jaipur,New,False,+918932816651,False,2023-10-07
SWGY14534,Sneha Khan,sneha.khan993@outlook.com,Chennai,Swiggy One Member,True,+917482623298,False,2024-10-08
SWGY14095,Sneha Malhotra,sneha.malhotra348@hotmail.com,Bengaluru,Frequent Orderer,False,+917233461789,False,2024-10-31
SWGY12810,Sneha Malhotra,sneha.malhotra360@yahoo.com,Kolkata,Frequent Orderer,False,+917685755644,False,2024-06-17
SWGY11139,Sneha Malhotra,sneha.malhotra409@outlook.com,Kolkata,Frequent Orderer,False,+915751247640,False,2024-03-11
SWGY11852,Sneha Malhotra,sneha.malhotra524@gmail.co,Jaipur,Unclassified,False,+917476237038,False,2025-04-18
SWGY15047,Sneha Malhotra,sneha.malhotra721@outlook.com,Nellore,New,False,+911234157750,True,2024-07-23
SWGY11048,Sneha Malhotra,sneha.malhotra761@gmail.com,Noida,Dormant,False,+915976405356,False,2025-02-08
SWGY15242,Sneha Malhotra,sneha.malhotra805@gmail.com,Kolkata,Frequent Orderer,False,+914232180811,True,2023-08-13
SWGY10972,Sneha Malhotra,sneha.malhotra856@gmail.com,Kochi,Dormant,False,+912706648900,True,2024-07-08
SWGY12880,Sneha Malhotra,sneha.malhotra857@outlook.com,Nellore,New,False,+910994471813,False,2025-05-28
SWGY12668,Sneha Malhotra,sneha.malhotra943@outlook.com,Kochi,Frequent Orderer,False,+916597759776,True,2025-03-11
SWGY15240,Sneha Mehta,sneha.mehta306@gmail.com,Noida,Swiggy One Member,True,+917070963976,True,2025-01-10
SWGY13275,Sneha Mehta,sneha.mehta327@outlook.com,Pune,Frequent Orderer,True,+913704214152,False,2023-08-04
SWGY14683,Sneha Mehta,sneha.mehta334@gmail.co,Nellore,Churned,False,+919142292710,False,2024-02-24
SWGY13422,Sneha Mehta,sneha.mehta434@gmail.com,Bengaluru,Swiggy One Member,True,+918410697775,False,2023-07-30
SWGY10946,Sneha Mehta,sneha.mehta438@yahoo.com,,Frequent Orderer,False,+919955302453,False,2024-09-10
SWGY13467,Sneha Mehta,sneha.mehta557@yahoo.com,Vijayawada,Swiggy One Member,True,,False,2025-05-12
SWGY11543,Sneha Mehta,sneha.mehta957@yahoo.com,Gurugram,Swiggy One Member,True,+915074456572,True,2024-04-07
SWGY15617,Sneha Menon,sneha.menon14@outlook.com,Chennai,Swiggy One Member,True,+919411332834,True,2024-09-20
SWGY14329,Sneha Menon,sneha.menon402@hotmail.com,,Dormant,False,+910422024458,False,2024-12-11
SWGY11484,Sneha Menon,sneha.menon721@hotmail.com,Vijayawada,New,False,,True,2024-09-27
SWGY10520,Sneha Menon,sneha.menon809@yahoo.com,Hyderabad,Dormant,False,+910130205698,False,2023-12-24
SWGY12082,Sneha Menon,sneha.menon812@gmail.com,Mumbai,Dormant,False,+919978442982,False,2024-12-28
SWGY11366,Sneha Menon,sneha.menon908@yahoo.com,Mumbai,Frequent Orderer,False,+914564967419,True,2024-10-26
SWGY11682,Sneha Nair,sneha.nair22@gmail.co,Kochi,Swiggy One Member,True,+910423573189,False,2024-09-13
SWGY13585,Sneha Nair,sneha.nair415@yahoo.com,Lucknow,Frequent Orderer,False,+911618030387,False,2024-01-30
SWGY14058,Sneha Nair,sneha.nair493@outlook.com,Mumbai,Swiggy One Member,True,+915470788359,False,2025-01-31
SWGY15675,Sneha Nair,sneha.nair673@gmail.com,Vijayawada,Dormant,True,+917686548662,False,2024-09-26
SWGY14132,Sneha Nair,sneha.nair771@hotmail.com,Jaipur,Dormant,False,+910855327777,True,2025-02-17
SWGY13002,Sneha Nair,sneha.nair866@outlook.com,Gurugram,Dormant,False,+914393469898,False,2023-10-22
SWGY13437,Sneha Nair,sneha.nair936@gmail.com,Ahmedabad,New,False,+910397851412,True,2024-06-29
SWGY11847,Sneha Nair,sneha.nair946@gmail.co,Kolkata,Frequent Orderer,False,+916745145375,True,2024-04-27
SWGY10510,Sneha Patel,sneha.patel305@hotmail.com,Chennai,Frequent Orderer,False,+917826612875,True,2023-10-17
SWGY14702,Sneha Patel,sneha.patel614@gmail.com,Lucknow,Frequent Orderer,False,+914661296311,False,2023-10-17
SWGY10498,Sneha Patel,sneha.patel687@yahoo.com,Jaipur,New,False,+916371539885,True,2023-08-19
SWGY12223,Sneha Patel,sneha.patel717@outlook.com,Lucknow,Dormant,False,+911411910147,True,2024-06-08
SWGY14520,Sneha Patel,sneha.patel76@hotmail.com,Vijayawada,Churned,False,+917196703105,True,2024-01-24
SWGY13968,Sneha Patel,sneha.patel834@gmail.co,Kolkata,Swiggy One Member,True,+915422336069,False,2024-05-10
SWGY12655,Sneha Patel,sneha.patel928@outlook.com,Ahmedabad,New,False,+918429326457,False,2024-12-06
SWGY15241,Sneha Pillai,sneha.pillai243@outlook.com,Vijayawada,Frequent Orderer,False,+915026418723,False,2024-02-03
SWGY11905,Sneha Pillai,sneha.pillai285@gmail.com,,Frequent Orderer,False,+914391032318,True,2024-02-29
SWGY12832,Sneha Pillai,sneha.pillai33@gmail.co,Mumbai,Churned,False,,False,2023-08-12
SWGY12921,Sneha Pillai,sneha.pillai343@gmail.com,Noida,Frequent Orderer,False,,True,2024-10-14
SWGY14365,Sneha Pillai,sneha.pillai476@outlook.com,Vijayawada,New,False,+911297258871,True,2024-08-18
SWGY10292,Sneha Pillai,sneha.pillai47@hotmail.com,Nellore,Frequent Orderer,False,+911142625827,False,2023-10-19
SWGY10480,Sneha Pillai,sneha.pillai515@gmail.com,Bengaluru,Dormant,True,+917665586851,True,2024-06-14
SWGY10381,Sneha Pillai,sneha.pillai603@yahoo.com,Ahmedabad,Swiggy One Member,True,+912493843089,False,2025-04-29
SWGY11736,Sneha Pillai,sneha.pillai731@yahoo.com,Delhi,Swiggy One Member,True,+919821590071,True,2023-08-24
SWGY15677,Sneha Pillai,sneha.pillai812@yahoo.com,Kochi,Frequent Orderer,False,+919335329610,False,2025-04-19
SWGY15452,Sneha Pillai,sneha.pillai854@gmail.com,Nellore,New,False,+912450644234,False,2023-11-30
SWGY15953,Sneha Pillai,sneha.pillai876@gmail.com,Gurugram,Swiggy One Member,True,+915342151996,False,2025-05-30
SWGY13123,Sneha Pillai,sneha.pillai901@gmail.com,Nellore,Churned,False,,False,2024-01-27
SWGY11029,Sneha Rao,sneha.rao127@gmail.com,Kochi,Swiggy One Member,True,+919738818273,True,2024-03-16
SWGY12660,Sneha Rao,sneha.rao174@yahoo.com,Kochi,Churned,False,+919925583003,False,2025-01-26
SWGY14003,Sneha Rao,sneha.rao17@gmail.co,Noida,Dormant,False,,False,2023-09-01
SWGY14944,Sneha Rao,sneha.rao243@gmail.com,Kochi,New,True,+919749786643,True,2024-05-12
SWGY12192,Sneha Rao,sneha.rao276@gmail.co,Bengaluru,Swiggy One Member,True,,False,2024-05-20
SWGY11544,Sneha Rao,sneha.rao601@outlook.com,Mumbai,Frequent Orderer,False,+919500345220,False,2025-02-02
SWGY15607,Sneha Rao,sneha.rao826@hotmail.com,Pune,Frequent Orderer,False,,False,2025-02-04
SWGY10226,Sneha Rao,sneha.rao98@gmail.com,Jaipur,Dormant,False,,False,2025-05-18
SWGY11549,Sneha Reddy,sneha.reddy216@hotmail.com,Ahmedabad,Swiggy One Member,True,+916125780473,True,2025-03-03
SWGY10108X,Sneha Reddy,sneha.reddy224@yahoo.com,Delhi,Unclassified,True,+918405991470,False,2024-07-19
SWGY10840,Sneha Reddy,sneha.reddy421@gmail.co,Noida,Unclassified,False,+912374077943,False,2024-07-29
SWGY13765X,Sneha Reddy,sneha.reddy460@gmail.co,Vijayawada,Swiggy One Member,True,+919918624313,False,2025-01-26
SWGY12904,Sneha Reddy,sneha.reddy56@gmail.co,Hyderabad,Frequent Orderer,False,,True,2025-04-06
SWGY13779,Sneha Reddy,sneha.reddy816@hotmail.com,Pune,Frequent Orderer,False,+912206867364,True,2023-08-16
SWGY14275,Sneha Reddy,sneha.reddy82@gmail.co,Jaipur,Swiggy One Member,True,,False,2023-08-23
SWGY14301,Sneha Reddy,sneha.reddy952@gmail.com,Noida,Churned,False,+917374976220,True,2023-12-03
SWGY14716,Sneha Reddy,sneha.reddy968@outlook.com,Jaipur,Dormant,False,+910292667316,True,2024-03-19
SWGY15920,Sneha Sharma,sneha.sharma298@yahoo.com,Gurugram,Churned,False,,True,2024-03-02
SWGY13754,Sneha Sharma,sneha.sharma314@hotmail.com,Nellore,Dormant,False,+917504653425,True,2024-06-08
SWGY15260,Sneha Sharma,sneha.sharma317@gmail.co,Vijayawada,Frequent Orderer,False,+916590888250,False,2025-04-28
SWGY11261,Sneha Sharma,sneha.sharma573@outlook.com,Hyderabad,Churned,True,+910204502814,False,2024-12-27
SWGY15343,Sneha Sharma,sneha.sharma587@gmail.com,Lucknow,New,False,,False,2023-08-07
SWGY14784,Sneha Sharma,sneha.sharma61@gmail.co,Ahmedabad,New,False,,False,2024-08-08
SWGY15229,Sneha Sharma,sneha.sharma685@gmail.com,Pune,Frequent Orderer,True,,False,2023-11-06
SWGY14043,Sneha Sharma,sneha.sharma830@yahoo.com,,Swiggy One Member,True,+910679928463,True,2025-03-23
SWGY10883,Sneha Sharma,sneha.sharma89@hotmail.com,Bengaluru,Frequent Orderer,False,+914854329876,True,2024-10-08
SWGY12399,Sneha Sharma,sneha.sharma985@yahoo.com,Lucknow,Unclassified,True,+916781108023,False,2024-08-18
SWGY13195,Sneha Shetty,sneha.shetty116@yahoo.com,Lucknow,Unclassified,True,+911723288239,True,2023-10-06
SWGY12714,Sneha Shetty,sneha.shetty150@gmail.co,Kolkata,New,True,+916623935260,False,2024-11-05
SWGY15823,Sneha Shetty,sneha.shetty196@gmail.co,Gurugram,Dormant,True,+917363333418,False,2024-08-16
SWGY13358X,Sneha Shetty,sneha.shetty246@gmail.co,Kolkata,Churned,False,,False,2023-10-24
SWGY13736,Sneha Shetty,sneha.shetty710@yahoo.com,Vijayawada,Dormant,False,+912537094206,True,2024-06-13
SWGY11707,Sneha Shetty,sneha.shetty719@gmail.com,Vijayawada,Frequent Orderer,False,,False,2025-02-15
SWGY13295,Sneha Shetty,sneha.shetty96@gmail.co,Noida,Churned,False,+911869814218,False,2024-12-31
SWGY13455,Sneha Singh,sneha.singh207@hotmail.com,Jaipur,Frequent Orderer,False,+919454975152,False,2024-02-10
SWGY10207,Sneha Singh,sneha.singh216@hotmail.com,Kolkata,Dormant,False,+916030299228,True,2024-05-04
SWGY15060,Sneha Singh,sneha.singh235@gmail.com,Hyderabad,Dormant,False,,False,2025-03-01
SWGY15888,Sneha Singh,sneha.singh333@gmail.com,,Unclassified,False,,True,2024-10-22
SWGY14525,Sneha Singh,sneha.singh744@outlook.com,Delhi,Dormant,False,,False,2023-08-20
SWGY11474,Sneha Singh,sneha.singh860@gmail.com,Kochi,Dormant,False,,True,2025-05-03
SWGY11535,Sneha Verma,sneha.verma106@yahoo.com,Bengaluru,Frequent Orderer,False,+919457613049,True,2023-09-01
SWGY13034,Sneha Verma,sneha.verma118@hotmail.com,Kochi,New,False,,True,2023-09-11
SWGY14527,Sneha Verma,sneha.verma301@gmail.com,Ahmedabad,Dormant,False,+912031591573,True,2025-02-26
SWGY11072,Sneha Verma,sneha.verma429@gmail.com,Pune,Frequent Orderer,True,+916264385009,True,2024-07-14
SWGY15235,Sneha Verma,sneha.verma42@hotmail.com,Kolkata,Swiggy One Member,True,+910587737459,True,2024-12-19
SWGY13163,Sneha Verma,sneha.verma439@yahoo.com,Noida,Frequent Orderer,False,+913562134335,True,2025-05-23
SWGY11275,Vikram Bose,vikram.bose322@gmail.com,Ahmedabad,Frequent Orderer,True,+914601842201,False,2023-10-14
SWGY14310,Vikram Bose,vikram.bose345@yahoo.com,Pune,Dormant,False,+911090429856,False,2024-07-19
SWGY12290,Vikram Bose,vikram.bose435@gmail.co,Kolkata,Churned,False,+916756753515,False,2023-07-07
SWGY10707,Vikram Bose,vikram.bose507@gmail.co,Kolkata,New,False,,False,2023-06-04
SWGY10842,Vikram Bose,vikram.bose677@gmail.com,Noida,New,False,+914181359989,False,2023-11-23
SWGY11826,Vikram Bose,vikram.bose738@hotmail.com,Bengaluru,Dormant,False,+916218531112,False,2025-05-04
SWGY10040,Vikram Bose,vikram.bose792@gmail.co,Bengaluru,New,False,,False,2024-09-08
SWGY10330,Vikram Bose,vikram.bose824@yahoo.com,Hyderabad,Frequent Orderer,False,+911919541987,False,2024-03-21
SWGY11930,Vikram Chatterjee,vikram.chatterjee225@yahoo.com,Kochi,Frequent Orderer,False,+917749633792,False,2025-03-11
SWGY11126,Vikram Chatterjee,vikram.chatterjee265@yahoo.com,Lucknow,Frequent Orderer,False,,False,2024-09-14
SWGY14062,Vikram Chatterjee,vikram.chatterjee493@gmail.com,Delhi,Churned,False,,True,2025-02-01
SWGY15792,Vikram Chatterjee,vikram.chatterjee513@yahoo.com,Pune,Frequent Orderer,False,,True,2024-02-18
SWGY14513,Vikram Chatterjee,vikram.chatterjee621@hotmail.com,Ahmedabad,Swiggy One Member,True,+912837752235,False,2023-08-18
SWGY10772,Vikram Chatterjee,vikram.chatterjee776@outlook.com,Chennai,Frequent Orderer,False,,False,2025-03-08
SWGY11055,Vikram Chatterjee,vikram.chatterjee791@hotmail.com,Hyderabad,Swiggy One Member,True,+910266765272,False,2024-05-22
SWGY15903,Vikram Chatterjee,vikram.chatterjee797@outlook.com,Pune,Dormant,True,+911302562608,False,2023-10-08
SWGY11412,Vikram Chatterjee,vikram.chatterjee939@gmail.co,Hyderabad,Frequent Orderer,False,+912002585653,False,2024-04-06
SWGY15763,Vikram Chatterjee,vikram.chatterjee970@hotmail.com,Delhi,Dormant,False,+915581742441,False,2024-01-20
SWGY12209,Vikram Das,vikram.das398@yahoo.com,,New,False,,True,2023-11-15
SWGY12793,Vikram Das,vikram.das572@outlook.com,Delhi,Churned,True,+913164606649,False,2024-09-04
SWGY12029,Vikram Gupta,vikram.gupta203@yahoo.com,Kolkata,Frequent Orderer,False,+919924483726,False,2023-11-10
SWGY15297,Vikram Gupta,vikram.gupta24@hotmail.com,Chennai,Frequent Orderer,False,,False,2025-03-02
SWGY14739,Vikram Gupta,vikram.gupta286@outlook.com,Kochi,New,True,+919842778857,True,2023-08-15
SWGY13251,Vikram Gupta,vikram.gupta291@outlook.com,Chennai,Frequent Orderer,False,+912973726832,False,2024-05-23
SWGY15821,Vikram Gupta,vikram.gupta369@hotmail.com,Gurugram,Churned,False,+916759256673,True,2023-11-13
SWGY15842,Vikram Gupta,vikram.gupta510@gmail.com,Bengaluru,Frequent Orderer,False,+911933831834,False,2024-02-26
SWGY14245,Vikram Gupta,vikram.gupta564@outlook.com,Bengaluru,Frequent Orderer,False,+918600542518,True,2025-05-29
SWGY10110,Vikram Gupta,vikram.gupta646@yahoo.com,Noida,New,True,,True,2025-04-15
SWGY10115,Vikram Gupta,vikram.gupta793@outlook.com,Pune,Dormant,False,,True,2025-02-09
SWGY13797,Vikram Gupta,vikram.gupta974@yahoo.com,Mumbai,Swiggy One Member,True,+912103887815,False,2023-08-02
SWGY13087,Vikram Iyer,vikram.iyer119@gmail.co,Hyderabad,New,False,+916296682734,True,2024-12-15
SWGY13957,Vikram Iyer,vikram.iyer339@yahoo.com,Kochi,Frequent Orderer,False,+914091917066,True,2024-04-03
SWGY10123,Vikram Iyer,vikram.iyer357@gmail.co,Pune,Unclassified,False,,True,2024-04-15
SWGY13005,Vikram Joshi,vikram.joshi164@gmail.co,Noida,Churned,False,+912443677041,True,2025-04-23
SWGY15508,Vikram Joshi,vikram.joshi186@outlook.com,Lucknow,Frequent Orderer,False,+915897419645,False,2025-05-21
SWGY11151,Vikram Joshi,vikram.joshi329@gmail.co,Jaipur,Frequent Orderer,True,+918945896268,False,2024-01-02
SWGY10167,Vikram Joshi,vikram.joshi32@yahoo.com,Nellore,Swiggy One Member,True,,True,2024-07-11
SWGY10299,Vikram Joshi,vikram.joshi336@gmail.co,Chennai,Dormant,False,+919290600780,False,2023-06-15
SWGY12463,Vikram Joshi,vikram.joshi501@hotmail.com,Chennai,Frequent Orderer,False,+913900496309,False,2024-04-10
SWGY13786,Vikram Joshi,vikram.joshi546@hotmail.com,Jaipur,Frequent Orderer,False,+916175908870,False,2023-09-24
SWGY13517,Vikram Joshi,vikram.joshi572@gmail.co,Lucknow,Dormant,True,+916784533433,True,2025-03-17
SWGY10975,Vikram Joshi,vikram.joshi584@gmail.com,Nellore,Dormant,False,,True,2025-04-11
SWGY10712,Vikram Joshi,vikram.joshi716@gmail.co,Vijayawada,Frequent Orderer,False,,False,2023-12-28
SWGY14196,Vikram Joshi,vikram.joshi807@yahoo.com,Bengaluru,Frequent Orderer,False,+919779109922,True,2023-10-10
SWGY13249,Vikram Joshi,vikram.joshi822@gmail.com,Hyderabad,Swiggy One Member,True,+918192424129,False,2023-06-26
SWGY11070,Vikram Joshi,vikram.joshi914@outlook.com,Bengaluru,Frequent Orderer,True,+910956321740,False,2023-10-16
SWGY15035,Vikram Kapoor,vikram.kapoor109@outlook.com,Nellore,Frequent Orderer,False,+917504119050,True,2025-03-29
SWGY14357,Vikram Kapoor,vikram.kapoor163@yahoo.com,Chennai,Churned,False,+914463963926,False,2024-07-18
SWGY10165,Vikram Kapoor,vikram.kapoor234@yahoo.com,Noida,Swiggy One Member,True,,True,2025-05-13
SWGY12939,Vikram Kapoor,vikram.kapoor265@hotmail.com,Nellore,Churned,False,,False,2023-09-22
SWGY15653,Vikram Kapoor,vikram.kapoor456@gmail.co,Lucknow,Swiggy One Member,True,+913209007197,True,2024-02-04
SWGY11347,Vikram Kapoor,vikram.kapoor584@gmail.com,Noida,New,False,+911775512944,True,2024-05-17
SWGY10153,Vikram Kapoor,vikram.kapoor617@yahoo.com,Nellore,New,True,+917059325250,True,2024-04-12
SWGY12366,Vikram Kapoor,vikram.kapoor698@gmail.co,Nellore,New,False,+919169422292,True,2024-05-10
SWGY11353,Vikram Kapoor,vikram.kapoor807@hotmail.com,Pune,New,False,+914136233470,False,2024-10-26
SWGY14901,Vikram Kapoor,vikram.kapoor911@gmail.co,Gurugram,Swiggy One Member,True,+914673896000,False,2025-04-11
SWGY12091,Vikram Kapoor,vikram.kapoor98@gmail.co,Pune,Dormant,False,+910210002786,False,2024-06-27
SWGY14353,Vikram Kapoor,vikram.kapoor996@gmail.co,Chennai,Frequent Orderer,True,+913336707628,True,2023-11-21
SWGY11868,Vikram Khan,vikram.khan108@gmail.com,Mumbai,New,False,+917444793911,True,2024-12-22
SWGY12578,Vikram Khan,vikram.khan121@gmail.co,Vijayawada,New,False,+915337970860,False,2023-08-19
SWGY10264,Vikram Khan,vikram.khan140@gmail.co,Lucknow,Unclassified,True,+917857608495,True,2025-04-19
SWGY11434,Vikram Khan,vikram.khan140@outlook.com,Gurugram,New,False,+919893546463,False,2025-02-12
SWGY13482X,Vikram Khan,vikram.khan171@outlook.com,Kolkata,Swiggy One Member,True,+918228280183,False,2025-05-06
SWGY11952,Vikram Khan,vikram.khan449@gmail.com,Mumbai,New,False,+918731709816,True,2024-04-04
SWGY15684,Vikram Khan,vikram.khan526@gmail.co,Delhi,Dormant,False,+917326435347,False,2025-04-22
SWGY13155,Vikram Khan,vikram.khan90@gmail.co,Jaipur,New,False,+918261481099,False,2024-09-02
SWGY12983,Vikram Khan,vikram.khan922@hotmail.com,Mumbai,New,False,+917960562330,False,2023-06-21
SWGY12713,Vikram Khan,vikram.khan944@outlook.com,Gurugram,Swiggy One Member,True,+911124507783,True,2025-01-24
SWGY14794,Vikram Malhotra,vikram.malhotra12@yahoo.com,Bengaluru,Swiggy One Member,True,+913315413938,False,2024-08-14
SWGY13966,Vikram Malhotra,vikram.malhotra136@gmail.co,,Dormant,False,+914064708870,False,2024-12-20
SWGY13486,Vikram Malhotra,vikram.malhotra37@hotmail.com,Mumbai,Churned,True,+918194033497,False,2025-03-14
SWGY13882,Vikram Malhotra,vikram.malhotra415@gmail.com,Hyderabad,Frequent Orderer,False,+913017982109,False,2023-10-30
SWGY15290,Vikram Malhotra,vikram.malhotra525@outlook.com,Pune,Frequent Orderer,False,+916251218024,False,2024-09-09
SWGY12424,Vikram Malhotra,vikram.malhotra52@hotmail.com,Jaipur,New,False,+912044843519,True,2023-08-10
SWGY15328X,Vikram Malhotra,vikram.malhotra605@yahoo.com,Chennai,Dormant,False,+917586927429,False,2025-04-01
SWGY15026,Vikram Malhotra,vikram.malhotra699@outlook.com,Lucknow,Frequent Orderer,False,,True,2023-10-17
SWGY12298,Vikram Malhotra,vikram.malhotra914@gmail.co,,Frequent Orderer,True,+918978242565,False,2025-02-13
SWGY12071,Vikram Mehta,vikram.mehta308@yahoo.com,,New,False,+918667292990,False,2025-03-08
SWGY10810,Vikram Mehta,vikram.mehta325@gmail.com,Gurugram,New,False,+919421410527,False,2024-11-19
SWGY10907,Vikram Mehta,vikram.mehta393@yahoo.com,Noida,Frequent Orderer,False,+912198655049,True,2024-07-07
SWGY15750,Vikram Mehta,vikram.mehta539@hotmail.com,Bengaluru,Dormant,False,+911361059028,True,2024-08-16
SWGY14731,Vikram Mehta,vikram.mehta594@hotmail.com,Nellore,Swiggy One Member,True,,False,2025-01-03
SWGY12517,Vikram Mehta,vikram.mehta595@hotmail.com,Nellore,New,False,+918173868165,True,2024-11-06
SWGY15942,Vikram Mehta,vikram.mehta607@gmail.com,Vijayawada,New,False,+912998985756,True,2025-05-22
SWGY15111,Vikram Mehta,vikram.mehta677@hotmail.com,Nellore,New,False,+917533659896,True,2024-03-23
SWGY12848,Vikram Mehta,vikram.mehta707@gmail.co,Pune,Unclassified,False,+913638139222,True,2024-04-05
SWGY11957,Vikram Mehta,vikram.mehta828@yahoo.com,Delhi,Swiggy One Member,True,+919652427607,False,2023-06-22
SWGY14915,Vikram Mehta,vikram.mehta917@outlook.com,Kolkata,Churned,True,+914880640685,False,2025-03-29
SWGY12051,Vikram Mehta,vikram.mehta975@gmail.co,Bengaluru,Swiggy One Member,True,+916493759044,True,2025-05-26
SWGY10126,Vikram Menon,vikram.menon321@gmail.com,Lucknow,Swiggy One Member,True,+911252866929,False,2025-02-19
SWGY15486,Vikram Menon,vikram.menon356@gmail.co,Nellore,Dormant,False,+916364199664,True,2023-08-11
SWGY14072,Vikram Menon,vikram.menon411@gmail.com,Vijayawada,New,True,+913271471185,True,2024-12-14
SWGY11253,Vikram Menon,vikram.menon45@gmail.com,Nellore,New,False,,False,2024-08-12
SWGY10767,Vikram Menon,vikram.menon520@gmail.co,Nellore,Dormant,False,+910900436551,True,2025-02-26
SWGY13527,Vikram Menon,vikram.menon575@outlook.com,Bengaluru,Frequent Orderer,False,+919533718942,True,2023-09-13
SWGY13407,Vikram Menon,vikram.menon630@gmail.co,Noida,Dormant,False,+919991780271,False,2025-04-10
SWGY13634,Vikram Menon,vikram.menon644@gmail.co,Bengaluru,Dormant,False,+917651727753,False,2024-08-15
SWGY12525,Vikram Menon,vikram.menon739@hotmail.com,Vijayawada,Frequent Orderer,False,+917722226461,True,2024-12-30
SWGY10871,Vikram Menon,vikram.menon742@yahoo.com,Hyderabad,Frequent Orderer,True,+914531980746,True,2024-06-16
SWGY15985,Vikram Nair,vikram.nair105@outlook.com,Kochi,Churned,False,,False,2023-10-15
SWGY14377,Vikram Nair,vikram.nair248@yahoo.com,Kochi,Swiggy One Member,True,,True,2024-09-12
SWGY10459,Vikram Nair,vikram.nair274@hotmail.com,Chennai,Frequent Orderer,False,+910184186203,False,2024-05-05
SWGY13577,Vikram Nair,vikram.nair298@hotmail.com,Vijayawada,New,False,+917070345621,True,2024-03-31
SWGY11396,Vikram Nair,vikram.nair337@gmail.co,Kolkata,Churned,False,+910018429335,True,2024-04-14
SWGY15712,Vikram Nair,vikram.nair413@outlook.com,Kolkata,Frequent Orderer,False,+918525312401,False,2024-01-25
SWGY13898,Vikram Nair,vikram.nair441@outlook.com,Vijayawada,Frequent Orderer,False,+911556733761,False,2023-07-17
SWGY12966,Vikram Nair,vikram.nair858@hotmail.com,Bengaluru,New,False,+914153118923,False,2025-01-13
SWGY13040,Vikram Nair,vikram.nair918@outlook.com,Chennai,Frequent Orderer,False,,False,2023-09-29
SWGY10638,Vikram Nair,vikram.nair97@gmail.co,Bengaluru,Churned,False,+916667252145,False,2025-03-26
SWGY12863,Vikram Patel,vikram.patel25@gmail.co,,New,False,+914157088328,False,2024-12-07
SWGY15082,Vikram Patel,vikram.patel266@yahoo.com,Kochi,Unclassified,True,+914170528730,False,2024-02-14
SWGY11761,Vikram Patel,vikram.patel280@gmail.com,Gurugram,New,False,+916430297081,True,2025-03-18
SWGY12352,Vikram Patel,vikram.patel352@gmail.co,Kochi,Frequent Orderer,False,+910790770455,False,2024-05-09
SWGY10690,Vikram Patel,vikram.patel514@hotmail.com,Noida,Frequent Orderer,False,+911904823571,False,2025-05-10
SWGY13616,Vikram Patel,vikram.patel559@yahoo.com,Hyderabad,Churned,False,+913703752696,True,2024-04-03
SWGY10683,Vikram Patel,vikram.patel642@yahoo.com,Lucknow,Dormant,False,+914380403253,True,2025-01-28
SWGY10850,Vikram Patel,vikram.patel916@gmail.com,Jaipur,New,False,+913045881650,True,2024-07-22
SWGY15496,Vikram Patel,vikram.patel94@yahoo.com,Nellore,Frequent Orderer,False,+919117693110,True,2023-06-13
SWGY14341,Vikram Patel,vikram.patel982@gmail.co,Kochi,Frequent Orderer,False,+910532589748,True,2024-04-30
SWGY11703,Vikram Pillai,vikram.pillai108@yahoo.com,Delhi,Frequent Orderer,False,+918643231456,False,2024-03-17
SWGY11840,Vikram Pillai,vikram.pillai216@gmail.com,Ahmedabad,Swiggy One Member,True,+915967183213,True,2023-07-04
SWGY10335,Vikram Pillai,vikram.pillai224@yahoo.com,,Dormant,False,,False,2024-07-04
SWGY12224,Vikram Pillai,vikram.pillai289@hotmail.com,Nellore,Frequent Orderer,False,+910127712771,True,2025-03-29
SWGY10313,Vikram Pillai,vikram.pillai28@gmail.com,Chennai,Swiggy One Member,True,+914714627301,True,2024-10-18
SWGY12246,Vikram Pillai,vikram.pillai329@yahoo.com,Jaipur,Swiggy One Member,True,+912605574028,True,2023-07-08
SWGY12850,Vikram Pillai,vikram.pillai356@hotmail.com,Kochi,Dormant,False,+912929929201,True,2024-01-09
SWGY13842,Vikram Pillai,vikram.pillai59@gmail.com,Chennai,Dormant,False,+919720565227,False,2023-10-28
SWGY12438,Vikram Pillai,vikram.pillai848@gmail.com,,New,False,,False,2024-01-07
SWGY15267,Vikram Pillai,vikram.pillai850@gmail.co,Vijayawada,Churned,True,,False,2023-08-12
SWGY13491,Vikram Pillai,vikram.pillai944@outlook.com,Noida,Dormant,False,+911858020231,True,2024-02-18
SWGY14064,Vikram Pillai,vikram.pillai958@hotmail.com,,Frequent Orderer,False,+913470724625,False,2024-05-20
SWGY11075,Vikram Rao,vikram.rao103@hotmail.com,Lucknow,Dormant,False,+910179993242,False,2024-08-12
SWGY10363,Vikram Rao,vikram.rao414@gmail.co,Lucknow,Swiggy One Member,True,+918997563410,True,2024-11-22
SWGY13686,Vikram Rao,vikram.rao493@yahoo.com,Hyderabad,Dormant,False,+912551458850,True,2023-10-20
SWGY12270,Vikram Rao,vikram.rao733@yahoo.com,Delhi,Dormant,False,,False,2024-03-22
SWGY11000,Vikram Rao,vikram.rao779@hotmail.com,Kochi,New,False,+918738775833,False,2023-07-06
SWGY14305,Vikram Rao,vikram.rao793@gmail.com,Noida,Frequent Orderer,False,+912346603809,False,2023-10-27
SWGY11060,Vikram Rao,vikram.rao799@outlook.com,Kochi,New,False,+916599920123,False,2024-03-03
SWGY10391,Vikram Rao,vikram.rao807@gmail.com,Lucknow,New,False,,True,2023-09-12
SWGY11671,Vikram Rao,vikram.rao816@yahoo.com,Gurugram,New,False,+918107951635,False,2025-05-02
SWGY15467,Vikram Rao,vikram.rao837@gmail.co,Noida,Dormant,False,+915792708106,True,2024-06-10
SWGY12005,Vikram Rao,vikram.rao955@gmail.co,Gurugram,Unclassified,False,,False,2025-05-10
SWGY11221,Vikram Reddy,vikram.reddy424@hotmail.com,Bengaluru,Frequent Orderer,True,+919656851206,False,2024-04-10
SWGY10621,Vikram Reddy,vikram.reddy464@gmail.co,Mumbai,Dormant,False,,True,2024-12-15
SWGY14752,Vikram Reddy,vikram.reddy616@gmail.com,Kochi,Swiggy One Member,True,+918060679244,True,2024-04-18
SWGY13133,Vikram Reddy,vikram.reddy724@gmail.com,Jaipur,Swiggy One Member,True,+919798176301,True,2025-03-30
SWGY12508,Vikram Reddy,vikram.reddy83@outlook.com,Gurugram,Frequent Orderer,False,+917507963132,True,2023-10-18
SWGY12937X,Vikram Reddy,vikram.reddy843@gmail.co,Hyderabad,Dormant,False,+918601625908,True,2023-09-18
SWGY10796,Vikram Reddy,vikram.reddy927@gmail.co,Kolkata,Swiggy One Member,True,+917822102179,False,2024-09-24
SWGY15758,Vikram Sharma,vikram.sharma116@yahoo.com,Lucknow,Swiggy One Member,True,+910489578316,True,2024-04-07
SWGY11733,Vikram Sharma,vikram.sharma279@gmail.co,Jaipur,Dormant,True,,False,2024-10-23
SWGY15039,Vikram Sharma,vikram.sharma290@gmail.com,Nellore,Frequent Orderer,False,+919716283475,True,2024-09-30
SWGY14588,Vikram Sharma,vikram.sharma566@outlook.com,Kochi,Dormant,False,+913290971373,True,2025-01-31
SWGY13476,Vikram Sharma,vikram.sharma605@outlook.com,Kolkata,Swiggy One Member,True,+917272455769,False,2023-10-30
SWGY10819,Vikram Sharma,vikram.sharma630@yahoo.com,Pune,New,False,+912165914388,True,2023-12-04
SWGY10751,Vikram Sharma,vikram.sharma664@gmail.com,Kolkata,Frequent Orderer,False,+915668473236,False,2023-09-18
SWGY13504,Vikram Sharma,vikram.sharma846@gmail.co,Pune,New,False,,True,2024-01-11
SWGY15037,Vikram Shetty,vikram.shetty241@hotmail.com,Noida,Dormant,False,+914125637476,False,2023-07-27
SWGY13278,Vikram Shetty,vikram.shetty276@gmail.co,Ahmedabad,Frequent Orderer,False,+910055931994,True,2024-08-26
SWGY14916,Vikram Shetty,vikram.shetty654@hotmail.com,Noida,Dormant,False,+915979582324,True,2024-12-27
SWGY10904X,Vikram Shetty,vikram.shetty949@gmail.com,Pune,Frequent Orderer,False,+915551971718,False,2025-01-09
SWGY10380,Vikram Shetty,vikram.shetty991@outlook.com,Ahmedabad,Dormant,False,+917930361498,False,2024-04-06
SWGY11670,Vikram Singh,vikram.singh174@yahoo.com,Pune,Frequent Orderer,False,+919407173434,True,2025-05-27
SWGY15521X,Vikram Singh,vikram.singh223@gmail.co,Nellore,Dormant,False,+917727990881,False,2024-09-28
SWGY10018,Vikram Singh,vikram.singh286@gmail.com,Hyderabad,Swiggy One Member,True,+914586850142,False,2023-06-25
SWGY14872,Vikram Singh,vikram.singh328@gmail.co,Ahmedabad,New,False,+918335166077,False,2024-06-03
SWGY12830,Vikram Singh,vikram.singh329@yahoo.com,Jaipur,Dormant,False,+919677375942,False,2025-03-20
SWGY15753,Vikram Singh,vikram.singh459@gmail.co,Noida,Frequent Orderer,False,+913503581553,True,2024-01-07
SWGY14086,Vikram Singh,vikram.singh483@outlook.com,Chennai,Frequent Orderer,False,,True,2023-11-26
SWGY12955,Vikram Singh,vikram.singh543@hotmail.com,Vijayawada,Frequent Orderer,False,+914608247407,True,2025-01-08
SWGY14961,Vikram Singh,vikram.singh575@yahoo.com,Nellore,Swiggy One Member,True,,False,2023-08-08
SWGY14919,Vikram Singh,vikram.singh609@hotmail.com,Noida,Swiggy One Member,True,+910521525741,False,2025-01-02
SWGY11605,Vikram Singh,vikram.singh735@yahoo.com,Chennai,Churned,False,+915377290848,False,2024-08-27
SWGY10287X,Vikram Verma,vikram.verma629@outlook.com,Hyderabad,Churned,True,+918888423594,False,2023-10-17
SWGY13710,Vikram Verma,vikram.verma630@yahoo.com,Kochi,Dormant,False,+915822121511,True,2023-09-14
SWGY15045,Vikram Verma,vikram.verma685@gmail.com,Gurugram,Swiggy One Member,True,,False,2024-10-28
SWGY13172,Vikram Verma,vikram.verma732@yahoo.com,Lucknow,New,False,+913985676004,False,2024-11-30
SWGY10484,Vikram Verma,vikram.verma746@yahoo.com,,Frequent Orderer,False,+915826312819,True,2025-01-12
SWGY12274,Vikram Verma,vikram.verma750@outlook.com,Ahmedabad,Frequent Orderer,False,+912049930640,False,2023-08-03
SWGY14981,Vikram Verma,vikram.verma799@gmail.com,Hyderabad,Dormant,False,+910451266497,False,2024-08-26
SWGY10166,Vikram Verma,vikram.verma800@hotmail.com,Nellore,Unclassified,False,,True,2023-11-10
SWGY14505,Vikram Verma,vikram.verma817@gmail.co,Chennai,Frequent Orderer,False,+916441507958,False,2025-04-20
SWGY12875,Vivaan Bose,vivaan.bose119@outlook.com,,Dormant,False,+915597862163,True,2025-05-04
SWGY11796,Vivaan Bose,vivaan.bose145@outlook.com,Kolkata,Frequent Orderer,False,+917966997842,False,2023-08-21
SWGY14281,Vivaan Bose,vivaan.bose276@yahoo.com,Kolkata,New,False,,False,2023-11-30
SWGY15865,Vivaan Bose,vivaan.bose332@hotmail.com,Vijayawada,Swiggy One Member,True,,True,2023-09-28
SWGY15367,Vivaan Bose,vivaan.bose56@gmail.co,Hyderabad,Churned,False,,False,2025-02-25
SWGY14576,Vivaan Bose,vivaan.bose904@hotmail.com,,Swiggy One Member,True,,True,2023-08-22
SWGY14517,Vivaan Chatterjee,vivaan.chatterjee155@yahoo.com,,Frequent Orderer,False,+919238220502,True,2024-08-06
SWGY11910,Vivaan Chatterjee,vivaan.chatterjee182@hotmail.com,Vijayawada,Churned,False,+912025461679,False,2025-05-19
SWGY12549,Vivaan Chatterjee,vivaan.chatterjee252@gmail.co,Chennai,Churned,False,,True,2025-02-11
SWGY10072,Vivaan Chatterjee,vivaan.chatterjee29@outlook.com,Nellore,Frequent Orderer,False,+915220472779,True,2024-06-17
SWGY15089,Vivaan Chatterjee,vivaan.chatterjee427@hotmail.com,Nellore,Frequent Orderer,True,+918585129906,False,2024-04-11
SWGY14607,Vivaan Chatterjee,vivaan.chatterjee667@gmail.co,Ahmedabad,Swiggy One Member,True,+916553226642,False,2024-03-21
SWGY11476,Vivaan Chatterjee,vivaan.chatterjee766@gmail.com,Hyderabad,New,False,+912698044665,True,2023-11-02
SWGY14931,Vivaan Chatterjee,vivaan.chatterjee91@outlook.com,,Dormant,False,+914805869195,False,2023-06-14
SWGY11601,Vivaan Das,vivaan.das163@outlook.com,Nellore,Swiggy One Member,True,+919715579327,False,2024-07-01
SWGY12782,Vivaan Das,vivaan.das356@hotmail.com,Lucknow,Swiggy One Member,True,+914010752879,True,2024-07-17
SWGY14211,Vivaan Das,vivaan.das395@gmail.co,,New,False,+910168618147,True,2024-01-28
SWGY10997,Vivaan Das,vivaan.das503@yahoo.com,Mumbai,New,True,,False,2023-07-09
SWGY14375,Vivaan Das,vivaan.das637@gmail.co,Noida,Frequent Orderer,False,+913356573294,True,2024-10-13
SWGY10565,Vivaan Das,vivaan.das892@yahoo.com,Bengaluru,Dormant,False,,True,2025-02-17
SWGY12797,Vivaan Gupta,vivaan.gupta207@outlook.com,Delhi,Dormant,False,+915927197661,True,2023-10-15
SWGY15795,Vivaan Gupta,vivaan.gupta463@gmail.com,Mumbai,Swiggy One Member,True,+917196914084,True,2024-11-21
SWGY11210X,Vivaan Gupta,vivaan.gupta572@gmail.com,Chennai,New,False,+919575552666,False,2024-06-09
SWGY15993,Vivaan Gupta,vivaan.gupta854@gmail.co,Noida,Swiggy One Member,True,,True,2024-12-07
SWGY14379,Vivaan Gupta,vivaan.gupta886@hotmail.com,Bengaluru,Dormant,False,+919976997146,False,2023-11-15
SWGY12252,Vivaan Iyer,vivaan.iyer173@outlook.com,Noida,Frequent Orderer,False,+915530611390,True,2024-02-07
SWGY11118,Vivaan Iyer,vivaan.iyer303@outlook.com,Noida,Frequent Orderer,False,+914920548944,False,2024-09-17
SWGY12363,Vivaan Iyer,vivaan.iyer395@hotmail.com,Mumbai,Swiggy One Member,True,+910476102965,True,2024-03-31
SWGY14991,Vivaan Iyer,vivaan.iyer670@gmail.co,Mumbai,New,False,+915890016780,True,2024-12-18
SWGY11649,Vivaan Iyer,vivaan.iyer803@outlook.com,Chennai,Frequent Orderer,False,,True,2023-11-28
SWGY12584,Vivaan Iyer,vivaan.iyer970@gmail.co,Chennai,Churned,True,+910163270349,True,2024-02-23
SWGY10792,Vivaan Joshi,vivaan.joshi134@hotmail.com,Lucknow,Dormant,False,+910817760299,False,2023-10-22
SWGY14823,Vivaan Joshi,vivaan.joshi177@gmail.com,Kochi,Frequent Orderer,True,,False,2024-03-15
SWGY13562,Vivaan Joshi,vivaan.joshi188@outlook.com,Hyderabad,Swiggy One Member,True,+917044148224,True,2024-05-10
SWGY13361,Vivaan Joshi,vivaan.joshi190@hotmail.com,Lucknow,New,False,+917726925232,True,2024-01-04
SWGY12275,Vivaan Joshi,vivaan.joshi30@outlook.com,Bengaluru,Dormant,False,+910315887850,False,2025-04-18
SWGY15299,Vivaan Joshi,vivaan.joshi373@hotmail.com,Vijayawada,Frequent Orderer,False,+911477814690,True,2024-03-19
SWGY12136,Vivaan Joshi,vivaan.joshi400@gmail.co,Pune,Churned,False,+915046162284,False,2023-10-01
SWGY11379,Vivaan Joshi,vivaan.joshi430@yahoo.com,Kochi,Churned,False,+910682432333,False,2024-01-31
SWGY15266,Vivaan Joshi,vivaan.joshi472@hotmail.com,Chennai,Dormant,False,+913963416276,False,2023-12-10
SWGY13115,Vivaan Joshi,vivaan.joshi486@hotmail.com,Jaipur,Dormant,False,+914620542011,True,2024-11-14
SWGY12669,Vivaan Joshi,vivaan.joshi672@yahoo.com,Pune,Dormant,False,+913393474126,False,2023-07-05
SWGY12161,Vivaan Joshi,vivaan.joshi696@gmail.com,Delhi,Frequent Orderer,False,+912306780194,False,2025-03-09
SWGY15661,Vivaan Joshi,vivaan.joshi706@gmail.co,Vijayawada,Frequent Orderer,True,+919485446255,False,2024-01-21
SWGY14509,Vivaan Joshi,vivaan.joshi709@yahoo.com,Kolkata,Frequent Orderer,False,+912588523841,False,2023-06-17
SWGY14356,Vivaan Joshi,vivaan.joshi859@gmail.co,Delhi,Frequent Orderer,False,+911829131338,True,2024-12-07
SWGY12670,Vivaan Joshi,vivaan.joshi861@gmail.co,Hyderabad,Dormant,False,,False,2025-03-22
SWGY11190,Vivaan Kapoor,vivaan.kapoor103@yahoo.com,Vijayawada,New,False,+916015711713,True,2025-04-18
SWGY15940,Vivaan Kapoor,vivaan.kapoor153@gmail.co,Jaipur,Frequent Orderer,False,,True,2024-03-13
SWGY11972,Vivaan Kapoor,vivaan.kapoor277@gmail.co,Noida,Dormant,False,+916983755504,False,2025-03-06
SWGY13948,Vivaan Kapoor,vivaan.kapoor394@outlook.com,Pune,New,False,,True,2024-09-26
SWGY12088,Vivaan Kapoor,vivaan.kapoor452@hotmail.com,Nellore,Churned,False,+917752399963,True,2025-02-26
SWGY14034,Vivaan Kapoor,vivaan.kapoor472@gmail.co,,Churned,False,+914251081658,False,2024-01-18
SWGY14906,Vivaan Kapoor,vivaan.kapoor53@gmail.com,Ahmedabad,Swiggy One Member,True,+919007737655,True,2025-03-29
SWGY12518,Vivaan Kapoor,vivaan.kapoor631@yahoo.com,Kochi,Swiggy One Member,True,+917352199806,False,2025-03-12
SWGY15067,Vivaan Kapoor,vivaan.kapoor707@gmail.com,Noida,Frequent Orderer,False,+918378321980,False,2024-06-18
SWGY13100,Vivaan Kapoor,vivaan.kapoor7@yahoo.com,Delhi,Swiggy One Member,True,,True,2024-05-11
SWGY15941,Vivaan Kapoor,vivaan.kapoor936@gmail.com,Pune,Swiggy One Member,True,+913625328325,False,2023-08-05
SWGY15399,Vivaan Kapoor,vivaan.kapoor976@gmail.co,Mumbai,Unclassified,True,,True,2025-02-13
SWGY10605,Vivaan Khan,vivaan.khan138@gmail.com,Chennai,Frequent Orderer,False,+916229493817,True,2024-12-02
SWGY11791X,Vivaan Khan,vivaan.khan286@hotmail.com,Kochi,Frequent Orderer,False,+919430325027,False,2023-07-29
SWGY12724,Vivaan Khan,vivaan.khan397@gmail.co,Delhi,Churned,False,,False,2025-03-25
SWGY13848,Vivaan Khan,vivaan.khan504@gmail.co,Pune,New,False,+918698683017,False,2023-12-26
SWGY13356,Vivaan Khan,vivaan.khan555@hotmail.com,Pune,Frequent Orderer,False,,True,2024-01-21
SWGY12616,Vivaan Khan,vivaan.khan557@hotmail.com,Kolkata,Frequent Orderer,False,+916789501391,False,2023-11-14
SWGY14898,Vivaan Khan,vivaan.khan621@outlook.com,Jaipur,New,False,+911856867484,False,2024-09-13
SWGY11298,Vivaan Khan,vivaan.khan701@hotmail.com,Chennai,New,False,+912611035659,True,2025-03-13
SWGY12140,Vivaan Malhotra,vivaan.malhotra155@yahoo.com,Mumbai,Dormant,False,+917417060225,False,2024-02-26
SWGY15832,Vivaan Malhotra,vivaan.malhotra397@gmail.com,Bengaluru,Frequent Orderer,False,+910725897740,False,2023-10-06
SWGY15244,Vivaan Malhotra,vivaan.malhotra48@yahoo.com,Bengaluru,Dormant,False,,True,2024-03-15
SWGY13129,Vivaan Malhotra,vivaan.malhotra806@hotmail.com,Delhi,Unclassified,False,+910610855704,True,2025-04-04
SWGY14067,Vivaan Mehta,vivaan.mehta108@gmail.co,Ahmedabad,Dormant,False,,False,2024-05-24
SWGY12121,Vivaan Mehta,vivaan.mehta349@gmail.com,Vijayawada,Dormant,False,+916838292162,True,2025-01-27
SWGY11572,Vivaan Mehta,vivaan.mehta350@hotmail.com,Kochi,Frequent Orderer,False,+918910961968,True,2023-11-02
SWGY15600,Vivaan Mehta,vivaan.mehta58@hotmail.com,Vijayawada,Frequent Orderer,True,+915090301862,True,2023-07-23
SWGY11338,Vivaan Mehta,vivaan.mehta698@gmail.co,Lucknow,Frequent Orderer,False,+916780964583,True,2024-11-04
SWGY10886,Vivaan Mehta,vivaan.mehta735@outlook.com,Gurugram,Swiggy One Member,True,+918838425364,True,2023-12-16
SWGY11109X,Vivaan Mehta,vivaan.mehta888@gmail.co,Delhi,New,False,+919706298109,True,2023-08-06
SWGY14719,Vivaan Menon,vivaan.menon230@hotmail.com,Chennai,Churned,False,+919818149696,False,2025-03-07
SWGY10076,Vivaan Menon,vivaan.menon318@hotmail.com,Hyderabad,Unclassified,False,+918740345054,False,2023-07-15
SWGY11267,Vivaan Menon,vivaan.menon553@yahoo.com,Pune,Dormant,False,+912673123438,True,2023-07-04
SWGY15846,Vivaan Menon,vivaan.menon554@gmail.co,Lucknow,Frequent Orderer,False,+917950305105,False,2023-09-27
SWGY12031,Vivaan Menon,vivaan.menon612@gmail.co,Bengaluru,Frequent Orderer,False,+916524157318,True,2024-08-27
SWGY11726,Vivaan Menon,vivaan.menon679@outlook.com,Kochi,Swiggy One Member,True,+914621764349,False,2024-01-18
SWGY12981,Vivaan Menon,vivaan.menon827@gmail.com,Ahmedabad,Churned,True,+918497416322,False,2024-10-18
SWGY10724,Vivaan Menon,vivaan.menon846@yahoo.com,Bengaluru,New,False,+919430120471,False,2023-10-15
SWGY12595,Vivaan Menon,vivaan.menon861@hotmail.com,Chennai,Dormant,False,+918028441616,False,2024-01-31
SWGY12166,Vivaan Menon,vivaan.menon868@gmail.co,Delhi,Frequent Orderer,True,+910217829598,False,2024-03-02
SWGY10368,Vivaan Nair,vivaan.nair113@gmail.com,Nellore,Churned,True,+914082154544,True,2024-06-13
SWGY14096,Vivaan Nair,vivaan.nair128@hotmail.com,Bengaluru,Frequent Orderer,False,+914747179938,True,2023-12-29
SWGY12158,Vivaan Nair,vivaan.nair245@yahoo.com,Mumbai,Frequent Orderer,True,+911787602874,True,2023-12-22
SWGY12663,Vivaan Nair,vivaan.nair328@gmail.co,Bengaluru,Dormant,False,+914179184800,False,2024-10-16
SWGY13006,Vivaan Nair,vivaan.nair330@hotmail.com,Ahmedabad,Dormant,False,,False,2024-07-07
SWGY12801,Vivaan Nair,vivaan.nair424@yahoo.com,Kochi,Frequent Orderer,False,,True,2024-11-20
SWGY11887,Vivaan Nair,vivaan.nair483@yahoo.com,Kolkata,Frequent Orderer,True,,False,2023-08-06
SWGY11054,Vivaan Nair,vivaan.nair564@outlook.com,Lucknow,Swiggy One Member,True,+919393272728,False,2024-05-24
SWGY14012,Vivaan Nair,vivaan.nair609@hotmail.com,Mumbai,New,False,+918237224282,True,2024-04-09
SWGY15453,Vivaan Nair,vivaan.nair646@gmail.com,Nellore,New,False,+912099246076,True,2023-09-11
SWGY12716,Vivaan Nair,vivaan.nair741@gmail.co,Pune,Frequent Orderer,False,+914071853311,False,2025-05-01
SWGY11031,Vivaan Nair,vivaan.nair768@outlook.com,Mumbai,Dormant,False,+912301604986,True,2023-11-12
SWGY15437,Vivaan Nair,vivaan.nair788@outlook.com,Delhi,Dormant,True,+910933773286,False,2024-09-04
SWGY14462,Vivaan Nair,vivaan.nair814@outlook.com,Jaipur,Swiggy One Member,True,+912890669046,False,2024-06-20
SWGY15563,Vivaan Nair,vivaan.nair835@gmail.co,Lucknow,Frequent Orderer,False,+918218019428,True,2024-01-01
SWGY15577,Vivaan Nair,vivaan.nair857@hotmail.com,Noida,New,False,+914236455625,False,2025-03-26
SWGY11579,Vivaan Nair,vivaan.nair89@yahoo.com,Mumbai,Dormant,False,+914235256008,False,2024-06-07
SWGY15809,Vivaan Nair,vivaan.nair92@yahoo.com,Jaipur,Swiggy One Member,True,+915570650940,True,2024-08-16
SWGY15424,Vivaan Patel,vivaan.patel338@outlook.com,Nellore,Dormant,False,+917679106203,True,2024-12-08
SWGY10656,Vivaan Patel,vivaan.patel394@hotmail.com,Hyderabad,Swiggy One Member,True,+917036924926,False,2024-05-11
SWGY13992,Vivaan Patel,vivaan.patel496@gmail.com,Delhi,Dormant,False,,False,2024-06-11
SWGY11497,Vivaan Patel,vivaan.patel667@gmail.co,Noida,Churned,False,+916244756311,True,2024-08-24
SWGY14896,Vivaan Patel,vivaan.patel939@hotmail.com,Delhi,Frequent Orderer,False,+916113014444,False,2024-08-20
SWGY15046,Vivaan Patel,vivaan.patel960@gmail.com,Pune,Churned,False,,True,2025-02-03
SWGY15272,Vivaan Patel,vivaan.patel9@hotmail.com,Gurugram,New,False,,False,2023-11-11
SWGY10451,Vivaan Pillai,vivaan.pillai102@gmail.com,Lucknow,Dormant,False,+919547382023,True,2025-04-01
SWGY14788,Vivaan Pillai,vivaan.pillai118@hotmail.com,,Frequent Orderer,True,+919052698148,True,2024-10-02
SWGY15883,Vivaan Pillai,vivaan.pillai133@yahoo.com,Mumbai,New,False,+919630476339,False,2024-02-14
SWGY14452,Vivaan Pillai,vivaan.pillai271@gmail.co,Kochi,Dormant,False,+912488265234,True,2024-11-09
SWGY10091,Vivaan Pillai,vivaan.pillai423@yahoo.com,Jaipur,New,False,+919702838578,False,2023-09-21
SWGY10088,Vivaan Pillai,vivaan.pillai462@hotmail.com,Nellore,Frequent Orderer,False,+919912165585,False,2023-12-17
SWGY14922,Vivaan Pillai,vivaan.pillai491@yahoo.com,Nellore,Frequent Orderer,False,+912883229837,True,2025-04-15
SWGY11809,Vivaan Pillai,vivaan.pillai511@gmail.co,Hyderabad,Frequent Orderer,False,+917365764554,True,2024-07-30
SWGY15365,Vivaan Pillai,vivaan.pillai862@gmail.co,Gurugram,New,False,,True,2024-05-23
SWGY14235,Vivaan Pillai,vivaan.pillai86@yahoo.com,,New,False,+914104063314,False,2024-07-14
SWGY12306,Vivaan Pillai,vivaan.pillai870@outlook.com,Delhi,Frequent Orderer,False,+916278387776,True,2024-05-01
SWGY10243,Vivaan Pillai,vivaan.pillai901@gmail.co,Kolkata,Dormant,False,,False,2023-08-20
SWGY10234,Vivaan Pillai,vivaan.pillai92@yahoo.com,Kochi,Frequent Orderer,False,+911950052812,True,2025-05-08
SWGY12996,Vivaan Rao,vivaan.rao363@gmail.co,Gurugram,Dormant,False,+915051834402,True,2024-07-25
SWGY13599,Vivaan Rao,vivaan.rao363@yahoo.com,Jaipur,Dormant,False,+918451265276,False,2025-02-21
SWGY13860,Vivaan Rao,vivaan.rao415@gmail.com,Kolkata,Frequent Orderer,False,+914476149434,False,2023-06-05
SWGY13155X,Vivaan Rao,vivaan.rao436@hotmail.com,,Dormant,False,+915413214607,True,2023-12-20
SWGY14130,Vivaan Rao,vivaan.rao526@yahoo.com,Lucknow,New,False,+911181485061,False,2024-11-01
SWGY10958,Vivaan Rao,vivaan.rao66@gmail.com,Vijayawada,Dormant,False,+912121548158,False,2024-11-29
SWGY15972,Vivaan Rao,vivaan.rao720@outlook.com,Noida,Unclassified,True,+917695729527,False,2024-10-29
SWGY11229,Vivaan Rao,vivaan.rao78@yahoo.com,,Frequent Orderer,False,+913814837475,True,2023-08-05
SWGY10552,Vivaan Rao,vivaan.rao838@outlook.com,Jaipur,Dormant,False,,True,2023-10-05
SWGY12865,Vivaan Rao,vivaan.rao863@outlook.com,Noida,New,False,+911815853506,True,2023-06-17
SWGY11084,Vivaan Rao,vivaan.rao886@gmail.co,Ahmedabad,Frequent Orderer,False,+917066320162,False,2024-12-26
SWGY14463,Vivaan Rao,vivaan.rao956@hotmail.com,Chennai,Churned,False,,True,2025-02-20
SWGY13306,Vivaan Reddy,vivaan.reddy119@outlook.com,Bengaluru,Dormant,False,+919009401774,True,2023-10-31
SWGY14559,Vivaan Reddy,vivaan.reddy13@yahoo.com,Hyderabad,Frequent Orderer,True,+914727122463,True,2023-09-05
SWGY12135,Vivaan Reddy,vivaan.reddy219@yahoo.com,Nellore,Dormant,True,+916519889060,True,2023-09-17
SWGY14346,Vivaan Reddy,vivaan.reddy221@gmail.co,Vijayawada,New,False,+919153276395,True,2024-01-31
SWGY14959,Vivaan Reddy,vivaan.reddy297@gmail.com,Mumbai,Frequent Orderer,False,+918567062154,True,2023-11-19
SWGY11219,Vivaan Reddy,vivaan.reddy398@outlook.com,Mumbai,Swiggy One Member,True,+916642673512,True,2024-03-08
SWGY11996,Vivaan Reddy,vivaan.reddy46@yahoo.com,Bengaluru,Frequent Orderer,False,+916948412322,True,2024-09-29
SWGY11971,Vivaan Reddy,vivaan.reddy564@outlook.com,Chennai,Swiggy One Member,True,+915431886459,True,2025-01-27
SWGY10870,Vivaan Reddy,vivaan.reddy709@hotmail.com,,Frequent Orderer,True,+916610089876,False,2023-12-07
SWGY11527,Vivaan Reddy,vivaan.reddy768@outlook.com,Chennai,Unclassified,True,+911572814361,False,2024-06-01
SWGY11859,Vivaan Reddy,vivaan.reddy770@yahoo.com,Kolkata,Frequent Orderer,False,+915541408579,True,2024-07-26
SWGY14326,Vivaan Reddy,vivaan.reddy8@gmail.co,Ahmedabad,Churned,False,+916681357631,True,2023-09-19
SWGY12429,Vivaan Reddy,vivaan.reddy942@hotmail.com,Mumbai,Frequent Orderer,False,+919291848994,True,2024-02-01
SWGY13646,Vivaan Reddy,vivaan.reddy954@yahoo.com,Nellore,Dormant,True,+916947434188,False,2024-01-04
SWGY15000,Vivaan Reddy,vivaan.reddy999@outlook.com,Gurugram,Swiggy One Member,True,+913218126415,True,2024-10-28
SWGY13296,Vivaan Sharma,vivaan.sharma149@yahoo.com,Lucknow,Swiggy One Member,True,+914689761661,True,2024-03-29
SWGY14115,Vivaan Sharma,vivaan.sharma208@outlook.com,Bengaluru,Swiggy One Member,True,+914150765233,False,2024-03-13
SWGY12092,Vivaan Sharma,vivaan.sharma233@hotmail.com,Pune,Swiggy One Member,True,+910631905376,False,2023-10-02
SWGY12840,Vivaan Sharma,vivaan.sharma38@gmail.com,Chennai,Dormant,False,+912854997263,False,2025-03-23
SWGY10722,Vivaan Sharma,vivaan.sharma460@gmail.co,Nellore,Swiggy One Member,True,+919759545089,False,2024-01-10
SWGY12705,Vivaan Sharma,vivaan.sharma549@yahoo.com,Kolkata,Frequent Orderer,False,,True,2025-01-21
SWGY11195,Vivaan Sharma,vivaan.sharma749@outlook.com,Pune,Swiggy One Member,True,,True,2023-09-17
SWGY11394X,Vivaan Sharma,vivaan.sharma76@gmail.com,Vijayawada,Frequent Orderer,False,+919047270031,False,2023-08-08
SWGY15010,Vivaan Sharma,vivaan.sharma855@hotmail.com,Lucknow,Frequent Orderer,False,,False,2024-12-25
SWGY10142,Vivaan Sharma,vivaan.sharma954@gmail.com,Hyderabad,Frequent Orderer,False,+916353654195,False,2023-07-18
SWGY14712,Vivaan Shetty,vivaan.shetty304@gmail.com,Mumbai,Churned,False,,False,2025-02-04
SWGY11777,Vivaan Shetty,vivaan.shetty347@yahoo.com,Vijayawada,New,False,+910405319841,False,2024-04-02
SWGY11378,Vivaan Shetty,vivaan.shetty384@gmail.co,Kochi,Dormant,False,+913996263779,False,2024-08-27
SWGY10519,Vivaan Shetty,vivaan.shetty384@hotmail.com,Chennai,New,False,+910251762983,False,2023-09-26
SWGY12613,Vivaan Shetty,vivaan.shetty473@hotmail.com,Bengaluru,Frequent Orderer,True,+914636919918,False,2025-02-15
SWGY13849,Vivaan Shetty,vivaan.shetty492@outlook.com,Ahmedabad,Dormant,False,,True,2024-02-15
SWGY12730,Vivaan Shetty,vivaan.shetty627@hotmail.com,Ahmedabad,Swiggy One Member,True,+914686207539,False,2024-09-14
SWGY14637,Vivaan Shetty,vivaan.shetty951@outlook.com,Noida,Frequent Orderer,False,+914346994805,False,2024-08-04
SWGY15102,Vivaan Singh,vivaan.singh151@gmail.co,,Churned,False,+916761518193,True,2025-02-28
SWGY10388,Vivaan Singh,vivaan.singh206@yahoo.com,Nellore,Dormant,False,,True,2024-12-24
SWGY13416,Vivaan Singh,vivaan.singh865@hotmail.com,Ahmedabad,Churned,False,+917366409680,True,2023-08-17
SWGY10680,Vivaan Singh,vivaan.singh978@yahoo.com,Gurugram,New,False,+915660847068,True,2023-07-14
SWGY13552,Vivaan Verma,vivaan.verma142@gmail.com,Vijayawada,New,False,+918509894793,False,2023-09-19
SWGY13701,Vivaan Verma,vivaan.verma194@gmail.com,Hyderabad,Frequent Orderer,False,+914221659811,False,2023-12-13
SWGY15239,Vivaan Verma,vivaan.verma235@yahoo.com,Ahmedabad,New,True,+912317551348,False,2024-12-01
SWGY12356,Vivaan Verma,vivaan.verma351@gmail.co,Vijayawada,Churned,False,+919320506506,False,2024-01-31
SWGY15507,Vivaan Verma,vivaan.verma388@hotmail.com,Noida,New,False,+919784255396,True,2025-02-03
SWGY10000,Rohan Reddy,,Bengaluru,Frequent Orderer,False,+916001338908,False,2024-03-08
