customer_id,full_name,email,phone,city,signup_date,segment,swiggy_one_member,marketing_opt_in
SWGY10000,Rohan Reddy,,60013 38908, Bengaluru ,2024-03-08,Frequent Orderer,False,
SWGY10001,Riya Rao,riya.rao285@yahoo.com,, Kochi ,06-07-2023,Dormant,False,No
SWGY10002,Divya Chatterjee,divya.chatterjee371@hotmail.com,,mumbai,2024-12-17,Frequent Orderer,False,1
SWGY10003,Diya Patel,diya.patel651@yahoo.com,+91-32764-83503,ahmedabad,29/02/2024,Dormant,False,yes
SWGY10004,Aditya Patel,aditya.patel406@gmail.co,23884 96965,LUCKNOW,01-01-2025,Dormant,False,
SWGY10005,Aditya Verma,,+91-97848-01845,noida,21/09/2023,New,False,Y
SWGY10006,Myra Sharma,myra.sharma109@outlook.com,(893) 252-8809, Jaipur ,2024-02-25,Churned,False,No
SWGY10007,Divya Das,divya.das81@gmail.com,1822782489,LUCKNOW,04-10-2024,Frequent Orderer,False,N
SWGY10008,Karthik Menon,karthik.menon530@gmail.co,+91-31509-83930,Kolkata,2025-04-18,Swiggy One Member,True,No
SWGY10009,Nikhil Verma,nikhil.verma220@hotmail.com,(997) 376-3116, Noida ,04/05/2024,New,False,
SWGY10010,Pooja Verma,pooja.verma348@gmail.com,,Ahmedabad,2025-03-31,Churned,True,Yes
SWGY10011,Aditya Singh,aditya.singh61@yahoo.com,,,07-21-2024,,False,Yes
SWGY10012,Priya Khan,priya.khan874@hotmail.com,81219 13619,Bengaluru,07-22-2023,Swiggy One Member,True,No
SWGY10013,Aadhya Pillai,aadhya.pillai322@yahoo.com,+91-24751-07991,VIJAYAWADA,11-17-2024,Frequent Orderer,False,yes
SWGY10014,Arjun Das,arjun.das854@hotmail.com,,LUCKNOW,10/08/2023,Dormant,False,yes
SWGY10015,Ira Patel,ira.patel501@outlook.com,, Jaipur ,05-17-2024,New,False,0
SWGY10016,Navya Sharma,navya.sharma37@outlook.com,,Mumbai,17/08/2023,Churned,False,0
SWGY10017,Ira Iyer,IRA.IYER903@GMAIL.CO,56342 16073, Lucknow ,29/01/2024,Dormant,False,yes
SWGY10018,Vikram Singh,vikram.singh286@gmail.com,914586850142,hyderabad,2023-06-25,Swiggy One Member,True,No
SWGY10019,Ira Mehta,ira.mehta922@hotmail.com,910608835615,pune,04-17-2024,Frequent Orderer,False,No
SWGY10020,Priya Menon,priya.menon714@outlook.com,(366) 299-4680,nellore,2024-04-12,Swiggy One Member,True,0
SWGY10021,Neha Pillai,neha.pillai524@gmail.co,21489 51343,VIJAYAWADA,2025-04-01,Frequent Orderer,False,Yes
SWGY10022,Sai Kapoor,sai.kapoor736@gmail.co,913201632870,VIJAYAWADA,2023-08-14,Frequent Orderer,False,
SWGY10023,Arjun Joshi,arjun.joshi913@gmail.co,918687277434, Ahmedabad ,11-25-2024,Churned,False,N
SWGY10024,Ayaan Joshi,ayaan.joshi554@gmail.com,3623166587,Mumbai,2025-05-31,Frequent Orderer,False,0
SWGY10025,Saanvi Pillai,,6688937346,Jaipur,21/06/2023,,False,1
SWGY10026,Sneha Chatterjee,sneha.chatterjee547@gmail.com,9901627204,jaipur,2023-11-17,Dormant,False,
SWGY10027,Ananya Khan,ananya.khan855@gmail.com,918053100330,KOCHI,2024-06-23,Frequent Orderer,False,Y
SWGY10028,Pari Reddy,pari.reddy621@hotmail.com,,VIJAYAWADA,2024-01-10,Frequent Orderer,False,N
SWGY10029,Ishaan Menon,ishaan.menon580@gmail.com,(651) 850-6716, Noida ,05-01-2025,Swiggy One Member,True,Y
SWGY10030,Aadhya Nair,aadhya.nair552@gmail.co,919453147379, Jaipur ,16/11/2024,Churned,False,Yes
SWGY10031,Pari Khan,pari.khan902@hotmail.com,48083 13678, Delhi ,10-12-2024,New,False,
SWGY10032,Myra Sharma,myra.sharma596@outlook.com,85685 57444,Mumbai,03-28-2024,Frequent Orderer,False,N
SWGY10033,Ananya Reddy,ananya.reddy757@gmail.co,(989) 413-4352,Jaipur,11-30-2024,Churned,False,Y
SWGY10034,Ayaan Verma,ayaan.verma771@gmail.co,0947775204,Bengaluru,2024-12-18,Frequent Orderer,False,0
SWGY10035,Pari Gupta,,1318699938, Vijayawada ,06/03/2025,Swiggy One Member,True,yes
SWGY10036,Pooja Pillai,pooja.pillai984@gmail.com,+91-33412-32812, Kolkata ,08/04/2024,Swiggy One Member,True,
SWGY10037,Krishna Verma,krishna.verma704@yahoo.com,+91-93618-32421,HYDERABAD,22/03/2024,Dormant,False,yes
SWGY10038,Myra Reddy,myra.reddy553@gmail.co,,Gurugram,05-06-2025,Frequent Orderer,False,yes
SWGY10039,Riya Verma,riya.verma186@hotmail.com,7175655125, Kochi ,27/11/2023,Frequent Orderer,False,0
SWGY10040,Vikram Bose,vikram.bose792@gmail.co,, Bengaluru ,2024-09-08,New,False,N
SWGY10041,Ayaan Bose,ayaan.bose997@hotmail.com,+91-24808-61317,DELHI,21/03/2024,Frequent Orderer,False,yes
SWGY10042,Anika Rao,anika.rao393@yahoo.com,,kolkata,10-07-2024,Churned,False,
SWGY10043,Pooja Iyer,pooja.iyer387@gmail.co,3396360576,GURUGRAM,03/12/2024,Frequent Orderer,False,Yes
SWGY10044,Arjun Malhotra,ARJUN.MALHOTRA539@GMAIL.CO,(262) 174-5961, Vijayawada ,05/05/2024,Dormant,False,
SWGY10045,Pooja Bose,pooja.bose233@gmail.com,(117) 240-0504,bengaluru,22/02/2025,New,False,Y
SWGY10046,Sai Malhotra,sai.malhotra180@gmail.com,(693) 792-3747,Kolkata,31/12/2024,Swiggy One Member,True,yes
SWGY10047,Sneha Bose,sneha.bose655@gmail.co,917436713695,,08-15-2023,Frequent Orderer,False,yes
SWGY10048,Aarav Chatterjee,aarav.chatterjee763@gmail.com,,Chennai,06-09-2023,Swiggy One Member,True,Yes
SWGY10049,Krishna Joshi,krishna.joshi335@gmail.co,,bengaluru,2025-01-14,Frequent Orderer,False,
SWGY10050,Aditya Iyer,aditya.iyer991@hotmail.com,,kochi,2024-01-18,Dormant,False,N
SWGY10051,Pari Sharma,pari.sharma651@gmail.co,46120 04711,VIJAYAWADA,26/12/2024,Frequent Orderer,False,
SWGY10052,Diya Bose,diya.bose102@gmail.co,914053773515,kolkata,2025-01-22,Dormant,False,0
SWGY10053,Ayaan Patel,ayaan.patel995@gmail.com,53293 18393,mumbai,2024-09-08,New,False,Yes
SWGY10054,Ayaan Iyer,AYAAN.IYER27@YAHOO.COM,+91-39502-40268,Delhi,05/12/2024,Frequent Orderer,False,
SWGY10055,Rahul Das,rahul.das45@hotmail.com,(007) 661-7711,NELLORE,2025-01-28,New,False,Y
SWGY10056,Ayaan Shetty,ayaan.shetty612@hotmail.com,8961183673,ahmedabad,20/01/2025,Swiggy One Member,True,0
SWGY10057,Aadhya Reddy,aadhya.reddy704@gmail.co,911161528098,pune,08-11-2024,Frequent Orderer,False,No
SWGY10058,Aadhya Das,aadhya.das53@outlook.com,915198327315,noida,2025-04-12,Churned,False,yes
SWGY10059,Riya Singh,RIYA.SINGH629@HOTMAIL.COM,914024455022, Kochi ,2024-08-13,Dormant,False,Y
SWGY10060,Priya Sharma,priya.sharma379@outlook.com,9910229014, Mumbai ,25/11/2024,New,False,
SWGY10061,Aadhya Rao,aadhya.rao695@hotmail.com,,hyderabad,06/11/2024,New,False,1
SWGY10062,Ishaan Sharma,ishaan.sharma513@hotmail.com,5160607159, Gurugram ,08-14-2024,New,False,0
SWGY10063,Krishna Reddy,,13696 81645,kolkata,2023-06-22,Churned,False,No
SWGY10064,Anika Reddy,anika.reddy982@yahoo.com,912432921277, Nellore ,11-04-2024,New,False,1
SWGY10065,Pooja Khan,pooja.khan282@hotmail.com,,,08-24-2024,New,False,0
SWGY10066,Myra Pillai,myra.pillai330@hotmail.com,, Nellore ,13/07/2023,Frequent Orderer,False,Y
SWGY10067,Diya Das,diya.das54@outlook.com,,LUCKNOW,16/03/2024,Frequent Orderer,False,yes
SWGY10068,Rohan Chatterjee,rohan.chatterjee659@outlook.com,(816) 850-5423,,2025-01-30,Dormant,True,N
SWGY10069,Arjun Iyer,arjun.iyer856@hotmail.com,, Mumbai ,2024-03-29,Dormant,True,0
SWGY10070,Diya Singh,diya.singh547@yahoo.com,7359774688,GURUGRAM,2025-02-15,Frequent Orderer,False,Y
SWGY10071,Pooja Rao,pooja.rao729@hotmail.com,4124782613,bengaluru,2025-03-18,Frequent Orderer,False,0
SWGY10072,Vivaan Chatterjee,vivaan.chatterjee29@outlook.com,+91-52204-72779,Nellore,2024-06-17,Frequent Orderer,False,yes
SWGY10073,Kabir Iyer,kabir.iyer296@yahoo.com,+91-03697-11798,NELLORE,02-13-2025,Swiggy One Member,True,Y
SWGY10074,Krishna Mehta,krishna.mehta685@gmail.com,+91-51888-88067, Bengaluru ,19/02/2025,Frequent Orderer,False,yes
SWGY10075,Priya Sharma,priya.sharma791@hotmail.com,52058 52772,Pune,08-09-2023,Frequent Orderer,False,
SWGY10076,Vivaan Menon,vivaan.menon318@hotmail.com,+91-87403-45054,hyderabad,15/07/2023,,False,0
SWGY10077,Priya Joshi,priya.joshi377@hotmail.com,+91-16169-28451,lucknow,06-30-2024,,False,yes
SWGY10078,Krishna Joshi,krishna.joshi745@outlook.com,916401658202, Vijayawada ,2024-08-10,New,False,Y
SWGY10079,Aditya Singh,aditya.singh620@yahoo.com,,kochi,2025-03-22,Frequent Orderer,False,No
SWGY10080,Aarav Nair,aarav.nair267@gmail.co,+91-94731-21727,gurugram,11-12-2024,Frequent Orderer,False,1
SWGY10081,Karthik Gupta,karthik.gupta727@yahoo.com,918313237058,nellore,07/12/2024,,False,Y
SWGY10082,Ira Gupta,ira.gupta421@gmail.co,,MUMBAI,2024-04-12,Frequent Orderer,False,0
SWGY10083,Anika Verma,anika.verma958@yahoo.com,918414384249,Noida,10-06-2023,Frequent Orderer,False,Y
SWGY10084,Riya Pillai,riya.pillai620@outlook.com,919001094396,Delhi,23/11/2023,Swiggy One Member,True,yes
SWGY10085,Rohan Menon,rohan.menon75@gmail.com,6773592555,GURUGRAM,06/02/2024,Dormant,False,No
SWGY10086,Ananya Singh,ananya.singh298@gmail.co,6325953278, Gurugram ,04/10/2023,Frequent Orderer,False,
SWGY10087,Aarav Gupta,aarav.gupta50@gmail.com,9748016245,kolkata,2024-10-30,,False,0
SWGY10088,Vivaan Pillai,vivaan.pillai462@hotmail.com,99121 65585,NELLORE,12-17-2023,Frequent Orderer,False,0
SWGY10089,Anika Verma,anika.verma468@yahoo.com,(825) 952-6949, Bengaluru ,07-10-2023,New,False,yes
SWGY10090,Pari Sharma,pari.sharma598@outlook.com,09749 93097, Pune ,2024-05-05,Swiggy One Member,True,N
SWGY10091,Vivaan Pillai,vivaan.pillai423@yahoo.com,9702838578,jaipur,2023-09-21,New,False,
SWGY10092,Divya Bose,divya.bose659@outlook.com,(334) 843-4437, Pune ,11/12/2024,Frequent Orderer,False,yes
SWGY10093,Krishna Reddy,,24041 57473,vijayawada,04-23-2025,Swiggy One Member,True,yes
SWGY10094,Arjun Reddy,arjun.reddy232@yahoo.com,6571208267,VIJAYAWADA,21/01/2025,Frequent Orderer,True,1
SWGY10095,Krishna Verma,krishna.verma757@gmail.com,(262) 067-2400,Lucknow,31/08/2023,Swiggy One Member,True,yes
SWGY10096,Myra Bose,myra.bose280@yahoo.com,52742 05493, Nellore ,18/10/2024,Dormant,False,1
SWGY10097,Aditya Chatterjee,aditya.chatterjee255@gmail.com,,AHMEDABAD,2023-09-06,New,False,No
SWGY10098,Myra Menon,,(459) 332-7279, Delhi ,07-20-2024,Swiggy One Member,True,
SWGY10099,Rahul Bose,rahul.bose611@gmail.com,918519108839,KOCHI,2025-04-11,Dormant,False,1
SWGY10100,Pooja Malhotra,pooja.malhotra501@gmail.com,7072867908,gurugram,09-28-2023,Swiggy One Member,True,Yes
SWGY10101,Saanvi Rao,saanvi.rao353@gmail.com,0170462265, Noida ,04/06/2023,Dormant,False,0
SWGY10102,Aditya Bose,aditya.bose403@hotmail.com,30047 86863, Delhi ,31/03/2025,Dormant,True,Y
SWGY10103,Ayaan Patel,ayaan.patel959@gmail.com,1190790306,LUCKNOW,09-24-2023,New,False,N
SWGY10104,Rahul Verma,rahul.verma590@outlook.com,915342836440,DELHI,10-28-2024,Churned,False,0
SWGY10105,Navya Kapoor,navya.kapoor327@gmail.co,+91-46287-33427, Bengaluru ,18/05/2024,Churned,False,Y
SWGY10106,Saanvi Singh,saanvi.singh380@gmail.com,,CHENNAI,26/12/2023,Frequent Orderer,True,N
SWGY10107,Pooja Khan,,,chennai,16/06/2023,New,False,yes
SWGY10108,Diya Malhotra,diya.malhotra780@outlook.com,915560932048, Lucknow ,22/10/2024,Frequent Orderer,False,Y
SWGY10109,Kabir Khan,kabir.khan564@outlook.com,917772522872,Hyderabad,06-23-2024,Swiggy One Member,True,Yes
SWGY10110,Vikram Gupta,vikram.gupta646@yahoo.com,, Noida ,2025-04-15,New,True,Yes
SWGY10111,Navya Bose,navya.bose294@gmail.com,(621) 182-3398,kolkata,13/06/2023,New,False,0
SWGY10112,Aditya Das,aditya.das232@outlook.com,,KOLKATA,2024-09-13,Swiggy One Member,True,
SWGY10113,Pooja Mehta,pooja.mehta98@hotmail.com,,Ahmedabad,2024-05-05,Swiggy One Member,True,1
SWGY10114,Aarav Patel,aarav.patel79@outlook.com,,Vijayawada,26/10/2023,Dormant,False,N
SWGY10115,Vikram Gupta,VIKRAM.GUPTA793@OUTLOOK.COM,, Pune ,2025-02-09,Dormant,False,yes
SWGY10116,Neha Singh,neha.singh650@yahoo.com,55110 47541,Jaipur,2023-08-15,New,False,0
SWGY10117,Myra Bose,myra.bose96@hotmail.com,915604661839,NELLORE,11-06-2024,Frequent Orderer,True,0
SWGY10118,Reyansh Iyer,reyansh.iyer283@gmail.co,15437 99371,chennai,2024-04-04,Frequent Orderer,False,0
SWGY10119,Ananya Shetty,ananya.shetty667@hotmail.com,915937526547,KOLKATA,03/05/2024,Frequent Orderer,False,0
SWGY10120,Ayaan Chatterjee,AYAAN.CHATTERJEE185@HOTMAIL.COM,(737) 416-7243,PUNE,09-25-2023,Churned,False,0
SWGY10121,Neha Chatterjee,neha.chatterjee519@gmail.co,915891135290, Mumbai ,02/09/2024,Churned,False,0
SWGY10122,Ishaan Sharma,ishaan.sharma705@hotmail.com,(567) 982-5071, Mumbai ,2024-02-20,Frequent Orderer,False,No
SWGY10123,Vikram Iyer,vikram.iyer357@gmail.co,,PUNE,04-15-2024,,False,Y
SWGY10124,Navya Nair,,,PUNE,2024-12-25,Frequent Orderer,False,yes
SWGY10125,Rahul Gupta,rahul.gupta202@gmail.co,(785) 969-6915, Vijayawada ,09-13-2023,Dormant,False,Y
SWGY10126,Vikram Menon,vikram.menon321@gmail.com,1252866929, Lucknow ,2025-02-19,Swiggy One Member,True,
SWGY10127,Rohan Bose,rohan.bose296@yahoo.com,917905072368, Jaipur ,22/03/2025,Churned,False,
SWGY10128,Aadhya Joshi,aadhya.joshi300@gmail.com,+91-84279-78819,gurugram,11-19-2023,New,True,1
SWGY10129,Navya Verma,navya.verma105@yahoo.com,,kochi,08-25-2024,Swiggy One Member,True,0
SWGY10130,Reyansh Shetty,reyansh.shetty546@outlook.com,+91-25449-48126,delhi,12-29-2023,Dormant,False,Y
SWGY10131,Karthik Iyer,karthik.iyer693@gmail.co,,hyderabad,28/10/2023,Dormant,False,
SWGY10132,Ananya Pillai,ananya.pillai367@gmail.com,,BENGALURU,09-04-2023,Dormant,False,
SWGY10133,Neha Khan,NEHA.KHAN857@GMAIL.CO,+91-27706-32424,lucknow,29/04/2025,Dormant,True,No
SWGY10134,Diya Nair,,, Bengaluru ,2024-07-10,Swiggy One Member,True,Yes
SWGY10135,Karthik Khan,karthik.khan73@yahoo.com,911155426221,Noida,10-02-2023,Churned,False,Y
SWGY10136,Myra Das,,31121 96565,JAIPUR,05/01/2024,Swiggy One Member,True,No
SWGY10137,Sai Bose,sai.bose28@outlook.com,98364 03761, Vijayawada ,02-04-2025,Dormant,False,No
SWGY10138,Anika Sharma,anika.sharma375@hotmail.com,7109104300,pune,04-20-2024,New,False,0
SWGY10139,Aadhya Chatterjee,aadhya.chatterjee285@gmail.com,,MUMBAI,2025-03-17,Swiggy One Member,True,N
SWGY10140,Aditya Mehta,aditya.mehta683@yahoo.com,20275 88425,mumbai,09-07-2024,Swiggy One Member,True,No
SWGY10141,Rahul Sharma,rahul.sharma591@gmail.com,918507925241,Pune,2024-08-13,Frequent Orderer,True,Yes
SWGY10142,Vivaan Sharma,vivaan.sharma954@gmail.com,+91-63536-54195,Hyderabad,2023-07-18,Frequent Orderer,False,N
SWGY10143,Neha Malhotra,neha.malhotra866@outlook.com,8705349493,bengaluru,07-15-2024,New,False,
SWGY10144,Rahul Patel,rahul.patel420@gmail.com,5050641383, Jaipur ,2024-12-11,Dormant,True,Y
SWGY10145,Karthik Rao,karthik.rao718@outlook.com,1918261990,MUMBAI,2023-07-15,Churned,False,yes
SWGY10146,Ayaan Khan,ayaan.khan279@yahoo.com,3291212775,Lucknow,07-07-2024,Dormant,False,1
SWGY10147,Rahul Patel,rahul.patel827@outlook.com,+91-90352-13568,gurugram,11/04/2024,Frequent Orderer,False,Y
SWGY10148,Aarav Chatterjee,aarav.chatterjee97@gmail.co,912100323651,noida,2024-09-06,Swiggy One Member,True,Yes
SWGY10149,Aditya Patel,aditya.patel850@outlook.com,70296 67066,lucknow,2025-03-23,Frequent Orderer,False,Y
SWGY10150,Ayaan Rao,ayaan.rao303@gmail.co,87014 62638,Gurugram,31/10/2023,New,False,1
SWGY10151,Pari Bose,PARI.BOSE277@YAHOO.COM,93040 78593,Kochi,2024-10-09,Frequent Orderer,False,N
SWGY10152,Ayaan Bose,ayaan.bose817@gmail.co,912239559059,NOIDA,07-28-2023,Dormant,False,N
SWGY10153,Vikram Kapoor,VIKRAM.KAPOOR617@YAHOO.COM,+91-70593-25250,NELLORE,04-12-2024,New,True,Y
SWGY10154,Rahul Reddy,rahul.reddy965@gmail.co,,noida,2024-11-20,Dormant,False,Y
SWGY10155,Saanvi Menon,saanvi.menon719@hotmail.com,90295 93917,jaipur,05-06-2025,Frequent Orderer,True,No
SWGY10156,Sai Das,sai.das842@outlook.com,4331541006, Pune ,2023-11-19,Swiggy One Member,True,0
SWGY10157,Pari Chatterjee,pari.chatterjee592@yahoo.com,1040541152,,12-11-2024,Frequent Orderer,False,No
SWGY10158,Navya Gupta,navya.gupta442@yahoo.com,(620) 153-3688,pune,29/01/2025,Churned,False,N
SWGY10159,Ishaan Verma,,+91-14973-10324, Kolkata ,2025-01-06,Swiggy One Member,True,yes
SWGY10160,Neha Chatterjee,neha.chatterjee397@yahoo.com,(652) 704-7743,Gurugram,2024-10-13,Dormant,False,No
SWGY10161,Aditya Das,aditya.das63@gmail.co,916879374160,KOCHI,2024-12-06,Frequent Orderer,False,
SWGY10162,Reyansh Nair,reyansh.nair446@yahoo.com,(294) 511-6868,hyderabad,12-15-2023,New,False,
SWGY10163,Divya Sharma,divya.sharma430@gmail.com,(299) 911-9148, Kochi ,18/05/2025,Swiggy One Member,True,0
SWGY10164,Rohan Kapoor,rohan.kapoor634@hotmail.com,(606) 530-7450,vijayawada,13/02/2025,Frequent Orderer,False,yes
SWGY10165,Vikram Kapoor,vikram.kapoor234@yahoo.com,, Noida ,05-13-2025,Swiggy One Member,True,1
SWGY10166,Vikram Verma,vikram.verma800@hotmail.com,,NELLORE,10/11/2023,,False,1
SWGY10167,Vikram Joshi,vikram.joshi32@yahoo.com,,Nellore,11/07/2024,Swiggy One Member,True,Yes
SWGY10168,Saanvi Verma,saanvi.verma231@yahoo.com,(680) 072-2903,delhi,01-06-2025,Dormant,False,yes
SWGY10169,Aadhya Chatterjee,aadhya.chatterjee534@hotmail.com,1085899441,Noida,23/05/2024,Frequent Orderer,False,yes
SWGY10170,Rohan Khan,rohan.khan306@yahoo.com,3096520744, Noida ,10/03/2024,Frequent Orderer,False,Yes
SWGY10171,Riya Pillai,riya.pillai654@gmail.co,,noida,12-12-2023,Frequent Orderer,False,Y
SWGY10172,Sneha Khan,sneha.khan431@outlook.com,9471709991,,08-31-2023,Frequent Orderer,False,No
SWGY10173,Pooja Chatterjee,pooja.chatterjee206@outlook.com,,,2024-04-01,Frequent Orderer,False,
SWGY10174,Ayaan Patel,ayaan.patel805@gmail.com,,kochi,2023-11-20,Swiggy One Member,True,1
SWGY10175,Rahul Malhotra,rahul.malhotra255@yahoo.com,+91-54216-89421,hyderabad,19/06/2023,Swiggy One Member,True,
SWGY10176,Priya Malhotra,priya.malhotra351@gmail.co,913260332309,VIJAYAWADA,2024-11-18,Frequent Orderer,False,1
SWGY10177,Karthik Verma,karthik.verma50@gmail.com,,KOLKATA,2025-03-17,Frequent Orderer,False,Yes
SWGY10178,Krishna Mehta,krishna.mehta621@yahoo.com,18914 11739,ahmedabad,09-12-2023,Swiggy One Member,True,N
SWGY10179,Diya Mehta,diya.mehta956@gmail.co,,Chennai,12/11/2023,New,False,N
SWGY10180,Myra Menon,myra.menon873@outlook.com,5611002255,chennai,09-18-2024,New,False,No
SWGY10181,Diya Khan,diya.khan395@gmail.co,, Delhi ,2023-09-25,Frequent Orderer,False,0
SWGY10182,Rahul Das,rahul.das914@yahoo.com,,VIJAYAWADA,06-30-2023,Dormant,False,1
SWGY10183,Anika Malhotra,anika.malhotra745@yahoo.com,62890 02877,Jaipur,18/05/2025,,True,1
SWGY10184,Sai Khan,sai.khan837@yahoo.com,+91-79717-75170, Chennai ,22/07/2023,Frequent Orderer,False,Yes
SWGY10185,Navya Bose,navya.bose912@hotmail.com,7550375899,bengaluru,09-02-2023,Dormant,False,
SWGY10186,Ishaan Reddy,ishaan.reddy988@outlook.com,51027 26149,KOCHI,2025-04-05,Frequent Orderer,False,0
SWGY10187,Kabir Joshi,kabir.joshi949@hotmail.com,7798270808, Noida ,12-13-2023,Dormant,True,Y
SWGY10188,Karthik Pillai,,6934654722,,10-10-2023,New,False,1
SWGY10189,Karthik Bose,karthik.bose354@yahoo.com,, Ahmedabad ,01-09-2024,New,False,yes
SWGY10190,Nikhil Mehta,,+91-34244-20438,kochi,14/06/2023,Swiggy One Member,False,No
SWGY10191,Ira Bose,ira.bose804@outlook.com,910666580043, Noida ,2024-01-16,Dormant,False,1
SWGY10192,Rahul Pillai,rahul.pillai460@yahoo.com,(122) 816-0648,NELLORE,2025-02-07,New,False,yes
SWGY10193,Aarav Khan,aarav.khan612@gmail.com,,Gurugram,05-27-2025,Churned,True,Y
SWGY10194,Aadhya Bose,aadhya.bose340@outlook.com,,NELLORE,2024-07-18,New,False,1
SWGY10195,Saanvi Reddy,saanvi.reddy934@hotmail.com,+91-58877-04358,Kolkata,2024-02-18,,True,Yes
SWGY10196,Rohan Gupta,rohan.gupta702@gmail.co,+91-38612-07501,Hyderabad,2025-04-17,Swiggy One Member,True,yes
SWGY10197,Navya Gupta,navya.gupta415@gmail.co,916180919015,Vijayawada,20/01/2024,Churned,False,yes
SWGY10198,Ira Gupta,ira.gupta161@hotmail.com,+91-68424-50882,Chennai,2024-08-22,Frequent Orderer,True,0
SWGY10199,Navya Bose,navya.bose217@gmail.co,,Mumbai,04-08-2024,New,False,
SWGY10200,Rohan Bose,rohan.bose203@hotmail.com,5523149135, Mumbai ,24/03/2024,Swiggy One Member,True,yes
SWGY10201,Karthik Pillai,karthik.pillai982@gmail.co,5336452577,delhi,31/12/2024,Swiggy One Member,True,
SWGY10202,Navya Reddy,navya.reddy880@yahoo.com,,DELHI,2025-03-23,Swiggy One Member,True,yes
SWGY10203,Navya Bose,navya.bose791@hotmail.com,,GURUGRAM,03-31-2025,Dormant,False,Y
SWGY10204,Rahul Malhotra,rahul.malhotra894@yahoo.com,+91-75037-31453,DELHI,08-30-2024,New,False,1
SWGY10205,Saanvi Kapoor,saanvi.kapoor106@hotmail.com,,Lucknow,09-08-2024,Dormant,True,yes
SWGY10206,Saanvi Singh,SAANVI.SINGH494@HOTMAIL.COM,27231 84322,nellore,07-20-2024,Frequent Orderer,False,No
SWGY10207,Sneha Singh,sneha.singh216@hotmail.com,+91-60302-99228,KOLKATA,2024-05-04,Dormant,False,Y
SWGY10208,Ayaan Nair,ayaan.nair20@outlook.com,913797723692,NELLORE,07-20-2024,Swiggy One Member,True,yes
SWGY10209,Reyansh Khan,reyansh.khan388@gmail.co,910388629127,Lucknow,09-07-2024,Swiggy One Member,True,No
SWGY10210,Aditya Kapoor,aditya.kapoor961@gmail.co,, Ahmedabad ,2023-10-12,Churned,True,yes
SWGY10211,Pari Singh,pari.singh194@gmail.com,(098) 180-6356,Lucknow,2023-08-25,Frequent Orderer,False,0
SWGY10212,Rohan Pillai,rohan.pillai283@gmail.co,(688) 725-8874,chennai,02-23-2024,Dormant,False,0
SWGY10213,Priya Iyer,priya.iyer973@yahoo.com,86589 02601, Noida ,04-06-2025,New,False,0
SWGY10214,Aditya Gupta,aditya.gupta954@gmail.co,(849) 027-7038,CHENNAI,2024-01-14,Frequent Orderer,False,N
SWGY10215,Ira Nair,ira.nair89@outlook.com,(566) 938-0118,ahmedabad,07/07/2023,Frequent Orderer,False,yes
SWGY10216,Sai Shetty,sai.shetty417@hotmail.com,, Hyderabad ,08/09/2024,Churned,False,
SWGY10217,Rahul Singh,,+91-41633-56588,kochi,2024-05-13,Churned,False,yes
SWGY10218,Aditya Chatterjee,aditya.chatterjee363@yahoo.com,42373 33433,,05-16-2024,New,False,1
SWGY10219,Arjun Reddy,arjun.reddy629@gmail.com,80759 57947,mumbai,20/08/2023,Swiggy One Member,True,N
SWGY10220,Rahul Pillai,rahul.pillai963@hotmail.com,,DELHI,26/07/2023,Swiggy One Member,True,No
SWGY10221,Ananya Das,ananya.das982@hotmail.com,27636 55647,VIJAYAWADA,02-21-2024,New,False,N
SWGY10222,Vikram Reddy,,2702672885,jaipur,03/03/2024,Dormant,False,Yes
SWGY10223,Saanvi Reddy,saanvi.reddy645@gmail.com,+91-54558-84506,jaipur,11-15-2023,New,False,N
SWGY10224,Riya Pillai,riya.pillai292@outlook.com,,ahmedabad,26/03/2025,Swiggy One Member,True,0
SWGY10225,Pooja Gupta,,+91-64759-87622,MUMBAI,11-13-2023,Frequent Orderer,False,N
SWGY10226,Sneha Rao,sneha.rao98@gmail.com,,Jaipur,05-18-2025,Dormant,False,0
SWGY10227,Krishna Singh,krishna.singh175@gmail.com,55778 48728, Hyderabad ,03-17-2024,Frequent Orderer,False,0
SWGY10228,Anika Bose,anika.bose316@outlook.com,+91-24008-25478, Chennai ,21/05/2024,Frequent Orderer,False,yes
SWGY10229,Aarav Mehta,aarav.mehta562@outlook.com,8663266341,KOCHI,03-26-2024,Swiggy One Member,True,yes
SWGY10230,Krishna Bose,krishna.bose297@gmail.com,919749735020,Kochi,2024-03-02,Frequent Orderer,False,No
SWGY10231,Krishna Rao,krishna.rao506@yahoo.com,4757051204,Delhi,08-22-2024,Dormant,False,
SWGY10232,Reyansh Patel,reyansh.patel787@yahoo.com,,lucknow,12/02/2024,Dormant,False,Y
SWGY10233,Rohan Verma,rohan.verma654@outlook.com,+91-03136-50249, Jaipur ,2024-12-14,Swiggy One Member,True,Yes
SWGY10234,Vivaan Pillai,vivaan.pillai92@yahoo.com,1950052812,KOCHI,08/05/2025,Frequent Orderer,False,1
SWGY10235,Neha Joshi,neha.joshi257@gmail.com,, Jaipur ,15/12/2023,New,False,Y
SWGY10236,Aditya Malhotra,aditya.malhotra1@hotmail.com,20959 35186, Delhi ,09-03-2024,Frequent Orderer,False,Y
SWGY10237,Ira Menon,,, Pune ,07-24-2024,Swiggy One Member,True,
SWGY10238,Anika Shetty,anika.shetty73@gmail.com,913717058650,jaipur,01-25-2025,Frequent Orderer,False,Yes
SWGY10239,Priya Gupta,priya.gupta104@yahoo.com,,noida,04-07-2024,New,False,
SWGY10240,Karthik Mehta,karthik.mehta346@yahoo.com,919755855665,LUCKNOW,09-15-2023,New,False,N
SWGY10241,Saanvi Bose,saanvi.bose1@gmail.com,+91-90824-04335,lucknow,02-16-2024,,False,Y
SWGY10242,Ishaan Verma,ishaan.verma256@yahoo.com,4196931572,Gurugram,05-30-2024,New,False,yes
SWGY10243,Vivaan Pillai,vivaan.pillai901@gmail.co,,KOLKATA,20/08/2023,Dormant,False,N
SWGY10244,Arjun Verma,arjun.verma93@yahoo.com,(622) 517-9086,Ahmedabad,07/07/2024,Churned,False,0
SWGY10245,Rahul Iyer,rahul.iyer586@yahoo.com,, Kochi ,17/10/2023,Frequent Orderer,False,1
SWGY10246,Diya Patel,diya.patel313@yahoo.com,,Pune,2024-05-18,Swiggy One Member,False,Yes
SWGY10247,Sai Shetty,sai.shetty711@gmail.com,917053833884, Lucknow ,10-30-2023,Dormant,True,Y
SWGY10248,Karthik Sharma,karthik.sharma62@outlook.com,+91-94070-16451,kolkata,01-17-2025,Churned,False,0
SWGY10249,Sai Chatterjee,sai.chatterjee545@gmail.com,8780038457,NELLORE,2025-05-27,New,False,1
SWGY10250,Sneha Das,sneha.das283@gmail.com,, Pune ,03-02-2025,Frequent Orderer,False,N
SWGY10251,Aadhya Singh,aadhya.singh460@hotmail.com,,VIJAYAWADA,04/11/2023,,False,No
SWGY10252,Navya Bose,navya.bose31@outlook.com,+91-66474-23122,jaipur,09-30-2023,New,False,N
SWGY10253,Ira Singh,ira.singh138@hotmail.com,+91-75267-72233, Hyderabad ,2025-05-04,New,True,yes
SWGY10254,Aadhya Singh,aadhya.singh950@gmail.co,7573660965,Jaipur,04-18-2025,Churned,False,No
SWGY10255,Myra Joshi,myra.joshi753@gmail.com,8034764472,noida,07-14-2023,Dormant,False,Yes
SWGY10256,Karthik Malhotra,karthik.malhotra513@gmail.com,919826657027,LUCKNOW,24/10/2023,Frequent Orderer,False,No
SWGY10257,Ayaan Khan,ayaan.khan127@gmail.com,7518689268,Jaipur,2025-03-26,Churned,False,1
SWGY10258,Riya Iyer,riya.iyer317@gmail.co,2123094077,Delhi,10-27-2023,New,False,
SWGY10259,Sai Patel,sai.patel615@gmail.com,+91-84983-02205,VIJAYAWADA,2025-04-06,Frequent Orderer,False,yes
SWGY10260,Ananya Gupta,ananya.gupta626@hotmail.com,8279501455,Bengaluru,20/09/2023,Frequent Orderer,False,No
SWGY10261,Krishna Kapoor,krishna.kapoor540@gmail.co,3901981794,delhi,03/10/2023,Swiggy One Member,True,1
SWGY10262,Divya Iyer,divya.iyer828@yahoo.com,3430107139, Vijayawada ,2024-12-28,Frequent Orderer,False,1
SWGY10263,Diya Bose,diya.bose261@gmail.com,+91-88501-55699,KOCHI,2025-03-14,New,False,1
SWGY10264,Vikram Khan,vikram.khan140@gmail.co,917857608495,Lucknow,2025-04-19,,True,1
SWGY10265,Neha Das,neha.das642@hotmail.com,9962914504,Mumbai,31/10/2023,Frequent Orderer,True,N
SWGY10266,Diya Joshi,diya.joshi804@gmail.com,,noida,05/04/2024,New,False,Y
SWGY10267,Rahul Reddy,rahul.reddy742@gmail.com,+91-81040-91570,noida,2024-11-10,Swiggy One Member,True,yes
SWGY10268,Rohan Patel,rohan.patel452@gmail.com,(241) 098-8138,pune,23/12/2023,New,False,Y
SWGY10269,Karthik Menon,karthik.menon554@gmail.co,, Vijayawada ,02-06-2024,New,False,1
SWGY10270,Krishna Khan,krishna.khan998@gmail.co,911717477332,noida,20/12/2023,Dormant,False,0
SWGY10271,Reyansh Khan,reyansh.khan360@gmail.co,(245) 992-8161,Kochi,28/04/2024,Frequent Orderer,True,
SWGY10272,Saanvi Pillai,saanvi.pillai998@gmail.co,,Kolkata,01-31-2024,Swiggy One Member,True,
SWGY10273,Ishaan Pillai,ishaan.pillai316@gmail.co,,Vijayawada,2024-09-17,Frequent Orderer,True,Y
SWGY10274,Myra Bose,myra.bose211@outlook.com,(465) 190-9862,Chennai,04/07/2024,Swiggy One Member,True,Yes
SWGY10275,Aarav Bose,aarav.bose443@hotmail.com,56666 83272, Noida ,02/06/2024,New,True,0
SWGY10276,Arjun Menon,arjun.menon148@gmail.co,912126796927, Noida ,04-17-2025,New,True,
SWGY10277,Saanvi Das,saanvi.das749@yahoo.com,+91-46895-00975, Hyderabad ,12-08-2023,Frequent Orderer,True,No
SWGY10278,Arjun Malhotra,arjun.malhotra91@yahoo.com,1894905807, Noida ,03-13-2024,Frequent Orderer,True,1
SWGY10279,Aadhya Das,aadhya.das768@outlook.com,+91-94079-29049,kochi,28/03/2024,Frequent Orderer,True,No
SWGY10280,Arjun Malhotra,arjun.malhotra264@gmail.com,92927 52437,Mumbai,11/03/2024,Frequent Orderer,False,No
SWGY10281,Arjun Shetty,arjun.shetty393@yahoo.com,2395041027, Lucknow ,05/11/2023,Dormant,False,
SWGY10282,Priya Bose,priya.bose269@yahoo.com,,hyderabad,23/06/2024,Swiggy One Member,True,yes
SWGY10283,Ananya Rao,ananya.rao692@yahoo.com,+91-93852-58001, Chennai ,2023-09-09,Frequent Orderer,False,No
SWGY10284,Sneha Joshi,sneha.joshi635@gmail.com,93911 19269,Pune,01-11-2024,Dormant,True,Y
SWGY10285,Ayaan Menon,ayaan.menon284@gmail.co,(542) 140-6650,gurugram,2025-04-07,Churned,False,
SWGY10286,Aditya Kapoor,aditya.kapoor504@gmail.com,916391741011,lucknow,23/12/2023,Swiggy One Member,True,Yes
SWGY10287,Nikhil Kapoor,nikhil.kapoor681@gmail.co,915690877661,DELHI,2025-03-30,Swiggy One Member,True,0
SWGY10288,Karthik Kapoor,karthik.kapoor342@outlook.com,, Mumbai ,01-01-2025,Swiggy One Member,True,N
SWGY10289,Krishna Chatterjee,krishna.chatterjee87@gmail.co,,lucknow,18/09/2023,Swiggy One Member,True,
SWGY10290,Aarav Verma,aarav.verma217@hotmail.com,918293102707,Pune,2023-07-28,Frequent Orderer,False,Y
SWGY10291,Aarav Nair,aarav.nair626@yahoo.com,(111) 799-3136, Ahmedabad ,22/07/2023,Churned,False,No
SWGY10292,Sneha Pillai,sneha.pillai47@hotmail.com,11426 25827,Nellore,2023-10-19,Frequent Orderer,False,No
SWGY10293,Neha Shetty,neha.shetty184@gmail.com,9467232487,KOLKATA,2023-11-09,New,True,Yes
SWGY10294,Ira Nair,ira.nair847@outlook.com,910833181958,JAIPUR,24/10/2024,Swiggy One Member,True,N
SWGY10295,Ayaan Verma,ayaan.verma486@gmail.co,+91-00543-64597,Hyderabad,09-24-2023,Dormant,False,Yes
SWGY10296,Divya Bose,divya.bose917@yahoo.com,+91-99563-53153,DELHI,11-09-2023,Dormant,False,0
SWGY10297,Pooja Patel,pooja.patel447@yahoo.com,97265 27354,kolkata,2024-01-12,New,False,Yes
SWGY10298,Karthik Pillai,karthik.pillai176@outlook.com,914929298316, Bengaluru ,2024-03-14,New,False,
SWGY10299,Vikram Joshi,vikram.joshi336@gmail.co,9290600780, Chennai ,15/06/2023,Dormant,False,No
SWGY10300,Myra Kapoor,myra.kapoor750@gmail.co,912543107427,Hyderabad,25/08/2023,Swiggy One Member,False,
SWGY10301,Rahul Iyer,rahul.iyer476@gmail.com,911658046498,NOIDA,05-21-2025,,False,No
SWGY10302,Ira Khan,ira.khan53@gmail.com,79055 28183,jaipur,2023-07-27,Frequent Orderer,False,No
SWGY10303,Rohan Kapoor,,914864015577,Jaipur,15/01/2025,Dormant,False,yes
SWGY10304,Myra Shetty,myra.shetty68@yahoo.com,+91-71162-41124,PUNE,20/04/2025,Churned,False,Y
SWGY10305,Pooja Patel,pooja.patel955@yahoo.com,,nellore,03-04-2025,New,False,1
SWGY10306,Pari Pillai,pari.pillai469@outlook.com,(424) 375-4025, Ahmedabad ,2025-05-14,Swiggy One Member,True,Y
SWGY10307,Karthik Bose,karthik.bose683@yahoo.com,911059274523,Chennai,12-04-2023,Churned,False,1
SWGY10308,Diya Iyer,diya.iyer309@gmail.com,,pune,02/09/2024,Swiggy One Member,True,yes
SWGY10309,Rahul Pillai,rahul.pillai347@gmail.com,(028) 140-6937,Ahmedabad,29/10/2023,Dormant,False,Yes
SWGY10310,Ira Patel,ira.patel24@gmail.com,+91-71863-75998,vijayawada,21/11/2024,Frequent Orderer,False,Y
SWGY10311,Karthik Mehta,karthik.mehta457@hotmail.com,+91-76742-66299,PUNE,2024-06-30,Frequent Orderer,False,yes
SWGY10312,Pari Malhotra,pari.malhotra7@gmail.co,(462) 879-2326, Pune ,2023-08-07,Churned,False,yes
SWGY10313,Vikram Pillai,vikram.pillai28@gmail.com,(471) 462-7301, Chennai ,2024-10-18,Swiggy One Member,True,1
SWGY10314,Riya Kapoor,riya.kapoor711@gmail.com,(904) 290-2572,VIJAYAWADA,2024-08-20,Dormant,False,yes
SWGY10315,Diya Mehta,diya.mehta79@hotmail.com,+91-21928-55445,ahmedabad,2024-05-30,New,False,Yes
SWGY10316,Arjun Malhotra,arjun.malhotra167@gmail.com,8338988816,Chennai,2024-06-16,,False,Y
SWGY10317,Divya Sharma,divya.sharma912@hotmail.com,52401 32234,GURUGRAM,2024-05-22,Frequent Orderer,False,No
SWGY10318,Aadhya Reddy,aadhya.reddy111@gmail.com,+91-89071-40140,Mumbai,06-20-2023,Dormant,False,N
SWGY10319,Riya Patel,riya.patel965@outlook.com,915528938911,Delhi,04-17-2025,Frequent Orderer,True,N
SWGY10320,Karthik Patel,karthik.patel102@yahoo.com,75927 12566,CHENNAI,23/11/2023,Churned,False,No
SWGY10321,Rahul Khan,rahul.khan722@outlook.com,, Mumbai ,2024-09-20,New,False,0
SWGY10322,Krishna Mehta,KRISHNA.MEHTA377@YAHOO.COM,,Hyderabad,08-11-2023,Dormant,False,Y
SWGY10323,Aditya Das,aditya.das239@gmail.co,,hyderabad,2024-05-12,New,False,
SWGY10324,Ishaan Reddy,ishaan.reddy102@gmail.com,+91-70269-52499,Chennai,10-14-2024,Frequent Orderer,False,
SWGY10325,Neha Joshi,neha.joshi268@hotmail.com,8800616756, Hyderabad ,2024-03-27,Swiggy One Member,True,Yes
SWGY10326,Reyansh Bose,reyansh.bose320@gmail.co,911978897782,Ahmedabad,06/04/2024,Dormant,False,yes
SWGY10327,Pari Pillai,pari.pillai292@outlook.com,9025590561,kolkata,21/02/2025,Swiggy One Member,True,0
SWGY10328,Diya Verma,diya.verma933@gmail.com,911520850769, Ahmedabad ,06/02/2024,Frequent Orderer,False,Yes
SWGY10329,Karthik Kapoor,karthik.kapoor587@gmail.com,1357852945,VIJAYAWADA,23/06/2023,Churned,False,No
SWGY10330,Vikram Bose,vikram.bose824@yahoo.com,1919541987,HYDERABAD,21/03/2024,Frequent Orderer,False,No
SWGY10331,Rohan Menon,rohan.menon412@outlook.com,(782) 082-9737, Nellore ,04-03-2024,Frequent Orderer,False,Yes
SWGY10332,Anika Patel,anika.patel308@gmail.co,13644 24936,Pune,2024-09-16,New,False,N
SWGY10333,Aarav Singh,aarav.singh663@gmail.com,+91-42044-82070,Kochi,13/04/2024,Frequent Orderer,False,yes
SWGY10334,Pooja Gupta,pooja.gupta407@yahoo.com,919818984713,Lucknow,21/07/2024,Dormant,False,1
SWGY10335,Vikram Pillai,vikram.pillai224@yahoo.com,,,04/07/2024,Dormant,False,0
SWGY10336,Pari Singh,pari.singh22@hotmail.com,0348645183, Chennai ,2023-10-27,Frequent Orderer,False,0
SWGY10337,Divya Rao,divya.rao881@yahoo.com,+91-56041-77656,CHENNAI,09-01-2023,Churned,False,yes
SWGY10338,Anika Gupta,anika.gupta756@outlook.com,910027206345,Pune,2024-08-04,Swiggy One Member,True,Y
SWGY10339,Sai Malhotra,sai.malhotra812@outlook.com,24295 43165, Jaipur ,26/03/2025,Dormant,False,N
SWGY10340,Aarav Sharma,aarav.sharma929@gmail.com,,lucknow,2024-12-23,Swiggy One Member,True,No
SWGY10341,Aarav Malhotra,aarav.malhotra209@yahoo.com,,,07/09/2024,Dormant,False,Y
SWGY10342,Aadhya Iyer,aadhya.iyer255@outlook.com,,bengaluru,2024-03-24,Churned,False,No
SWGY10343,Navya Verma,navya.verma621@hotmail.com,910048964652,Bengaluru,05-06-2024,Churned,False,Y
SWGY10344,Ayaan Nair,ayaan.nair325@hotmail.com,(415) 027-4564,nellore,10-17-2024,Churned,False,1
SWGY10345,Aadhya Nair,aadhya.nair674@gmail.co,+91-20320-74276, Pune ,2024-10-16,Dormant,False,
SWGY10346,Diya Bose,diya.bose127@outlook.com,914228499390,GURUGRAM,11/09/2024,Frequent Orderer,False,No
SWGY10347,Sai Kapoor,sai.kapoor697@gmail.com,919152017774,Ahmedabad,05/09/2023,Dormant,True,Yes
SWGY10348,Rohan Shetty,rohan.shetty817@hotmail.com,(045) 018-9616,GURUGRAM,2024-04-28,Churned,False,0
SWGY10349,Aditya Sharma,aditya.sharma771@yahoo.com,7649251583, Noida ,31/12/2023,New,False,
SWGY10350,Ayaan Pillai,ayaan.pillai191@gmail.co,+91-10857-32788,,07/08/2024,New,False,0
SWGY10351,Aditya Kapoor,aditya.kapoor255@hotmail.com,+91-90810-81866,,10-31-2023,Churned,False,yes
SWGY10352,Diya Rao,diya.rao474@yahoo.com,(601) 645-9779,vijayawada,2023-08-23,Dormant,True,N
SWGY10353,Reyansh Gupta,reyansh.gupta19@gmail.com,(027) 769-7499, Jaipur ,08/02/2025,Frequent Orderer,False,No
SWGY10354,Arjun Iyer,arjun.iyer880@gmail.com,2368314727,Bengaluru,2023-12-13,New,True,Y
SWGY10355,Nikhil Iyer,nikhil.iyer461@hotmail.com,,jaipur,2025-05-20,Frequent Orderer,True,
SWGY10356,Saanvi Kapoor,saanvi.kapoor889@gmail.co,,Nellore,26/01/2025,Dormant,False,1
SWGY10357,Myra Mehta,myra.mehta238@hotmail.com,915972466572,BENGALURU,13/11/2023,Frequent Orderer,False,No
SWGY10358,Sneha Kapoor,sneha.kapoor426@gmail.co,+91-38005-45228,Delhi,25/11/2023,New,False,0
SWGY10359,Ishaan Shetty,,+91-84289-10771,Hyderabad,10-02-2023,Swiggy One Member,True,Yes
SWGY10360,Anika Reddy,anika.reddy746@outlook.com,8712552137,Delhi,2025-03-07,New,False,
SWGY10361,Ananya Menon,ananya.menon370@yahoo.com,+91-86326-66785, Nellore ,2023-11-23,New,False,Yes
SWGY10362,Karthik Malhotra,karthik.malhotra445@gmail.com,,mumbai,26/08/2023,Frequent Orderer,False,Yes
SWGY10363,Vikram Rao,vikram.rao414@gmail.co,918997563410,lucknow,22/11/2024,Swiggy One Member,True,Y
SWGY10364,Anika Bose,ANIKA.BOSE776@YAHOO.COM,(894) 346-8105,chennai,2024-01-05,,False,Yes
SWGY10365,Rahul Reddy,rahul.reddy348@yahoo.com,, Gurugram ,04-01-2024,Swiggy One Member,False,N
SWGY10366,Ishaan Khan,ishaan.khan151@gmail.co,, Nellore ,01-17-2025,New,False,0
SWGY10367,Pooja Rao,pooja.rao706@gmail.co,+91-62282-77288,VIJAYAWADA,23/10/2024,Swiggy One Member,True,
SWGY10368,Vivaan Nair,vivaan.nair113@gmail.com,4082154544,Nellore,2024-06-13,Churned,True,Y
SWGY10369,Neha Pillai,NEHA.PILLAI188@GMAIL.CO,(851) 067-9497, Kolkata ,20/07/2023,Churned,False,Y
SWGY10370,Rahul Iyer,rahul.iyer888@outlook.com,,nellore,03-13-2025,Frequent Orderer,False,No
SWGY10371,Pooja Nair,pooja.nair725@outlook.com,18139 89098, Jaipur ,06-26-2023,Swiggy One Member,True,Yes
SWGY10372,Ishaan Bose,,89569 07056, Delhi ,2023-06-20,Frequent Orderer,False,1
SWGY10373,Saanvi Rao,saanvi.rao188@outlook.com,(246) 209-5200, Mumbai ,2023-09-26,Churned,False,1
SWGY10374,Arjun Mehta,arjun.mehta54@yahoo.com,(993) 788-6140, Lucknow ,04-27-2024,Frequent Orderer,False,0
SWGY10375,Aditya Kapoor,aditya.kapoor20@outlook.com,,BENGALURU,2024-07-22,Swiggy One Member,True,1
SWGY10376,Navya Nair,navya.nair934@hotmail.com,(079) 420-0749, Kochi ,07/02/2024,Swiggy One Member,True,N
SWGY10377,Riya Malhotra,riya.malhotra92@gmail.co,, Chennai ,17/07/2023,New,False,N
SWGY10378,Sneha Khan,sneha.khan709@yahoo.com,910970026876,Pune,01-02-2024,Frequent Orderer,True,No
SWGY10379,Navya Sharma,navya.sharma386@hotmail.com,,lucknow,2025-04-18,Frequent Orderer,False,No
SWGY10380,Vikram Shetty,vikram.shetty991@outlook.com,7930361498,AHMEDABAD,04-06-2024,Dormant,False,N
SWGY10381,Sneha Pillai,sneha.pillai603@yahoo.com,(249) 384-3089, Ahmedabad ,2025-04-29,Swiggy One Member,True,0
SWGY10382,Rohan Verma,rohan.verma697@hotmail.com,+91-58030-46875, Noida ,2024-04-26,Frequent Orderer,False,1
SWGY10383,Aditya Pillai,aditya.pillai981@gmail.com,913254110760,kochi,26/06/2023,Churned,False,N
SWGY10384,Ishaan Kapoor,ishaan.kapoor243@gmail.com,(971) 791-1006,Hyderabad,2024-05-14,Dormant,False,Yes
SWGY10385,Divya Joshi,divya.joshi105@gmail.com,4661963990, Bengaluru ,04/04/2024,Swiggy One Member,True,0
SWGY10386,Nikhil Shetty,nikhil.shetty465@hotmail.com,,vijayawada,12/09/2023,Frequent Orderer,False,0
SWGY10387,Pari Shetty,pari.shetty320@hotmail.com,(549) 822-7495,gurugram,2023-12-08,Frequent Orderer,False,Y
SWGY10388,Vivaan Singh,vivaan.singh206@yahoo.com,, Nellore ,24/12/2024,Dormant,False,Y
SWGY10389,Ishaan Joshi,ishaan.joshi710@yahoo.com,+91-33756-36205,Lucknow,14/07/2023,Frequent Orderer,False,Yes
SWGY10390,Navya Reddy,navya.reddy369@gmail.com,33423 42583,DELHI,2024-03-24,Frequent Orderer,False,Y
SWGY10391,Vikram Rao,vikram.rao807@gmail.com,,Lucknow,2023-09-12,New,False,Y
SWGY10392,Nikhil Iyer,nikhil.iyer614@gmail.co,+91-30993-84253,kochi,2023-12-12,New,False,
SWGY10393,Kabir Gupta,,918725587774, Kochi ,09-24-2024,Dormant,False,Yes
SWGY10394,Kabir Singh,kabir.singh436@gmail.co,,Lucknow,25/12/2023,Frequent Orderer,False,1
SWGY10395,Aadhya Joshi,aadhya.joshi392@gmail.com,(341) 514-8881,GURUGRAM,2024-08-16,Frequent Orderer,False,No
SWGY10396,Aditya Das,aditya.das310@outlook.com,919284044566,Bengaluru,11/12/2024,New,False,Y
SWGY10397,Pooja Chatterjee,pooja.chatterjee602@hotmail.com,917515366377,Hyderabad,19/01/2024,Dormant,False,Y
SWGY10398,Riya Iyer,,(684) 590-9022, Chennai ,10/06/2023,Frequent Orderer,False,N
SWGY10399,Saanvi Gupta,saanvi.gupta463@outlook.com,1820970231,nellore,2024-06-30,New,True,N
SWGY10400,Krishna Malhotra,krishna.malhotra881@gmail.co,(128) 671-6323, Mumbai ,09-08-2024,New,False,
SWGY10401,Reyansh Shetty,reyansh.shetty702@gmail.co,0271693859, Vijayawada ,13/04/2024,Swiggy One Member,True,Yes
SWGY10402,Priya Gupta,priya.gupta729@outlook.com,+91-26329-67629, Chennai ,03-23-2025,Dormant,False,Yes
SWGY10403,Sai Nair,sai.nair69@yahoo.com,68151 18567,chennai,2025-03-05,Swiggy One Member,True,Yes
SWGY10404,Myra Sharma,myra.sharma391@outlook.com,3600412577,Mumbai,2025-03-16,Swiggy One Member,True,N
SWGY10405,Karthik Joshi,karthik.joshi19@hotmail.com,(418) 621-0427,DELHI,2024-09-25,,False,Yes
SWGY10406,Nikhil Bose,nikhil.bose831@hotmail.com,16470 90063,hyderabad,2024-08-26,Swiggy One Member,True,N
SWGY10407,Aditya Sharma,aditya.sharma686@gmail.com,,KOLKATA,06-29-2023,Churned,False,N
SWGY10408,Divya Bose,divya.bose178@gmail.com,+91-50637-31495,Kolkata,2024-08-12,,False,0
SWGY10409,Krishna Shetty,krishna.shetty583@yahoo.com,(195) 625-2571,Gurugram,09-13-2023,Dormant,False,
SWGY10410,Saanvi Malhotra,saanvi.malhotra22@hotmail.com,1436391025,ahmedabad,2024-01-25,Frequent Orderer,True,Y
SWGY10411,Saanvi Patel,saanvi.patel455@outlook.com,50864 03553,Ahmedabad,07-09-2023,Frequent Orderer,False,N
SWGY10412,Neha Singh,neha.singh645@gmail.com,917130232129,VIJAYAWADA,2024-06-25,Swiggy One Member,True,No
SWGY10413,Aadhya Joshi,aadhya.joshi255@outlook.com,7347156627, Chennai ,11-16-2023,Dormant,False,0
SWGY10414,Rahul Iyer,rahul.iyer778@outlook.com,912824674746, Noida ,2024-10-06,New,False,1
SWGY10415,Arjun Kapoor,arjun.kapoor748@outlook.com,+91-66567-49160, Hyderabad ,11-06-2023,Churned,True,Y
SWGY10416,Kabir Mehta,kabir.mehta714@gmail.com,6337050249,CHENNAI,22/05/2024,Frequent Orderer,False,N
SWGY10417,Ira Pillai,ira.pillai939@gmail.co,919183626448, Ahmedabad ,11-13-2023,New,False,yes
SWGY10418,Priya Mehta,priya.mehta834@yahoo.com,913640270116, Kochi ,08-31-2023,New,False,yes
SWGY10419,Priya Mehta,priya.mehta187@hotmail.com,7932302346,Delhi,11-28-2023,Frequent Orderer,False,Y
SWGY10420,Aditya Menon,aditya.menon241@gmail.co,+91-10040-90138, Mumbai ,06-21-2024,New,False,yes
SWGY10421,Divya Kapoor,divya.kapoor699@outlook.com,3566905510, Gurugram ,05-11-2024,Swiggy One Member,True,Y
SWGY10422,Aarav Shetty,,, Mumbai ,2024-11-25,,False,
SWGY10423,Saanvi Shetty,saanvi.shetty488@gmail.com,+91-49328-98027,kochi,08-23-2023,Frequent Orderer,False,
SWGY10424,Reyansh Joshi,reyansh.joshi217@yahoo.com,, Mumbai ,10-06-2024,Swiggy One Member,True,No
SWGY10425,Sneha Iyer,sneha.iyer815@outlook.com,(991) 566-8633,Lucknow,29/11/2024,Swiggy One Member,True,No
SWGY10426,Ishaan Gupta,ishaan.gupta377@yahoo.com,(690) 409-8366,pune,01-27-2025,Churned,False,Y
SWGY10427,Anika Shetty,,(437) 729-4209,vijayawada,01-14-2024,New,True,No
SWGY10428,Ayaan Pillai,ayaan.pillai386@gmail.com,+91-52330-27642, Gurugram ,08/03/2025,Dormant,False,0
SWGY10429,Sneha Kapoor,sneha.kapoor714@yahoo.com,918612590472,PUNE,05/07/2024,,False,
SWGY10430,Krishna Iyer,,+91-26620-15720,hyderabad,01-10-2024,Dormant,False,0
SWGY10431,Arjun Chatterjee,arjun.chatterjee611@yahoo.com,+91-61764-75011,Hyderabad,05/07/2023,New,False,N
SWGY10432,Aarav Pillai,aarav.pillai608@yahoo.com,,Vijayawada,07/01/2025,Frequent Orderer,False,
SWGY10433,Aditya Malhotra,aditya.malhotra668@gmail.com,+91-31292-08751,NOIDA,01-19-2025,Swiggy One Member,True,N
SWGY10434,Rohan Nair,rohan.nair128@hotmail.com,8260340848,MUMBAI,12-27-2024,Frequent Orderer,False,
SWGY10435,Karthik Khan,karthik.khan705@gmail.com,03032 43298,nellore,26/05/2024,Swiggy One Member,True,Y
SWGY10436,Priya Shetty,priya.shetty666@yahoo.com,911462831435,KOLKATA,16/08/2023,Swiggy One Member,True,Y
SWGY10437,Ananya Mehta,ananya.mehta545@gmail.com,+91-61515-54234,Kolkata,27/06/2023,Churned,False,N
SWGY10438,Saanvi Reddy,saanvi.reddy842@gmail.co,5948491025,KOCHI,05/10/2023,New,False,0
SWGY10439,Pari Pillai,pari.pillai130@yahoo.com,4053967275,delhi,21/02/2024,New,False,0
SWGY10440,Anika Singh,anika.singh321@gmail.com,+91-13129-01487, Chennai ,03-12-2025,Dormant,False,Y
SWGY10441,Pari Kapoor,pari.kapoor416@gmail.com,06853 89097,NELLORE,2025-05-02,Churned,False,No
SWGY10442,Diya Iyer,diya.iyer383@gmail.com,, Nellore ,2024-05-27,Churned,False,yes
SWGY10443,Divya Malhotra,DIVYA.MALHOTRA59@OUTLOOK.COM,+91-75451-05265,Noida,07/07/2023,Churned,False,
SWGY10444,Kabir Gupta,kabir.gupta8@yahoo.com,(437) 654-5628,Nellore,08/11/2024,Dormant,False,
SWGY10445,Reyansh Iyer,reyansh.iyer114@yahoo.com,2665023741, Pune ,08-18-2024,New,False,
SWGY10446,Neha Iyer,neha.iyer399@yahoo.com,1022580305,Pune,14/07/2024,Frequent Orderer,False,
SWGY10447,Krishna Menon,krishna.menon524@yahoo.com,,GURUGRAM,2023-08-24,Dormant,False,No
SWGY10448,Arjun Chatterjee,arjun.chatterjee632@yahoo.com,+91-06684-33567, Bengaluru ,03-07-2024,Churned,False,Yes
SWGY10449,Krishna Reddy,krishna.reddy328@gmail.com,00534 74916,chennai,07/06/2024,Frequent Orderer,False,1
SWGY10450,Ananya Menon,ananya.menon789@yahoo.com,+91-59895-34396,Mumbai,2023-09-08,Swiggy One Member,True,No
SWGY10451,Vivaan Pillai,vivaan.pillai102@gmail.com,9547382023,lucknow,04-01-2025,Dormant,False,1
SWGY10452,Nikhil Das,nikhil.das430@hotmail.com,,GURUGRAM,03-06-2025,Dormant,False,0
SWGY10453,Pari Bose,pari.bose394@hotmail.com,,Noida,11-07-2024,Churned,False,
SWGY10454,Anika Malhotra,anika.malhotra122@yahoo.com,83402 42403,Chennai,2024-04-06,Dormant,False,1
SWGY10455,Rohan Shetty,rohan.shetty740@yahoo.com,+91-94500-53424,Pune,04-28-2024,New,False,0
SWGY10456,Rohan Rao,rohan.rao837@gmail.co,4396273652,Noida,03/03/2025,Swiggy One Member,True,Y
SWGY10457,Myra Nair,MYRA.NAIR664@OUTLOOK.COM,2269312163, Noida ,2023-11-28,New,False,Y
SWGY10458,Priya Sharma,priya.sharma782@gmail.com,14290 01851,VIJAYAWADA,11/09/2023,Frequent Orderer,True,
SWGY10459,Vikram Nair,vikram.nair274@hotmail.com,+91-01841-86203,CHENNAI,05/05/2024,Frequent Orderer,False,0
SWGY10460,Arjun Das,arjun.das906@gmail.com,+91-13145-19515,Ahmedabad,03-20-2024,Frequent Orderer,False,Y
SWGY10461,Reyansh Mehta,reyansh.mehta154@outlook.com,,NELLORE,08/05/2024,Swiggy One Member,True,Y
SWGY10462,Saanvi Joshi,saanvi.joshi745@outlook.com,915226557676,,2024-10-02,Dormant,True,N
SWGY10463,Saanvi Mehta,saanvi.mehta550@yahoo.com,+91-96893-13503,nellore,10-22-2024,Swiggy One Member,True,
SWGY10464,Arjun Reddy,arjun.reddy143@outlook.com,,Bengaluru,05-23-2024,Frequent Orderer,False,0
SWGY10465,Diya Verma,diya.verma858@hotmail.com,02521 31096,JAIPUR,17/09/2023,Swiggy One Member,True,Y
SWGY10466,Priya Malhotra,priya.malhotra661@gmail.com,, Jaipur ,04-02-2024,Frequent Orderer,False,yes
SWGY10467,Divya Pillai,divya.pillai997@gmail.com,+91-23690-36289, Nellore ,09/04/2024,Dormant,False,1
SWGY10468,Rohan Chatterjee,rohan.chatterjee200@outlook.com,,NOIDA,06-24-2024,New,False,Yes
SWGY10469,Rahul Menon,rahul.menon88@hotmail.com,9700514054,HYDERABAD,16/12/2024,New,False,0
SWGY10470,Priya Das,priya.das919@hotmail.com,, Delhi ,2025-05-20,Swiggy One Member,True,No
SWGY10471,Karthik Singh,karthik.singh165@hotmail.com,+91-98572-54596, Lucknow ,2024-01-07,Dormant,False,N
SWGY10472,Ira Shetty,,+91-48171-75242,mumbai,11-04-2023,Swiggy One Member,True,1
SWGY10473,Diya Gupta,diya.gupta263@gmail.co,,,01/12/2023,Dormant,False,1
SWGY10474,Anika Shetty,anika.shetty899@gmail.com,0380214629,Pune,2024-06-17,New,False,0
SWGY10475,Pooja Joshi,pooja.joshi838@gmail.co,912166365155, Ahmedabad ,2023-09-04,Frequent Orderer,False,
SWGY10476,Ishaan Rao,ishaan.rao150@yahoo.com,+91-09605-67303, Gurugram ,10/07/2023,Swiggy One Member,True,yes
SWGY10477,Rohan Nair,rohan.nair730@gmail.co,83420 16542,,24/10/2023,New,False,
SWGY10478,Pari Bose,pari.bose585@gmail.co,89319 92550, Jaipur ,2023-11-12,Churned,False,
SWGY10479,Pooja Khan,pooja.khan462@yahoo.com,91033 68296,mumbai,2025-04-21,Frequent Orderer,True,N
SWGY10480,Sneha Pillai,sneha.pillai515@gmail.com,76655 86851, Bengaluru ,14/06/2024,Dormant,True,1
SWGY10481,Reyansh Bose,reyansh.bose866@gmail.co,,Vijayawada,11-14-2023,Swiggy One Member,True,
SWGY10482,Anika Pillai,anika.pillai217@yahoo.com,+91-86137-15766,kochi,2023-07-04,Swiggy One Member,True,yes
SWGY10483,Ayaan Rao,ayaan.rao931@gmail.co,02589 55296, Chennai ,2024-07-29,Swiggy One Member,False,0
SWGY10484,Vikram Verma,vikram.verma746@yahoo.com,5826312819,,01-12-2025,Frequent Orderer,False,Y
SWGY10485,Ananya Patel,ananya.patel157@gmail.com,,MUMBAI,04/09/2023,New,True,N
SWGY10486,Navya Singh,navya.singh958@yahoo.com,91179 11244,Jaipur,2024-06-22,Dormant,False,
SWGY10487,Pooja Das,pooja.das76@gmail.co,13665 72240,,2023-12-30,Frequent Orderer,True,1
SWGY10488,Diya Kapoor,diya.kapoor760@outlook.com,+91-39080-88235,VIJAYAWADA,2025-02-04,Swiggy One Member,True,1
SWGY10489,Arjun Singh,arjun.singh977@gmail.com,84776 86342,mumbai,09/05/2025,Churned,False,No
SWGY10490,Riya Pillai,riya.pillai905@gmail.co,(459) 196-6395,Chennai,17/11/2023,Dormant,False,Y
SWGY10491,Nikhil Verma,nikhil.verma847@hotmail.com,,nellore,15/02/2024,Swiggy One Member,True,Y
SWGY10492,Rahul Khan,rahul.khan477@hotmail.com,913816493831,mumbai,06-10-2023,Frequent Orderer,True,No
SWGY10493,Riya Mehta,riya.mehta822@gmail.co,46117 29596,Ahmedabad,19/08/2024,,False,Yes
SWGY10494,Rohan Pillai,rohan.pillai918@hotmail.com,(050) 171-6445, Bengaluru ,2024-09-15,Frequent Orderer,False,1
SWGY10495,Pari Shetty,pari.shetty657@gmail.com,91030 02156,BENGALURU,2024-07-07,Frequent Orderer,False,N
SWGY10496,Priya Das,priya.das266@gmail.com,4145964229,Noida,2024-12-02,Churned,False,1
SWGY10497,Pooja Iyer,pooja.iyer458@gmail.com,(397) 745-7314,,19/01/2025,Dormant,False,N
SWGY10498,Sneha Patel,sneha.patel687@yahoo.com,(637) 153-9885, Jaipur ,08-19-2023,New,False,Y
SWGY10499,Pooja Malhotra,pooja.malhotra889@hotmail.com,6314624912,Mumbai,10-12-2023,New,False,No
SWGY10500,Sai Sharma,sai.sharma464@outlook.com,(815) 632-6868,Lucknow,14/09/2024,New,True,yes
SWGY10501,Diya Reddy,diya.reddy194@gmail.co,48978 61031,Bengaluru,2025-03-26,Frequent Orderer,False,Yes
SWGY10502,Riya Rao,riya.rao904@hotmail.com,(666) 134-7323,hyderabad,08-07-2023,Swiggy One Member,True,yes
SWGY10503,Priya Sharma,,+91-12257-20765,,07/12/2023,Frequent Orderer,False,No
SWGY10504,Reyansh Sharma,reyansh.sharma254@gmail.co,(094) 388-2211,vijayawada,26/05/2024,Churned,False,
SWGY10505,Priya Das,priya.das470@gmail.com,4589714802,NELLORE,02-19-2024,Swiggy One Member,True,Y
SWGY10506,Diya Kapoor,diya.kapoor442@outlook.com,,bengaluru,06/02/2024,Swiggy One Member,True,0
SWGY10507,Riya Mehta,,917954107272,chennai,04-12-2024,New,False,Y
SWGY10508,Krishna Kapoor,krishna.kapoor290@hotmail.com,,CHENNAI,2023-08-06,Dormant,True,yes
SWGY10509,Arjun Patel,arjun.patel956@outlook.com,6661449429,kolkata,01-20-2025,Churned,True,Y
SWGY10510,Sneha Patel,sneha.patel305@hotmail.com,917826612875,chennai,17/10/2023,Frequent Orderer,False,1
SWGY10511,Aadhya Joshi,aadhya.joshi786@gmail.co,912943985298,kolkata,2024-07-25,Frequent Orderer,True,0
SWGY10512,Arjun Chatterjee,arjun.chatterjee860@gmail.com,+91-41591-49750,Ahmedabad,06-07-2023,Frequent Orderer,False,N
SWGY10513,Anika Iyer,anika.iyer159@outlook.com,910793110291,Nellore,2024-10-20,New,False,N
SWGY10514,Ishaan Kapoor,ishaan.kapoor415@gmail.co,38497 91620,BENGALURU,10-30-2024,,True,N
SWGY10515,Reyansh Malhotra,reyansh.malhotra297@outlook.com,97546 61766,Jaipur,17/05/2025,Swiggy One Member,True,
SWGY10516,Ishaan Pillai,ishaan.pillai667@hotmail.com,52774 02588,,06-12-2023,Swiggy One Member,False,0
SWGY10517,Anika Gupta,anika.gupta471@yahoo.com,,delhi,2025-04-02,New,False,1
SWGY10518,Riya Pillai,riya.pillai47@gmail.com,23117 75331, Pune ,19/01/2025,,True,No
SWGY10519,Vivaan Shetty,vivaan.shetty384@hotmail.com,02517 62983,chennai,26/09/2023,New,False,
SWGY10520,Sneha Menon,sneha.menon809@yahoo.com,+91-01302-05698,hyderabad,2023-12-24,Dormant,False,
SWGY10521,Kabir Patel,,+91-76619-12841, Vijayawada ,2024-09-28,Frequent Orderer,False,Yes
SWGY10522,Ira Bose,ira.bose258@gmail.co,(124) 189-3898, Pune ,06-24-2023,Frequent Orderer,False,Yes
SWGY10523,Navya Reddy,navya.reddy34@outlook.com,+91-35023-85037,,25/09/2024,Churned,False,No
SWGY10524,Aadhya Shetty,aadhya.shetty133@outlook.com,+91-10783-56743,Jaipur,2025-02-17,Churned,False,N
SWGY10525,Navya Shetty,navya.shetty566@gmail.co,(626) 682-1719,noida,2024-06-23,Swiggy One Member,True,1
SWGY10526,Aadhya Verma,aadhya.verma771@hotmail.com,(030) 102-7240,hyderabad,01-24-2024,New,True,N
SWGY10527,Krishna Iyer,krishna.iyer257@hotmail.com,(537) 458-4384,Vijayawada,2024-07-12,Frequent Orderer,False,1
SWGY10528,Nikhil Mehta,nikhil.mehta862@hotmail.com,+91-83152-03771, Jaipur ,2025-02-26,Frequent Orderer,True,yes
SWGY10529,Ayaan Pillai,ayaan.pillai625@gmail.co,+91-66703-36268,kolkata,2024-04-03,Dormant,True,1
SWGY10530,Divya Sharma,divya.sharma269@hotmail.com,910596601864, Lucknow ,13/02/2025,,False,yes
SWGY10531,Reyansh Chatterjee,reyansh.chatterjee974@outlook.com,(384) 596-0945,gurugram,01-30-2024,New,True,Yes
SWGY10532,Ishaan Menon,ishaan.menon474@gmail.com,(705) 783-6091,vijayawada,2025-04-07,Frequent Orderer,False,
SWGY10533,Reyansh Rao,reyansh.rao179@yahoo.com,910310287950,KOCHI,2024-03-09,Frequent Orderer,False,yes
SWGY10534,Ayaan Sharma,ayaan.sharma241@outlook.com,, Ahmedabad ,2024-05-27,Swiggy One Member,True,0
SWGY10535,Nikhil Menon,nikhil.menon418@outlook.com,+91-49025-04290,DELHI,26/06/2023,Frequent Orderer,False,1
SWGY10536,Kabir Chatterjee,kabir.chatterjee665@gmail.com,, Noida ,01-17-2025,New,False,
SWGY10537,Ananya Rao,ananya.rao787@outlook.com,+91-51376-51588,,01-10-2025,Frequent Orderer,False,
SWGY10538,Ira Singh,ira.singh948@hotmail.com,6929445511, Gurugram ,08-02-2024,Frequent Orderer,False,Y
SWGY10539,Riya Kapoor,riya.kapoor124@gmail.co,918712060212, Ahmedabad ,20/12/2023,Dormant,True,1
SWGY10540,Arjun Chatterjee,arjun.chatterjee845@outlook.com,9101576764,JAIPUR,12-22-2024,Frequent Orderer,False,Y
SWGY10541,Priya Pillai,priya.pillai379@gmail.co,+91-72894-13475, Lucknow ,03/11/2024,New,False,1
SWGY10542,Saanvi Khan,saanvi.khan904@yahoo.com,(499) 515-4214, Kochi ,30/11/2023,Churned,True,N
SWGY10543,Nikhil Nair,,+91-38820-90883, Chennai ,2024-02-21,Churned,False,1
SWGY10544,Kabir Menon,kabir.menon303@gmail.com,+91-17674-12415,VIJAYAWADA,08-10-2024,Dormant,False,No
SWGY10545,Ananya Nair,ananya.nair796@gmail.com,50618 53800,NELLORE,05-09-2024,Frequent Orderer,False,0
SWGY10546,Pooja Singh,pooja.singh752@gmail.co,,AHMEDABAD,2023-12-18,Frequent Orderer,False,0
SWGY10547,Karthik Rao,karthik.rao358@gmail.co,2434776958,vijayawada,2024-06-24,Swiggy One Member,True,N
SWGY10548,Ishaan Menon,ishaan.menon476@outlook.com,(562) 779-6304,KOLKATA,31/08/2024,Frequent Orderer,False,Yes
SWGY10549,Navya Khan,navya.khan409@outlook.com,47350 47639,CHENNAI,04-22-2025,Frequent Orderer,False,No
SWGY10550,Ira Shetty,ira.shetty740@gmail.com,15581 08358,PUNE,10-11-2023,Swiggy One Member,False,0
SWGY10551,Pooja Singh,pooja.singh751@yahoo.com,(008) 186-7024,Chennai,2023-11-13,Churned,False,N
SWGY10552,Vivaan Rao,vivaan.rao838@outlook.com,, Jaipur ,2023-10-05,Dormant,False,yes
SWGY10553,Neha Khan,neha.khan103@outlook.com,9764613684,kolkata,11-06-2024,Dormant,False,N
SWGY10554,Saanvi Sharma,saanvi.sharma464@yahoo.com,06375 79145,,2024-07-08,Churned,False,Y
SWGY10555,Kabir Kapoor,kabir.kapoor536@hotmail.com,910746452059, Vijayawada ,2024-02-11,New,False,yes
SWGY10556,Karthik Patel,karthik.patel668@yahoo.com,78811 61620,Kochi,2024-12-27,Dormant,False,N
SWGY10557,Myra Reddy,myra.reddy144@hotmail.com,910416448595,BENGALURU,2024-08-08,Frequent Orderer,False,yes
SWGY10558,Anika Patel,anika.patel484@gmail.co,5228705622,Kochi,2025-02-18,,False,yes
SWGY10559,Karthik Patel,karthik.patel640@gmail.co,911583503446,hyderabad,11/05/2025,New,False,0
SWGY10560,Divya Rao,divya.rao607@yahoo.com,(342) 491-2896,nellore,12-06-2024,Swiggy One Member,True,
SWGY10561,Kabir Nair,kabir.nair151@yahoo.com,(051) 028-7675,Bengaluru,2024-01-24,Churned,True,0
SWGY10562,Saanvi Chatterjee,saanvi.chatterjee81@hotmail.com,2426877418,jaipur,2024-09-28,Frequent Orderer,False,Yes
SWGY10563,Pooja Das,pooja.das632@hotmail.com,+91-36520-37583,noida,20/09/2024,Dormant,False,No
SWGY10564,Divya Das,divya.das663@outlook.com,6044090797,LUCKNOW,15/02/2024,Frequent Orderer,True,No
SWGY10565,Vivaan Das,vivaan.das892@yahoo.com,,Bengaluru,17/02/2025,Dormant,False,1
SWGY10566,Nikhil Nair,nikhil.nair681@gmail.co,(013) 824-1270,LUCKNOW,01-21-2025,Dormant,True,0
SWGY10567,Reyansh Sharma,reyansh.sharma478@hotmail.com,911971112125,Chennai,2024-03-07,Swiggy One Member,True,Yes
SWGY10568,Kabir Das,kabir.das698@yahoo.com,2406424295,GURUGRAM,2023-08-23,,False,yes
SWGY10569,Nikhil Patel,nikhil.patel364@hotmail.com,, Delhi ,29/03/2024,Frequent Orderer,False,yes
SWGY10570,Kabir Khan,kabir.khan276@gmail.com,34374 01827, Jaipur ,10-28-2024,Swiggy One Member,True,1
SWGY10571,Diya Pillai,diya.pillai719@gmail.com,02675 51254, Kolkata ,04-05-2025,Swiggy One Member,False,Y
SWGY10572,Rahul Sharma,rahul.sharma409@gmail.co,+91-45957-64038, Gurugram ,21/02/2025,Frequent Orderer,False,yes
SWGY10573,Riya Chatterjee,riya.chatterjee612@hotmail.com,9225014257,VIJAYAWADA,30/06/2023,New,False,Yes
SWGY10574,Sneha Iyer,sneha.iyer209@gmail.co,913285072517, Hyderabad ,11-24-2023,Frequent Orderer,True,N
SWGY10575,Divya Kapoor,divya.kapoor99@gmail.co,2654696815,Ahmedabad,2024-06-20,Dormant,False,Y
SWGY10576,Rahul Singh,,3273034615,PUNE,05/06/2024,Frequent Orderer,False,Y
SWGY10577,Krishna Menon,krishna.menon432@yahoo.com,81715 16025, Kolkata ,04-22-2025,Dormant,True,
SWGY10578,Aarav Kapoor,aarav.kapoor265@gmail.com,917857585126, Ahmedabad ,04-17-2025,Frequent Orderer,False,No
SWGY10579,Arjun Sharma,arjun.sharma833@hotmail.com,+91-76074-01775,pune,25/05/2025,Swiggy One Member,True,0
SWGY10580,Ananya Menon,ANANYA.MENON366@GMAIL.CO,54091 50863,Kochi,06-25-2023,Swiggy One Member,True,No
SWGY10581,Arjun Iyer,arjun.iyer706@hotmail.com,,Ahmedabad,18/10/2024,Frequent Orderer,False,No
SWGY10582,Ananya Menon,ananya.menon669@gmail.com,,Kolkata,15/07/2024,New,False,
SWGY10583,Kabir Mehta,kabir.mehta620@gmail.co,4406306244,chennai,2025-05-06,,False,N
SWGY10584,Sai Sharma,sai.sharma624@gmail.co,(958) 678-0555, Jaipur ,2024-04-28,Frequent Orderer,False,
SWGY10585,Pooja Kapoor,pooja.kapoor262@gmail.co,,hyderabad,27/11/2024,Swiggy One Member,True,
SWGY10586,Aarav Iyer,aarav.iyer784@gmail.com,+91-48736-82691, Vijayawada ,2025-01-19,New,False,N
SWGY10587,Ishaan Pillai,ishaan.pillai411@hotmail.com,913694551588, Chennai ,2023-11-30,Dormant,False,0
SWGY10588,Pari Joshi,pari.joshi4@hotmail.com,917216966630,CHENNAI,2024-09-03,New,False,No
SWGY10589,Ira Pillai,ira.pillai583@gmail.co,,JAIPUR,2024-07-23,Churned,False,
SWGY10590,Divya Patel,divya.patel473@gmail.co,97327 81952, Pune ,10-14-2023,Frequent Orderer,False,No
SWGY10591,Aarav Verma,aarav.verma395@gmail.com,4819807704,Ahmedabad,24/04/2025,Frequent Orderer,False,0
SWGY10592,Karthik Malhotra,karthik.malhotra868@outlook.com,(912) 565-2373,Ahmedabad,27/03/2025,Frequent Orderer,False,No
SWGY10593,Myra Kapoor,myra.kapoor339@gmail.co,(949) 022-8403,kochi,02-06-2024,Dormant,False,yes
SWGY10594,Krishna Nair,krishna.nair159@yahoo.com,+91-46430-39429,vijayawada,11/03/2025,Frequent Orderer,False,0
SWGY10595,Pari Shetty,pari.shetty514@outlook.com,(672) 872-7601,LUCKNOW,22/11/2023,Churned,False,N
SWGY10596,Sai Iyer,sai.iyer366@gmail.co,+91-08335-06158,chennai,02-13-2025,Dormant,False,No
SWGY10597,Neha Verma,neha.verma817@yahoo.com,,GURUGRAM,01-01-2025,Swiggy One Member,True,No
SWGY10598,Nikhil Iyer,nikhil.iyer596@gmail.co,80513 71717,Nellore,04-06-2024,New,False,N
SWGY10599,Ira Kapoor,ira.kapoor738@gmail.co,,CHENNAI,03/01/2025,New,False,
SWGY10600,Anika Menon,anika.menon695@hotmail.com,,Ahmedabad,02/04/2024,Frequent Orderer,False,yes
SWGY10601,Ishaan Joshi,ishaan.joshi199@gmail.com,34845 87149,PUNE,15/03/2025,Swiggy One Member,True,Y
SWGY10602,Kabir Chatterjee,kabir.chatterjee980@hotmail.com,(964) 347-4524,kochi,11-23-2023,Dormant,False,1
SWGY10603,Myra Menon,myra.menon414@gmail.com,+91-52740-33445,kolkata,28/12/2024,Frequent Orderer,False,0
SWGY10604,Ananya Bose,ananya.bose281@gmail.com,912579706734, Nellore ,2023-12-22,Dormant,False,No
SWGY10605,Vivaan Khan,vivaan.khan138@gmail.com,62294 93817,chennai,12-02-2024,Frequent Orderer,False,yes
SWGY10606,Navya Malhotra,navya.malhotra789@gmail.com,(557) 325-7375,NOIDA,03-25-2024,Swiggy One Member,True,yes
SWGY10607,Ayaan Shetty,ayaan.shetty826@gmail.co,918085096085, Jaipur ,24/06/2023,New,False,1
SWGY10608,Rohan Gupta,rohan.gupta800@gmail.com,8197931647,JAIPUR,08-17-2023,Swiggy One Member,True,1
SWGY10609,Aditya Nair,aditya.nair840@gmail.co,6940960035,AHMEDABAD,10/01/2025,Frequent Orderer,False,N
SWGY10610,Riya Khan,riya.khan842@hotmail.com,,Nellore,2024-09-11,Swiggy One Member,True,1
SWGY10611,Aditya Khan,,,NOIDA,18/04/2024,Churned,False,Yes
SWGY10612,Myra Joshi,myra.joshi96@yahoo.com,9812317955,KOLKATA,2023-12-21,,False,No
SWGY10613,Neha Malhotra,neha.malhotra8@gmail.co,, Pune ,02/10/2024,Frequent Orderer,True,Yes
SWGY10614,Ayaan Khan,ayaan.khan532@yahoo.com,7009345962,BENGALURU,2023-10-23,Dormant,True,Y
SWGY10615,Priya Nair,priya.nair414@outlook.com,4950050702,Pune,09-21-2023,Dormant,True,0
SWGY10616,Rahul Shetty,rahul.shetty229@gmail.com,(117) 768-7290, Jaipur ,19/11/2024,New,True,yes
SWGY10617,Arjun Khan,arjun.khan490@gmail.co,, Ahmedabad ,04/12/2024,Frequent Orderer,False,No
SWGY10618,Sai Singh,sai.singh474@hotmail.com,,,2023-12-07,Dormant,False,Y
SWGY10619,Aarav Iyer,aarav.iyer12@hotmail.com,5396737948,Ahmedabad,07-05-2023,Dormant,False,yes
SWGY10620,Rohan Malhotra,rohan.malhotra827@gmail.co,,Lucknow,2024-05-11,Frequent Orderer,False,
SWGY10621,Vikram Reddy,vikram.reddy464@gmail.co,,mumbai,12-15-2024,Dormant,False,Y
SWGY10622,Riya Malhotra,riya.malhotra970@hotmail.com,(212) 932-8963,Nellore,19/07/2023,Dormant,False,yes
SWGY10623,Saanvi Malhotra,,8439910622,KOLKATA,2024-09-30,Frequent Orderer,False,0
SWGY10624,Neha Nair,neha.nair73@yahoo.com,(426) 192-3724,Ahmedabad,08-03-2024,Frequent Orderer,False,No
SWGY10625,Anika Menon,anika.menon449@outlook.com,+91-89721-54064, Nellore ,14/09/2023,Dormant,False,Y
SWGY10626,Nikhil Kapoor,nikhil.kapoor618@hotmail.com,(376) 601-4448, Kochi ,03-25-2024,Frequent Orderer,True,yes
SWGY10627,Diya Gupta,,+91-41789-96986,Bengaluru,09-12-2023,Dormant,False,No
SWGY10628,Riya Reddy,riya.reddy432@gmail.co,05779 80660,MUMBAI,2024-01-31,Frequent Orderer,False,1
SWGY10629,Ishaan Menon,ishaan.menon260@outlook.com,55347 05742,lucknow,07-27-2024,Dormant,False,0
SWGY10630,Rahul Das,rahul.das632@hotmail.com,3541165972,KOCHI,24/11/2023,Dormant,False,
SWGY10631,Diya Khan,diya.khan331@gmail.com,,Kochi,2024-08-22,Dormant,False,No
SWGY10632,Aditya Shetty,aditya.shetty546@outlook.com,61499 15370,LUCKNOW,04-10-2025,Frequent Orderer,False,yes
SWGY10633,Aarav Kapoor,aarav.kapoor664@yahoo.com,43097 76889, Hyderabad ,2025-05-12,Churned,False,0
SWGY10634,Rohan Pillai,rohan.pillai823@outlook.com,915358512538,LUCKNOW,2024-07-01,,False,
SWGY10635,Navya Khan,navya.khan568@yahoo.com,+91-90797-79612, Mumbai ,02-08-2025,Frequent Orderer,False,Yes
SWGY10636,Nikhil Das,nikhil.das737@outlook.com,,gurugram,24/05/2025,New,False,N
SWGY10637,Riya Malhotra,riya.malhotra884@gmail.com,,KOLKATA,2023-10-26,Dormant,False,Y
SWGY10638,Vikram Nair,vikram.nair97@gmail.co,66672 52145, Bengaluru ,26/03/2025,Churned,False,
SWGY10639,Aditya Nair,aditya.nair84@outlook.com,18409 08051,Chennai,07-16-2024,New,False,Yes
SWGY10640,Aarav Khan,aarav.khan880@gmail.com,(397) 283-5129,KOLKATA,09/04/2024,New,False,Y
SWGY10641,Anika Iyer,anika.iyer982@gmail.com,44152 98217,NOIDA,08-29-2024,New,True,1
SWGY10642,Myra Bose,myra.bose68@outlook.com,+91-23736-05079,Noida,07-03-2024,Dormant,False,1
SWGY10643,Divya Malhotra,divya.malhotra659@yahoo.com,+91-27346-66617, Vijayawada ,2025-01-09,Dormant,False,1
SWGY10644,Navya Kapoor,navya.kapoor790@gmail.com,910314998250,Vijayawada,2024-07-03,Frequent Orderer,False,yes
SWGY10645,Saanvi Patel,saanvi.patel757@hotmail.com,+91-28503-17235,PUNE,02/12/2024,New,False,N
SWGY10646,Riya Shetty,RIYA.SHETTY947@OUTLOOK.COM,913526356022,BENGALURU,07-17-2023,Churned,False,yes
SWGY10647,Nikhil Mehta,nikhil.mehta963@outlook.com,, Ahmedabad ,2025-01-05,Dormant,False,
SWGY10648,Arjun Singh,arjun.singh69@yahoo.com,+91-24648-44941, Mumbai ,2025-03-14,New,False,No
SWGY10649,Navya Kapoor,navya.kapoor115@yahoo.com,6211369572,Hyderabad,10-09-2023,Frequent Orderer,True,N
SWGY10650,Rahul Patel,rahul.patel881@outlook.com,57306 62481,JAIPUR,04-21-2024,New,True,N
SWGY10651,Ananya Joshi,ananya.joshi571@yahoo.com,,bengaluru,25/08/2024,,False,Yes
SWGY10652,Arjun Reddy,arjun.reddy397@hotmail.com,, Ahmedabad ,26/01/2024,New,True,N
SWGY10653,Sneha Kapoor,sneha.kapoor942@yahoo.com,5324264250,vijayawada,2024-02-12,Frequent Orderer,False,Yes
SWGY10654,Myra Mehta,myra.mehta642@outlook.com,(666) 777-6755, Jaipur ,2024-12-06,Dormant,False,N
SWGY10655,Sai Patel,sai.patel747@hotmail.com,917865436271, Jaipur ,13/12/2023,Swiggy One Member,True,0
SWGY10656,Vivaan Patel,vivaan.patel394@hotmail.com,917036924926,HYDERABAD,2024-05-11,Swiggy One Member,True,0
SWGY10657,Ananya Joshi,ananya.joshi782@hotmail.com,(011) 100-0515,HYDERABAD,10-12-2023,Dormant,False,Y
SWGY10658,Kabir Menon,kabir.menon849@gmail.co,912441822261, Noida ,2023-08-07,Frequent Orderer,False,
SWGY10659,Karthik Rao,karthik.rao456@gmail.com,912676720957,JAIPUR,11/02/2024,Churned,False,Yes
SWGY10660,Pari Pillai,pari.pillai139@hotmail.com,+91-62135-41597, Pune ,2024-05-13,Churned,False,1
SWGY10661,Pooja Rao,pooja.rao502@outlook.com,,Hyderabad,07/11/2024,Frequent Orderer,False,Yes
SWGY10662,Arjun Shetty,,,bengaluru,01-08-2025,New,False,N
SWGY10663,Pari Menon,pari.menon683@outlook.com,911021312512,CHENNAI,2023-08-25,Churned,False,No
SWGY10664,Aarav Sharma,aarav.sharma642@gmail.co,,Jaipur,2024-05-15,Dormant,False,0
SWGY10665,Neha Singh,neha.singh198@gmail.co,,Hyderabad,2023-07-22,Dormant,False,N
SWGY10666,Ayaan Iyer,ayaan.iyer127@gmail.com,53269 49684, Lucknow ,07/12/2024,Swiggy One Member,True,1
SWGY10667,Priya Singh,priya.singh258@outlook.com,+91-10175-09617,Nellore,08/06/2023,Swiggy One Member,True,1
SWGY10668,Karthik Shetty,karthik.shetty327@gmail.co,75747 58339,Ahmedabad,08-07-2023,Swiggy One Member,True,1
SWGY10669,Aadhya Joshi,aadhya.joshi413@gmail.co,,,15/09/2024,Frequent Orderer,False,1
SWGY10670,Aarav Mehta,AARAV.MEHTA223@GMAIL.COM,917245307624,kochi,2025-04-08,Churned,False,N
SWGY10671,Pari Shetty,pari.shetty993@gmail.com,11579 42387, Jaipur ,24/10/2024,Frequent Orderer,False,Yes
SWGY10672,Krishna Nair,krishna.nair614@yahoo.com,5525971075,PUNE,2025-03-07,Frequent Orderer,False,1
SWGY10673,Karthik Singh,karthik.singh488@outlook.com,95325 93993, Lucknow ,04-16-2024,Swiggy One Member,True,
SWGY10674,Nikhil Sharma,nikhil.sharma330@gmail.com,+91-79417-63425, Pune ,2024-11-05,Dormant,False,N
SWGY10675,Rohan Sharma,rohan.sharma280@outlook.com,,PUNE,05-30-2024,Dormant,False,yes
SWGY10676,Sai Chatterjee,SAI.CHATTERJEE148@OUTLOOK.COM,6157276829,kolkata,2025-05-18,Dormant,True,yes
SWGY10677,Myra Rao,myra.rao601@yahoo.com,910105875256,Hyderabad,05-24-2025,Swiggy One Member,True,0
SWGY10678,Rohan Khan,rohan.khan290@outlook.com,,KOLKATA,11-30-2023,Frequent Orderer,True,N
SWGY10679,Aditya Das,aditya.das411@hotmail.com,66281 37214,PUNE,2024-05-12,New,False,Yes
SWGY10680,Vivaan Singh,vivaan.singh978@yahoo.com,+91-56608-47068,Gurugram,2023-07-14,New,False,Yes
SWGY10681,Kabir Singh,kabir.singh377@hotmail.com,(263) 280-9448, Vijayawada ,2024-10-16,New,False,N
SWGY10682,Rahul Shetty,,,CHENNAI,2024-05-08,New,False,yes
SWGY10683,Vikram Patel,vikram.patel642@yahoo.com,4380403253, Lucknow ,01-28-2025,Dormant,False,1
SWGY10684,Myra Chatterjee,myra.chatterjee815@yahoo.com,1009004047,VIJAYAWADA,2023-11-17,Churned,False,Yes
SWGY10685,Diya Patel,diya.patel287@gmail.co,4014247310,AHMEDABAD,2023-12-13,,False,No
SWGY10686,Aditya Singh,,2316600767,GURUGRAM,2025-01-14,Swiggy One Member,True,Yes
SWGY10687,Sneha Gupta,sneha.gupta274@gmail.com,,Kochi,14/03/2024,Dormant,False,1
SWGY10688,Aditya Shetty,aditya.shetty924@outlook.com,(825) 562-9657,pune,2024-09-10,Dormant,False,
SWGY10689,Sneha Bose,sneha.bose141@outlook.com,917782058295,KOLKATA,06-03-2024,Churned,True,Y
SWGY10690,Vikram Patel,vikram.patel514@hotmail.com,(190) 482-3571,noida,05-10-2025,Frequent Orderer,False,0
SWGY10691,Anika Chatterjee,anika.chatterjee109@yahoo.com,72308 17214, Hyderabad ,11/01/2025,Frequent Orderer,False,N
SWGY10692,Navya Reddy,navya.reddy191@gmail.com,(716) 560-9456,NOIDA,13/12/2023,New,True,0
SWGY10693,Ira Pillai,ira.pillai696@gmail.co,,lucknow,10-02-2024,Swiggy One Member,True,
SWGY10694,Aarav Chatterjee,aarav.chatterjee95@gmail.com,911765397054, Bengaluru ,2024-10-12,,True,0
SWGY10695,Ishaan Sharma,ishaan.sharma29@hotmail.com,+91-82749-68049, Ahmedabad ,2023-10-10,Swiggy One Member,True,
SWGY10696,Krishna Nair,krishna.nair704@yahoo.com,(137) 730-6260,BENGALURU,2024-03-24,Swiggy One Member,True,1
SWGY10697,Pooja Pillai,pooja.pillai934@gmail.com,,noida,10-18-2024,Frequent Orderer,False,No
SWGY10698,Aadhya Kapoor,aadhya.kapoor90@outlook.com,915768321021,BENGALURU,03-12-2024,Frequent Orderer,False,N
SWGY10699,Myra Bose,myra.bose190@hotmail.com,+91-80332-42605,Pune,2024-12-22,Frequent Orderer,True,yes
SWGY10700,Riya Malhotra,riya.malhotra882@gmail.co,+91-37773-12688,BENGALURU,04-06-2024,Dormant,False,Y
SWGY10701,Pooja Malhotra,pooja.malhotra169@yahoo.com,+91-65346-06056,DELHI,08-09-2023,Frequent Orderer,False,1
SWGY10702,Saanvi Joshi,saanvi.joshi810@hotmail.com,2398471690,Vijayawada,01-17-2024,Dormant,False,No
SWGY10703,Karthik Iyer,karthik.iyer666@outlook.com,,KOCHI,18/03/2025,New,False,1
SWGY10704,Aditya Kapoor,aditya.kapoor275@outlook.com,98355 39354,pune,11-27-2024,Frequent Orderer,False,0
SWGY10705,Ayaan Rao,ayaan.rao628@yahoo.com,43588 53798,Vijayawada,08-08-2024,,True,yes
SWGY10706,Rohan Singh,rohan.singh664@gmail.co,+91-67497-85249,hyderabad,2025-02-02,Dormant,False,0
SWGY10707,Vikram Bose,vikram.bose507@gmail.co,, Kolkata ,06-04-2023,New,False,No
SWGY10708,Pari Mehta,,+91-14188-42163,,2024-04-16,New,False,No
SWGY10709,Ananya Shetty,ananya.shetty619@hotmail.com,8532089532,JAIPUR,03-10-2024,Frequent Orderer,False,Yes
SWGY10710,Reyansh Gupta,reyansh.gupta98@yahoo.com,33792 23410,vijayawada,18/02/2025,,False,0
SWGY10711,Myra Patel,myra.patel154@gmail.co,+91-60843-76855, Hyderabad ,09-11-2023,Dormant,False,0
SWGY10712,Vikram Joshi,vikram.joshi716@gmail.co,, Vijayawada ,2023-12-28,Frequent Orderer,False,N
SWGY10713,Rohan Gupta,rohan.gupta391@gmail.com,7616453454,GURUGRAM,2025-05-31,Dormant,False,N
SWGY10714,Pooja Pillai,pooja.pillai867@gmail.com,+91-50312-19804,ahmedabad,11/11/2024,Swiggy One Member,True,Y
SWGY10715,Krishna Iyer,krishna.iyer320@yahoo.com,31909 24876,NOIDA,2024-08-20,Frequent Orderer,False,N
SWGY10716,Ira Gupta,ira.gupta798@gmail.co,915228230524,Mumbai,09-12-2023,Frequent Orderer,False,Yes
SWGY10717,Saanvi Iyer,saanvi.iyer624@outlook.com,+91-47372-13290, Delhi ,2023-07-20,Frequent Orderer,False,Yes
SWGY10718,Krishna Joshi,krishna.joshi555@gmail.co,, Nellore ,2024-10-14,Swiggy One Member,True,Yes
SWGY10719,Kabir Gupta,kabir.gupta392@gmail.co,,VIJAYAWADA,06-11-2024,Dormant,True,yes
SWGY10720,Saanvi Singh,saanvi.singh409@gmail.co,(537) 260-3214,,17/06/2023,Churned,False,
SWGY10721,Divya Chatterjee,divya.chatterjee841@hotmail.com,+91-07155-34820,LUCKNOW,03-31-2025,Dormant,True,yes
SWGY10722,Vivaan Sharma,vivaan.sharma460@gmail.co,+91-97595-45089, Nellore ,10/01/2024,Swiggy One Member,True,0
SWGY10723,Rahul Malhotra,rahul.malhotra69@yahoo.com,, Bengaluru ,2025-04-13,Dormant,False,Yes
SWGY10724,Vivaan Menon,vivaan.menon846@yahoo.com,94301 20471, Bengaluru ,2023-10-15,New,False,
SWGY10725,Ishaan Gupta,ishaan.gupta382@gmail.co,,ahmedabad,09-13-2024,Dormant,False,N
SWGY10726,Sai Sharma,sai.sharma997@gmail.co,94412 83337,Kolkata,10-07-2024,,False,1
SWGY10727,Aadhya Chatterjee,aadhya.chatterjee493@gmail.com,+91-06662-67055,kolkata,2025-01-01,Frequent Orderer,True,
SWGY10728,Nikhil Kapoor,nikhil.kapoor870@yahoo.com,+91-92529-59611,Lucknow,07-10-2024,,True,Yes
SWGY10729,Arjun Bose,arjun.bose715@yahoo.com,+91-07202-45591,KOLKATA,17/10/2024,Dormant,False,1
SWGY10730,Ishaan Verma,ishaan.verma197@yahoo.com,71494 98194,Vijayawada,24/08/2023,Churned,False,yes
SWGY10731,Reyansh Malhotra,reyansh.malhotra33@gmail.co,(277) 584-4663,mumbai,2024-10-21,Swiggy One Member,True,N
SWGY10732,Myra Iyer,myra.iyer152@gmail.com,2214559376,Jaipur,11-06-2023,New,True,yes
SWGY10733,Divya Patel,divya.patel401@yahoo.com,00462 77657,lucknow,09-27-2024,Swiggy One Member,True,0
SWGY10734,Sneha Khan,sneha.khan169@outlook.com,75202 38974,LUCKNOW,01/01/2025,Dormant,False,Yes
SWGY10735,Rahul Sharma,rahul.sharma3@gmail.com,918332584868,AHMEDABAD,04/06/2024,Dormant,False,Yes
SWGY10736,Myra Pillai,myra.pillai46@outlook.com,916917679935,NELLORE,24/03/2024,Swiggy One Member,True,yes
SWGY10737,Krishna Verma,KRISHNA.VERMA405@OUTLOOK.COM,(303) 736-0601, Noida ,2024-01-21,,True,yes
SWGY10738,Rahul Shetty,rahul.shetty566@outlook.com,,AHMEDABAD,23/07/2023,Frequent Orderer,False,Yes
SWGY10739,Ishaan Iyer,ishaan.iyer166@gmail.co,+91-25144-88112,Lucknow,2024-02-20,New,False,No
SWGY10740,Rahul Rao,rahul.rao856@hotmail.com,17941 51526,delhi,09-25-2023,Dormant,False,Yes
SWGY10741,Divya Shetty,divya.shetty535@hotmail.com,50566 18632, Kochi ,08-28-2023,Churned,False,No
SWGY10742,Priya Singh,priya.singh469@gmail.co,,noida,04-03-2025,Churned,False,1
SWGY10743,Aadhya Sharma,aadhya.sharma575@gmail.com,(778) 851-9053, Pune ,17/09/2024,New,False,Yes
SWGY10744,Pooja Reddy,pooja.reddy713@outlook.com,,bengaluru,03/04/2024,Swiggy One Member,True,Yes
SWGY10745,Aarav Menon,aarav.menon618@hotmail.com,915114551293,Pune,2023-12-07,Dormant,False,Yes
SWGY10746,Ayaan Menon,ayaan.menon730@hotmail.com,,noida,15/12/2024,Dormant,False,Yes
SWGY10747,Arjun Gupta,arjun.gupta829@outlook.com,,Mumbai,01-23-2025,New,False,Yes
SWGY10748,Pari Patel,pari.patel699@hotmail.com,6084937830,JAIPUR,05-26-2025,New,False,0
SWGY10749,Kabir Malhotra,kabir.malhotra593@outlook.com,91649 70169,chennai,05-18-2024,New,False,Y
SWGY10750,Riya Nair,riya.nair255@yahoo.com,+91-33016-23419,,03-18-2025,Swiggy One Member,True,No
SWGY10751,Vikram Sharma,vikram.sharma664@gmail.com,(566) 847-3236,KOLKATA,09-18-2023,Frequent Orderer,False,N
SWGY10752,Pari Kapoor,pari.kapoor63@gmail.com,8436142442,,21/08/2024,New,True,No
SWGY10753,Riya Joshi,riya.joshi705@outlook.com,6427372037,PUNE,04-06-2024,Swiggy One Member,True,Y
SWGY10754,Ishaan Rao,ishaan.rao279@hotmail.com,916019134438,JAIPUR,06-14-2024,Swiggy One Member,True,
SWGY10755,Anika Sharma,ANIKA.SHARMA582@OUTLOOK.COM,,delhi,2023-06-21,Frequent Orderer,False,0
SWGY10756,Pari Shetty,pari.shetty778@yahoo.com,7368011923,Hyderabad,2024-02-06,Frequent Orderer,False,
SWGY10757,Aadhya Bose,aadhya.bose736@yahoo.com,(335) 104-0961, Jaipur ,2023-08-14,,False,No
SWGY10758,Ananya Singh,ananya.singh765@yahoo.com,914820736511,VIJAYAWADA,09-30-2023,New,False,yes
SWGY10759,Aarav Mehta,aarav.mehta169@gmail.com,90432 23023,JAIPUR,2024-05-23,Churned,False,yes
SWGY10760,Myra Verma,myra.verma935@yahoo.com,+91-46212-76025,AHMEDABAD,09-03-2024,Frequent Orderer,False,0
SWGY10761,Ishaan Gupta,ishaan.gupta235@yahoo.com,,KOCHI,09/11/2023,New,False,0
SWGY10762,Reyansh Shetty,reyansh.shetty752@gmail.com,,Noida,08-29-2024,Frequent Orderer,False,
SWGY10763,Saanvi Pillai,saanvi.pillai819@yahoo.com,910898138815,Jaipur,17/10/2023,New,False,yes
SWGY10764,Ananya Bose,ananya.bose144@yahoo.com,1829716815,DELHI,11-30-2023,New,False,yes
SWGY10765,Pooja Khan,pooja.khan708@gmail.com,0152911371,bengaluru,2023-07-04,Dormant,False,Yes
SWGY10766,Priya Iyer,priya.iyer662@outlook.com,4218299874,Pune,2024-04-16,Frequent Orderer,True,Y
SWGY10767,Vikram Menon,vikram.menon520@gmail.co,(090) 043-6551,nellore,02-26-2025,Dormant,False,Y
SWGY10768,Saanvi Chatterjee,saanvi.chatterjee234@outlook.com,+91-05429-60807, Vijayawada ,2023-10-04,Frequent Orderer,False,N
SWGY10769,Aadhya Shetty,aadhya.shetty806@gmail.com,918221040164,Noida,02-18-2025,Swiggy One Member,True,Yes
SWGY10770,Ayaan Rao,ayaan.rao954@yahoo.com,, Noida ,03-21-2025,New,False,yes
SWGY10771,Priya Nair,priya.nair315@gmail.co,(036) 258-6314,Nellore,06/01/2025,Swiggy One Member,True,Yes
SWGY10772,Vikram Chatterjee,vikram.chatterjee776@outlook.com,,Chennai,03-08-2025,Frequent Orderer,False,No
SWGY10773,Pari Chatterjee,pari.chatterjee984@hotmail.com,(031) 538-8824,CHENNAI,26/07/2024,Dormant,False,Yes
SWGY10774,Sneha Khan,sneha.khan874@outlook.com,,BENGALURU,2024-03-23,Swiggy One Member,True,No
SWGY10775,Aditya Reddy,aditya.reddy127@hotmail.com,33913 73265,Jaipur,04/02/2025,Frequent Orderer,False,Yes
SWGY10776,Priya Gupta,,918688002300,Mumbai,16/02/2025,Dormant,False,0
SWGY10777,Ishaan Bose,ishaan.bose705@gmail.co,(744) 916-0936,delhi,2025-02-01,Swiggy One Member,False,Yes
SWGY10778,Aditya Menon,aditya.menon589@outlook.com,4336875092,VIJAYAWADA,2023-08-12,Dormant,False,Y
SWGY10779,Kabir Shetty,kabir.shetty346@gmail.co,(404) 288-6050,VIJAYAWADA,30/10/2024,New,False,0
SWGY10780,Aadhya Mehta,aadhya.mehta437@gmail.com,3083566910,KOCHI,07-18-2023,Frequent Orderer,True,
SWGY10781,Aditya Khan,,916882691776,JAIPUR,01-04-2024,,False,N
SWGY10782,Anika Rao,anika.rao813@hotmail.com,35437 88260,CHENNAI,07-12-2023,New,False,1
SWGY10783,Ira Reddy,ira.reddy711@gmail.com,+91-08599-14492, Bengaluru ,13/09/2023,Swiggy One Member,True,Y
SWGY10784,Saanvi Shetty,saanvi.shetty786@hotmail.com,916489971842,jaipur,01-07-2025,Swiggy One Member,True,0
SWGY10785,Rohan Pillai,rohan.pillai513@outlook.com,913231234266,Hyderabad,29/10/2023,Frequent Orderer,False,Yes
SWGY10786,Navya Kapoor,navya.kapoor428@gmail.com,(234) 838-9359,DELHI,07-12-2024,Swiggy One Member,True,Y
SWGY10787,Sneha Bose,sneha.bose919@outlook.com,911299650826,kochi,06-18-2023,Dormant,False,Y
SWGY10788,Aadhya Rao,AADHYA.RAO75@YAHOO.COM,(761) 238-5951,MUMBAI,15/12/2024,Frequent Orderer,False,0
SWGY10789,Navya Iyer,navya.iyer642@gmail.com,+91-27300-86966,Hyderabad,2025-01-22,Dormant,False,0
SWGY10790,Anika Patel,anika.patel343@gmail.com,,mumbai,2023-08-23,Swiggy One Member,True,
SWGY10791,Aadhya Nair,aadhya.nair973@gmail.co,912053440777,noida,06/03/2025,,True,Y
SWGY10792,Vivaan Joshi,vivaan.joshi134@hotmail.com,+91-08177-60299,lucknow,2023-10-22,Dormant,False,0
SWGY10793,Divya Malhotra,divya.malhotra465@yahoo.com,+91-25523-56178, Ahmedabad ,2024-11-28,Frequent Orderer,False,N
SWGY10794,Pooja Nair,pooja.nair225@gmail.co,85277 89561,AHMEDABAD,13/09/2023,New,False,No
SWGY10795,Nikhil Bose,nikhil.bose886@hotmail.com,26480 16440, Chennai ,2024-04-10,Frequent Orderer,True,yes
SWGY10796,Vikram Reddy,vikram.reddy927@gmail.co,917822102179,KOLKATA,2024-09-24,Swiggy One Member,True,N
SWGY10797,Ayaan Malhotra,ayaan.malhotra504@hotmail.com,+91-63831-82856,lucknow,2024-08-03,New,False,
SWGY10798,Priya Sharma,priya.sharma439@gmail.co,+91-17706-73682,gurugram,2025-05-20,Swiggy One Member,True,0
SWGY10799,Navya Iyer,navya.iyer336@yahoo.com,65058 71469,Mumbai,04-05-2025,Dormant,False,Y
SWGY10800,Aditya Pillai,aditya.pillai774@hotmail.com,918984369984,Delhi,2024-05-01,Swiggy One Member,True,Y
SWGY10801,Nikhil Verma,nikhil.verma236@hotmail.com,919484249598,Noida,05-04-2024,Dormant,False,No
SWGY10802,Krishna Das,krishna.das830@gmail.com,71523 86767,GURUGRAM,2025-03-03,Swiggy One Member,True,
SWGY10803,Ayaan Chatterjee,ayaan.chatterjee997@gmail.co,,KOCHI,2023-08-19,Churned,True,1
SWGY10804,Anika Pillai,ANIKA.PILLAI326@HOTMAIL.COM,(235) 040-5669, Hyderabad ,10-18-2024,Churned,True,Yes
SWGY10805,Aarav Reddy,aarav.reddy873@outlook.com,(286) 796-3259,DELHI,03-13-2024,Dormant,False,N
SWGY10806,Rohan Iyer,rohan.iyer851@yahoo.com,38915 62415,ahmedabad,11-27-2024,,False,
SWGY10807,Reyansh Khan,reyansh.khan227@yahoo.com,+91-95138-18655, Kolkata ,11-19-2023,Churned,False,yes
SWGY10808,Saanvi Bose,saanvi.bose792@outlook.com,3034918911, Pune ,2023-06-17,Swiggy One Member,True,Yes
SWGY10809,Kabir Malhotra,kabir.malhotra89@outlook.com,41547 15531,NOIDA,22/05/2025,Frequent Orderer,False,N
SWGY10810,Vikram Mehta,VIKRAM.MEHTA325@GMAIL.COM,9421410527,Gurugram,11-19-2024,New,False,
SWGY10811,Navya Verma,navya.verma241@hotmail.com,915622586605, Vijayawada ,13/10/2023,Dormant,True,
SWGY10812,Ayaan Menon,ayaan.menon759@outlook.com,(596) 559-4282,Noida,2023-11-19,New,False,0
SWGY10813,Ananya Sharma,ananya.sharma382@yahoo.com,(313) 215-5130,delhi,07/06/2023,Dormant,True,Yes
SWGY10814,Anika Patel,anika.patel291@outlook.com,,AHMEDABAD,10/03/2025,Frequent Orderer,False,
SWGY10815,Nikhil Joshi,nikhil.joshi7@yahoo.com,+91-82543-18328,JAIPUR,2024-03-26,Swiggy One Member,True,No
SWGY10816,Arjun Patel,arjun.patel640@gmail.com,,vijayawada,2023-10-25,Dormant,False,Y
SWGY10817,Rahul Kapoor,rahul.kapoor186@outlook.com,+91-54584-72629,,2024-11-13,Dormant,False,No
SWGY10818,Anika Joshi,anika.joshi402@gmail.com,,KOLKATA,04-04-2025,Swiggy One Member,True,Y
SWGY10819,Vikram Sharma,vikram.sharma630@yahoo.com,21659 14388,PUNE,2023-12-04,New,False,1
SWGY10820,Rohan Das,rohan.das328@hotmail.com,46177 73264,Jaipur,02-06-2024,Dormant,False,1
SWGY10821,Ayaan Rao,ayaan.rao185@gmail.co,(970) 292-7120,VIJAYAWADA,10-23-2024,Swiggy One Member,True,
SWGY10822,Rahul Malhotra,rahul.malhotra838@outlook.com,,Lucknow,10-22-2024,Dormant,False,N
SWGY10823,Reyansh Verma,reyansh.verma963@gmail.co,, Lucknow ,2023-07-16,Frequent Orderer,False,Yes
SWGY10824,Kabir Sharma,kabir.sharma587@hotmail.com,71523 91029,chennai,04-05-2024,Frequent Orderer,False,Yes
SWGY10825,Aditya Menon,aditya.menon59@hotmail.com,+91-09671-39719,HYDERABAD,02/10/2024,Frequent Orderer,False,Yes
SWGY10826,Rohan Iyer,rohan.iyer947@gmail.co,20191 11661,JAIPUR,2023-11-03,New,False,No
SWGY10827,Ira Verma,ira.verma779@gmail.co,39304 93665,Gurugram,10-18-2023,Dormant,False,Y
SWGY10828,Myra Menon,myra.menon103@gmail.com,918682509522,kochi,15/11/2024,New,False,Y
SWGY10829,Aarav Pillai,aarav.pillai390@gmail.com,03995 29701, Hyderabad ,2025-05-18,Dormant,False,Y
SWGY10830,Ayaan Patel,ayaan.patel397@outlook.com,2304120270,Kolkata,02/06/2024,Swiggy One Member,True,Y
SWGY10831,Pari Singh,pari.singh454@gmail.com,(906) 322-4815,nellore,2024-10-19,Frequent Orderer,False,Yes
SWGY10832,Sai Menon,sai.menon927@gmail.co,,bengaluru,11/02/2024,New,True,yes
SWGY10833,Aadhya Nair,aadhya.nair258@gmail.co,, Hyderabad ,02-13-2024,Frequent Orderer,True,N
SWGY10834,Ishaan Joshi,ishaan.joshi529@gmail.com,,Kolkata,09/03/2024,Dormant,True,No
SWGY10835,Kabir Malhotra,kabir.malhotra235@outlook.com,+91-04584-74362,BENGALURU,2024-07-23,Frequent Orderer,False,Yes
SWGY10836,Riya Mehta,riya.mehta364@gmail.co,69470 31805,DELHI,05-23-2024,Swiggy One Member,True,0
SWGY10837,Reyansh Joshi,reyansh.joshi153@gmail.com,1832700046, Lucknow ,2024-02-16,Dormant,False,yes
SWGY10838,Ananya Pillai,ananya.pillai683@gmail.co,,bengaluru,08-09-2023,Dormant,True,Yes
SWGY10839,Ananya Singh,ananya.singh626@hotmail.com,94976 98731, Ahmedabad ,05-25-2025,New,False,
SWGY10840,Sneha Reddy,sneha.reddy421@gmail.co,23740 77943,NOIDA,29/07/2024,,False,0
SWGY10841,Reyansh Patel,reyansh.patel597@hotmail.com,9701426203,Jaipur,05-06-2025,Churned,False,
SWGY10842,Vikram Bose,vikram.bose677@gmail.com,914181359989, Noida ,2023-11-23,New,False,No
SWGY10843,Aditya Joshi,aditya.joshi678@hotmail.com,(186) 448-2217,BENGALURU,12-02-2024,Frequent Orderer,False,
SWGY10844,Anika Das,anika.das27@outlook.com,(675) 712-3691, Gurugram ,2023-06-12,Swiggy One Member,True,No
SWGY10845,Divya Nair,divya.nair811@yahoo.com,+91-68827-69704,nellore,2024-10-24,Swiggy One Member,True,No
SWGY10846,Ayaan Gupta,ayaan.gupta922@hotmail.com,2748835651, Kochi ,2025-01-15,Frequent Orderer,False,yes
SWGY10847,Rohan Verma,rohan.verma625@gmail.co,+91-34960-47842, Lucknow ,2025-02-09,Churned,False,Y
SWGY10848,Navya Khan,navya.khan779@yahoo.com,916488208934, Mumbai ,06-30-2024,New,False,N
SWGY10849,Ira Verma,ira.verma771@hotmail.com,+91-91609-11413,LUCKNOW,20/08/2024,,False,Y
SWGY10850,Vikram Patel,vikram.patel916@gmail.com,30458 81650,jaipur,22/07/2024,New,False,yes
SWGY10851,Pari Iyer,pari.iyer666@gmail.com,914409661771,CHENNAI,10-06-2023,Swiggy One Member,True,yes
SWGY10852,Ira Bose,ira.bose980@gmail.com,+91-78214-17468,VIJAYAWADA,11/12/2024,Swiggy One Member,True,Y
SWGY10853,Divya Chatterjee,divya.chatterjee552@hotmail.com,(396) 987-4869,Ahmedabad,20/06/2024,Churned,False,1
SWGY10854,Riya Rao,riya.rao614@yahoo.com,7536051171,Pune,2025-04-06,New,False,0
SWGY10855,Kabir Mehta,kabir.mehta528@hotmail.com,(590) 670-0099,PUNE,10/02/2024,Frequent Orderer,False,yes
SWGY10856,Reyansh Verma,reyansh.verma925@hotmail.com,(676) 056-4204, Chennai ,20/06/2024,Churned,False,
SWGY10857,Rahul Joshi,rahul.joshi316@outlook.com,3890623546,PUNE,12-02-2024,Dormant,False,Y
SWGY10858,Rahul Mehta,rahul.mehta619@hotmail.com,0062212242, Pune ,18/05/2025,Frequent Orderer,True,
SWGY10859,Krishna Chatterjee,krishna.chatterjee107@gmail.com,911158488600,,2024-04-19,Swiggy One Member,True,
SWGY10860,Riya Malhotra,riya.malhotra896@gmail.com,, Kolkata ,2024-10-05,Dormant,False,Y
SWGY10861,Priya Reddy,priya.reddy778@gmail.co,(659) 680-7852,lucknow,11-16-2023,New,False,Y
SWGY10862,Krishna Iyer,krishna.iyer516@outlook.com,(540) 064-4547,,2025-04-18,Swiggy One Member,True,No
SWGY10863,Ishaan Iyer,ishaan.iyer551@hotmail.com,7917763342,HYDERABAD,2023-11-05,Churned,False,N
SWGY10864,Pooja Bose,pooja.bose920@gmail.co,,NELLORE,2024-06-23,Swiggy One Member,True,0
SWGY10865,Ira Singh,ira.singh235@outlook.com,(400) 181-6778,Pune,10/12/2024,Frequent Orderer,False,1
SWGY10866,Reyansh Rao,reyansh.rao438@gmail.com,+91-38517-99378,Chennai,02-16-2024,Churned,False,1
SWGY10867,Sai Shetty,sai.shetty525@outlook.com,+91-69996-98829,mumbai,29/10/2023,,True,
SWGY10868,Riya Iyer,riya.iyer260@gmail.co,,NOIDA,10-03-2024,New,False,
SWGY10869,Reyansh Malhotra,reyansh.malhotra116@hotmail.com,62932 88098,HYDERABAD,2024-01-30,Swiggy One Member,True,No
SWGY10870,Vivaan Reddy,vivaan.reddy709@hotmail.com,+91-66100-89876,,12-07-2023,Frequent Orderer,True,No
SWGY10871,Vikram Menon,vikram.menon742@yahoo.com,914531980746,HYDERABAD,2024-06-16,Frequent Orderer,True,1
SWGY10872,Krishna Mehta,krishna.mehta4@yahoo.com,0762054596,Noida,23/01/2025,Frequent Orderer,False,Yes
SWGY10873,Nikhil Verma,NIKHIL.VERMA95@GMAIL.COM,(654) 113-4078,Kolkata,17/08/2024,Churned,False,yes
SWGY10874,Rahul Shetty,rahul.shetty792@hotmail.com,916683482689, Gurugram ,2023-07-13,Swiggy One Member,False,0
SWGY10875,Ira Joshi,ira.joshi572@hotmail.com,919178791505, Kochi ,2023-06-16,Swiggy One Member,True,1
SWGY10876,Myra Gupta,myra.gupta130@gmail.com,(265) 789-8260,Vijayawada,09-08-2024,Dormant,True,Yes
SWGY10877,Rahul Pillai,rahul.pillai523@outlook.com,911777412746,PUNE,2023-10-21,,False,No
SWGY10878,Navya Bose,navya.bose142@gmail.co,,delhi,03-14-2024,New,False,1
SWGY10879,Ayaan Iyer,,+91-82092-25709,Mumbai,2024-12-18,Frequent Orderer,False,0
SWGY10880,Sai Khan,sai.khan140@outlook.com,+91-72828-95400, Kolkata ,03-08-2024,Churned,False,Y
SWGY10881,Reyansh Rao,reyansh.rao399@hotmail.com,915071058011,jaipur,2024-09-06,Frequent Orderer,False,Y
SWGY10882,Pooja Joshi,pooja.joshi438@gmail.com,0537092300,Lucknow,20/09/2023,Churned,False,1
SWGY10883,Sneha Sharma,sneha.sharma89@hotmail.com,914854329876,BENGALURU,08/10/2024,Frequent Orderer,False,1
SWGY10884,Arjun Shetty,arjun.shetty751@gmail.com,(827) 348-1310,chennai,2024-03-12,Churned,False,Y
SWGY10885,Diya Bose,diya.bose914@outlook.com,5748352680,ahmedabad,02-15-2025,Frequent Orderer,False,0
SWGY10886,Vivaan Mehta,vivaan.mehta735@outlook.com,8838425364,GURUGRAM,12-16-2023,Swiggy One Member,True,Yes
SWGY10887,Ananya Khan,ananya.khan403@outlook.com,915515623920,Bengaluru,08-30-2024,Dormant,False,1
SWGY10888,Nikhil Khan,nikhil.khan683@hotmail.com,31117 86190,mumbai,14/07/2023,Frequent Orderer,False,
SWGY10889,Sneha Chatterjee,sneha.chatterjee735@hotmail.com,(354) 120-1227,bengaluru,2025-05-04,Dormant,True,Yes
SWGY10890,Reyansh Mehta,reyansh.mehta220@yahoo.com,5947950740,Kochi,17/05/2025,Churned,True,N
SWGY10891,Pooja Iyer,pooja.iyer726@hotmail.com,,Gurugram,2025-01-30,,True,No
SWGY10892,Aarav Rao,aarav.rao519@hotmail.com,914118491359,PUNE,10-08-2023,Churned,False,1
SWGY10893,Diya Singh,diya.singh47@outlook.com,0067990069,Lucknow,2024-06-17,Swiggy One Member,True,0
SWGY10894,Karthik Joshi,karthik.joshi491@hotmail.com,+91-23394-49530, Gurugram ,25/02/2024,New,False,
SWGY10895,Saanvi Nair,saanvi.nair12@gmail.com,(654) 262-4178,PUNE,05-01-2024,New,False,Yes
SWGY10896,Rohan Nair,rohan.nair316@outlook.com,, Ahmedabad ,01-07-2025,Dormant,False,yes
SWGY10897,Sai Sharma,sai.sharma140@hotmail.com,45759 88759,Delhi,2023-09-28,New,False,0
SWGY10898,Krishna Nair,krishna.nair824@yahoo.com,+91-27558-21477,KOLKATA,2023-07-18,Frequent Orderer,False,
SWGY10899,Ishaan Gupta,ishaan.gupta7@yahoo.com,2192158189,Kochi,05-18-2024,Dormant,False,1
SWGY10900,Riya Reddy,riya.reddy381@outlook.com,911959772168,Kolkata,09-17-2023,Dormant,False,Yes
SWGY10901,Rahul Khan,rahul.khan879@yahoo.com,(692) 897-2845,Lucknow,01-29-2024,,False,No
SWGY10902,Anika Iyer,anika.iyer630@outlook.com,,DELHI,10-01-2024,New,True,Y
SWGY10903,Divya Malhotra,divya.malhotra592@hotmail.com,02020 30423,JAIPUR,09-21-2023,New,False,
SWGY10904,Pari Das,pari.das382@yahoo.com,+91-28165-06463,Noida,09/10/2023,Swiggy One Member,True,N
SWGY10905,Divya Joshi,divya.joshi551@yahoo.com,911029161746,Gurugram,2024-09-13,Frequent Orderer,False,N
SWGY10906,Ishaan Sharma,ishaan.sharma69@hotmail.com,+91-22913-16708,chennai,09/02/2024,Dormant,False,1
SWGY10907,Vikram Mehta,vikram.mehta393@yahoo.com,(219) 865-5049,noida,07/07/2024,Frequent Orderer,False,Yes
SWGY10908,Myra Mehta,myra.mehta194@yahoo.com,5049627322,KOLKATA,19/12/2023,Swiggy One Member,True,No
SWGY10909,Aditya Menon,aditya.menon849@outlook.com,918542188087,Delhi,02-17-2024,New,False,0
SWGY10910,Arjun Singh,arjun.singh585@gmail.co,(385) 324-7250,JAIPUR,2024-04-14,Churned,False,N
SWGY10911,Ayaan Patel,ayaan.patel855@outlook.com,,noida,06/07/2023,Dormant,False,1
SWGY10912,Neha Joshi,neha.joshi740@outlook.com,915365974669, Kolkata ,2025-01-21,Dormant,False,0
SWGY10913,Kabir Rao,kabir.rao715@gmail.com,(948) 152-6925, Delhi ,20/08/2023,New,True,yes
SWGY10914,Pooja Joshi,pooja.joshi283@yahoo.com,919142614048,DELHI,2023-09-24,Dormant,False,Y
SWGY10915,Aadhya Reddy,aadhya.reddy464@hotmail.com,73100 81785,CHENNAI,2024-04-20,Dormant,False,No
SWGY10916,Diya Bose,diya.bose215@outlook.com,4268744701,GURUGRAM,09-03-2023,Churned,False,Y
SWGY10917,Pooja Sharma,pooja.sharma152@yahoo.com,7729665633,Jaipur,2024-11-23,Frequent Orderer,False,yes
SWGY10918,Divya Verma,divya.verma157@gmail.co,,AHMEDABAD,07-18-2023,Churned,False,Y
SWGY10919,Aditya Menon,aditya.menon436@gmail.com,39136 81720,Delhi,2024-04-23,,False,0
SWGY10920,Ira Das,ira.das739@gmail.com,29735 25953,PUNE,2025-05-27,New,False,Y
SWGY10921,Rohan Joshi,rohan.joshi618@hotmail.com,+91-45735-32366,hyderabad,2025-05-17,Swiggy One Member,True,
SWGY10922,Saanvi Gupta,saanvi.gupta524@yahoo.com,+91-71823-60107,LUCKNOW,21/07/2023,Swiggy One Member,True,No
SWGY10923,Diya Bose,diya.bose188@gmail.com,(764) 846-7357,HYDERABAD,2024-12-23,Swiggy One Member,True,N
SWGY10924,Kabir Iyer,kabir.iyer773@hotmail.com,2589222560,DELHI,11-13-2023,Churned,False,1
SWGY10925,Kabir Das,kabir.das810@gmail.co,31180 46741,Ahmedabad,21/07/2023,Churned,False,1
SWGY10926,Sai Bose,sai.bose14@gmail.com,,chennai,03/10/2023,Swiggy One Member,True,No
SWGY10927,Ananya Rao,ananya.rao819@yahoo.com,1516411955,kochi,2024-09-30,New,False,No
SWGY10928,Riya Chatterjee,riya.chatterjee509@outlook.com,+91-07020-42620, Vijayawada ,2024-01-03,Swiggy One Member,True,Y
SWGY10929,Priya Gupta,priya.gupta734@gmail.co,9678976098,DELHI,2024-04-10,New,False,Y
SWGY10930,Aadhya Kapoor,aadhya.kapoor190@yahoo.com,6075988978,lucknow,2024-10-08,Frequent Orderer,False,N
SWGY10931,Rohan Pillai,rohan.pillai618@gmail.com,+91-65430-89523,LUCKNOW,2025-05-16,Swiggy One Member,True,Y
SWGY10932,Ishaan Pillai,ishaan.pillai388@outlook.com,, Mumbai ,26/05/2024,Dormant,False,yes
SWGY10933,Navya Mehta,navya.mehta317@gmail.com,36560 45006,,15/07/2024,,False,N
SWGY10934,Pari Patel,pari.patel632@yahoo.com,71195 29635,Bengaluru,01-23-2025,Dormant,False,1
SWGY10935,Riya Joshi,riya.joshi165@gmail.co,913643159489,jaipur,06-09-2023,New,False,0
SWGY10936,Diya Menon,diya.menon269@outlook.com,44149 16999,KOLKATA,04-04-2025,Frequent Orderer,False,yes
SWGY10937,Ayaan Pillai,ayaan.pillai271@gmail.com,918223095862, Gurugram ,03-18-2024,Frequent Orderer,False,N
SWGY10938,Riya Bose,riya.bose103@yahoo.com,(097) 202-1707,ahmedabad,11-16-2024,Swiggy One Member,True,1
SWGY10939,Kabir Menon,kabir.menon600@yahoo.com,2030044964,Ahmedabad,2025-05-27,Dormant,False,N
SWGY10940,Riya Verma,riya.verma140@gmail.com,(756) 589-6359, Noida ,2023-06-29,New,False,0
SWGY10941,Neha Gupta,neha.gupta268@outlook.com,913456631138,lucknow,2025-01-08,Swiggy One Member,True,N
SWGY10942,Krishna Nair,krishna.nair879@yahoo.com,, Hyderabad ,07-22-2024,New,False,0
SWGY10943,Anika Chatterjee,anika.chatterjee973@outlook.com,(294) 690-2177,Kochi,05/12/2024,Dormant,True,yes
SWGY10944,Kabir Verma,kabir.verma813@outlook.com,(228) 946-6527,CHENNAI,2023-12-30,Dormant,True,N
SWGY10945,Arjun Malhotra,arjun.malhotra339@gmail.co,1330303346, Delhi ,2025-02-28,Dormant,False,No
SWGY10946,Sneha Mehta,sneha.mehta438@yahoo.com,+91-99553-02453,,2024-09-10,Frequent Orderer,False,N
SWGY10947,Priya Pillai,priya.pillai278@yahoo.com,,NELLORE,20/02/2024,Dormant,True,Yes
SWGY10948,Nikhil Das,nikhil.das266@hotmail.com,(177) 546-1992,Bengaluru,23/08/2024,Dormant,False,1
SWGY10949,Rohan Bose,rohan.bose481@yahoo.com,,hyderabad,12-01-2024,Dormant,False,yes
SWGY10950,Divya Malhotra,divya.malhotra463@hotmail.com,911212110187,Jaipur,2023-10-29,Churned,False,1
SWGY10951,Karthik Bose,karthik.bose76@gmail.co,917403925199,kolkata,02-18-2025,New,False,1
SWGY10952,Reyansh Shetty,reyansh.shetty505@gmail.co,33872 20542,Pune,21/09/2023,Frequent Orderer,False,Y
SWGY10953,Saanvi Khan,saanvi.khan871@yahoo.com,910833444704, Ahmedabad ,02-22-2024,,True,1
SWGY10954,Aarav Rao,aarav.rao700@gmail.co,5195377492, Gurugram ,06-22-2023,Dormant,True,N
SWGY10955,Reyansh Shetty,reyansh.shetty510@gmail.co,912259206165,Jaipur,2024-04-20,Frequent Orderer,False,Y
SWGY10956,Aarav Das,aarav.das947@gmail.co,,VIJAYAWADA,11-09-2023,,False,0
SWGY10957,Reyansh Shetty,reyansh.shetty44@gmail.co,,Jaipur,2024-03-30,Swiggy One Member,True,Yes
SWGY10958,Vivaan Rao,vivaan.rao66@gmail.com,21215 48158, Vijayawada ,11-29-2024,Dormant,False,0
SWGY10959,Navya Kapoor,navya.kapoor544@outlook.com,918064420062, Kolkata ,01/04/2024,Dormant,True,
SWGY10960,Sai Khan,sai.khan289@gmail.co,, Nellore ,2024-05-01,Dormant,False,Y
SWGY10961,Aditya Patel,aditya.patel627@outlook.com,14789 11797, Delhi ,06-18-2023,Frequent Orderer,True,yes
SWGY10962,Riya Malhotra,riya.malhotra563@gmail.com,,MUMBAI,03-29-2025,New,False,1
SWGY10963,Kabir Bose,kabir.bose335@yahoo.com,,Kolkata,2023-12-11,Dormant,True,
SWGY10964,Saanvi Bose,saanvi.bose250@yahoo.com,918389633761,jaipur,08-16-2024,New,False,No
SWGY10965,Nikhil Bose,nikhil.bose566@outlook.com,10132 82339,Lucknow,07-17-2024,New,False,N
SWGY10966,Diya Nair,diya.nair726@gmail.com,,Gurugram,02-04-2025,Dormant,True,yes
SWGY10967,Sai Gupta,sai.gupta472@hotmail.com,59698 38457,Vijayawada,10-09-2023,Frequent Orderer,False,Y
SWGY10968,Karthik Chatterjee,karthik.chatterjee547@gmail.co,919591257349,KOLKATA,12/06/2024,Swiggy One Member,True,1
SWGY10969,Sai Shetty,sai.shetty756@outlook.com,919907472966,,2025-04-18,Frequent Orderer,False,
SWGY10970,Riya Shetty,riya.shetty469@outlook.com,917485994641,KOLKATA,10-09-2024,New,True,yes
SWGY10971,Ishaan Mehta,ishaan.mehta352@yahoo.com,(988) 164-9804,gurugram,2024-02-04,Frequent Orderer,False,Y
SWGY10972,Sneha Malhotra,sneha.malhotra856@gmail.com,912706648900,KOCHI,08/07/2024,Dormant,False,yes
SWGY10973,Diya Malhotra,diya.malhotra195@gmail.com,(488) 399-7418, Mumbai ,2024-01-13,New,False,Yes
SWGY10974,Arjun Joshi,,+91-61995-30564,kochi,06-14-2024,Churned,True,N
SWGY10975,Vikram Joshi,vikram.joshi584@gmail.com,,NELLORE,11/04/2025,Dormant,False,1
SWGY10976,Nikhil Reddy,nikhil.reddy259@yahoo.com,(067) 456-8652,Bengaluru,23/01/2024,Frequent Orderer,False,Y
SWGY10977,Neha Iyer,neha.iyer490@yahoo.com,,mumbai,27/04/2024,Churned,False,Yes
SWGY10978,Ayaan Kapoor,ayaan.kapoor805@outlook.com,+91-39652-13835, Chennai ,2024-10-04,Churned,False,Y
SWGY10979,Krishna Khan,krishna.khan922@hotmail.com,3622117327,,22/05/2024,New,False,yes
SWGY10980,Navya Bose,navya.bose730@outlook.com,+91-22942-52516,jaipur,08/02/2024,Swiggy One Member,True,1
SWGY10981,Ira Gupta,ira.gupta653@gmail.com,,GURUGRAM,08/08/2023,New,False,Y
SWGY10982,Krishna Joshi,krishna.joshi854@gmail.co,(949) 734-4930,NOIDA,23/11/2024,Dormant,False,Yes
SWGY10983,Sai Patel,sai.patel705@yahoo.com,918926087882,,24/11/2024,New,True,Y
SWGY10984,Pari Bose,pari.bose324@gmail.com,+91-17465-35378,Gurugram,12-19-2023,New,False,No
SWGY10985,Diya Mehta,diya.mehta90@gmail.co,62969 14336,ahmedabad,02/10/2024,New,False,0
SWGY10986,Ayaan Khan,ayaan.khan30@gmail.com,,bengaluru,2025-02-14,Swiggy One Member,True,No
SWGY10987,Karthik Gupta,karthik.gupta175@outlook.com,918849979572,nellore,29/01/2025,Frequent Orderer,False,1
SWGY10988,Rohan Pillai,rohan.pillai607@gmail.com,911797891248,PUNE,11-14-2024,New,False,
SWGY10989,Nikhil Gupta,nikhil.gupta938@outlook.com,,GURUGRAM,06-15-2023,Churned,False,N
SWGY10990,Rohan Sharma,rohan.sharma117@gmail.com,,HYDERABAD,2024-11-22,Frequent Orderer,False,
SWGY10991,Myra Pillai,myra.pillai434@hotmail.com,51588 07053, Bengaluru ,2024-06-14,Frequent Orderer,False,No
SWGY10992,Ishaan Pillai,ishaan.pillai129@hotmail.com,,hyderabad,01-19-2025,New,False,No
SWGY10993,Pooja Malhotra,pooja.malhotra307@yahoo.com,3615873662,Jaipur,2023-10-04,New,False,1
SWGY10994,Anika Shetty,anika.shetty62@gmail.com,8561547315, Kolkata ,2025-01-02,Frequent Orderer,False,
SWGY10995,Riya Nair,riya.nair253@gmail.co,90283 77270, Pune ,05-21-2024,Dormant,True,0
SWGY10996,Aadhya Sharma,aadhya.sharma262@outlook.com,,pune,11/02/2024,Frequent Orderer,False,yes
SWGY10997,Vivaan Das,VIVAAN.DAS503@YAHOO.COM,,mumbai,09/07/2023,New,True,No
SWGY10998,Anika Pillai,anika.pillai422@hotmail.com,916764909228,hyderabad,01-27-2025,Frequent Orderer,True,
SWGY10999,Rahul Rao,rahul.rao243@outlook.com,917271743068,Noida,2024-04-23,Dormant,False,0
SWGY11000,Vikram Rao,vikram.rao779@hotmail.com,87387 75833, Kochi ,06/07/2023,New,False,
SWGY11001,Myra Sharma,myra.sharma638@gmail.com,(538) 602-8262,noida,2024-02-13,New,False,Yes
SWGY11002,Divya Rao,divya.rao88@hotmail.com,, Mumbai ,04-01-2025,Dormant,False,yes
SWGY11003,Ishaan Pillai,ishaan.pillai565@gmail.com,917941224870, Hyderabad ,2023-11-11,Frequent Orderer,False,0
SWGY11004,Ayaan Pillai,ayaan.pillai863@outlook.com,912404326118,Kolkata,2023-12-27,New,False,N
SWGY11005,Krishna Chatterjee,krishna.chatterjee13@yahoo.com,,NELLORE,2024-08-15,New,False,1
SWGY11006,Kabir Mehta,kabir.mehta321@gmail.com,7325900739,Nellore,2025-01-18,New,False,Yes
SWGY11007,Rohan Joshi,rohan.joshi580@gmail.com,,delhi,11-12-2023,New,False,0
SWGY11008,Neha Reddy,neha.reddy988@gmail.com,(074) 436-0234,,2023-09-22,Swiggy One Member,True,1
SWGY11009,Arjun Gupta,arjun.gupta602@outlook.com,+91-20944-77269,AHMEDABAD,07-11-2024,New,False,Y
SWGY11010,Aadhya Das,aadhya.das668@gmail.co,+91-48024-55985, Pune ,2023-09-05,Frequent Orderer,False,Y
SWGY11011,Ishaan Reddy,ishaan.reddy945@gmail.com,, Vijayawada ,2025-04-14,New,False,N
SWGY11012,Myra Chatterjee,myra.chatterjee25@hotmail.com,917819190749,BENGALURU,2023-06-10,Frequent Orderer,False,0
SWGY11013,Krishna Verma,krishna.verma542@yahoo.com,2353484864,Bengaluru,07-18-2024,Swiggy One Member,True,Y
SWGY11014,Ishaan Singh,ishaan.singh732@gmail.com,+91-23720-55033,,2024-11-22,Frequent Orderer,False,Yes
SWGY11015,Navya Malhotra,navya.malhotra465@yahoo.com,+91-90088-99114,,2024-02-10,Dormant,False,Yes
SWGY11016,Riya Gupta,riya.gupta143@gmail.co,,kolkata,02/01/2025,Dormant,False,No
SWGY11017,Pooja Bose,pooja.bose24@hotmail.com,+91-98433-61137,Kolkata,10-04-2024,Churned,False,No
SWGY11018,Ananya Gupta,ananya.gupta266@outlook.com,(942) 034-0153,AHMEDABAD,08/02/2025,Swiggy One Member,True,0
SWGY11019,Aadhya Sharma,aadhya.sharma291@hotmail.com,(466) 720-1082,Gurugram,2024-04-25,Frequent Orderer,False,No
SWGY11020,Karthik Malhotra,karthik.malhotra611@outlook.com,,delhi,2023-10-20,Swiggy One Member,True,
SWGY11021,Sai Das,SAI.DAS353@GMAIL.CO,914129182851,Ahmedabad,12-15-2023,Frequent Orderer,False,0
SWGY11022,Aditya Nair,aditya.nair682@gmail.co,,Kochi,2025-03-08,,True,Y
SWGY11023,Navya Singh,navya.singh764@yahoo.com,,nellore,2023-10-25,Frequent Orderer,True,
SWGY11024,Priya Mehta,priya.mehta936@outlook.com,+91-04227-63460,Kolkata,28/04/2024,Frequent Orderer,False,N
SWGY11025,Aarav Das,aarav.das866@yahoo.com,+91-58617-68225,GURUGRAM,02/03/2025,Churned,False,Y
SWGY11026,Saanvi Joshi,saanvi.joshi958@outlook.com,916224197687,bengaluru,11-03-2024,Frequent Orderer,False,yes
SWGY11027,Pari Joshi,pari.joshi655@yahoo.com,06184 89742,NOIDA,22/08/2023,Swiggy One Member,True,yes
SWGY11028,Neha Patel,neha.patel388@hotmail.com,(121) 564-9525,CHENNAI,2023-07-25,Frequent Orderer,False,0
SWGY11029,Sneha Rao,sneha.rao127@gmail.com,+91-97388-18273, Kochi ,2024-03-16,Swiggy One Member,True,yes
SWGY11030,Sai Khan,sai.khan826@yahoo.com,+91-88496-80664,ahmedabad,2025-01-21,Dormant,False,No
SWGY11031,Vivaan Nair,vivaan.nair768@outlook.com,+91-23016-04986,MUMBAI,12/11/2023,Dormant,False,Y
SWGY11032,Ishaan Malhotra,ishaan.malhotra716@yahoo.com,,KOLKATA,25/07/2023,Churned,False,
SWGY11033,Vikram Reddy,vikram.reddy843@gmail.co,,Hyderabad,09-18-2023,Dormant,False,yes
SWGY11034,Pooja Joshi,pooja.joshi124@gmail.com,917535821072, Noida ,11-18-2024,Frequent Orderer,True,Yes
SWGY11035,Pari Iyer,pari.iyer233@gmail.co,61608 81972,KOCHI,09-22-2024,Swiggy One Member,True,0
SWGY11036,Ayaan Kapoor,ayaan.kapoor858@yahoo.com,(681) 024-8085, Gurugram ,10-02-2023,Swiggy One Member,True,Yes
SWGY11037,Aarav Nair,aarav.nair818@yahoo.com,,ahmedabad,19/02/2024,Swiggy One Member,True,yes
SWGY11038,Saanvi Kapoor,saanvi.kapoor448@hotmail.com,39521 50164, Bengaluru ,2024-07-03,Dormant,False,Yes
SWGY11039,Pari Sharma,pari.sharma665@hotmail.com,,hyderabad,12-20-2023,Frequent Orderer,False,No
SWGY11040,Sai Sharma,sai.sharma829@gmail.com,, Bengaluru ,04-04-2024,Churned,False,yes
SWGY11041,Saanvi Singh,saanvi.singh318@hotmail.com,910501476427, Hyderabad ,2025-04-14,Dormant,False,1
SWGY11042,Pari Singh,pari.singh141@hotmail.com,917751239597,Nellore,11/05/2024,Frequent Orderer,False,1
SWGY11043,Ayaan Iyer,ayaan.iyer165@yahoo.com,02446 54677,Kolkata,16/03/2025,New,False,No
SWGY11044,Myra Reddy,myra.reddy371@gmail.co,78370 31754,Bengaluru,2024-09-14,New,False,
SWGY11045,Krishna Gupta,krishna.gupta186@gmail.co,919254686272,noida,2024-04-04,,False,
SWGY11046,Aadhya Mehta,aadhya.mehta212@yahoo.com,911353867625,CHENNAI,2023-10-18,New,False,0
SWGY11047,Priya Malhotra,priya.malhotra688@gmail.com,(886) 932-0553,Noida,29/09/2024,Swiggy One Member,True,Yes
SWGY11048,Sneha Malhotra,sneha.malhotra761@gmail.com,5976405356,Noida,02-08-2025,Dormant,False,
SWGY11049,Anika Shetty,anika.shetty447@gmail.com,0384227362,LUCKNOW,2024-09-17,,False,Yes
SWGY11050,Karthik Nair,karthik.nair856@gmail.co,76917 16204,delhi,2025-03-20,,True,yes
SWGY11051,Ayaan Bose,ayaan.bose180@gmail.com,919039220269,Kolkata,2025-01-11,Swiggy One Member,False,yes
SWGY11052,Reyansh Chatterjee,reyansh.chatterjee890@gmail.com,(031) 637-0500,CHENNAI,2024-10-20,Dormant,True,Y
SWGY11053,Aadhya Joshi,aadhya.joshi116@gmail.co,, Delhi ,15/02/2024,Churned,False,yes
SWGY11054,Vivaan Nair,vivaan.nair564@outlook.com,+91-93932-72728,LUCKNOW,05-24-2024,Swiggy One Member,True,No
SWGY11055,Vikram Chatterjee,vikram.chatterjee791@hotmail.com,910266765272,hyderabad,22/05/2024,Swiggy One Member,True,N
SWGY11056,Riya Kapoor,riya.kapoor741@gmail.com,+91-86406-75602,Chennai,02-28-2025,Dormant,True,No
SWGY11057,Riya Nair,riya.nair796@outlook.com,39044 89093,VIJAYAWADA,18/07/2023,New,False,N
SWGY11058,Sai Patel,,55019 35450, Delhi ,06-07-2023,Churned,False,yes
SWGY11059,Karthik Patel,karthik.patel302@yahoo.com,,VIJAYAWADA,2023-12-16,Dormant,False,Y
SWGY11060,Vikram Rao,vikram.rao799@outlook.com,6599920123, Kochi ,2024-03-03,New,False,No
SWGY11061,Pari Joshi,pari.joshi394@yahoo.com,41937 59192, Chennai ,23/01/2025,Frequent Orderer,False,No
SWGY11062,Karthik Singh,karthik.singh434@outlook.com,+91-28646-12096, Mumbai ,2024-10-06,Frequent Orderer,False,Yes
SWGY11063,Aarav Pillai,aarav.pillai925@outlook.com,(240) 321-1535,Vijayawada,10/11/2023,Swiggy One Member,True,No
SWGY11064,Ayaan Patel,ayaan.patel683@gmail.com,,jaipur,2023-10-21,New,False,Y
SWGY11065,Aditya Malhotra,aditya.malhotra330@hotmail.com,, Nellore ,01-28-2024,Dormant,False,N
SWGY11066,Kabir Singh,kabir.singh441@outlook.com,919025784640,kochi,11-22-2023,Swiggy One Member,True,1
SWGY11067,Priya Malhotra,priya.malhotra329@gmail.co,,NELLORE,14/12/2023,Dormant,False,yes
SWGY11068,Divya Patel,divya.patel600@gmail.co,22250 18256,noida,14/03/2025,Dormant,False,Y
SWGY11069,Navya Mehta,navya.mehta93@yahoo.com,913414992900, Hyderabad ,24/01/2025,Dormant,False,Y
SWGY11070,Vikram Joshi,vikram.joshi914@outlook.com,+91-09563-21740,BENGALURU,10-16-2023,Frequent Orderer,True,No
SWGY11071,Vivaan Gupta,,,VIJAYAWADA,11/01/2024,Frequent Orderer,False,
SWGY11072,Sneha Verma,sneha.verma429@gmail.com,(626) 438-5009,PUNE,14/07/2024,Frequent Orderer,True,Y
SWGY11073,Kabir Rao,kabir.rao229@gmail.com,36109 44164,KOLKATA,09-01-2023,Frequent Orderer,False,No
SWGY11074,Saanvi Das,saanvi.das476@gmail.co,(685) 760-6349,CHENNAI,03-21-2024,New,False,Yes
SWGY11075,Vikram Rao,vikram.rao103@hotmail.com,+91-01799-93242,LUCKNOW,12/08/2024,Dormant,False,N
SWGY11076,Myra Menon,myra.menon354@gmail.co,(386) 947-9025,chennai,02-29-2024,New,False,N
SWGY11077,Saanvi Iyer,saanvi.iyer479@yahoo.com,,kolkata,24/12/2024,Swiggy One Member,True,yes
SWGY11078,Reyansh Gupta,,,Kolkata,12/03/2024,Frequent Orderer,False,N
SWGY11079,Myra Malhotra,,,Lucknow,17/11/2024,Frequent Orderer,False,yes
SWGY11080,Nikhil Gupta,nikhil.gupta961@gmail.com,, Nellore ,2024-06-16,Dormant,False,yes
SWGY11081,Sai Das,sai.das254@gmail.co,+91-69833-06773, Kolkata ,12/08/2024,New,False,No
SWGY11082,Navya Iyer,navya.iyer589@outlook.com,(908) 788-6538,Delhi,05/12/2023,Frequent Orderer,False,
SWGY11083,Rahul Patel,rahul.patel528@hotmail.com,87605 50492,Vijayawada,07-29-2024,New,False,
SWGY11084,Vivaan Rao,vivaan.rao886@gmail.co,917066320162,Ahmedabad,26/12/2024,Frequent Orderer,False,N
SWGY11085,Neha Pillai,neha.pillai690@hotmail.com,+91-27182-65337, Vijayawada ,11-29-2023,Dormant,False,Yes
SWGY11086,Navya Mehta,navya.mehta602@outlook.com,,noida,11/04/2024,Swiggy One Member,True,0
SWGY11087,Myra Sharma,MYRA.SHARMA450@YAHOO.COM,+91-49824-38843,KOLKATA,02-03-2025,New,False,No
SWGY11088,Myra Bose,myra.bose650@gmail.co,914315890164,MUMBAI,07-29-2024,Frequent Orderer,True,No
SWGY11089,Ananya Sharma,ananya.sharma614@yahoo.com,,Hyderabad,02/09/2024,Dormant,True,Y
SWGY11090,Saanvi Iyer,saanvi.iyer179@outlook.com,918500728895,NELLORE,11-17-2023,Swiggy One Member,True,
SWGY11091,Rohan Rao,rohan.rao702@gmail.com,916127662080,MUMBAI,2023-08-17,,True,N
SWGY11092,Ira Reddy,ira.reddy945@gmail.co,914443596245,,2023-07-29,Swiggy One Member,True,No
SWGY11093,Reyansh Sharma,reyansh.sharma167@outlook.com,90912 37530,jaipur,03-29-2024,Dormant,False,
SWGY11094,Saanvi Verma,saanvi.verma941@outlook.com,+91-52405-53648, Hyderabad ,14/02/2025,Frequent Orderer,True,yes
SWGY11095,Sneha Sharma,,59773 85466,HYDERABAD,2024-07-14,Dormant,False,N
SWGY11096,Aadhya Verma,aadhya.verma542@gmail.co,(125) 949-7220,KOLKATA,07-17-2024,Dormant,False,0
SWGY11097,Reyansh Nair,reyansh.nair427@gmail.co,917996235699,KOLKATA,12-29-2024,Swiggy One Member,False,N
SWGY11098,Kabir Khan,kabir.khan528@gmail.co,917925604134,KOCHI,2024-12-18,Dormant,False,yes
SWGY11099,Nikhil Shetty,nikhil.shetty195@hotmail.com,2600014407,NOIDA,02-08-2024,New,False,No
SWGY11100,Neha Menon,neha.menon892@outlook.com,(913) 410-3897,JAIPUR,03-29-2025,Swiggy One Member,True,
SWGY11101,Arjun Verma,arjun.verma853@gmail.co,(240) 592-0823,VIJAYAWADA,2025-02-17,Swiggy One Member,True,
SWGY11102,Aadhya Mehta,aadhya.mehta928@hotmail.com,,,2023-09-13,Swiggy One Member,True,Yes
SWGY11103,Myra Shetty,myra.shetty492@yahoo.com,40434 74125,Kolkata,07-23-2024,New,False,N
SWGY11104,Pari Shetty,pari.shetty202@yahoo.com,,Pune,07-19-2024,New,True,N
SWGY11105,Anika Kapoor,anika.kapoor830@outlook.com,+91-44748-90476, Hyderabad ,01-02-2024,Frequent Orderer,False,0
SWGY11106,Pooja Iyer,pooja.iyer6@gmail.co,,KOCHI,01-17-2024,Frequent Orderer,True,1
SWGY11107,Aditya Rao,aditya.rao76@hotmail.com,, Pune ,06-27-2024,New,False,1
SWGY11108,Sai Shetty,sai.shetty485@gmail.com,+91-09304-54184,AHMEDABAD,09-28-2023,Churned,True,Y
SWGY11109,Reyansh Gupta,reyansh.gupta788@yahoo.com,910385886407,Kochi,2024-12-04,New,False,0
SWGY11110,Ananya Nair,ananya.nair709@gmail.co,3335623039,vijayawada,15/05/2025,Frequent Orderer,False,Yes
SWGY11111,Anika Malhotra,anika.malhotra518@hotmail.com,,Lucknow,2023-07-25,Dormant,False,N
SWGY11112,Sneha Iyer,sneha.iyer567@outlook.com,(526) 321-1960, Kochi ,07-04-2024,Frequent Orderer,True,Y
SWGY11113,Arjun Sharma,arjun.sharma8@gmail.co,4544708231,Pune,18/01/2024,Swiggy One Member,True,0
SWGY11114,Priya Gupta,priya.gupta591@outlook.com,+91-76626-23596,noida,2025-02-22,Swiggy One Member,True,Yes
SWGY11115,Arjun Chatterjee,ARJUN.CHATTERJEE569@GMAIL.CO,,MUMBAI,29/11/2024,Frequent Orderer,False,Yes
SWGY11116,Diya Verma,diya.verma273@gmail.com,,DELHI,11-25-2024,,True,Yes
SWGY11117,Arjun Das,arjun.das706@yahoo.com,7597953192,Delhi,2023-06-24,Swiggy One Member,True,0
SWGY11118,Vivaan Iyer,vivaan.iyer303@outlook.com,(492) 054-8944,NOIDA,09-17-2024,Frequent Orderer,False,No
SWGY11119,Ishaan Bose,ishaan.bose610@gmail.co,915834456622,bengaluru,2025-03-07,Swiggy One Member,True,No
SWGY11120,Pari Shetty,pari.shetty993@gmail.co,,GURUGRAM,24/07/2023,Frequent Orderer,True,0
SWGY11121,Aarav Iyer,aarav.iyer28@gmail.com,3017316715,,27/05/2024,Dormant,True,
SWGY11122,Riya Verma,riya.verma605@outlook.com,919406453157,Pune,11/10/2023,New,False,
SWGY11123,Ishaan Pillai,ishaan.pillai545@gmail.co,,lucknow,08-21-2023,Dormant,False,
SWGY11124,Ayaan Bose,ayaan.bose704@gmail.co,912377184301,GURUGRAM,2024-07-10,Swiggy One Member,False,Yes
SWGY11125,Ira Das,ira.das707@hotmail.com,32396 44028,kolkata,2024-10-13,Frequent Orderer,False,Y
SWGY11126,Vikram Chatterjee,vikram.chatterjee265@yahoo.com,,LUCKNOW,2024-09-14,Frequent Orderer,False,No
SWGY11127,Ayaan Sharma,ayaan.sharma818@yahoo.com,914234719982,Mumbai,08-07-2024,Swiggy One Member,True,
SWGY11128,Ananya Khan,ananya.khan919@gmail.co,,Noida,2023-08-26,Frequent Orderer,False,0
SWGY11129,Neha Menon,neha.menon777@gmail.co,,Hyderabad,05/01/2024,Swiggy One Member,True,0
SWGY11130,Divya Menon,divya.menon572@outlook.com,,jaipur,2024-10-02,,True,Yes
SWGY11131,Rohan Kapoor,rohan.kapoor277@gmail.com,916758267625,Kochi,26/05/2025,,True,Y
SWGY11132,Aarav Verma,aarav.verma366@gmail.co,,HYDERABAD,2025-05-24,Frequent Orderer,False,N
SWGY11133,Riya Pillai,,(498) 609-9550,AHMEDABAD,2024-10-09,Dormant,False,0
SWGY11134,Rahul Mehta,rahul.mehta264@gmail.co,911289811594,,2024-01-08,,False,yes
SWGY11135,Aarav Sharma,aarav.sharma942@yahoo.com,, Jaipur ,08-14-2023,New,False,
SWGY11136,Aditya Malhotra,aditya.malhotra132@yahoo.com,8705841680,Kochi,10-26-2024,Swiggy One Member,True,N
SWGY11137,Karthik Rao,karthik.rao589@hotmail.com,4605867949,VIJAYAWADA,03-19-2025,Frequent Orderer,False,N
SWGY11138,Aarav Shetty,aarav.shetty860@hotmail.com,(261) 662-0165,noida,08-29-2024,New,False,
SWGY11139,Sneha Malhotra,sneha.malhotra409@outlook.com,+91-57512-47640,Kolkata,11/03/2024,Frequent Orderer,False,
SWGY11140,Ananya Malhotra,ananya.malhotra59@outlook.com,+91-65451-22444, Kochi ,29/07/2024,Dormant,False,Yes
SWGY11141,Arjun Patel,arjun.patel525@yahoo.com,(701) 703-6309,hyderabad,2024-11-23,Frequent Orderer,False,N
SWGY11142,Anika Mehta,anika.mehta554@hotmail.com,3094134909,Bengaluru,11-25-2023,New,False,
SWGY11143,Ira Kapoor,ira.kapoor157@hotmail.com,3569480450,NOIDA,10/01/2025,Dormant,False,0
SWGY11144,Rahul Kapoor,rahul.kapoor656@yahoo.com,(059) 802-6029,chennai,2024-11-03,Churned,True,Yes
SWGY11145,Neha Singh,neha.singh341@hotmail.com,, Mumbai ,28/05/2024,Churned,False,yes
SWGY11146,Navya Mehta,navya.mehta117@outlook.com,(648) 230-8829, Gurugram ,06-06-2024,Swiggy One Member,True,yes
SWGY11147,Ishaan Pillai,ishaan.pillai913@gmail.co,915869427674,KOLKATA,2023-11-10,Frequent Orderer,False,
SWGY11148,Kabir Sharma,kabir.sharma658@gmail.com,(817) 882-4265,kolkata,17/07/2024,New,False,Yes
SWGY11149,Divya Mehta,divya.mehta670@gmail.co,+91-98902-23790, Lucknow ,04/11/2023,Frequent Orderer,False,yes
SWGY11150,Pooja Bose,pooja.bose830@gmail.co,919541767553,Ahmedabad,03-15-2025,Frequent Orderer,False,Yes
SWGY11151,Vikram Joshi,vikram.joshi329@gmail.co,89458 96268,jaipur,01-02-2024,Frequent Orderer,True,
SWGY11152,Aadhya Patel,aadhya.patel409@gmail.com,919612190518,Nellore,2023-06-24,Dormant,False,0
SWGY11153,Pooja Reddy,pooja.reddy8@gmail.co,919010792372,NELLORE,16/10/2023,Dormant,True,N
SWGY11154,Sai Rao,sai.rao312@hotmail.com,0350675789,LUCKNOW,2025-05-24,Frequent Orderer,False,1
SWGY11155,Diya Joshi,diya.joshi861@yahoo.com,5505705218,BENGALURU,10-11-2024,Frequent Orderer,False,yes
SWGY11156,Karthik Rao,karthik.rao108@gmail.com,914701235036, Chennai ,2023-07-16,Frequent Orderer,False,1
SWGY11157,Rohan Chatterjee,rohan.chatterjee597@gmail.co,7978023445,noida,28/11/2024,Swiggy One Member,True,0
SWGY11158,Pari Pillai,pari.pillai791@gmail.co,64016 32957, Kochi ,03-27-2024,New,False,N
SWGY11159,Pooja Reddy,pooja.reddy165@hotmail.com,912731868302,Pune,17/01/2025,Churned,False,1
SWGY11160,Divya Menon,divya.menon93@gmail.co,+91-51854-83966, Ahmedabad ,2023-11-15,Churned,False,yes
SWGY11161,Krishna Chatterjee,krishna.chatterjee354@hotmail.com,(417) 491-6170,Noida,2024-09-25,Dormant,False,Y
SWGY11162,Aditya Malhotra,aditya.malhotra966@outlook.com,13447 60948, Ahmedabad ,05/09/2023,Frequent Orderer,False,yes
SWGY11163,Aarav Iyer,aarav.iyer653@yahoo.com,910265099621,VIJAYAWADA,07/10/2023,Swiggy One Member,True,0
SWGY11164,Myra Joshi,,(563) 420-2223,Mumbai,2025-02-04,Dormant,False,N
SWGY11165,Priya Joshi,priya.joshi759@gmail.com,(791) 524-4614,Kolkata,12-19-2024,Frequent Orderer,False,Y
SWGY11166,Kabir Singh,kabir.singh370@gmail.co,26018 63726,Kochi,05-24-2024,New,False,1
SWGY11167,Priya Chatterjee,priya.chatterjee777@yahoo.com,917764149003,,2025-02-17,,True,Y
SWGY11168,Priya Khan,priya.khan801@outlook.com,+91-48672-28839,pune,05/08/2023,Dormant,False,N
SWGY11169,Sai Gupta,sai.gupta383@gmail.co,3251149788,chennai,2024-06-04,Frequent Orderer,False,No
SWGY11170,Arjun Sharma,arjun.sharma452@gmail.co,+91-61830-85800, Chennai ,2023-06-15,Swiggy One Member,True,No
SWGY11171,Krishna Patel,krishna.patel444@gmail.co,912107818710, Vijayawada ,08-26-2023,Frequent Orderer,False,1
SWGY11172,Aadhya Menon,aadhya.menon562@gmail.com,6933154230,Delhi,2024-05-04,Dormant,False,Y
SWGY11173,Kabir Verma,kabir.verma965@outlook.com,0522411420, Delhi ,27/10/2024,Frequent Orderer,False,Yes
SWGY11174,Ishaan Khan,ishaan.khan98@gmail.co,(338) 222-2400,MUMBAI,02-18-2024,Frequent Orderer,False,Y
SWGY11175,Reyansh Nair,reyansh.nair680@hotmail.com,11348 43391,BENGALURU,06-16-2024,,False,Y
SWGY11176,Diya Nair,diya.nair250@hotmail.com,(645) 234-2864,,22/06/2024,Churned,True,Yes
SWGY11177,Reyansh Rao,reyansh.rao56@hotmail.com,913677349852,,2024-11-06,Frequent Orderer,False,1
SWGY11178,Saanvi Gupta,,1476253809, Pune ,05/05/2025,New,False,No
SWGY11179,Ayaan Kapoor,ayaan.kapoor380@yahoo.com,, Kochi ,2024-06-13,New,False,1
SWGY11180,Priya Singh,,,DELHI,23/03/2024,New,False,yes
SWGY11181,Kabir Menon,kabir.menon592@gmail.com,911682497939,,13/12/2024,Frequent Orderer,False,No
SWGY11182,Diya Singh,diya.singh672@yahoo.com,1030737260,AHMEDABAD,2024-10-25,New,False,No
SWGY11183,Ayaan Bose,ayaan.bose20@hotmail.com,916493121463,vijayawada,07/08/2024,Dormant,False,0
SWGY11184,Reyansh Khan,reyansh.khan649@yahoo.com,914563391729,ahmedabad,2024-03-11,Dormant,False,N
SWGY11185,Saanvi Pillai,saanvi.pillai186@gmail.co,,CHENNAI,2024-10-30,Dormant,True,1
SWGY11186,Sai Shetty,SAI.SHETTY805@HOTMAIL.COM,63994 90133,mumbai,04/07/2023,New,False,N
SWGY11187,Pari Mehta,pari.mehta703@outlook.com,1409841016,NOIDA,2024-10-06,Swiggy One Member,True,No
SWGY11188,Ayaan Bose,ayaan.bose728@hotmail.com,1004202886,Mumbai,15/09/2023,Frequent Orderer,False,Yes
SWGY11189,Priya Gupta,priya.gupta148@gmail.com,(348) 548-4203,LUCKNOW,2025-02-25,Swiggy One Member,True,0
SWGY11190,Vivaan Kapoor,vivaan.kapoor103@yahoo.com,60157 11713,Vijayawada,04-18-2025,New,False,yes
SWGY11191,Divya Sharma,divya.sharma994@hotmail.com,1411287452,Delhi,04-06-2024,Churned,True,N
SWGY11192,Aadhya Kapoor,aadhya.kapoor193@hotmail.com,(810) 749-1619,NOIDA,2024-11-04,Frequent Orderer,False,Y
SWGY11193,Ishaan Das,ishaan.das224@outlook.com,96261 68455,chennai,2023-07-20,New,False,
SWGY11194,Priya Menon,priya.menon738@gmail.com,7989948856,lucknow,08-16-2023,New,False,N
SWGY11195,Vivaan Sharma,vivaan.sharma749@outlook.com,,Pune,17/09/2023,Swiggy One Member,True,Y
SWGY11196,Saanvi Chatterjee,saanvi.chatterjee895@gmail.com,01441 30686,delhi,2025-03-31,Frequent Orderer,False,
SWGY11197,Rahul Reddy,rahul.reddy419@hotmail.com,41728 20762,Lucknow,2023-06-06,New,False,1
SWGY11198,Pooja Nair,POOJA.NAIR159@OUTLOOK.COM,(475) 283-5999,Delhi,2024-01-21,New,False,yes
SWGY11199,Aditya Verma,aditya.verma382@gmail.com,913505357228,JAIPUR,2024-12-19,,False,0
SWGY11200,Krishna Reddy,krishna.reddy42@hotmail.com,918302801041,ahmedabad,05-18-2025,Churned,False,1
SWGY11201,Sai Menon,sai.menon523@gmail.com,44786 74280,Mumbai,02-17-2025,Frequent Orderer,False,N
SWGY11202,Aarav Chatterjee,aarav.chatterjee992@gmail.com,(378) 912-1397,HYDERABAD,05-18-2024,Frequent Orderer,False,0
SWGY11203,Ira Pillai,ira.pillai937@gmail.co,919940842906, Bengaluru ,04-22-2024,Dormant,False,Yes
SWGY11204,Karthik Menon,karthik.menon387@gmail.com,+91-65673-37457,Pune,04/11/2023,Frequent Orderer,False,1
SWGY11205,Arjun Joshi,arjun.joshi307@hotmail.com,910253084376,KOLKATA,09-04-2023,Churned,False,0
SWGY11206,Krishna Rao,krishna.rao331@gmail.com,(232) 423-4800,Chennai,13/09/2024,,False,Y
SWGY11207,Krishna Reddy,krishna.reddy111@outlook.com,+91-57490-62796,JAIPUR,04/05/2024,Frequent Orderer,False,Y
SWGY11208,Diya Joshi,diya.joshi636@outlook.com,45231 58286,Bengaluru,31/01/2024,Churned,False,Yes
SWGY11209,Divya Iyer,divya.iyer615@gmail.com,1742922041, Vijayawada ,08-19-2024,Frequent Orderer,False,Y
SWGY11210,Nikhil Reddy,nikhil.reddy619@yahoo.com,06325 03139,Pune,01/05/2025,Frequent Orderer,False,1
SWGY11211,Aarav Nair,aarav.nair591@yahoo.com,+91-35937-97190,Delhi,07-17-2023,Frequent Orderer,False,Yes
SWGY11212,Reyansh Pillai,reyansh.pillai349@gmail.co,914718559407,AHMEDABAD,2024-05-15,Frequent Orderer,False,Yes
SWGY11213,Krishna Das,krishna.das667@gmail.co,+91-81456-47437,Jaipur,01-09-2024,New,False,yes
SWGY11214,Rahul Das,rahul.das943@gmail.com,+91-76665-05276,HYDERABAD,2025-04-24,Swiggy One Member,True,Y
SWGY11215,Navya Gupta,navya.gupta57@gmail.co,, Noida ,2025-05-18,,True,0
SWGY11216,Rohan Kapoor,rohan.kapoor701@gmail.co,5921268485,AHMEDABAD,11/08/2024,New,False,No
SWGY11217,Aditya Menon,aditya.menon42@gmail.com,37539 89231,NOIDA,03/11/2023,Swiggy One Member,True,0
SWGY11218,Diya Shetty,,+91-84178-37659,ahmedabad,2025-03-03,,False,Y
SWGY11219,Vivaan Reddy,vivaan.reddy398@outlook.com,6642673512,MUMBAI,08/03/2024,Swiggy One Member,False,1
SWGY11220,Diya Singh,diya.singh322@gmail.co,(648) 784-9622,kochi,02-10-2024,,False,1
SWGY11221,Vikram Reddy,vikram.reddy424@hotmail.com,96568 51206, Bengaluru ,10/04/2024,Frequent Orderer,True,
SWGY11222,Reyansh Shetty,reyansh.shetty221@outlook.com,42129 14650,HYDERABAD,2024-04-23,Dormant,False,yes
SWGY11223,Nikhil Kapoor,nikhil.kapoor685@gmail.com,5797251840,Gurugram,2024-12-15,Churned,False,N
SWGY11224,Rohan Shetty,rohan.shetty970@yahoo.com,3720945167, Nellore ,2023-10-16,New,False,0
SWGY11225,Kabir Mehta,kabir.mehta803@hotmail.com,(011) 220-0848,AHMEDABAD,11/01/2024,Swiggy One Member,True,yes
SWGY11226,Rahul Bose,rahul.bose692@hotmail.com,(828) 967-1360,hyderabad,12-27-2023,Churned,False,yes
SWGY11227,Nikhil Mehta,nikhil.mehta430@outlook.com,(013) 249-5193,Lucknow,02-03-2025,New,False,Yes
SWGY11228,Aditya Reddy,,,Lucknow,2024-05-05,Frequent Orderer,True,yes
SWGY11229,Vivaan Rao,vivaan.rao78@yahoo.com,(381) 483-7475,,2023-08-05,Frequent Orderer,False,Yes
SWGY11230,Ira Sharma,ira.sharma113@gmail.co,7840190271,MUMBAI,17/07/2024,Frequent Orderer,False,No
SWGY11231,Aadhya Gupta,aadhya.gupta530@gmail.co,, Mumbai ,2024-06-09,Frequent Orderer,False,
SWGY11232,Pooja Verma,pooja.verma213@outlook.com,(581) 956-5728,JAIPUR,24/04/2024,Dormant,False,N
SWGY11233,Sai Pillai,,1775801584, Ahmedabad ,01-28-2025,Dormant,False,
SWGY11234,Ira Patel,ira.patel162@gmail.co,66983 45150,bengaluru,2023-12-25,New,False,1
SWGY11235,Krishna Mehta,krishna.mehta964@gmail.com,9720738277, Mumbai ,01-31-2024,New,False,No
SWGY11236,Ishaan Malhotra,ishaan.malhotra517@gmail.co,90071 21024,CHENNAI,22/10/2023,Frequent Orderer,False,yes
SWGY11237,Pari Patel,pari.patel870@gmail.co,, Lucknow ,25/04/2025,Churned,False,0
SWGY11238,Saanvi Joshi,saanvi.joshi537@yahoo.com,,kolkata,2024-03-30,New,False,
SWGY11239,Ira Patel,ira.patel265@yahoo.com,(070) 547-3601, Jaipur ,12-04-2023,,True,No
SWGY11240,Aditya Khan,aditya.khan932@yahoo.com,0802658934,bengaluru,05-19-2025,New,True,
SWGY11241,Pooja Bose,pooja.bose212@outlook.com,, Lucknow ,2023-12-26,Frequent Orderer,False,0
SWGY11242,Rohan Chatterjee,rohan.chatterjee160@gmail.com,1726652824,noida,17/03/2024,Swiggy One Member,True,Y
SWGY11243,Priya Kapoor,PRIYA.KAPOOR902@YAHOO.COM,916014605190,ahmedabad,10/10/2023,Frequent Orderer,False,N
SWGY11244,Vikram Iyer,,,Gurugram,09-26-2023,Frequent Orderer,False,Yes
SWGY11245,Anika Shetty,anika.shetty4@outlook.com,918028354158,VIJAYAWADA,01-27-2024,New,False,Yes
SWGY11246,Ira Singh,,+91-62808-12268,bengaluru,02-24-2024,Dormant,False,yes
SWGY11247,Rahul Joshi,rahul.joshi893@outlook.com,3110583309, Lucknow ,2025-05-15,Churned,False,
SWGY11248,Ira Malhotra,ira.malhotra316@yahoo.com,9376501676,Chennai,10-21-2023,New,False,
SWGY11249,Pari Chatterjee,pari.chatterjee982@yahoo.com,3688501627,NOIDA,10-07-2023,Swiggy One Member,True,Y
SWGY11250,Reyansh Mehta,reyansh.mehta584@yahoo.com,+91-61652-28989, Kolkata ,19/08/2024,Frequent Orderer,False,N
SWGY11251,Neha Khan,neha.khan492@gmail.co,,Vijayawada,30/11/2024,New,False,Yes
SWGY11252,Divya Gupta,divya.gupta112@gmail.co,+91-89391-29565, Lucknow ,2025-05-28,Churned,False,No
SWGY11253,Vikram Menon,vikram.menon45@gmail.com,, Nellore ,2024-08-12,New,False,N
SWGY11254,Rohan Sharma,rohan.sharma105@yahoo.com,0186074290,kochi,2023-10-23,Swiggy One Member,False,Y
SWGY11255,Reyansh Singh,reyansh.singh575@gmail.com,00730 24266,noida,12-11-2023,Frequent Orderer,False,
SWGY11256,Diya Singh,,914469567406, Gurugram ,2025-03-12,Frequent Orderer,True,1
SWGY11257,Rohan Menon,rohan.menon390@gmail.co,,CHENNAI,06-16-2024,New,False,1
SWGY11258,Rohan Bose,rohan.bose445@gmail.co,+91-85320-77587,kolkata,2025-03-07,New,False,Y
SWGY11259,Rahul Mehta,rahul.mehta665@outlook.com,(695) 805-0450,Kochi,02-14-2025,Swiggy One Member,True,Y
SWGY11260,Navya Rao,navya.rao202@outlook.com,(939) 077-3729,kolkata,09-17-2024,New,False,1
SWGY11261,Sneha Sharma,sneha.sharma573@outlook.com,02045 02814,hyderabad,2024-12-27,Churned,True,No
SWGY11262,Arjun Joshi,arjun.joshi845@yahoo.com,,vijayawada,2024-02-27,Dormant,False,0
SWGY11263,Diya Nair,diya.nair692@gmail.co,,lucknow,14/09/2024,Dormant,False,yes
SWGY11264,Ananya Gupta,ananya.gupta844@gmail.com,,Chennai,09/03/2025,Dormant,False,Y
SWGY11265,Pari Nair,pari.nair395@gmail.com,21575 62641, Nellore ,2023-09-19,Frequent Orderer,False,yes
SWGY11266,Anika Reddy,anika.reddy956@gmail.com,+91-31963-03995, Nellore ,04-01-2025,Frequent Orderer,False,
SWGY11267,Vivaan Menon,vivaan.menon553@yahoo.com,912673123438,Pune,04/07/2023,Dormant,False,1
SWGY11268,Pooja Gupta,pooja.gupta379@hotmail.com,(645) 028-2313,AHMEDABAD,25/03/2024,Swiggy One Member,True,1
SWGY11269,Rahul Das,rahul.das736@outlook.com,910443183436,gurugram,2024-06-22,Frequent Orderer,False,No
SWGY11270,Nikhil Verma,,1506291792,ahmedabad,2025-03-30,Dormant,False,
SWGY11271,Kabir Nair,kabir.nair762@gmail.com,917392219836,Nellore,23/09/2023,Dormant,False,
SWGY11272,Kabir Joshi,kabir.joshi527@gmail.co,(745) 991-5304,kolkata,2024-10-08,New,True,Yes
SWGY11273,Neha Nair,neha.nair250@hotmail.com,9034502958, Bengaluru ,13/10/2023,Dormant,False,Yes
SWGY11274,Sai Verma,sai.verma211@outlook.com,+91-75418-23688,Chennai,2023-06-09,Swiggy One Member,True,N
SWGY11275,Vikram Bose,vikram.bose322@gmail.com,46018 42201,AHMEDABAD,14/10/2023,Frequent Orderer,True,N
SWGY11276,Reyansh Verma,reyansh.verma771@gmail.co,, Kochi ,12-15-2024,Dormant,False,Yes
SWGY11277,Myra Malhotra,MYRA.MALHOTRA48@GMAIL.COM,21410 70716,vijayawada,05-24-2025,Frequent Orderer,False,1
SWGY11278,Pooja Sharma,pooja.sharma329@gmail.com,,kochi,31/03/2025,Swiggy One Member,True,yes
SWGY11279,Divya Das,,7671377188,KOLKATA,10/02/2025,Frequent Orderer,False,N
SWGY11280,Riya Das,riya.das946@gmail.co,0557371388,kolkata,2023-09-18,New,False,Y
SWGY11281,Priya Iyer,priya.iyer979@outlook.com,+91-14466-27633,hyderabad,05-04-2025,Swiggy One Member,True,No
SWGY11282,Aditya Joshi,aditya.joshi688@gmail.com,(483) 196-8636, Kolkata ,2023-09-08,Swiggy One Member,True,yes
SWGY11283,Saanvi Khan,saanvi.khan495@gmail.com,,,03/12/2024,,False,N
SWGY11284,Karthik Gupta,karthik.gupta975@yahoo.com,+91-91270-65934,Kochi,18/05/2024,Swiggy One Member,True,Yes
SWGY11285,Saanvi Iyer,saanvi.iyer161@outlook.com,8301817960,vijayawada,09-05-2023,New,False,
SWGY11286,Anika Shetty,anika.shetty489@outlook.com,+91-79905-22171,jaipur,11-15-2024,Swiggy One Member,True,0
SWGY11287,Neha Khan,,06173 56316,Kolkata,2024-05-30,Frequent Orderer,True,
SWGY11288,Diya Das,diya.das612@outlook.com,,Gurugram,30/11/2023,Dormant,False,Y
SWGY11289,Karthik Verma,karthik.verma79@gmail.co,+91-53216-33613, Mumbai ,12-30-2023,Swiggy One Member,False,1
SWGY11290,Ayaan Pillai,ayaan.pillai488@yahoo.com,914585835639,Bengaluru,2023-07-17,Frequent Orderer,False,
SWGY11291,Pooja Rao,pooja.rao933@outlook.com,,jaipur,10/01/2024,Swiggy One Member,True,0
SWGY11292,Nikhil Nair,nikhil.nair416@gmail.com,,lucknow,17/09/2023,Dormant,False,N
SWGY11293,Ishaan Khan,ishaan.khan791@gmail.co,8590964598,KOLKATA,01-09-2024,Dormant,True,yes
SWGY11294,Divya Verma,,913516681133, Nellore ,2025-02-15,Swiggy One Member,True,0
SWGY11295,Myra Sharma,myra.sharma301@gmail.com,+91-24222-41983,,05-10-2025,New,False,N
SWGY11296,Reyansh Singh,reyansh.singh103@outlook.com,+91-24842-02435,kolkata,16/04/2024,Frequent Orderer,True,0
SWGY11297,Diya Gupta,diya.gupta345@gmail.co,910994147539,Mumbai,2025-04-15,Dormant,False,
SWGY11298,Vivaan Khan,vivaan.khan701@hotmail.com,(261) 103-5659,CHENNAI,03-13-2025,New,False,Y
SWGY11299,Vivaan Nair,,+91-29533-86194,Hyderabad,10-04-2024,Frequent Orderer,False,N
SWGY11300,Ira Sharma,ira.sharma288@yahoo.com,,,2025-02-26,Dormant,False,yes
SWGY11301,Kabir Kapoor,kabir.kapoor925@hotmail.com,0865424382,PUNE,09-13-2023,Churned,False,1
SWGY11302,Ananya Sharma,ananya.sharma883@outlook.com,8895947039, Gurugram ,02/03/2024,New,True,1
SWGY11303,Kabir Khan,kabir.khan265@gmail.co,918830099542, Vijayawada ,2023-09-07,Dormant,False,yes
SWGY11304,Krishna Shetty,krishna.shetty445@gmail.co,8994706170,Ahmedabad,2024-07-16,Swiggy One Member,True,yes
SWGY11305,Ira Joshi,ira.joshi537@outlook.com,,lucknow,2023-08-24,New,False,0
SWGY11306,Aarav Reddy,aarav.reddy909@yahoo.com,+91-35969-85045,kolkata,16/10/2024,Swiggy One Member,True,0
SWGY11307,Pooja Pillai,pooja.pillai730@outlook.com,(861) 789-2571,Kochi,2024-01-21,Frequent Orderer,False,1
SWGY11308,Vivaan Singh,,914816384936,Nellore,04-27-2024,Dormant,False,0
SWGY11309,Kabir Khan,kabir.khan789@gmail.com,+91-27896-95193,nellore,05-25-2024,Frequent Orderer,False,1
SWGY11310,Arjun Kapoor,arjun.kapoor50@yahoo.com,,gurugram,24/05/2024,Swiggy One Member,True,0
SWGY11311,Priya Singh,,(761) 707-3174,hyderabad,16/09/2023,Swiggy One Member,True,
SWGY11312,Nikhil Mehta,nikhil.mehta402@gmail.co,910898977475,delhi,04-22-2025,Frequent Orderer,False,yes
SWGY11313,Rohan Singh,rohan.singh195@gmail.co,+91-40376-76874,chennai,2024-10-27,Dormant,False,Yes
SWGY11314,Pooja Kapoor,pooja.kapoor205@outlook.com,915733099000,kolkata,09-21-2024,Frequent Orderer,False,Yes
SWGY11315,Neha Mehta,neha.mehta298@outlook.com,8565352326,Pune,07-12-2024,Frequent Orderer,False,Yes
SWGY11316,Pooja Verma,pooja.verma72@gmail.com,914956119989, Chennai ,20/09/2024,,False,No
SWGY11317,Aditya Bose,aditya.bose459@outlook.com,1447761868,Mumbai,30/04/2025,Dormant,False,
SWGY11318,Priya Pillai,priya.pillai854@gmail.co,(290) 525-6599,Kolkata,07-14-2024,Swiggy One Member,True,No
SWGY11319,Ayaan Nair,ayaan.nair185@hotmail.com,7640547398,JAIPUR,2024-01-25,Swiggy One Member,False,No
SWGY11320,Ayaan Verma,ayaan.verma34@outlook.com,73389 14785,pune,08/08/2023,,True,yes
SWGY11321,Pooja Menon,pooja.menon106@gmail.com,(238) 735-1866, Noida ,10/10/2023,New,False,yes
SWGY11322,Ishaan Patel,ishaan.patel9@yahoo.com,915346581539,mumbai,12-26-2023,Churned,True,Y
SWGY11323,Karthik Reddy,karthik.reddy638@hotmail.com,+91-98412-86558, Gurugram ,15/12/2024,Swiggy One Member,True,1
SWGY11324,Rahul Shetty,rahul.shetty100@hotmail.com,8918003814,DELHI,07/01/2024,Swiggy One Member,True,Y
SWGY11325,Karthik Shetty,karthik.shetty898@outlook.com,30912 18527,noida,2023-11-25,Frequent Orderer,False,No
SWGY11326,Krishna Chatterjee,krishna.chatterjee372@yahoo.com,1530304407,Mumbai,12-19-2023,Frequent Orderer,False,No
SWGY11327,Nikhil Verma,nikhil.verma321@outlook.com,+91-63454-18299,VIJAYAWADA,22/07/2024,Frequent Orderer,False,yes
SWGY11328,Ananya Iyer,ANANYA.IYER752@GMAIL.COM,,bengaluru,2024-07-31,Frequent Orderer,True,No
SWGY11329,Saanvi Bose,saanvi.bose86@gmail.co,,delhi,01/08/2024,Dormant,False,No
SWGY11330,Priya Sharma,priya.sharma819@outlook.com,(287) 032-2007,bengaluru,05-19-2024,,True,
SWGY11331,Priya Iyer,priya.iyer149@hotmail.com,,,2023-12-13,Swiggy One Member,True,yes
SWGY11332,Navya Sharma,,916950904189,delhi,04/12/2023,Frequent Orderer,False,0
SWGY11333,Karthik Rao,karthik.rao363@gmail.co,3887888765,HYDERABAD,2023-07-07,New,False,N
SWGY11334,Saanvi Verma,saanvi.verma24@gmail.com,913860479471,Kolkata,2025-03-24,New,False,Yes
SWGY11335,Kabir Khan,kabir.khan784@outlook.com,918294419147,,18/02/2024,Dormant,False,N
SWGY11336,Krishna Joshi,krishna.joshi754@gmail.co,910953267084, Delhi ,12-26-2024,Frequent Orderer,False,0
SWGY11337,Vikram Khan,vikram.khan171@outlook.com,82282 80183,KOLKATA,06/05/2025,Swiggy One Member,True,N
SWGY11338,Vivaan Mehta,vivaan.mehta698@gmail.co,6780964583,lucknow,11-04-2024,Frequent Orderer,False,yes
SWGY11339,Riya Khan,riya.khan652@yahoo.com,917555928974, Noida ,09/01/2025,Frequent Orderer,False,No
SWGY11340,Sneha Gupta,sneha.gupta951@yahoo.com,, Jaipur ,13/03/2025,Frequent Orderer,False,1
SWGY11341,Aditya Das,aditya.das452@hotmail.com,3009358201,KOCHI,2025-03-18,Frequent Orderer,False,No
SWGY11342,Rahul Khan,rahul.khan945@outlook.com,918483492766,Vijayawada,09-29-2024,Swiggy One Member,True,yes
SWGY11343,Aadhya Verma,aadhya.verma813@yahoo.com,4801537358, Mumbai ,03-10-2025,Dormant,False,
SWGY11344,Ishaan Das,ishaan.das600@yahoo.com,,pune,02-23-2024,Frequent Orderer,False,N
SWGY11345,Saanvi Menon,saanvi.menon544@outlook.com,28502 15538,Vijayawada,01-08-2025,New,False,
SWGY11346,Myra Khan,myra.khan163@gmail.co,+91-43956-78446, Noida ,04-23-2024,Swiggy One Member,True,Yes
SWGY11347,Vikram Kapoor,vikram.kapoor584@gmail.com,+91-17755-12944,noida,05-17-2024,New,False,Y
SWGY11348,Ananya Patel,ananya.patel533@yahoo.com,915974776565,Ahmedabad,11/09/2023,Frequent Orderer,False,Yes
SWGY11349,Diya Khan,diya.khan856@outlook.com,,Chennai,02-17-2025,Frequent Orderer,False,yes
SWGY11350,Rahul Shetty,rahul.shetty306@gmail.com,,noida,26/07/2023,Frequent Orderer,False,
SWGY11351,Pooja Singh,pooja.singh680@gmail.com,4872255785,kochi,2024-03-21,Swiggy One Member,True,N
SWGY11352,Ananya Rao,ananya.rao897@outlook.com,+91-95232-85558,,11/03/2025,,True,yes
SWGY11353,Vikram Kapoor,vikram.kapoor807@hotmail.com,(413) 623-3470,Pune,26/10/2024,New,False,No
SWGY11354,Ayaan Chatterjee,ayaan.chatterjee261@gmail.co,917341855950,KOCHI,28/01/2025,Churned,False,yes
SWGY11355,Diya Chatterjee,diya.chatterjee104@gmail.com,,bengaluru,10-04-2023,Frequent Orderer,False,Yes
SWGY11356,Pari Bose,pari.bose321@outlook.com,6215938967,,18/05/2025,Swiggy One Member,True,N
SWGY11357,Neha Mehta,neha.mehta540@hotmail.com,70722 88341,GURUGRAM,01/02/2024,,False,No
SWGY11358,Rahul Patel,rahul.patel933@outlook.com,4936635796,Vijayawada,06-08-2023,New,False,yes
SWGY11359,Anika Sharma,anika.sharma681@gmail.com,(356) 582-6082,HYDERABAD,05-21-2025,Dormant,False,0
SWGY11360,Sai Kapoor,sai.kapoor145@hotmail.com,+91-86691-12232,kochi,01-26-2025,Churned,False,Y
SWGY11361,Ananya Nair,ananya.nair658@hotmail.com,(259) 465-7446,KOCHI,2024-06-21,New,True,1
SWGY11362,Sneha Khan,sneha.khan792@hotmail.com,+91-51367-38052,,03-20-2024,Churned,True,No
SWGY11363,Karthik Pillai,karthik.pillai800@gmail.com,,HYDERABAD,2024-08-29,Dormant,False,N
SWGY11364,Ananya Rao,ANANYA.RAO934@GMAIL.CO,0876477090, Bengaluru ,08/09/2023,New,False,No
SWGY11365,Navya Singh,navya.singh495@gmail.co,911621720488, Kochi ,09-19-2024,Frequent Orderer,False,Yes
SWGY11366,Sneha Menon,sneha.menon908@yahoo.com,914564967419,Mumbai,26/10/2024,Frequent Orderer,False,Yes
SWGY11367,Ananya Singh,ananya.singh817@hotmail.com,,Vijayawada,2025-04-29,New,False,No
SWGY11368,Priya Das,priya.das594@gmail.co,, Nellore ,01-08-2025,New,False,Y
SWGY11369,Rahul Khan,,(875) 480-2933,DELHI,07-16-2024,Dormant,False,yes
SWGY11370,Kabir Shetty,,74546 93510,Ahmedabad,24/08/2023,New,False,Yes
SWGY11371,Divya Gupta,divya.gupta526@hotmail.com,+91-99035-97177, Delhi ,12-08-2024,Frequent Orderer,True,Yes
SWGY11372,Kabir Verma,kabir.verma311@gmail.com,(605) 164-8389,PUNE,2024-07-25,Frequent Orderer,False,
SWGY11373,Saanvi Bose,saanvi.bose469@gmail.co,,CHENNAI,2023-09-27,Dormant,False,
SWGY11374,Rahul Singh,rahul.singh767@gmail.co,917451048480,bengaluru,01-20-2024,Frequent Orderer,False,
SWGY11375,Priya Patel,priya.patel397@gmail.com,4270799594, Noida ,2023-09-28,Swiggy One Member,True,No
SWGY11376,Ishaan Verma,ishaan.verma297@outlook.com,(728) 972-2693,gurugram,10/01/2025,Frequent Orderer,False,Yes
SWGY11377,Rahul Patel,rahul.patel702@gmail.co,56066 99261,,11/06/2023,Swiggy One Member,True,
SWGY11378,Vivaan Shetty,vivaan.shetty384@gmail.co,39962 63779, Kochi ,2024-08-27,Dormant,False,No
SWGY11379,Vivaan Joshi,vivaan.joshi430@yahoo.com,+91-06824-32333,KOCHI,2024-01-31,Churned,False,N
SWGY11380,Ayaan Rao,ayaan.rao855@gmail.co,914306952357, Kolkata ,24/06/2023,Dormant,False,Y
SWGY11381,Ira Menon,ira.menon50@gmail.com,+91-44885-48753,Mumbai,10-18-2023,,False,Yes
SWGY11382,Ayaan Nair,ayaan.nair7@outlook.com,917642550786, Pune ,05-24-2024,Churned,False,0
SWGY11383,Aarav Nair,aarav.nair256@gmail.com,,BENGALURU,01-21-2024,Dormant,False,
SWGY11384,Riya Malhotra,riya.malhotra847@gmail.com,2495629179,kochi,08/10/2024,New,False,No
SWGY11385,Aadhya Sharma,AADHYA.SHARMA483@GMAIL.COM,10287 45120,HYDERABAD,12-17-2023,Dormant,False,Yes
SWGY11386,Aditya Kapoor,aditya.kapoor543@gmail.co,(104) 662-7501,PUNE,31/03/2024,Frequent Orderer,False,
SWGY11387,Ayaan Rao,ayaan.rao548@outlook.com,,DELHI,23/07/2023,,False,Yes
SWGY11388,Aadhya Verma,,+91-71485-81970,kochi,2023-08-30,Dormant,False,No
SWGY11389,Riya Mehta,riya.mehta29@hotmail.com,19201 82852,GURUGRAM,02-13-2025,Churned,False,Y
SWGY11390,Riya Joshi,riya.joshi773@gmail.co,8291585511,NOIDA,06-04-2023,Dormant,False,
SWGY11391,Aditya Menon,aditya.menon851@gmail.co,1424873962,VIJAYAWADA,16/11/2023,Churned,False,No
SWGY11392,Anika Bose,anika.bose992@gmail.co,,hyderabad,10/05/2025,New,False,
SWGY11393,Anika Kapoor,anika.kapoor346@gmail.co,914380299034,Delhi,02-08-2025,Churned,False,yes
SWGY11394,Arjun Menon,arjun.menon739@gmail.com,(091) 657-3762,GURUGRAM,16/01/2025,Dormant,False,0
SWGY11395,Karthik Iyer,karthik.iyer423@hotmail.com,,Delhi,09/06/2024,Frequent Orderer,True,Y
SWGY11396,Vikram Nair,vikram.nair337@gmail.co,910018429335,kolkata,14/04/2024,Churned,False,yes
SWGY11397,Reyansh Nair,reyansh.nair986@outlook.com,6771539022,VIJAYAWADA,12-03-2024,Swiggy One Member,True,yes
SWGY11398,Myra Singh,myra.singh577@gmail.com,910647614427, Kolkata ,2024-04-28,New,False,1
SWGY11399,Ananya Rao,ananya.rao128@gmail.co,92067 54939,ahmedabad,2023-07-24,Dormant,False,0
SWGY11400,Riya Sharma,riya.sharma886@yahoo.com,915287835733,Chennai,2024-04-23,Dormant,False,N
SWGY11401,Aarav Kapoor,aarav.kapoor214@gmail.com,,hyderabad,2024-03-10,Frequent Orderer,False,
SWGY11402,Reyansh Verma,reyansh.verma50@yahoo.com,2510715558,Hyderabad,01-22-2024,Frequent Orderer,False,yes
SWGY11403,Rohan Verma,rohan.verma307@outlook.com,,Chennai,03/11/2023,New,False,No
SWGY11404,Riya Gupta,riya.gupta926@gmail.com,(349) 419-7157,noida,11/02/2024,Dormant,False,No
SWGY11405,Nikhil Chatterjee,nikhil.chatterjee285@gmail.co,61621 85635,Kolkata,2024-01-23,,False,
SWGY11406,Aadhya Gupta,,+91-56977-14336,Pune,07-13-2023,Frequent Orderer,True,Yes
SWGY11407,Ishaan Verma,ishaan.verma52@yahoo.com,(788) 881-8930, Mumbai ,03-18-2024,,False,No
SWGY11408,Saanvi Singh,saanvi.singh549@outlook.com,915690509656,NELLORE,17/11/2024,New,False,
SWGY11409,Reyansh Malhotra,reyansh.malhotra844@gmail.com,(814) 723-7356,Bengaluru,13/06/2023,Frequent Orderer,False,N
SWGY11410,Priya Sharma,priya.sharma906@hotmail.com,9951454983, Nellore ,2024-01-14,New,False,yes
SWGY11411,Saanvi Kapoor,saanvi.kapoor741@gmail.co,,chennai,12-29-2024,New,False,1
SWGY11412,Vikram Chatterjee,vikram.chatterjee939@gmail.co,20025 85653, Hyderabad ,04-06-2024,Frequent Orderer,False,
SWGY11413,Pari Singh,pari.singh493@gmail.com,26154 87201,bengaluru,04-24-2025,New,False,Yes
SWGY11414,Arjun Das,arjun.das351@outlook.com,, Noida ,2024-03-24,Frequent Orderer,True,
SWGY11415,Arjun Menon,arjun.menon791@outlook.com,913000914352,kolkata,09-08-2023,Frequent Orderer,True,N
SWGY11416,Aarav Kapoor,aarav.kapoor660@gmail.co,, Jaipur ,2024-03-11,New,False,Y
SWGY11417,Ananya Iyer,ananya.iyer170@yahoo.com,(234) 056-7712,Gurugram,05-01-2024,Swiggy One Member,True,1
SWGY11418,Anika Pillai,anika.pillai645@yahoo.com,80516 66081,JAIPUR,07-15-2023,,True,Y
SWGY11419,Pari Malhotra,pari.malhotra598@hotmail.com,(361) 527-6958,nellore,27/03/2024,Dormant,False,Y
SWGY11420,Aarav Iyer,aarav.iyer550@hotmail.com,31373 71450,Delhi,2024-02-21,Swiggy One Member,True,Yes
SWGY11421,Karthik Iyer,karthik.iyer270@gmail.com,913960610471,Kolkata,2025-04-26,Frequent Orderer,False,Y
SWGY11422,Priya Khan,priya.khan312@gmail.co,83410 34141,Noida,06-22-2024,,False,No
SWGY11423,Ishaan Bose,ishaan.bose88@yahoo.com,1790447085,Ahmedabad,09-15-2023,Frequent Orderer,False,yes
SWGY11424,Neha Verma,neha.verma470@hotmail.com,03145 64572, Kochi ,30/06/2024,Frequent Orderer,False,
SWGY11425,Ira Rao,ira.rao879@gmail.co,+91-99987-09339,KOCHI,26/07/2023,Frequent Orderer,False,yes
SWGY11426,Aditya Nair,aditya.nair395@gmail.com,67531 80576,Noida,03-07-2025,Frequent Orderer,True,Yes
SWGY11427,Aditya Sharma,aditya.sharma97@yahoo.com,6064004748,,02-07-2025,Frequent Orderer,False,yes
SWGY11428,Nikhil Bose,,,Kolkata,2025-03-12,Swiggy One Member,True,
SWGY11429,Pari Singh,pari.singh829@yahoo.com,+91-07811-17196,Ahmedabad,05/10/2024,Frequent Orderer,False,Yes
SWGY11430,Reyansh Gupta,reyansh.gupta343@hotmail.com,43338 49655,CHENNAI,03-20-2024,Frequent Orderer,False,No
SWGY11431,Pari Sharma,pari.sharma898@gmail.com,9926653619, Noida ,2024-01-03,Dormant,False,No
SWGY11432,Myra Patel,myra.patel519@gmail.co,2385865392, Vijayawada ,04-06-2024,Dormant,False,
SWGY11433,Sneha Gupta,sneha.gupta591@yahoo.com,,Chennai,19/05/2025,New,False,N
SWGY11434,Vikram Khan,VIKRAM.KHAN140@OUTLOOK.COM,919893546463, Gurugram ,2025-02-12,New,False,No
SWGY11435,Krishna Khan,krishna.khan244@outlook.com,917186692552,Pune,10/10/2024,New,False,Yes
SWGY11436,Ira Nair,ira.nair816@gmail.com,910156161973,kolkata,25/07/2023,New,False,No
SWGY11437,Arjun Gupta,arjun.gupta144@yahoo.com,,NOIDA,2024-01-23,,False,Yes
SWGY11438,Ayaan Rao,ayaan.rao972@yahoo.com,,NELLORE,2023-10-06,Frequent Orderer,False,Yes
SWGY11439,Aadhya Patel,aadhya.patel842@outlook.com,916130236416,KOCHI,23/08/2023,Swiggy One Member,True,N
SWGY11440,Ananya Shetty,ananya.shetty857@yahoo.com,9193252826,Vijayawada,2023-08-07,Frequent Orderer,False,0
SWGY11441,Nikhil Shetty,nikhil.shetty640@hotmail.com,(225) 296-4448,HYDERABAD,09-15-2024,Swiggy One Member,True,0
SWGY11442,Rahul Bose,rahul.bose317@yahoo.com,+91-64098-05877,kolkata,01/11/2024,New,False,1
SWGY11443,Ira Verma,ira.verma494@hotmail.com,90259 12046, Kochi ,2025-03-17,Churned,False,No
SWGY11444,Aadhya Nair,aadhya.nair332@hotmail.com,,,07-11-2024,Frequent Orderer,True,
SWGY11445,Divya Pillai,divya.pillai324@outlook.com,2474111736,Hyderabad,2025-02-06,,False,0
SWGY11446,Arjun Das,arjun.das374@hotmail.com,+91-23300-80563,KOLKATA,03-30-2025,Frequent Orderer,False,Y
SWGY11447,Rohan Rao,rohan.rao859@yahoo.com,(078) 831-2736,ahmedabad,12-24-2024,,False,1
SWGY11448,Arjun Nair,arjun.nair24@hotmail.com,, Bengaluru ,26/09/2024,New,True,No
SWGY11449,Reyansh Shetty,reyansh.shetty19@outlook.com,08194 84226,JAIPUR,05-01-2024,Frequent Orderer,True,Yes
SWGY11450,Aarav Patel,aarav.patel40@yahoo.com,83034 24375,Kolkata,11/06/2023,Churned,False,Y
SWGY11451,Pooja Bose,pooja.bose127@gmail.co,(696) 874-0330,bengaluru,10/02/2025,New,False,yes
SWGY11452,Aditya Sharma,aditya.sharma32@hotmail.com,915801517642, Kolkata ,09-10-2023,Frequent Orderer,False,Y
SWGY11453,Anika Sharma,anika.sharma838@gmail.com,(699) 613-1525,VIJAYAWADA,10-11-2023,Frequent Orderer,False,N
SWGY11454,Karthik Nair,,77435 40476,delhi,04-07-2025,Dormant,False,N
SWGY11455,Ira Das,ira.das837@outlook.com,62778 88260,Bengaluru,18/09/2023,New,False,yes
SWGY11456,Navya Pillai,navya.pillai925@hotmail.com,80971 86142,BENGALURU,30/01/2024,New,False,1
SWGY11457,Karthik Menon,karthik.menon334@outlook.com,917577991137,AHMEDABAD,2024-06-08,Swiggy One Member,True,yes
SWGY11458,Rahul Khan,rahul.khan786@gmail.com,(608) 958-9701,GURUGRAM,2024-07-26,Churned,False,No
SWGY11459,Rahul Patel,rahul.patel8@hotmail.com,+91-76128-98993, Hyderabad ,23/06/2024,Dormant,False,0
SWGY11460,Nikhil Reddy,nikhil.reddy774@gmail.co,, Jaipur ,09-28-2023,Dormant,False,1
SWGY11461,Nikhil Iyer,nikhil.iyer630@hotmail.com,+91-18439-76309,Nellore,09/06/2024,Dormant,False,N
SWGY11462,Pari Pillai,pari.pillai802@outlook.com,57444 10769, Chennai ,2025-02-20,Swiggy One Member,True,0
SWGY11463,Rohan Khan,rohan.khan582@gmail.com,,Chennai,31/03/2025,,False,0
SWGY11464,Diya Malhotra,,,NOIDA,2024-04-17,Frequent Orderer,False,
SWGY11465,Rohan Reddy,rohan.reddy902@yahoo.com,00788 36922,KOCHI,05-04-2025,Dormant,False,1
SWGY11466,Krishna Sharma,krishna.sharma977@hotmail.com,02312 65327,hyderabad,12-11-2023,Frequent Orderer,False,1
SWGY11467,Neha Reddy,neha.reddy193@yahoo.com,913477146950,CHENNAI,02-28-2025,Frequent Orderer,False,1
SWGY11468,Ananya Das,ananya.das153@gmail.com,(174) 136-4459, Pune ,12/05/2025,Frequent Orderer,False,No
SWGY11469,Rahul Nair,rahul.nair612@gmail.com,27065 07612,MUMBAI,12-16-2024,Swiggy One Member,True,N
SWGY11470,Rohan Sharma,rohan.sharma255@gmail.com,,pune,30/06/2024,Frequent Orderer,False,Yes
SWGY11471,Pari Kapoor,pari.kapoor946@yahoo.com,+91-27639-90460,GURUGRAM,12-03-2024,Swiggy One Member,True,N
SWGY11472,Saanvi Pillai,SAANVI.PILLAI435@HOTMAIL.COM,2209755061,Kolkata,07/04/2025,Churned,False,
SWGY11473,Aarav Gupta,aarav.gupta869@yahoo.com,,Pune,04-25-2025,New,True,N
SWGY11474,Sneha Singh,sneha.singh860@gmail.com,,Kochi,2025-05-03,Dormant,False,Y
SWGY11475,Divya Mehta,divya.mehta239@gmail.co,, Bengaluru ,2023-07-27,Dormant,False,Y
SWGY11476,Vivaan Chatterjee,vivaan.chatterjee766@gmail.com,912698044665,hyderabad,2023-11-02,New,False,yes
SWGY11477,Pari Mehta,pari.mehta437@outlook.com,4525737874, Bengaluru ,01-02-2025,Frequent Orderer,True,yes
SWGY11478,Aarav Joshi,aarav.joshi326@gmail.co,910612988972,bengaluru,2025-05-14,Swiggy One Member,True,0
SWGY11479,Anika Verma,anika.verma411@gmail.com,, Kochi ,2025-02-03,New,False,1
SWGY11480,Saanvi Chatterjee,saanvi.chatterjee987@gmail.co,79512 79831,nellore,2024-11-09,New,False,1
SWGY11481,Sai Das,sai.das87@hotmail.com,+91-98480-87017, Ahmedabad ,03/05/2025,Frequent Orderer,False,No
SWGY11482,Diya Nair,diya.nair483@outlook.com,,,10-04-2024,,True,yes
SWGY11483,Aadhya Gupta,aadhya.gupta849@hotmail.com,(070) 178-5020,Ahmedabad,2023-07-25,Frequent Orderer,False,1
SWGY11484,Sneha Menon,sneha.menon721@hotmail.com,, Vijayawada ,09-27-2024,New,False,1
SWGY11485,Rohan Singh,rohan.singh463@outlook.com,2526942041,noida,2025-02-03,Frequent Orderer,False,1
SWGY11486,Rahul Patel,rahul.patel376@gmail.com,3379376699, Gurugram ,03-25-2024,New,False,No
SWGY11487,Priya Chatterjee,priya.chatterjee91@gmail.co,(058) 496-8814,Kochi,06-05-2023,Dormant,False,Yes
SWGY11488,Kabir Khan,kabir.khan455@outlook.com,09998 63245,nellore,2024-07-15,New,False,
SWGY11489,Priya Pillai,priya.pillai933@hotmail.com,18466 89859,MUMBAI,2023-09-08,Churned,True,N
SWGY11490,Diya Pillai,diya.pillai465@yahoo.com,8002264259,KOLKATA,2023-09-29,Frequent Orderer,False,1
SWGY11491,Pooja Khan,pooja.khan906@gmail.co,(819) 214-7498, Chennai ,11/12/2024,Dormant,False,0
SWGY11492,Aarav Menon,aarav.menon739@hotmail.com,917214617275,Delhi,18/01/2025,Frequent Orderer,False,1
SWGY11493,Neha Iyer,neha.iyer635@hotmail.com,(979) 887-7544,vijayawada,03/12/2023,Frequent Orderer,False,yes
SWGY11494,Aditya Singh,aditya.singh740@hotmail.com,,CHENNAI,05/06/2023,New,False,0
SWGY11495,Nikhil Singh,nikhil.singh541@outlook.com,917936561156, Nellore ,2025-02-07,New,False,Y
SWGY11496,Karthik Singh,karthik.singh429@outlook.com,,noida,2023-08-03,,True,N
SWGY11497,Vivaan Patel,vivaan.patel667@gmail.co,62447 56311,Noida,2024-08-24,Churned,False,Yes
SWGY11498,Pari Bose,pari.bose777@gmail.com,6154598586,NOIDA,08/12/2023,Swiggy One Member,True,0
SWGY11499,Ananya Menon,ananya.menon697@hotmail.com,912128866905,mumbai,17/11/2024,Churned,False,yes
SWGY11500,Reyansh Bose,reyansh.bose460@gmail.com,,NELLORE,2023-11-08,Churned,False,Y
SWGY11501,Divya Sharma,divya.sharma130@gmail.co,, Hyderabad ,08-16-2024,Churned,False,0
SWGY11502,Aarav Singh,aarav.singh232@outlook.com,1062833455,DELHI,07/06/2023,Frequent Orderer,False,0
SWGY11503,Reyansh Patel,reyansh.patel660@gmail.com,5358597302,AHMEDABAD,10-11-2023,Dormant,False,Y
SWGY11504,Reyansh Bose,reyansh.bose808@outlook.com,2555468939, Pune ,09-01-2024,Churned,True,Yes
SWGY11505,Krishna Reddy,krishna.reddy71@outlook.com,+91-64673-86569,mumbai,30/07/2024,Frequent Orderer,False,yes
SWGY11506,Priya Mehta,priya.mehta73@yahoo.com,95587 70062,gurugram,20/01/2024,New,False,yes
SWGY11507,Reyansh Mehta,reyansh.mehta331@yahoo.com,2033980138,Chennai,03/07/2023,Frequent Orderer,True,Y
SWGY11508,Navya Singh,navya.singh909@hotmail.com,10801 53374,hyderabad,30/05/2024,Frequent Orderer,False,
SWGY11509,Aarav Iyer,aarav.iyer73@outlook.com,(596) 957-9457,ahmedabad,04-02-2025,Frequent Orderer,False,1
SWGY11510,Diya Sharma,diya.sharma397@yahoo.com,911714854183,lucknow,2024-05-16,Frequent Orderer,False,1
SWGY11511,Arjun Das,arjun.das661@hotmail.com,1651192145,delhi,08-03-2023,Churned,False,yes
SWGY11512,Ananya Iyer,ananya.iyer646@gmail.co,,bengaluru,12-27-2023,New,False,N
SWGY11513,Reyansh Gupta,reyansh.gupta10@yahoo.com,+91-63409-41218,kochi,11-20-2023,Dormant,False,Y
SWGY11514,Diya Kapoor,diya.kapoor28@outlook.com,+91-79412-32546,Vijayawada,04-20-2024,Swiggy One Member,True,No
SWGY11515,Neha Reddy,neha.reddy821@hotmail.com,917133996276, Hyderabad ,2024-04-05,Dormant,False,Y
SWGY11516,Pari Singh,pari.singh170@hotmail.com,+91-38130-14948,CHENNAI,10-10-2023,New,False,Yes
SWGY11517,Navya Bose,navya.bose310@outlook.com,19199 08213,ahmedabad,22/11/2024,Dormant,False,N
SWGY11518,Ishaan Joshi,ishaan.joshi501@gmail.com,911710389191, Delhi ,26/01/2024,Dormant,False,Yes
SWGY11519,Ananya Sharma,ananya.sharma909@yahoo.com,4956071487,mumbai,2024-01-31,Dormant,True,
SWGY11520,Myra Das,myra.das156@yahoo.com,,Kochi,21/05/2025,New,False,
SWGY11521,Pooja Sharma,pooja.sharma211@gmail.com,7005994696,,01-08-2025,Swiggy One Member,True,Y
SWGY11522,Rahul Singh,rahul.singh698@outlook.com,00971 40863,HYDERABAD,2025-05-07,Frequent Orderer,True,yes
SWGY11523,Kabir Sharma,kabir.sharma293@hotmail.com,8392375909,KOCHI,2024-07-20,Frequent Orderer,False,1
SWGY11524,Divya Bose,,13919 60348,NOIDA,10/05/2025,New,False,
SWGY11525,Navya Bose,navya.bose406@hotmail.com,3238004364,lucknow,12-29-2023,Swiggy One Member,True,yes
SWGY11526,Aadhya Mehta,,,,07/03/2024,Frequent Orderer,False,0
SWGY11527,Vivaan Reddy,vivaan.reddy768@outlook.com,+91-15728-14361, Chennai ,06-01-2024,,True,0
SWGY11528,Ishaan Reddy,ishaan.reddy78@gmail.com,26055 54654, Chennai ,06-30-2024,Churned,False,N
SWGY11529,Saanvi Malhotra,saanvi.malhotra238@gmail.co,, Kochi ,17/02/2024,Churned,False,Yes
SWGY11530,Aarav Singh,aarav.singh141@yahoo.com,,BENGALURU,28/08/2023,New,False,N
SWGY11531,Navya Das,navya.das462@gmail.com,919340991650,Ahmedabad,2023-07-27,Churned,False,N
SWGY11532,Aadhya Rao,aadhya.rao576@outlook.com,(770) 062-7959,Noida,20/06/2023,Frequent Orderer,False,Y
SWGY11533,Ira Das,ira.das590@outlook.com,+91-17562-75280,Chennai,18/03/2024,Swiggy One Member,True,No
SWGY11534,Rohan Joshi,rohan.joshi714@outlook.com,, Hyderabad ,03-04-2024,Frequent Orderer,False,No
SWGY11535,Sneha Verma,sneha.verma106@yahoo.com,(945) 761-3049,bengaluru,2023-09-01,Frequent Orderer,False,yes
SWGY11536,Reyansh Singh,reyansh.singh834@hotmail.com,+91-37287-56798,PUNE,2025-05-31,Frequent Orderer,False,Y
SWGY11537,Aadhya Khan,aadhya.khan484@gmail.com,(588) 218-7089,Kolkata,03-07-2024,Swiggy One Member,True,Yes
SWGY11538,Pari Pillai,pari.pillai411@outlook.com,11983 09754,mumbai,27/09/2023,Churned,True,N
SWGY11539,Priya Malhotra,priya.malhotra190@yahoo.com,+91-74877-00788,LUCKNOW,11/12/2024,Dormant,False,N
SWGY11540,Reyansh Khan,reyansh.khan569@gmail.com,2267990966,Lucknow,2023-09-06,New,False,0
SWGY11541,Diya Patel,diya.patel65@gmail.co,8210037090,Nellore,2024-01-07,Dormant,False,
SWGY11542,Anika Verma,anika.verma722@gmail.co,919320709834,nellore,03-08-2025,Frequent Orderer,False,Y
SWGY11543,Sneha Mehta,sneha.mehta957@yahoo.com,5074456572, Gurugram ,07/04/2024,Swiggy One Member,True,1
SWGY11544,Sneha Rao,sneha.rao601@outlook.com,95003 45220, Mumbai ,2025-02-02,Frequent Orderer,False,0
SWGY11545,Ira Singh,ira.singh926@outlook.com,, Bengaluru ,2024-01-08,New,False,1
SWGY11546,Aditya Mehta,aditya.mehta763@gmail.co,25837 99005, Nellore ,05-17-2024,New,False,0
SWGY11547,Ira Patel,ira.patel133@yahoo.com,56283 72372,,10-18-2023,Frequent Orderer,False,N
SWGY11548,Ishaan Verma,ISHAAN.VERMA732@GMAIL.COM,94234 03704,HYDERABAD,2024-01-21,Dormant,False,N
SWGY11549,Sneha Reddy,sneha.reddy216@hotmail.com,6125780473,Ahmedabad,03-03-2025,Swiggy One Member,True,1
SWGY11550,Rahul Reddy,rahul.reddy17@gmail.co,915442157837,GURUGRAM,05/08/2024,,True,yes
SWGY11551,Aarav Khan,aarav.khan993@hotmail.com,+91-85934-28839,HYDERABAD,05-31-2025,New,False,
SWGY11552,Ira Shetty,ira.shetty694@yahoo.com,(503) 219-8596,gurugram,2025-04-24,Swiggy One Member,True,Yes
SWGY11553,Arjun Khan,arjun.khan537@gmail.co,910673476714, Bengaluru ,2024-07-10,Frequent Orderer,False,Y
SWGY11554,Navya Pillai,navya.pillai343@yahoo.com,, Pune ,20/02/2025,New,False,N
SWGY11555,Riya Mehta,riya.mehta939@hotmail.com,38955 46565,Hyderabad,31/01/2025,Swiggy One Member,True,Yes
SWGY11556,Anika Kapoor,anika.kapoor679@yahoo.com,,HYDERABAD,2023-07-03,New,False,N
SWGY11557,Krishna Malhotra,krishna.malhotra67@gmail.co,0191090488, Gurugram ,03-01-2024,Swiggy One Member,True,Yes
SWGY11558,Priya Joshi,priya.joshi793@hotmail.com,+91-37859-54176,Hyderabad,11-05-2023,Frequent Orderer,False,N
SWGY11559,Pari Reddy,pari.reddy678@outlook.com,918104573466,lucknow,29/07/2024,Frequent Orderer,False,
SWGY11560,Neha Patel,neha.patel904@gmail.com,915289056651,JAIPUR,26/01/2024,Swiggy One Member,True,yes
SWGY11561,Priya Joshi,priya.joshi553@hotmail.com,917434509685,GURUGRAM,09-01-2023,Swiggy One Member,True,Yes
SWGY11562,Saanvi Nair,saanvi.nair585@hotmail.com,(646) 924-3435, Jaipur ,04-27-2024,New,False,1
SWGY11563,Reyansh Reddy,reyansh.reddy843@yahoo.com,(108) 803-5469, Delhi ,13/09/2023,Swiggy One Member,True,Yes
SWGY11564,Nikhil Menon,nikhil.menon471@gmail.co,91161 22150, Vijayawada ,07-31-2023,New,False,1
SWGY11565,Diya Bose,diya.bose654@hotmail.com,(004) 158-9333,KOCHI,07-23-2024,Dormant,False,0
SWGY11566,Karthik Chatterjee,karthik.chatterjee1@gmail.com,(573) 801-0124, Bengaluru ,2023-09-11,Dormant,False,No
SWGY11567,Divya Das,divya.das613@outlook.com,+91-91365-05519,NELLORE,07-27-2023,Frequent Orderer,False,0
SWGY11568,Navya Joshi,NAVYA.JOSHI8@HOTMAIL.COM,,Mumbai,10-26-2024,Frequent Orderer,False,0
SWGY11569,Aditya Iyer,aditya.iyer287@hotmail.com,2094003717,vijayawada,01-12-2024,New,False,1
SWGY11570,Saanvi Iyer,saanvi.iyer70@yahoo.com,2030695165,Jaipur,2024-09-02,Frequent Orderer,True,No
SWGY11571,Ishaan Bose,ishaan.bose125@yahoo.com,, Kolkata ,07-20-2023,Dormant,True,Y
SWGY11572,Vivaan Mehta,vivaan.mehta350@hotmail.com,+91-89109-61968,kochi,02/11/2023,Frequent Orderer,False,Yes
SWGY11573,Diya Nair,diya.nair433@gmail.com,,Mumbai,08-06-2023,New,True,
SWGY11574,Divya Reddy,divya.reddy436@hotmail.com,4950609580,CHENNAI,07-10-2023,Dormant,False,
SWGY11575,Ayaan Khan,ayaan.khan634@hotmail.com,59074 29414,Kolkata,16/08/2024,Swiggy One Member,True,1
SWGY11576,Myra Joshi,myra.joshi643@hotmail.com,(669) 195-3016, Lucknow ,2024-08-15,New,False,0
SWGY11577,Ishaan Kapoor,ishaan.kapoor929@gmail.com,, Chennai ,19/04/2025,Dormant,False,Yes
SWGY11578,Rahul Patel,rahul.patel964@gmail.co,, Chennai ,02-01-2025,Swiggy One Member,True,yes
SWGY11579,Vivaan Nair,vivaan.nair89@yahoo.com,(423) 525-6008,mumbai,06-07-2024,Dormant,False,0
SWGY11580,Nikhil Gupta,NIKHIL.GUPTA792@YAHOO.COM,5353131845,Gurugram,02/12/2023,New,False,N
SWGY11581,Krishna Iyer,krishna.iyer620@gmail.com,9443141408,HYDERABAD,01/11/2023,New,False,N
SWGY11582,Sneha Joshi,sneha.joshi706@outlook.com,912116823137,Lucknow,10-06-2024,Swiggy One Member,True,No
SWGY11583,Rohan Sharma,rohan.sharma319@yahoo.com,5789635587,bengaluru,28/04/2025,Swiggy One Member,True,Y
SWGY11584,Aadhya Patel,aadhya.patel201@gmail.co,+91-25442-25351, Kochi ,05-20-2025,Frequent Orderer,False,Y
SWGY11585,Navya Sharma,navya.sharma568@hotmail.com,,Pune,07-18-2023,Churned,False,Y
SWGY11586,Navya Bose,navya.bose81@yahoo.com,+91-75313-68593,gurugram,04-02-2024,Frequent Orderer,False,Y
SWGY11587,Saanvi Iyer,saanvi.iyer303@gmail.com,43010 61445, Mumbai ,03/04/2025,Swiggy One Member,True,1
SWGY11588,Karthik Joshi,karthik.joshi628@gmail.co,1533349729, Chennai ,2024-03-04,,False,No
SWGY11589,Aarav Verma,aarav.verma615@hotmail.com,918586188817, Jaipur ,2023-12-28,Dormant,False,Y
SWGY11590,Ishaan Das,ishaan.das448@yahoo.com,74903 31222,vijayawada,25/01/2025,New,False,Yes
SWGY11591,Divya Joshi,divya.joshi750@hotmail.com,+91-68747-77407,BENGALURU,23/03/2024,Frequent Orderer,False,0
SWGY11592,Aadhya Das,aadhya.das735@yahoo.com,8212821938,KOLKATA,13/06/2023,New,False,yes
SWGY11593,Rahul Joshi,rahul.joshi203@gmail.com,(596) 920-6660,delhi,2024-08-10,Frequent Orderer,False,No
SWGY11594,Reyansh Patel,reyansh.patel831@outlook.com,81184 65124,,2025-03-31,Churned,False,0
SWGY11595,Priya Singh,priya.singh725@gmail.com,(364) 811-6595,gurugram,12-22-2024,Swiggy One Member,True,yes
SWGY11596,Reyansh Gupta,reyansh.gupta214@gmail.co,6597276768, Vijayawada ,08/02/2024,Frequent Orderer,False,1
SWGY11597,Riya Patel,riya.patel92@gmail.co,91953 80884, Pune ,24/12/2024,Frequent Orderer,False,Y
SWGY11598,Kabir Patel,kabir.patel118@outlook.com,+91-01113-91548,vijayawada,11/02/2025,New,False,Y
SWGY11599,Priya Patel,PRIYA.PATEL600@HOTMAIL.COM,,Kolkata,13/02/2024,Frequent Orderer,False,
SWGY11600,Sai Malhotra,sai.malhotra473@yahoo.com,2096102372,ahmedabad,2023-06-28,Frequent Orderer,False,Y
SWGY11601,Vivaan Das,vivaan.das163@outlook.com,9715579327,Nellore,2024-07-01,Swiggy One Member,True,No
SWGY11602,Sneha Khan,sneha.khan478@gmail.co,, Chennai ,2025-04-25,Swiggy One Member,True,Yes
SWGY11603,Divya Malhotra,divya.malhotra356@hotmail.com,79433 64470, Pune ,2025-04-20,Swiggy One Member,True,Y
SWGY11604,Pari Chatterjee,pari.chatterjee784@outlook.com,4587669494,Noida,17/10/2024,Swiggy One Member,True,1
SWGY11605,Vikram Singh,vikram.singh735@yahoo.com,915377290848, Chennai ,27/08/2024,Churned,False,N
SWGY11606,Rohan Shetty,rohan.shetty358@outlook.com,(078) 053-8338, Chennai ,05-06-2024,Dormant,False,N
SWGY11607,Reyansh Shetty,reyansh.shetty538@gmail.com,+91-40737-30415, Mumbai ,2024-02-09,,False,Y
SWGY11608,Neha Rao,neha.rao145@gmail.co,(387) 963-3467, Noida ,01/07/2023,Frequent Orderer,True,0
SWGY11609,Pooja Mehta,pooja.mehta926@gmail.co,(997) 415-9209,Jaipur,2023-07-09,Frequent Orderer,False,No
SWGY11610,Aarav Nair,aarav.nair699@hotmail.com,916484977973,AHMEDABAD,2024-10-13,,False,Yes
SWGY11611,Aadhya Gupta,,78935 05260, Chennai ,2024-02-13,New,False,0
SWGY11612,Pooja Malhotra,pooja.malhotra652@hotmail.com,12923 61391,GURUGRAM,08/05/2024,Frequent Orderer,False,
SWGY11613,Ayaan Das,ayaan.das983@gmail.com,3376870580,Vijayawada,2025-03-22,Swiggy One Member,True,0
SWGY11614,Pooja Das,pooja.das989@gmail.co,,mumbai,01/07/2023,Dormant,False,N
SWGY11615,Aadhya Khan,aadhya.khan299@outlook.com,917280903178,AHMEDABAD,03-18-2024,Swiggy One Member,False,0
SWGY11616,Neha Rao,neha.rao640@hotmail.com,44088 95930,HYDERABAD,08-24-2023,Frequent Orderer,False,Yes
SWGY11617,Myra Das,myra.das635@hotmail.com,1523029996,KOLKATA,2023-06-06,Dormant,False,Yes
SWGY11618,Ira Nair,ira.nair993@gmail.com,07991 54027,LUCKNOW,2024-02-07,Frequent Orderer,False,No
SWGY11619,Arjun Shetty,arjun.shetty23@outlook.com,+91-18206-82048,Pune,01-07-2024,,False,N
SWGY11620,Divya Verma,divya.verma938@hotmail.com,79739 82455,Lucknow,20/05/2024,Frequent Orderer,False,No
SWGY11621,Navya Nair,navya.nair142@gmail.co,, Gurugram ,10-27-2023,Dormant,False,No
SWGY11622,Ananya Khan,ananya.khan434@hotmail.com,914487615048,vijayawada,07-13-2023,Frequent Orderer,False,No
SWGY11623,Nikhil Khan,nikhil.khan417@outlook.com,(507) 695-5593,jaipur,07-02-2023,Frequent Orderer,False,No
SWGY11624,Pooja Verma,pooja.verma338@outlook.com,77745 92541,NELLORE,05-29-2025,,False,
SWGY11625,Arjun Menon,ARJUN.MENON631@GMAIL.COM,0455948496,jaipur,01-21-2025,Dormant,False,No
SWGY11626,Aadhya Mehta,,(559) 350-2767,Delhi,20/12/2023,Swiggy One Member,True,yes
SWGY11627,Ishaan Iyer,ishaan.iyer203@gmail.com,(513) 417-0054,,11-04-2023,Frequent Orderer,False,N
SWGY11628,Neha Menon,neha.menon851@outlook.com,912168335766,Pune,05-30-2024,Swiggy One Member,True,1
SWGY11629,Rahul Sharma,rahul.sharma53@outlook.com,7155785219,CHENNAI,2025-01-15,,False,0
SWGY11630,Navya Chatterjee,navya.chatterjee892@gmail.com,+91-60898-88501,,18/07/2023,Dormant,False,N
SWGY11631,Ira Gupta,ira.gupta416@outlook.com,93339 63790,Mumbai,09-19-2023,Frequent Orderer,False,N
SWGY11632,Navya Bose,navya.bose65@hotmail.com,3844781676,AHMEDABAD,09-01-2024,,False,yes
SWGY11633,Nikhil Iyer,nikhil.iyer717@gmail.com,,jaipur,09/06/2023,Swiggy One Member,True,N
SWGY11634,Rahul Nair,rahul.nair246@gmail.co,58187 74499,kochi,19/10/2024,Swiggy One Member,True,
SWGY11635,Sneha Gupta,sneha.gupta583@hotmail.com,(315) 566-4239,Chennai,2024-02-19,Frequent Orderer,False,0
SWGY11636,Neha Pillai,neha.pillai275@hotmail.com,,KOCHI,12/06/2023,Dormant,False,0
SWGY11637,Navya Kapoor,,,DELHI,2023-12-08,Churned,False,yes
SWGY11638,Neha Khan,neha.khan692@gmail.co,,PUNE,19/01/2025,Frequent Orderer,False,
SWGY11639,Rohan Mehta,rohan.mehta425@yahoo.com,05614 65344,Chennai,2025-03-16,Frequent Orderer,False,yes
SWGY11640,Arjun Gupta,arjun.gupta887@outlook.com,3519198505,ahmedabad,11-04-2024,Frequent Orderer,False,No
SWGY11641,Sai Singh,sai.singh193@yahoo.com,(987) 663-2790,PUNE,2024-12-12,Frequent Orderer,False,N
SWGY11642,Navya Reddy,navya.reddy631@gmail.com,(700) 522-9184,,07-16-2024,New,False,yes
SWGY11643,Riya Mehta,RIYA.MEHTA136@GMAIL.CO,912599611435,PUNE,2025-02-22,Swiggy One Member,True,yes
SWGY11644,Pooja Sharma,pooja.sharma127@yahoo.com,(109) 221-6897,ahmedabad,2024-10-08,Frequent Orderer,False,
SWGY11645,Ishaan Menon,ishaan.menon85@hotmail.com,43126 66560,GURUGRAM,2024-01-31,Churned,False,0
SWGY11646,Aditya Mehta,aditya.mehta465@outlook.com,2672036702,pune,2024-05-13,Frequent Orderer,False,Yes
SWGY11647,Aarav Das,aarav.das593@gmail.com,11218 16793,LUCKNOW,02/05/2025,Churned,False,N
SWGY11648,Riya Singh,riya.singh280@hotmail.com,95165 70794,KOCHI,2025-05-13,Churned,True,N
SWGY11649,Vivaan Iyer,vivaan.iyer803@outlook.com,,chennai,11-28-2023,Frequent Orderer,False,Yes
SWGY11650,Rahul Khan,rahul.khan401@outlook.com,3633057543,Mumbai,2023-07-22,Swiggy One Member,True,yes
SWGY11651,Ishaan Chatterjee,ishaan.chatterjee663@yahoo.com,917047012592,KOCHI,2024-02-25,Frequent Orderer,True,
SWGY11652,Aditya Joshi,aditya.joshi620@gmail.co,,ahmedabad,12-04-2024,Frequent Orderer,False,1
SWGY11653,Nikhil Pillai,nikhil.pillai254@gmail.com,3647089440,mumbai,06-22-2024,Swiggy One Member,True,yes
SWGY11654,Divya Das,divya.das862@outlook.com,917650946207,noida,31/10/2023,,False,Y
SWGY11655,Rohan Nair,rohan.nair421@gmail.com,61186 80109, Gurugram ,2023-09-22,Swiggy One Member,True,No
SWGY11656,Riya Rao,riya.rao51@gmail.com,2762805877, Noida ,2025-01-06,,False,No
SWGY11657,Ayaan Pillai,ayaan.pillai903@gmail.com,,,10-16-2023,Swiggy One Member,True,1
SWGY11658,Saanvi Pillai,,+91-56397-48925,Ahmedabad,23/09/2023,Churned,False,1
SWGY11659,Ishaan Mehta,ishaan.mehta485@yahoo.com,1821774874, Gurugram ,02-28-2024,Dormant,False,N
SWGY11660,Diya Shetty,diya.shetty671@hotmail.com,(835) 699-9712,LUCKNOW,2025-02-27,Swiggy One Member,True,No
SWGY11661,Ira Patel,ira.patel127@yahoo.com,(719) 196-9933,BENGALURU,05-14-2025,Frequent Orderer,False,Yes
SWGY11662,Kabir Gupta,kabir.gupta403@hotmail.com,75335 52620,hyderabad,12-20-2024,Frequent Orderer,False,
SWGY11663,Ayaan Kapoor,ayaan.kapoor876@hotmail.com,+91-51739-22293, Nellore ,10-05-2023,New,False,
SWGY11664,Anika Mehta,anika.mehta739@gmail.co,05577 79174,Pune,2023-06-09,Dormant,False,yes
SWGY11665,Kabir Menon,kabir.menon79@gmail.com,917509272094,,04-22-2024,New,False,N
SWGY11666,Saanvi Pillai,saanvi.pillai904@hotmail.com,(391) 686-7088,jaipur,2024-06-17,Frequent Orderer,False,0
SWGY11667,Riya Rao,riya.rao822@gmail.com,(104) 279-7493,hyderabad,01-14-2025,Swiggy One Member,True,Y
SWGY11668,Ishaan Sharma,ishaan.sharma630@gmail.co,919132935753,mumbai,11-19-2024,Dormant,False,No
SWGY11669,Ishaan Gupta,,64262 45546,Pune,2024-10-24,,False,No
SWGY11670,Vikram Singh,vikram.singh174@yahoo.com,9407173434, Pune ,2025-05-27,Frequent Orderer,False,1
SWGY11671,Vikram Rao,vikram.rao816@yahoo.com,81079 51635,Gurugram,02/05/2025,New,False,No
SWGY11672,Priya Nair,priya.nair409@gmail.com,09564 18541,BENGALURU,11-22-2023,New,False,N
SWGY11673,Aadhya Chatterjee,aadhya.chatterjee820@gmail.com,,Pune,06-13-2023,New,False,1
SWGY11674,Reyansh Menon,reyansh.menon659@gmail.com,+91-29994-81414,Vijayawada,2023-11-30,New,False,1
SWGY11675,Karthik Chatterjee,karthik.chatterjee292@yahoo.com,+91-20120-17402,lucknow,01-12-2025,Swiggy One Member,True,yes
SWGY11676,Aadhya Shetty,aadhya.shetty305@hotmail.com,918272913675,Nellore,07/11/2024,,False,yes
SWGY11677,Ayaan Pillai,ayaan.pillai671@gmail.com,,MUMBAI,2024-04-16,New,False,yes
SWGY11678,Reyansh Bose,reyansh.bose753@outlook.com,67132 02534,CHENNAI,06-13-2023,Dormant,False,0
SWGY11679,Myra Verma,,9876674087,NOIDA,2024-09-01,Frequent Orderer,True,Yes
SWGY11680,Myra Khan,myra.khan224@gmail.com,(510) 972-4725,DELHI,26/03/2024,Dormant,True,1
SWGY11681,Krishna Gupta,krishna.gupta183@gmail.co,63985 23818,KOLKATA,13/04/2025,Churned,False,N
SWGY11682,Sneha Nair,sneha.nair22@gmail.co,910423573189,kochi,09-13-2024,Swiggy One Member,True,N
SWGY11683,Aditya Gupta,aditya.gupta691@gmail.com,5347050707,jaipur,2024-08-10,Swiggy One Member,True,yes
SWGY11684,Riya Menon,riya.menon410@yahoo.com,(768) 662-1380,,2025-01-12,,True,yes
SWGY11685,Navya Rao,navya.rao597@outlook.com,3305915419,JAIPUR,06-02-2024,Frequent Orderer,False,1
SWGY11686,Ishaan Reddy,ishaan.reddy236@gmail.co,59050 41737,,2025-01-31,Frequent Orderer,False,yes
SWGY11687,Arjun Mehta,arjun.mehta890@gmail.com,913238128171,NOIDA,19/05/2025,Frequent Orderer,False,yes
SWGY11688,Sneha Joshi,sneha.joshi841@gmail.com,(275) 963-7311,JAIPUR,2025-04-29,,False,No
SWGY11689,Nikhil Sharma,nikhil.sharma443@outlook.com,, Nellore ,28/10/2024,Frequent Orderer,False,1
SWGY11690,Karthik Gupta,karthik.gupta312@gmail.com,0817028461, Ahmedabad ,07-09-2023,Churned,False,
SWGY11691,Rohan Patel,rohan.patel937@gmail.com,(204) 347-4334,DELHI,2023-08-05,Frequent Orderer,False,Yes
SWGY11692,Aadhya Das,aadhya.das68@gmail.com,13135 55794,Mumbai,07-17-2023,Dormant,False,
SWGY11693,Rahul Iyer,rahul.iyer434@gmail.co,, Ahmedabad ,28/04/2025,,False,0
SWGY11694,Pari Joshi,pari.joshi673@gmail.com,+91-39818-93972,lucknow,06-14-2024,Dormant,False,
SWGY11695,Sai Verma,sai.verma514@gmail.co,, Chennai ,04/06/2024,New,False,Yes
SWGY11696,Sai Reddy,sai.reddy929@hotmail.com,85362 05449,PUNE,10-09-2024,Dormant,False,Y
SWGY11697,Myra Gupta,myra.gupta529@outlook.com,,ahmedabad,2024-12-29,Frequent Orderer,True,Yes
SWGY11698,Sneha Das,sneha.das774@yahoo.com,914407896778,PUNE,04-29-2025,Swiggy One Member,True,Y
SWGY11699,Neha Reddy,neha.reddy683@gmail.com,, Kochi ,03/07/2023,Dormant,False,
SWGY11700,Navya Sharma,navya.sharma319@hotmail.com,(718) 644-2624, Lucknow ,2024-03-13,New,False,yes
SWGY11701,Riya Bose,riya.bose515@gmail.co,+91-03325-70443, Kolkata ,2024-09-24,New,False,Y
SWGY11702,Krishna Chatterjee,krishna.chatterjee495@outlook.com,910304381779,AHMEDABAD,07/08/2024,Dormant,False,0
SWGY11703,Vikram Pillai,vikram.pillai108@yahoo.com,(864) 323-1456,Delhi,03-17-2024,Frequent Orderer,False,No
SWGY11704,Reyansh Joshi,reyansh.joshi252@outlook.com,74325 67405, Pune ,2025-01-29,New,False,1
SWGY11705,Aditya Iyer,aditya.iyer69@gmail.com,02060 71369,,2023-10-05,New,False,1
SWGY11706,Pooja Iyer,pooja.iyer886@gmail.co,+91-73538-42561, Delhi ,2023-08-17,Churned,False,1
SWGY11707,Sneha Shetty,sneha.shetty719@gmail.com,,vijayawada,2025-02-15,Frequent Orderer,False,No
SWGY11708,Ayaan Shetty,ayaan.shetty137@yahoo.com,915935803528,Vijayawada,03/04/2025,Frequent Orderer,True,Yes
SWGY11709,Divya Kapoor,divya.kapoor600@gmail.co,5442524777,pune,17/07/2023,Dormant,False,yes
SWGY11710,Riya Chatterjee,riya.chatterjee55@gmail.com,, Chennai ,22/01/2025,Frequent Orderer,False,1
SWGY11711,Neha Patel,neha.patel836@hotmail.com,4609121040,GURUGRAM,16/09/2024,Swiggy One Member,True,yes
SWGY11712,Neha Das,neha.das774@gmail.co,93247 07926,jaipur,12-20-2023,Swiggy One Member,True,No
SWGY11713,Karthik Kapoor,karthik.kapoor135@outlook.com,3943988442,chennai,2023-12-24,New,False,N
SWGY11714,Aadhya Gupta,aadhya.gupta425@outlook.com,,KOCHI,10-24-2024,Swiggy One Member,True,No
SWGY11715,Pari Menon,pari.menon235@yahoo.com,+91-40239-36276, Ahmedabad ,05/04/2025,Dormant,False,yes
SWGY11716,Karthik Sharma,,(112) 863-8110,Kochi,2025-04-13,Frequent Orderer,True,Y
SWGY11717,Navya Shetty,navya.shetty347@hotmail.com,82767 74239,delhi,07-09-2023,Frequent Orderer,False,yes
SWGY11718,Kabir Singh,kabir.singh137@gmail.co,39692 15100, Noida ,2025-03-16,Churned,False,
SWGY11719,Myra Nair,myra.nair714@hotmail.com,+91-96537-15573,,19/02/2024,New,False,Y
SWGY11720,Aarav Bose,,910793377312, Vijayawada ,2024-12-24,New,False,yes
SWGY11721,Aditya Menon,aditya.menon707@gmail.co,+91-59082-68009, Nellore ,2024-05-14,New,False,Y
SWGY11722,Aarav Bose,aarav.bose125@hotmail.com,45239 59602,AHMEDABAD,2025-03-05,Frequent Orderer,False,1
SWGY11723,Neha Shetty,neha.shetty472@outlook.com,9032308880,Lucknow,02-28-2025,,False,yes
SWGY11724,Aditya Joshi,aditya.joshi970@yahoo.com,(078) 867-5875,pune,2023-06-13,New,False,1
SWGY11725,Riya Reddy,,919462728651,Chennai,09/05/2024,New,False,Y
SWGY11726,Vivaan Menon,vivaan.menon679@outlook.com,46217 64349,kochi,2024-01-18,Swiggy One Member,True,0
SWGY11727,Neha Chatterjee,neha.chatterjee574@gmail.co,, Gurugram ,18/02/2024,Churned,False,Y
SWGY11728,Aadhya Menon,aadhya.menon551@hotmail.com,3770124931,mumbai,29/10/2024,Frequent Orderer,False,Y
SWGY11729,Divya Rao,divya.rao3@outlook.com,93651 87569, Hyderabad ,08-23-2024,Swiggy One Member,True,Y
SWGY11730,Rahul Verma,rahul.verma163@gmail.co,57125 67212,Noida,2024-01-12,Swiggy One Member,True,1
SWGY11731,Myra Malhotra,myra.malhotra146@outlook.com,66009 80578, Noida ,01-10-2025,Frequent Orderer,False,Yes
SWGY11732,Karthik Patel,karthik.patel999@yahoo.com,, Bengaluru ,12-25-2023,Churned,False,
SWGY11733,Vikram Sharma,vikram.sharma279@gmail.co,,jaipur,2024-10-23,Dormant,True,0
SWGY11734,Navya Joshi,navya.joshi245@hotmail.com,(762) 157-7405,mumbai,04-07-2025,Dormant,False,0
SWGY11735,Aadhya Reddy,aadhya.reddy69@outlook.com,85314 19887, Nellore ,2023-10-31,Frequent Orderer,False,yes
SWGY11736,Sneha Pillai,sneha.pillai731@yahoo.com,98215 90071,DELHI,08-24-2023,Swiggy One Member,True,Yes
SWGY11737,Krishna Rao,krishna.rao815@gmail.co,914176604568,NELLORE,02-20-2024,Churned,False,No
SWGY11738,Nikhil Reddy,nikhil.reddy411@gmail.co,+91-76576-66476,kolkata,2025-05-03,Dormant,False,Yes
SWGY11739,Anika Khan,anika.khan329@yahoo.com,915049988782, Noida ,2025-03-18,New,False,
SWGY11740,Diya Menon,diya.menon717@hotmail.com,,jaipur,2024-03-09,New,True,Yes
SWGY11741,Saanvi Kapoor,saanvi.kapoor39@yahoo.com,14303 18393,Delhi,2024-04-08,Frequent Orderer,False,No
SWGY11742,Divya Reddy,,+91-87552-45296,kochi,2024-11-02,Frequent Orderer,True,yes
SWGY11743,Kabir Mehta,kabir.mehta536@yahoo.com,7983871355, Vijayawada ,09-11-2024,Churned,False,0
SWGY11744,Nikhil Singh,nikhil.singh364@hotmail.com,914178256019,Ahmedabad,12-26-2023,Dormant,False,0
SWGY11745,Arjun Rao,arjun.rao721@yahoo.com,6842685179,NOIDA,08/08/2024,Churned,False,
SWGY11746,Riya Shetty,riya.shetty953@gmail.co,+91-90952-03872,LUCKNOW,2023-07-20,New,False,1
SWGY11747,Rohan Gupta,rohan.gupta749@gmail.co,4462201656,VIJAYAWADA,07-13-2023,Swiggy One Member,True,N
SWGY11748,Ira Patel,ira.patel135@gmail.co,913814030755,ahmedabad,2024-05-27,New,False,yes
SWGY11749,Nikhil Nair,nikhil.nair971@outlook.com,, Bengaluru ,2023-10-23,Dormant,False,Y
SWGY11750,Ayaan Rao,ayaan.rao635@gmail.com,1823532773, Bengaluru ,05/04/2024,Churned,True,1
SWGY11751,Ayaan Joshi,ayaan.joshi231@outlook.com,(814) 712-6661,KOLKATA,08-06-2023,Frequent Orderer,False,N
SWGY11752,Neha Pillai,neha.pillai725@gmail.com,1501343390,JAIPUR,09/10/2023,Swiggy One Member,True,1
SWGY11753,Anika Nair,anika.nair906@hotmail.com,2990371912,lucknow,03-21-2024,Dormant,False,N
SWGY11754,Riya Das,riya.das295@yahoo.com,+91-16220-65910,pune,16/09/2024,Swiggy One Member,True,N
SWGY11755,Saanvi Rao,saanvi.rao165@hotmail.com,69142 20072, Lucknow ,07/01/2024,Frequent Orderer,False,N
SWGY11756,Ananya Nair,ananya.nair943@gmail.co,+91-57109-33853,Gurugram,2024-11-02,New,False,Yes
SWGY11757,Nikhil Verma,nikhil.verma749@gmail.co,77546 58617,ahmedabad,07/08/2024,New,False,Yes
SWGY11758,Sai Menon,,+91-56841-54635, Chennai ,05/08/2024,Swiggy One Member,True,
SWGY11759,Kabir Khan,kabir.khan747@gmail.co,,KOCHI,08-09-2023,Dormant,False,N
SWGY11760,Myra Khan,myra.khan279@hotmail.com,(210) 922-2514,delhi,04/12/2023,Swiggy One Member,True,1
SWGY11761,Vikram Patel,vikram.patel280@gmail.com,64302 97081, Gurugram ,2025-03-18,New,False,Y
SWGY11762,Riya Bose,riya.bose776@yahoo.com,3922950149,DELHI,10-03-2023,New,False,yes
SWGY11763,Aarav Joshi,aarav.joshi830@outlook.com,+91-08783-47679,,16/08/2024,Swiggy One Member,True,Y
SWGY11764,Krishna Menon,krishna.menon576@yahoo.com,910943868250,kolkata,15/08/2024,Churned,False,Y
SWGY11765,Ananya Mehta,ananya.mehta769@yahoo.com,,DELHI,05/01/2025,Frequent Orderer,False,Yes
SWGY11766,Priya Rao,priya.rao654@outlook.com,+91-66610-51496,Gurugram,29/11/2023,New,False,0
SWGY11767,Reyansh Malhotra,reyansh.malhotra535@gmail.co,+91-92449-40395, Noida ,12-14-2024,Frequent Orderer,False,1
SWGY11768,Aadhya Gupta,aadhya.gupta554@yahoo.com,(318) 380-1693, Hyderabad ,14/04/2025,Frequent Orderer,True,No
SWGY11769,Neha Iyer,neha.iyer254@hotmail.com,(012) 201-6318,AHMEDABAD,2023-12-26,Frequent Orderer,False,Yes
SWGY11770,Rohan Iyer,rohan.iyer200@yahoo.com,6314098212,Hyderabad,2025-01-14,New,False,N
SWGY11771,Ishaan Bose,ishaan.bose638@outlook.com,,Vijayawada,08-10-2024,Frequent Orderer,True,No
SWGY11772,Myra Chatterjee,myra.chatterjee179@outlook.com,(834) 387-1515, Noida ,16/05/2024,Dormant,False,0
SWGY11773,Ira Reddy,IRA.REDDY566@GMAIL.CO,,Mumbai,09-19-2024,Churned,True,N
SWGY11774,Krishna Pillai,KRISHNA.PILLAI683@GMAIL.COM,, Ahmedabad ,25/09/2023,New,False,Y
SWGY11775,Diya Iyer,diya.iyer448@gmail.co,4283267011, Ahmedabad ,07-14-2023,Dormant,True,No
SWGY11776,Ishaan Mehta,ISHAAN.MEHTA139@HOTMAIL.COM,51538 64267,Lucknow,2024-09-22,Dormant,False,Y
SWGY11777,Vivaan Shetty,vivaan.shetty347@yahoo.com,+91-04053-19841,vijayawada,2024-04-02,New,False,
SWGY11778,Ananya Khan,ananya.khan423@gmail.co,913784679700,BENGALURU,2024-11-22,Frequent Orderer,False,
SWGY11779,Saanvi Rao,saanvi.rao330@outlook.com,,AHMEDABAD,03-28-2024,Dormant,False,Y
SWGY11780,Riya Sharma,riya.sharma12@outlook.com,+91-21340-63680,Mumbai,07/05/2025,Swiggy One Member,True,Yes
SWGY11781,Reyansh Menon,reyansh.menon731@outlook.com,917117064857, Bengaluru ,07-15-2024,Frequent Orderer,True,0
SWGY11782,Kabir Gupta,kabir.gupta26@outlook.com,(813) 881-9011,delhi,02-16-2024,Dormant,False,0
SWGY11783,Pari Chatterjee,pari.chatterjee133@outlook.com,(017) 092-1764,Gurugram,23/08/2024,Frequent Orderer,True,
SWGY11784,Rahul Verma,rahul.verma258@outlook.com,+91-47827-72532,delhi,11-04-2023,Swiggy One Member,True,Y
SWGY11785,Navya Rao,navya.rao370@hotmail.com,,nellore,2024-12-29,Swiggy One Member,True,N
SWGY11786,Riya Malhotra,riya.malhotra316@gmail.co,,,2025-04-12,Frequent Orderer,False,N
SWGY11787,Ira Gupta,ira.gupta995@yahoo.com,5334062016,NELLORE,2024-12-18,Frequent Orderer,False,yes
SWGY11788,Rahul Verma,rahul.verma384@gmail.co,45263 62886,MUMBAI,2024-02-24,Swiggy One Member,True,1
SWGY11789,Myra Verma,myra.verma758@outlook.com,(421) 117-5494,,09/03/2024,Frequent Orderer,False,yes
SWGY11790,Reyansh Gupta,reyansh.gupta877@outlook.com,8151291164,AHMEDABAD,19/12/2024,Swiggy One Member,True,0
SWGY11791,Krishna Nair,krishna.nair452@yahoo.com,+91-99875-91530, Vijayawada ,31/01/2025,Dormant,False,No
SWGY11792,Ayaan Das,ayaan.das905@hotmail.com,+91-30578-24531,Ahmedabad,2023-08-17,Dormant,False,yes
SWGY11793,Saanvi Menon,saanvi.menon394@yahoo.com,,Lucknow,31/01/2024,Dormant,False,0
SWGY11794,Sai Joshi,sai.joshi151@gmail.com,,lucknow,04-12-2024,Swiggy One Member,True,Yes
SWGY11795,Ishaan Reddy,ishaan.reddy84@gmail.co,40272 89868,LUCKNOW,2023-11-16,Frequent Orderer,False,Y
SWGY11796,Vivaan Bose,vivaan.bose145@outlook.com,+91-79669-97842,Kolkata,08-21-2023,Frequent Orderer,False,No
SWGY11797,Krishna Gupta,krishna.gupta229@gmail.co,,chennai,03/03/2024,New,False,1
SWGY11798,Sneha Kapoor,sneha.kapoor784@hotmail.com,,JAIPUR,21/08/2024,New,False,
SWGY11799,Aadhya Sharma,aadhya.sharma224@hotmail.com,8150439035,Gurugram,2024-04-15,Dormant,True,1
SWGY11800,Rahul Bose,rahul.bose436@gmail.com,63547 60751,Ahmedabad,2024-07-24,Swiggy One Member,True,No
SWGY11801,Anika Menon,anika.menon672@outlook.com,918024594085,DELHI,03/07/2024,New,False,0
SWGY11802,Diya Singh,diya.singh465@hotmail.com,,PUNE,09/11/2023,Dormant,False,No
SWGY11803,Reyansh Nair,reyansh.nair866@gmail.com,, Pune ,16/12/2024,Dormant,False,Y
SWGY11804,Kabir Shetty,kabir.shetty578@hotmail.com,(038) 540-7008,Kolkata,21/10/2024,Frequent Orderer,False,No
SWGY11805,Arjun Menon,arjun.menon911@outlook.com,918513976352,delhi,29/07/2024,Swiggy One Member,True,No
SWGY11806,Krishna Iyer,KRISHNA.IYER363@YAHOO.COM,3346118978,JAIPUR,18/08/2024,Dormant,True,Y
SWGY11807,Anika Nair,anika.nair194@yahoo.com,04191 71603,AHMEDABAD,2024-06-26,Churned,False,1
SWGY11808,Krishna Menon,krishna.menon669@gmail.co,,MUMBAI,11-23-2024,Swiggy One Member,True,No
SWGY11809,Vivaan Pillai,vivaan.pillai511@gmail.co,(736) 576-4554,Hyderabad,2024-07-30,Frequent Orderer,False,yes
SWGY11810,Nikhil Malhotra,nikhil.malhotra367@gmail.com,+91-02693-95533,MUMBAI,2025-02-18,Frequent Orderer,False,N
SWGY11811,Kabir Gupta,kabir.gupta319@hotmail.com,+91-07026-40626, Hyderabad ,08/06/2024,Swiggy One Member,True,yes
SWGY11812,Karthik Reddy,karthik.reddy835@hotmail.com,2164834279,PUNE,2025-03-09,Churned,False,Y
SWGY11813,Riya Menon,riya.menon941@yahoo.com,02358 93771,bengaluru,08-21-2024,Swiggy One Member,True,Y
SWGY11814,Navya Rao,navya.rao686@hotmail.com,(495) 165-9919,nellore,24/12/2024,Swiggy One Member,True,yes
SWGY11815,Krishna Mehta,krishna.mehta265@gmail.com,2428678554,Chennai,2024-04-25,New,True,
SWGY11816,Rahul Kapoor,rahul.kapoor309@gmail.co,,Vijayawada,2025-05-04,Frequent Orderer,True,yes
SWGY11817,Sneha Gupta,sneha.gupta248@outlook.com,916031613407,GURUGRAM,10-08-2024,Churned,True,No
SWGY11818,Saanvi Rao,saanvi.rao664@yahoo.com,3286785150, Pune ,10-05-2024,Frequent Orderer,False,No
SWGY11819,Diya Das,,6689409363,jaipur,22/09/2024,New,False,Yes
SWGY11820,Ananya Pillai,ananya.pillai929@gmail.com,95632 24518,lucknow,14/06/2024,Frequent Orderer,False,0
SWGY11821,Aditya Pillai,aditya.pillai582@gmail.co,914869784879, Delhi ,08-23-2023,Churned,False,N
SWGY11822,Aditya Pillai,aditya.pillai267@yahoo.com,+91-22591-64230,KOLKATA,16/01/2024,New,False,yes
SWGY11823,Saanvi Pillai,,+91-86370-85536, Lucknow ,2023-06-11,New,False,Y
SWGY11824,Kabir Sharma,kabir.sharma362@gmail.co,+91-69429-84104,Kolkata,2023-12-11,Frequent Orderer,False,Y
SWGY11825,Pari Patel,pari.patel727@gmail.co,916352356118,BENGALURU,2024-01-10,Dormant,False,N
SWGY11826,Vikram Bose,vikram.bose738@hotmail.com,916218531112,Bengaluru,04/05/2025,Dormant,False,
SWGY11827,Neha Shetty,,919472813265,bengaluru,01/01/2024,Swiggy One Member,True,Yes
SWGY11828,Kabir Patel,kabir.patel684@hotmail.com,,ahmedabad,10-16-2024,Swiggy One Member,True,1
SWGY11829,Arjun Joshi,arjun.joshi351@gmail.com,30568 78071, Jaipur ,03/05/2024,Frequent Orderer,False,Y
SWGY11830,Krishna Shetty,krishna.shetty164@hotmail.com,3882015149, Chennai ,06/12/2024,Swiggy One Member,True,0
SWGY11831,Ayaan Pillai,ayaan.pillai452@gmail.co,,,2024-02-07,Frequent Orderer,True,yes
SWGY11832,Navya Rao,navya.rao759@outlook.com,,Vijayawada,03-30-2024,,False,No
SWGY11833,Karthik Das,karthik.das146@yahoo.com,, Vijayawada ,2024-05-20,Dormant,False,0
SWGY11834,Saanvi Reddy,saanvi.reddy723@hotmail.com,+91-07202-03388,Nellore,2024-05-01,Swiggy One Member,True,Yes
SWGY11835,Rahul Pillai,rahul.pillai454@yahoo.com,3734483656,Vijayawada,11/08/2024,Frequent Orderer,False,No
SWGY11836,Riya Sharma,riya.sharma825@outlook.com,39677 05467,PUNE,2024-07-20,Swiggy One Member,True,0
SWGY11837,Ayaan Shetty,ayaan.shetty436@hotmail.com,73058 86810,bengaluru,2025-01-25,Churned,False,No
SWGY11838,Arjun Pillai,arjun.pillai279@gmail.co,,Kochi,28/11/2023,Frequent Orderer,False,
SWGY11839,Rahul Sharma,rahul.sharma911@gmail.com,88546 73474, Bengaluru ,06-27-2023,New,False,N
SWGY11840,Vikram Pillai,vikram.pillai216@gmail.com,+91-59671-83213,ahmedabad,04/07/2023,Swiggy One Member,True,Y
SWGY11841,Divya Bose,divya.bose368@gmail.com,,ahmedabad,2024-02-15,Swiggy One Member,True,Y
SWGY11842,Ananya Pillai,ananya.pillai38@yahoo.com,, Gurugram ,2025-02-26,Swiggy One Member,True,1
SWGY11843,Nikhil Gupta,nikhil.gupta218@hotmail.com,+91-78387-44308,LUCKNOW,24/12/2023,Dormant,True,N
SWGY11844,Reyansh Pillai,reyansh.pillai839@gmail.co,(266) 382-0715,Ahmedabad,12-27-2023,Swiggy One Member,True,1
SWGY11845,Ishaan Singh,ishaan.singh350@gmail.co,+91-67719-28892,,2023-09-16,New,False,Y
SWGY11846,Anika Joshi,anika.joshi930@yahoo.com,910360677871,,22/08/2024,Frequent Orderer,False,
SWGY11847,Sneha Nair,sneha.nair946@gmail.co,67451 45375,kolkata,27/04/2024,Frequent Orderer,False,yes
SWGY11848,Neha Menon,neha.menon331@yahoo.com,, Ahmedabad ,12/11/2024,Swiggy One Member,True,N
SWGY11849,Neha Singh,neha.singh431@gmail.co,+91-50680-98383,NELLORE,18/05/2024,New,False,0
SWGY11850,Ananya Verma,,915633389234,delhi,2024-10-09,Frequent Orderer,False,yes
SWGY11851,Rahul Khan,rahul.khan346@gmail.co,2638803242,Gurugram,25/07/2023,Frequent Orderer,False,No
SWGY11852,Sneha Malhotra,sneha.malhotra524@gmail.co,(747) 623-7038,jaipur,18/04/2025,,False,
SWGY11853,Rahul Nair,,(941) 232-8062,KOLKATA,11-21-2024,New,False,yes
SWGY11854,Pooja Reddy,pooja.reddy864@hotmail.com,5883140035,LUCKNOW,2024-10-26,,False,N
SWGY11855,Nikhil Nair,NIKHIL.NAIR892@HOTMAIL.COM,, Nellore ,11-02-2023,Frequent Orderer,False,Y
SWGY11856,Aditya Patel,aditya.patel418@hotmail.com,+91-43476-08823,DELHI,10/06/2024,,False,
SWGY11857,Reyansh Malhotra,reyansh.malhotra956@yahoo.com,1633084601,VIJAYAWADA,03-28-2025,Swiggy One Member,True,0
SWGY11858,Nikhil Iyer,nikhil.iyer320@hotmail.com,,Nellore,2023-06-15,Frequent Orderer,False,No
SWGY11859,Vivaan Reddy,vivaan.reddy770@yahoo.com,5541408579,KOLKATA,2024-07-26,Frequent Orderer,False,1
SWGY11860,Aditya Reddy,aditya.reddy392@gmail.co,(026) 046-9017,ahmedabad,2023-06-02,Frequent Orderer,False,No
SWGY11861,Divya Chatterjee,divya.chatterjee427@gmail.co,+91-88457-32165,LUCKNOW,10-16-2023,,False,yes
SWGY11862,Arjun Patel,arjun.patel761@outlook.com,+91-07110-72985,KOCHI,2024-11-19,Swiggy One Member,True,Yes
SWGY11863,Diya Sharma,diya.sharma240@yahoo.com,17147 95541,NOIDA,09/08/2024,Frequent Orderer,True,Y
SWGY11864,Reyansh Sharma,reyansh.sharma366@yahoo.com,9521768012, Noida ,2023-12-02,,False,1
SWGY11865,Vivaan Khan,vivaan.khan286@hotmail.com,, Kochi ,2023-07-29,Frequent Orderer,False,N
SWGY11866,Navya Singh,navya.singh997@yahoo.com,(654) 399-9428,Nellore,2024-03-15,Frequent Orderer,False,N
SWGY11867,Aarav Malhotra,aarav.malhotra672@yahoo.com,,Kolkata,17/03/2025,Frequent Orderer,True,Yes
SWGY11868,Vikram Khan,vikram.khan108@gmail.com,7444793911,Mumbai,22/12/2024,New,False,yes
SWGY11869,Pooja Sharma,pooja.sharma912@hotmail.com,8657374496, Bengaluru ,2023-12-23,Dormant,False,
SWGY11870,Arjun Singh,arjun.singh815@gmail.co,20818 03689,KOLKATA,22/06/2024,,False,Y
SWGY11871,Neha Bose,neha.bose222@hotmail.com,(516) 026-9577,AHMEDABAD,01-20-2025,Swiggy One Member,False,0
SWGY11872,Aadhya Bose,aadhya.bose438@yahoo.com,81752 48135, Chennai ,24/12/2024,Churned,False,yes
SWGY11873,Reyansh Shetty,reyansh.shetty980@hotmail.com,53952 60885,NOIDA,11-09-2024,Frequent Orderer,True,
SWGY11874,Nikhil Singh,nikhil.singh830@hotmail.com,914754737704,Chennai,05-22-2025,Dormant,True,0
SWGY11875,Myra Bose,myra.bose881@outlook.com,7396103405,MUMBAI,07/02/2025,Frequent Orderer,False,No
SWGY11876,Divya Verma,divya.verma990@outlook.com,+91-43072-18877, Nellore ,06-21-2023,Frequent Orderer,True,No
SWGY11877,Saanvi Khan,,8578671265,NELLORE,09-16-2024,New,False,No
SWGY11878,Navya Iyer,navya.iyer576@hotmail.com,+91-88524-99196,noida,2025-01-21,Dormant,False,1
SWGY11879,Sneha Bose,sneha.bose64@outlook.com,6318559670,Kochi,08/05/2024,Dormant,False,yes
SWGY11880,Ayaan Bose,ayaan.bose765@outlook.com,+91-75602-31064, Jaipur ,09-06-2023,Frequent Orderer,True,
SWGY11881,Reyansh Pillai,reyansh.pillai678@outlook.com,42734 49799,kolkata,2024-11-18,,False,
SWGY11882,Karthik Patel,karthik.patel283@gmail.co,915878371053,KOCHI,25/07/2024,Frequent Orderer,False,Yes
SWGY11883,Neha Mehta,neha.mehta411@gmail.com,+91-17430-40256,Jaipur,20/10/2024,Frequent Orderer,False,No
SWGY11884,Kabir Reddy,kabir.reddy492@gmail.com,2797176350,kolkata,2025-04-29,Frequent Orderer,False,
SWGY11885,Reyansh Pillai,,67622 70254,Jaipur,12/02/2025,Churned,False,N
SWGY11886,Riya Gupta,riya.gupta130@outlook.com,4678203690,Pune,04/11/2024,Frequent Orderer,False,1
SWGY11887,Vivaan Nair,vivaan.nair483@yahoo.com,,Kolkata,06/08/2023,Frequent Orderer,True,N
SWGY11888,Priya Nair,priya.nair709@gmail.co,,Chennai,08/11/2023,Swiggy One Member,True,No
SWGY11889,Sai Malhotra,sai.malhotra795@gmail.co,+91-86455-52615,Bengaluru,06/05/2024,Frequent Orderer,False,Yes
SWGY11890,Priya Das,priya.das161@hotmail.com,(086) 874-4123, Ahmedabad ,06-09-2024,Churned,True,Y
SWGY11891,Divya Khan,divya.khan253@outlook.com,0625515179,nellore,2024-07-11,,True,N
SWGY11892,Pari Malhotra,pari.malhotra466@yahoo.com,45801 97621,chennai,23/01/2025,Frequent Orderer,True,No
SWGY11893,Saanvi Rao,saanvi.rao938@gmail.co,+91-32224-70810,ahmedabad,06-20-2024,New,False,No
SWGY11894,Reyansh Pillai,,4374812681,JAIPUR,2024-08-27,New,False,Yes
SWGY11895,Anika Sharma,anika.sharma894@gmail.com,(808) 140-3340,Pune,11-09-2024,Swiggy One Member,True,No
SWGY11896,Karthik Verma,karthik.verma657@hotmail.com,, Pune ,06-20-2024,Churned,False,yes
SWGY11897,Aadhya Sharma,aadhya.sharma902@outlook.com,76428 12598, Lucknow ,2023-10-19,Churned,True,Yes
SWGY11898,Myra Rao,,, Vijayawada ,03/11/2024,Dormant,False,0
SWGY11899,Sneha Das,sneha.das882@hotmail.com,913049950438, Gurugram ,01/10/2023,Dormant,False,No
SWGY11900,Saanvi Rao,saanvi.rao742@hotmail.com,,pune,2023-07-11,Swiggy One Member,True,Y
SWGY11901,Aadhya Reddy,aadhya.reddy835@outlook.com,58618 05839,lucknow,2024-01-09,Swiggy One Member,True,N
SWGY11902,Diya Rao,diya.rao544@outlook.com,918192069656,AHMEDABAD,2024-03-12,Dormant,False,1
SWGY11903,Sneha Shetty,sneha.shetty246@gmail.co,,kolkata,24/10/2023,Churned,False,
SWGY11904,Vikram Bose,,(017) 710-6294,Noida,2023-07-04,New,False,0
SWGY11905,Sneha Pillai,sneha.pillai285@gmail.com,4391032318,,29/02/2024,Frequent Orderer,False,Yes
SWGY11906,Nikhil Mehta,nikhil.mehta662@yahoo.com,,,03-17-2025,Frequent Orderer,False,Y
SWGY11907,Saanvi Sharma,saanvi.sharma729@gmail.co,915334225393,KOCHI,2023-08-26,,True,yes
SWGY11908,Arjun Das,arjun.das259@outlook.com,(502) 188-5211,lucknow,17/10/2024,Frequent Orderer,False,Yes
SWGY11909,Sai Chatterjee,sai.chatterjee548@gmail.co,(842) 047-5983,hyderabad,25/11/2024,Frequent Orderer,False,
SWGY11910,Vivaan Chatterjee,vivaan.chatterjee182@hotmail.com,(202) 546-1679, Vijayawada ,05-19-2025,Churned,False,
SWGY11911,Rohan Joshi,rohan.joshi530@gmail.co,,Nellore,2025-04-11,Dormant,False,1
SWGY11912,Priya Joshi,priya.joshi90@hotmail.com,3779626389,delhi,22/01/2024,Churned,False,
SWGY11913,Sneha Joshi,SNEHA.JOSHI830@YAHOO.COM,918100142866,Vijayawada,27/08/2023,Dormant,False,Y
SWGY11914,Ananya Gupta,ananya.gupta597@gmail.com,, Pune ,2024-10-13,Frequent Orderer,False,yes
SWGY11915,Reyansh Nair,reyansh.nair709@hotmail.com,6529483051,Gurugram,04-20-2025,Dormant,False,
SWGY11916,Arjun Khan,arjun.khan263@yahoo.com,35367 57777,mumbai,12-02-2023,Swiggy One Member,True,Y
SWGY11917,Saanvi Khan,saanvi.khan307@hotmail.com,+91-14077-12806,Nellore,06/10/2024,Frequent Orderer,False,yes
SWGY11918,Saanvi Chatterjee,saanvi.chatterjee685@outlook.com,,LUCKNOW,05-25-2025,Churned,False,Yes
SWGY11919,Kabir Iyer,kabir.iyer381@yahoo.com,+91-58767-35078,Pune,12-19-2023,Frequent Orderer,False,
SWGY11920,Reyansh Malhotra,reyansh.malhotra473@gmail.co,,JAIPUR,2024-01-16,Swiggy One Member,True,0
SWGY11921,Reyansh Joshi,reyansh.joshi595@gmail.com,1956630063,PUNE,07-08-2024,Swiggy One Member,True,No
SWGY11922,Neha Verma,neha.verma474@gmail.com,(811) 353-7396,PUNE,26/04/2025,New,False,Y
SWGY11923,Rahul Shetty,rahul.shetty714@gmail.com,4899071299,Pune,15/01/2025,Dormant,False,yes
SWGY11924,Karthik Bose,karthik.bose223@gmail.com,+91-26893-74602,DELHI,02/10/2024,New,False,yes
SWGY11925,Aditya Das,aditya.das70@hotmail.com,915195617655,GURUGRAM,2024-10-06,New,False,N
SWGY11926,Karthik Das,karthik.das503@gmail.com,(630) 228-2933,PUNE,10-11-2023,Swiggy One Member,True,
SWGY11927,Anika Shetty,anika.shetty928@hotmail.com,,gurugram,15/09/2023,Frequent Orderer,False,Yes
SWGY11928,Myra Iyer,myra.iyer126@hotmail.com,+91-08808-75645,lucknow,11-14-2024,Frequent Orderer,False,No
SWGY11929,Rohan Sharma,rohan.sharma570@gmail.co,, Pune ,24/11/2024,New,True,N
SWGY11930,Vikram Chatterjee,vikram.chatterjee225@yahoo.com,77496 33792, Kochi ,2025-03-11,Frequent Orderer,False,No
SWGY11931,Ira Gupta,ira.gupta908@gmail.co,(505) 219-4050, Pune ,2023-06-01,New,False,0
SWGY11932,Aarav Shetty,aarav.shetty78@outlook.com,919773660985,Gurugram,03-18-2025,Swiggy One Member,True,No
SWGY11933,Myra Menon,myra.menon662@hotmail.com,,gurugram,24/01/2024,Frequent Orderer,False,yes
SWGY11934,Neha Shetty,neha.shetty328@yahoo.com,47774 37212,lucknow,07-04-2024,New,False,
SWGY11935,Myra Das,myra.das562@hotmail.com,+91-75579-83229,Kolkata,2023-08-14,,False,1
SWGY11936,Riya Sharma,riya.sharma330@hotmail.com,0591934424,PUNE,03-20-2024,,True,
SWGY11937,Ishaan Iyer,ishaan.iyer794@gmail.co,913535975980, Hyderabad ,2025-02-14,Frequent Orderer,False,Y
SWGY11938,Priya Reddy,priya.reddy783@outlook.com,8827376309, Vijayawada ,2024-07-18,Churned,False,N
SWGY11939,Pooja Mehta,pooja.mehta511@hotmail.com,5004450729,NOIDA,06-29-2024,Frequent Orderer,False,Yes
SWGY11940,Sneha Gupta,sneha.gupta707@yahoo.com,912782546305,bengaluru,08-26-2024,,True,No
SWGY11941,Priya Das,priya.das599@hotmail.com,917245819870,kolkata,2024-10-24,New,False,
SWGY11942,Ananya Khan,,5972683950,Kochi,23/12/2023,Swiggy One Member,True,No
SWGY11943,Neha Patel,neha.patel799@yahoo.com,(568) 387-0278,NOIDA,17/07/2023,Frequent Orderer,False,Y
SWGY11944,Ishaan Menon,ISHAAN.MENON491@YAHOO.COM,916390858306,jaipur,01-08-2025,New,True,N
SWGY11945,Pooja Mehta,pooja.mehta549@gmail.co,60677 55957,kochi,10/11/2024,Churned,False,No
SWGY11946,Neha Sharma,neha.sharma922@yahoo.com,+91-04025-89881,pune,16/03/2025,Swiggy One Member,True,
SWGY11947,Arjun Patel,arjun.patel645@yahoo.com,,pune,10-09-2024,Frequent Orderer,False,N
SWGY11948,Ishaan Chatterjee,ishaan.chatterjee785@gmail.com,+91-56613-40475,Kolkata,2023-06-15,Swiggy One Member,True,yes
SWGY11949,Ananya Bose,ANANYA.BOSE642@GMAIL.CO,9906494935,chennai,07-05-2023,Churned,False,Yes
SWGY11950,Divya Singh,divya.singh499@yahoo.com,(455) 817-0833,Kochi,02/04/2025,Frequent Orderer,False,Y
SWGY11951,Ayaan Rao,ayaan.rao417@gmail.co,, Ahmedabad ,13/03/2025,Dormant,False,Y
SWGY11952,Vikram Khan,vikram.khan449@gmail.com,8731709816,Mumbai,2024-04-04,New,False,Yes
SWGY11953,Sai Bose,sai.bose563@gmail.com,,Chennai,2024-06-23,Swiggy One Member,True,1
SWGY11954,Sai Mehta,sai.mehta177@yahoo.com,+91-95794-74508, Mumbai ,2023-10-09,Frequent Orderer,False,
SWGY11955,Nikhil Singh,nikhil.singh956@gmail.co,+91-42614-47165,ahmedabad,12/01/2024,New,False,No
SWGY11956,Diya Nair,diya.nair758@yahoo.com,916945419137,Kolkata,23/02/2024,Frequent Orderer,False,
SWGY11957,Vikram Mehta,vikram.mehta828@yahoo.com,(965) 242-7607,Delhi,22/06/2023,Swiggy One Member,True,0
SWGY11958,Ayaan Rao,ayaan.rao290@yahoo.com,915618326213,bengaluru,2023-11-22,Frequent Orderer,False,1
SWGY11959,Diya Gupta,diya.gupta953@yahoo.com,915275056880,noida,06-10-2023,Swiggy One Member,True,Y
SWGY11960,Karthik Sharma,karthik.sharma315@gmail.com,29378 13267, Gurugram ,2023-11-08,Frequent Orderer,False,N
SWGY11961,Arjun Mehta,arjun.mehta445@hotmail.com,918819468774,DELHI,09-02-2024,Frequent Orderer,False,yes
SWGY11962,Ayaan Shetty,ayaan.shetty653@gmail.co,6684905366,VIJAYAWADA,2023-12-16,,False,Yes
SWGY11963,Kabir Gupta,kabir.gupta110@gmail.co,05340 38833,Kolkata,10-05-2023,Churned,False,1
SWGY11964,Neha Reddy,neha.reddy12@yahoo.com,28019 38895,Nellore,2023-06-17,New,False,1
SWGY11965,Ayaan Singh,ayaan.singh497@yahoo.com,15910 66086,VIJAYAWADA,10-08-2024,Swiggy One Member,True,0
SWGY11966,Diya Verma,diya.verma669@yahoo.com,4789225182,Chennai,2024-07-11,New,False,1
SWGY11967,Vivaan Mehta,vivaan.mehta888@gmail.co,919706298109, Delhi ,08-06-2023,New,False,1
SWGY11968,Reyansh Mehta,reyansh.mehta220@gmail.co,+91-68214-07373, Nellore ,2024-07-10,Frequent Orderer,False,yes
SWGY11969,Rahul Patel,rahul.patel159@gmail.com,(562) 607-0247,vijayawada,06-19-2023,New,True,
SWGY11970,Ira Malhotra,ira.malhotra173@gmail.co,,JAIPUR,29/11/2024,Dormant,False,yes
SWGY11971,Vivaan Reddy,vivaan.reddy564@outlook.com,(543) 188-6459, Chennai ,01-27-2025,Swiggy One Member,True,Yes
SWGY11972,Vivaan Kapoor,vivaan.kapoor277@gmail.co,(698) 375-5504,NOIDA,03-06-2025,Dormant,False,
SWGY11973,Diya Verma,diya.verma56@yahoo.com,21135 98043,BENGALURU,2024-10-24,Dormant,False,1
SWGY11974,Sneha Mehta,,+91-93352-06226,VIJAYAWADA,2024-08-04,Frequent Orderer,True,0
SWGY11975,Priya Rao,priya.rao389@gmail.com,918231017171,delhi,30/06/2024,Frequent Orderer,False,
SWGY11976,Divya Rao,divya.rao371@gmail.com,,bengaluru,05-08-2024,Dormant,False,1
SWGY11977,Aditya Kapoor,aditya.kapoor668@gmail.com,+91-28671-06656,KOCHI,16/08/2024,Frequent Orderer,False,Y
SWGY11978,Kabir Das,kabir.das594@gmail.com,,lucknow,2024-08-30,Frequent Orderer,False,0
SWGY11979,Ishaan Khan,ishaan.khan865@hotmail.com,+91-16831-71511,nellore,2024-09-18,Churned,False,yes
SWGY11980,Ishaan Nair,ishaan.nair313@gmail.co,,chennai,19/05/2025,Dormant,False,1
SWGY11981,Rohan Verma,rohan.verma8@gmail.com,+91-17617-06130,Nellore,05-26-2024,Frequent Orderer,False,Y
SWGY11982,Myra Patel,myra.patel849@gmail.com,+91-03579-65640,Nellore,01-13-2024,Dormant,False,No
SWGY11983,Sneha Khan,sneha.khan895@gmail.co,,,2023-10-11,Dormant,False,yes
SWGY11984,Nikhil Kapoor,nikhil.kapoor148@outlook.com,8223064211,pune,25/03/2024,Swiggy One Member,True,Yes
SWGY11985,Sai Malhotra,,66521 74645,KOCHI,2025-02-01,Dormant,True,0
SWGY11986,Rahul Rao,rahul.rao842@outlook.com,913713463107,Vijayawada,04-18-2024,New,True,
SWGY11987,Navya Mehta,navya.mehta115@hotmail.com,8304154474,VIJAYAWADA,2025-05-01,Dormant,False,yes
SWGY11988,Karthik Singh,karthik.singh443@hotmail.com,+91-16852-53175,pune,2025-04-01,Dormant,False,N
SWGY11989,Pari Sharma,pari.sharma714@gmail.co,(095) 290-5509, Mumbai ,09-27-2023,Frequent Orderer,False,Y
SWGY11990,Anika Gupta,anika.gupta51@gmail.co,(992) 416-1195,Nellore,02-29-2024,Frequent Orderer,False,0
SWGY11991,Reyansh Kapoor,reyansh.kapoor546@gmail.com,,NELLORE,2025-03-23,Dormant,False,N
SWGY11992,Sai Gupta,,(561) 627-1413,DELHI,03/05/2024,Frequent Orderer,False,
SWGY11993,Kabir Iyer,kabir.iyer502@outlook.com,14209 42079, Hyderabad ,19/04/2024,Swiggy One Member,True,No
SWGY11994,Diya Malhotra,diya.malhotra147@outlook.com,5925309558, Gurugram ,08-07-2023,Swiggy One Member,True,N
SWGY11995,Saanvi Menon,saanvi.menon153@yahoo.com,+91-16129-21351,,2023-12-04,Frequent Orderer,False,N
SWGY11996,Vivaan Reddy,vivaan.reddy46@yahoo.com,69484 12322,BENGALURU,2024-09-29,Frequent Orderer,False,Yes
SWGY11997,Navya Kapoor,navya.kapoor721@gmail.co,919439137085, Kochi ,02-11-2024,Swiggy One Member,True,N
SWGY11998,Pari Shetty,pari.shetty970@hotmail.com,+91-60809-93715,DELHI,2023-10-05,Frequent Orderer,False,
SWGY11999,Vikram Bose,vikram.bose824@yahoo.com,3747381133,Chennai,03-03-2024,Dormant,False,yes
SWGY12000,Riya Rao,riya.rao451@gmail.co,(005) 355-8823,Kolkata,11-21-2023,Frequent Orderer,False,No
SWGY12001,Rahul Malhotra,rahul.malhotra668@yahoo.com,(502) 847-7982, Bengaluru ,04-14-2025,Swiggy One Member,True,1
SWGY12002,Sai Joshi,sai.joshi871@yahoo.com,07066 67063,Mumbai,2024-06-15,Frequent Orderer,False,No
SWGY12003,Karthik Mehta,KARTHIK.MEHTA346@YAHOO.COM,913731340377,Jaipur,04/09/2023,Churned,False,Yes
SWGY12004,Rahul Patel,rahul.patel425@gmail.com,,Gurugram,06/01/2025,Swiggy One Member,True,Y
SWGY12005,Vikram Rao,vikram.rao955@gmail.co,,GURUGRAM,10/05/2025,,False,
SWGY12006,Ira Reddy,ira.reddy766@gmail.com,917890355081, Delhi ,06-25-2023,Dormant,False,yes
SWGY12007,Ayaan Khan,ayaan.khan714@hotmail.com,(744) 205-4051,kolkata,30/04/2024,Churned,False,
SWGY12008,Neha Rao,neha.rao662@gmail.co,+91-99300-13414,bengaluru,12-29-2024,Dormant,True,Yes
SWGY12009,Saanvi Kapoor,saanvi.kapoor977@gmail.co,, Bengaluru ,05/01/2025,New,False,1
SWGY12010,Ayaan Shetty,ayaan.shetty750@hotmail.com,, Gurugram ,29/06/2024,Swiggy One Member,True,Y
SWGY12011,Ananya Joshi,ananya.joshi482@hotmail.com,+91-11812-16525,Kolkata,01/08/2023,New,True,1
SWGY12012,Ira Sharma,ira.sharma859@gmail.com,,CHENNAI,2024-02-02,New,False,N
SWGY12013,Ishaan Pillai,ishaan.pillai385@gmail.com,,gurugram,07-16-2024,,False,yes
SWGY12014,Aditya Bose,aditya.bose877@yahoo.com,+91-24479-29759,hyderabad,07/12/2023,Frequent Orderer,False,yes
SWGY12015,Aarav Sharma,aarav.sharma558@outlook.com,39248 87807, Vijayawada ,07/04/2025,Frequent Orderer,False,
SWGY12016,Aadhya Rao,aadhya.rao330@yahoo.com,912519187162, Noida ,06/01/2025,Frequent Orderer,False,
SWGY12017,Aadhya Joshi,aadhya.joshi59@hotmail.com,,KOLKATA,2024-08-09,Swiggy One Member,True,
SWGY12018,Aadhya Pillai,aadhya.pillai771@gmail.co,(105) 639-6704, Gurugram ,16/06/2023,Swiggy One Member,True,
SWGY12019,Divya Reddy,divya.reddy968@gmail.com,,chennai,05/07/2023,Frequent Orderer,False,1
SWGY12020,Arjun Das,arjun.das957@hotmail.com,+91-55766-33542,kolkata,2025-03-07,New,False,1
SWGY12021,Kabir Sharma,kabir.sharma541@yahoo.com,, Ahmedabad ,03/09/2024,New,False,Yes
SWGY12022,Sai Mehta,sai.mehta192@gmail.co,4482943500, Lucknow ,2024-08-07,Dormant,False,0
SWGY12023,Diya Singh,diya.singh143@outlook.com,(649) 191-6369,Gurugram,10-20-2024,Dormant,False,
SWGY12024,Neha Nair,neha.nair76@outlook.com,,Pune,2025-02-11,New,True,No
SWGY12025,Kabir Patel,kabir.patel970@gmail.co,+91-26924-94180, Kochi ,04-11-2024,Dormant,False,1
SWGY12026,Divya Shetty,divya.shetty308@gmail.co,(031) 182-8791, Vijayawada ,29/09/2023,New,False,1
SWGY12027,Ishaan Gupta,ishaan.gupta834@gmail.com,96669 42394,AHMEDABAD,10-27-2023,New,False,
SWGY12028,Diya Menon,diya.menon249@gmail.co,34850 30277,Lucknow,10/11/2023,Swiggy One Member,True,N
SWGY12029,Vikram Gupta,vikram.gupta203@yahoo.com,919924483726, Kolkata ,11-10-2023,Frequent Orderer,False,
SWGY12030,Riya Singh,,912867287747, Jaipur ,11-04-2024,Dormant,False,No
SWGY12031,Vivaan Menon,vivaan.menon612@gmail.co,+91-65241-57318,BENGALURU,2024-08-27,Frequent Orderer,False,yes
SWGY12032,Aarav Rao,aarav.rao71@yahoo.com,+91-43370-26578,mumbai,05-22-2025,,False,0
SWGY12033,Sai Das,sai.das65@gmail.com,1584567313,Pune,07-01-2023,New,False,Yes
SWGY12034,Priya Gupta,priya.gupta974@gmail.co,07302 17373, Ahmedabad ,05-10-2025,Frequent Orderer,False,Yes
SWGY12035,Aditya Sharma,aditya.sharma161@gmail.com,918922400613, Mumbai ,07/04/2025,Dormant,False,yes
SWGY12036,Pooja Pillai,pooja.pillai88@outlook.com,(804) 711-8004,Kolkata,2024-07-17,New,False,1
SWGY12037,Priya Singh,priya.singh991@gmail.co,2769347796,Lucknow,11/08/2023,Dormant,False,yes
SWGY12038,Divya Malhotra,divya.malhotra858@outlook.com,, Noida ,06/05/2024,Frequent Orderer,False,yes
SWGY12039,Nikhil Reddy,nikhil.reddy119@outlook.com,(160) 580-1975, Jaipur ,2024-11-12,New,False,Y
SWGY12040,Saanvi Kapoor,saanvi.kapoor269@outlook.com,911442942670,,12-13-2024,Frequent Orderer,False,1
SWGY12041,Pooja Verma,pooja.verma674@gmail.co,+91-26849-70424, Mumbai ,05-02-2024,Dormant,False,No
SWGY12042,Krishna Iyer,krishna.iyer450@gmail.com,918143659723, Noida ,06/06/2023,Frequent Orderer,False,0
SWGY12043,Priya Reddy,priya.reddy86@outlook.com,7601751800, Ahmedabad ,07-19-2023,Frequent Orderer,False,yes
SWGY12044,Reyansh Malhotra,reyansh.malhotra439@gmail.co,06672 19228,chennai,06-11-2024,Frequent Orderer,False,No
SWGY12045,Ayaan Patel,ayaan.patel372@yahoo.com,,Bengaluru,03-12-2025,Swiggy One Member,True,No
SWGY12046,Reyansh Verma,reyansh.verma294@gmail.co,69880 12256,Pune,01-28-2025,Swiggy One Member,True,N
SWGY12047,Aadhya Reddy,aadhya.reddy503@gmail.com,916206370355,jaipur,06-15-2023,Dormant,False,No
SWGY12048,Ananya Reddy,ananya.reddy424@yahoo.com,6586360253, Kolkata ,2024-08-22,Dormant,False,Y
SWGY12049,Neha Verma,neha.verma825@hotmail.com,, Vijayawada ,2023-10-30,New,False,N
SWGY12050,Rohan Menon,rohan.menon448@gmail.co,+91-48439-30046,LUCKNOW,09-29-2023,Dormant,False,1
SWGY12051,Vikram Mehta,vikram.mehta975@gmail.co,6493759044,Bengaluru,05-26-2025,Swiggy One Member,True,1
SWGY12052,Priya Bose,priya.bose671@hotmail.com,,,2024-02-04,New,False,1
SWGY12053,Divya Kapoor,divya.kapoor1@hotmail.com,7406282850,PUNE,01/04/2024,Frequent Orderer,False,1
SWGY12054,Sai Nair,sai.nair370@gmail.com,, Bengaluru ,06-14-2024,Swiggy One Member,True,1
SWGY12055,Aarav Das,aarav.das899@hotmail.com,1805141200,mumbai,12-31-2023,,False,Yes
SWGY12056,Ayaan Das,,9268994738,MUMBAI,2024-05-05,Frequent Orderer,False,Y
SWGY12057,Sneha Das,sneha.das53@outlook.com,916071241373,delhi,12-26-2023,Swiggy One Member,True,No
SWGY12058,Arjun Khan,arjun.khan399@hotmail.com,,nellore,11/08/2023,Swiggy One Member,True,0
SWGY12059,Navya Reddy,navya.reddy939@outlook.com,31879 89763,Pune,2023-07-03,Dormant,False,N
SWGY12060,Aarav Rao,aarav.rao647@yahoo.com,(960) 250-9270,Delhi,2024-01-02,Frequent Orderer,False,yes
SWGY12061,Sai Bose,sai.bose42@gmail.co,60275 78966, Lucknow ,08-19-2024,Churned,False,Yes
SWGY12062,Diya Patel,diya.patel794@hotmail.com,912330970199,GURUGRAM,16/12/2023,Swiggy One Member,True,
SWGY12063,Pari Verma,pari.verma406@yahoo.com,9863678281, Ahmedabad ,2025-05-04,Frequent Orderer,True,Yes
SWGY12064,Saanvi Chatterjee,saanvi.chatterjee897@yahoo.com,+91-04252-84658, Noida ,10-29-2024,Swiggy One Member,True,No
SWGY12065,Sneha Joshi,sneha.joshi625@gmail.co,917031080834,Vijayawada,10-16-2023,New,False,1
SWGY12066,Nikhil Rao,nikhil.rao840@outlook.com,8334658672,Chennai,2024-11-25,Churned,False,No
SWGY12067,Kabir Gupta,kabir.gupta433@gmail.co,+91-59974-30878,AHMEDABAD,29/10/2024,Swiggy One Member,True,Y
SWGY12068,Divya Khan,divya.khan896@hotmail.com,04155 78137,Jaipur,02/02/2024,Frequent Orderer,False,Y
SWGY12069,Ishaan Kapoor,ishaan.kapoor617@outlook.com,(433) 178-2730,,12/05/2024,Frequent Orderer,False,0
SWGY12070,Arjun Verma,arjun.verma281@gmail.co,910157746621, Nellore ,04-12-2024,Dormant,False,1
SWGY12071,Vikram Mehta,vikram.mehta308@yahoo.com,8667292990,,2025-03-08,New,False,0
SWGY12072,Pari Shetty,pari.shetty793@outlook.com,918273868833,CHENNAI,2023-07-15,Frequent Orderer,True,0
SWGY12073,Arjun Iyer,arjun.iyer432@yahoo.com,+91-61035-65748,pune,2025-03-24,Dormant,False,
SWGY12074,Rohan Gupta,rohan.gupta493@yahoo.com,,,04-08-2024,Dormant,False,0
SWGY12075,Aditya Menon,aditya.menon7@gmail.com,+91-66595-45430,Vijayawada,08/07/2023,Swiggy One Member,True,yes
SWGY12076,Pooja Chatterjee,,+91-05225-89873, Delhi ,2025-04-01,Dormant,False,Y
SWGY12077,Ishaan Mehta,ishaan.mehta109@gmail.com,,KOLKATA,17/06/2024,Dormant,False,Yes
SWGY12078,Aarav Mehta,,(946) 526-5053, Chennai ,28/11/2023,New,False,yes
SWGY12079,Aditya Gupta,aditya.gupta361@yahoo.com,,KOLKATA,2023-06-16,New,False,yes
SWGY12080,Priya Gupta,priya.gupta543@yahoo.com,0164303297,ahmedabad,18/05/2024,Dormant,False,yes
SWGY12081,Sai Singh,sai.singh696@gmail.co,917404772464, Kochi ,2023-10-27,Swiggy One Member,True,N
SWGY12082,Sneha Menon,SNEHA.MENON812@GMAIL.COM,919978442982,MUMBAI,2024-12-28,Dormant,False,0
SWGY12083,Rohan Rao,rohan.rao358@hotmail.com,910248910557,Delhi,03/10/2023,,False,yes
SWGY12084,Sai Rao,sai.rao151@yahoo.com,,AHMEDABAD,05-25-2024,Dormant,False,1
SWGY12085,Ira Menon,ira.menon939@outlook.com,+91-90731-28211,HYDERABAD,26/04/2024,,False,yes
SWGY12086,Rohan Iyer,rohan.iyer508@hotmail.com,,mumbai,04-06-2025,Frequent Orderer,False,Yes
SWGY12087,Rohan Chatterjee,rohan.chatterjee184@outlook.com,+91-32657-20798,lucknow,10-12-2023,Frequent Orderer,False,
SWGY12088,Vivaan Kapoor,vivaan.kapoor452@hotmail.com,7752399963,Nellore,02-26-2025,Churned,False,yes
SWGY12089,Diya Rao,diya.rao230@hotmail.com,7928262901,chennai,2023-09-19,Dormant,False,1
SWGY12090,Ira Pillai,ira.pillai557@gmail.co,,PUNE,11-17-2023,Frequent Orderer,False,yes
SWGY12091,Vikram Kapoor,vikram.kapoor98@gmail.co,(021) 000-2786,pune,06-27-2024,Dormant,False,
SWGY12092,Vivaan Sharma,vivaan.sharma233@hotmail.com,910631905376,PUNE,2023-10-02,Swiggy One Member,True,
SWGY12093,Rohan Pillai,rohan.pillai294@gmail.co,26897 53115,lucknow,2025-05-01,New,False,
SWGY12094,Arjun Sharma,arjun.sharma882@outlook.com,94199 64596,gurugram,04-28-2024,Frequent Orderer,False,N
SWGY12095,Navya Rao,navya.rao505@gmail.co,(157) 368-5070,Bengaluru,01-09-2025,,False,Y
SWGY12096,Diya Gupta,diya.gupta545@gmail.co,+91-07591-44566, Ahmedabad ,30/09/2023,Dormant,False,
SWGY12097,Sneha Chatterjee,sneha.chatterjee277@yahoo.com,0102655764,kochi,10/06/2023,Churned,False,0
SWGY12098,Diya Joshi,diya.joshi998@outlook.com,05068 59023,Lucknow,12-15-2023,Dormant,False,yes
SWGY12099,Nikhil Mehta,nikhil.mehta24@gmail.co,916537305342,Kochi,20/05/2025,New,False,No
SWGY12100,Rohan Mehta,rohan.mehta387@gmail.com,07106 61690, Delhi ,13/01/2025,New,False,Yes
SWGY12101,Ananya Pillai,ananya.pillai656@gmail.co,916319946709, Bengaluru ,03-02-2024,,False,Yes
SWGY12102,Navya Joshi,navya.joshi620@hotmail.com,918788477988,CHENNAI,20/02/2025,Frequent Orderer,True,N
SWGY12103,Myra Das,myra.das442@yahoo.com,(482) 300-9715, Vijayawada ,17/07/2024,Churned,False,1
SWGY12104,Aarav Reddy,aarav.reddy464@yahoo.com,11567 81408,KOCHI,17/12/2023,Dormant,False,0
SWGY12105,Krishna Shetty,krishna.shetty431@outlook.com,+91-42315-96378,AHMEDABAD,2023-09-30,Swiggy One Member,True,No
SWGY12106,Diya Reddy,diya.reddy24@gmail.com,(790) 464-4940,Nellore,16/08/2023,Dormant,False,No
SWGY12107,Ira Singh,ira.singh96@gmail.com,, Vijayawada ,02-17-2024,Churned,False,No
SWGY12108,Nikhil Menon,nikhil.menon399@gmail.com,+91-72942-06708,,08-22-2023,Frequent Orderer,False,1
SWGY12109,Navya Iyer,navya.iyer729@hotmail.com,(572) 400-3031,Chennai,04-25-2025,New,False,0
SWGY12110,Aditya Joshi,aditya.joshi792@yahoo.com,919476419495,PUNE,2025-01-24,Swiggy One Member,True,1
SWGY12111,Aditya Shetty,aditya.shetty414@yahoo.com,(922) 777-0859,VIJAYAWADA,09/07/2023,New,False,Y
SWGY12112,Sai Shetty,sai.shetty263@hotmail.com,911380115576,ahmedabad,2024-06-04,Dormant,False,1
SWGY12113,Pooja Reddy,pooja.reddy378@yahoo.com,3750839731,hyderabad,2025-02-27,Swiggy One Member,True,1
SWGY12114,Arjun Singh,arjun.singh210@hotmail.com,79656 28073,delhi,2024-03-12,,False,Yes
SWGY12115,Aadhya Rao,,(294) 078-2862,noida,05-08-2025,Frequent Orderer,False,
SWGY12116,Priya Nair,priya.nair439@yahoo.com,915873608055,VIJAYAWADA,12-11-2023,,True,Y
SWGY12117,Aadhya Iyer,aadhya.iyer472@outlook.com,(115) 327-0341, Kochi ,25/12/2023,,False,1
SWGY12118,Rahul Chatterjee,rahul.chatterjee432@yahoo.com,,noida,2025-05-15,Swiggy One Member,True,Y
SWGY12119,Navya Pillai,navya.pillai796@yahoo.com,(965) 753-7644,Nellore,2023-08-17,Dormant,False,1
SWGY12120,Divya Chatterjee,divya.chatterjee211@outlook.com,4429961380,Delhi,11-21-2023,New,False,0
SWGY12121,Vivaan Mehta,vivaan.mehta349@gmail.com,916838292162, Vijayawada ,2025-01-27,Dormant,False,yes
SWGY12122,Karthik Nair,karthik.nair769@gmail.com,,,11-01-2024,Frequent Orderer,False,yes
SWGY12123,Aditya Iyer,aditya.iyer692@gmail.com,+91-88860-81107,hyderabad,04-22-2024,New,False,Y
SWGY12124,Divya Patel,divya.patel31@hotmail.com,88444 37213, Jaipur ,07-14-2024,New,False,
SWGY12125,Pari Mehta,pari.mehta733@hotmail.com,918043843097, Hyderabad ,24/12/2024,Dormant,False,0
SWGY12126,Anika Rao,anika.rao984@gmail.com,87472 91311, Delhi ,29/09/2023,Swiggy One Member,True,
SWGY12127,Krishna Chatterjee,krishna.chatterjee74@gmail.co,917042327588,,2024-01-09,,False,1
SWGY12128,Ira Nair,ira.nair353@yahoo.com,+91-26189-10953,Bengaluru,2024-07-29,New,False,No
SWGY12129,Myra Shetty,myra.shetty653@yahoo.com,+91-80137-02098,ahmedabad,2023-12-03,Dormant,True,No
SWGY12130,Pooja Rao,,+91-72720-45098, Kolkata ,02-20-2025,Frequent Orderer,False,N
SWGY12131,Karthik Das,karthik.das412@yahoo.com,+91-51049-46173,hyderabad,02-02-2024,Churned,False,No
SWGY12132,Neha Khan,neha.khan454@yahoo.com,, Mumbai ,29/12/2023,Frequent Orderer,False,1
SWGY12133,Sai Singh,,913391958000,vijayawada,2023-07-22,Frequent Orderer,False,0
SWGY12134,Arjun Chatterjee,arjun.chatterjee247@gmail.com,5003945584,gurugram,06-04-2024,New,False,Y
SWGY12135,Vivaan Reddy,VIVAAN.REDDY219@YAHOO.COM,916519889060,Nellore,17/09/2023,Dormant,True,1
SWGY12136,Vivaan Joshi,vivaan.joshi400@gmail.co,50461 62284, Pune ,01/10/2023,Churned,False,0
SWGY12137,Navya Bose,navya.bose910@gmail.com,8710365347,noida,2025-03-16,Frequent Orderer,True,yes
SWGY12138,Krishna Iyer,krishna.iyer597@gmail.co,+91-53145-95508,Jaipur,2025-05-28,Dormant,False,Yes
SWGY12139,Aadhya Pillai,aadhya.pillai940@outlook.com,917294361090,,08/04/2024,Frequent Orderer,False,1
SWGY12140,Vivaan Malhotra,vivaan.malhotra155@yahoo.com,74170 60225,mumbai,26/02/2024,Dormant,False,N
SWGY12141,Sneha Gupta,SNEHA.GUPTA192@HOTMAIL.COM,95417 54016, Hyderabad ,02-16-2024,Dormant,False,Yes
SWGY12142,Diya Bose,diya.bose210@yahoo.com,,Chennai,2024-12-19,New,True,Yes
SWGY12143,Neha Chatterjee,neha.chatterjee492@gmail.co,,Chennai,06-30-2024,Frequent Orderer,False,yes
SWGY12144,Sai Pillai,sai.pillai595@hotmail.com,86102 85514,VIJAYAWADA,30/12/2024,New,True,1
SWGY12145,Arjun Sharma,arjun.sharma780@gmail.co,91819 80528,Hyderabad,08/12/2023,Churned,False,N
SWGY12146,Aarav Mehta,aarav.mehta832@gmail.com,,Gurugram,01-11-2024,Dormant,False,No
SWGY12147,Priya Sharma,priya.sharma36@hotmail.com,74454 06914, Pune ,14/06/2023,Dormant,False,
SWGY12148,Kabir Bose,,, Ahmedabad ,2024-04-08,Frequent Orderer,False,Y
SWGY12149,Karthik Kapoor,karthik.kapoor44@yahoo.com,+91-91905-66514,HYDERABAD,19/11/2023,Churned,False,N
SWGY12150,Aarav Joshi,aarav.joshi973@hotmail.com,7681605191,Kolkata,2024-11-12,Swiggy One Member,True,yes
SWGY12151,Reyansh Singh,reyansh.singh256@hotmail.com,,Kolkata,02/02/2024,Frequent Orderer,False,Y
SWGY12152,Aadhya Reddy,AADHYA.REDDY919@YAHOO.COM,(347) 873-5414,mumbai,20/09/2023,Dormant,False,yes
SWGY12153,Myra Patel,myra.patel607@yahoo.com,37008 89438,Mumbai,2025-03-29,New,False,yes
SWGY12154,Navya Das,NAVYA.DAS924@GMAIL.CO,8041890244,GURUGRAM,11-01-2024,Dormant,False,Y
SWGY12155,Aadhya Gupta,aadhya.gupta832@hotmail.com,6314931813,GURUGRAM,2023-12-28,Frequent Orderer,False,N
SWGY12156,Anika Sharma,anika.sharma658@hotmail.com,913491164764,CHENNAI,05-13-2024,New,False,
SWGY12157,Kabir Bose,kabir.bose899@yahoo.com,72278 18155,JAIPUR,21/07/2024,Swiggy One Member,True,N
SWGY12158,Vivaan Nair,vivaan.nair245@yahoo.com,911787602874,Mumbai,22/12/2023,Frequent Orderer,True,Y
SWGY12159,Aadhya Rao,aadhya.rao602@gmail.com,,nellore,11-03-2024,New,True,N
SWGY12160,Rahul Verma,rahul.verma807@gmail.co,8146953953,KOCHI,2024-12-21,Dormant,False,Y
SWGY12161,Vivaan Joshi,vivaan.joshi696@gmail.com,2306780194, Delhi ,2025-03-09,Frequent Orderer,False,No
SWGY12162,Ayaan Gupta,ayaan.gupta262@outlook.com,912083624874,noida,02/11/2023,Swiggy One Member,True,Y
SWGY12163,Kabir Joshi,kabir.joshi949@yahoo.com,,NELLORE,24/03/2025,Churned,False,Yes
SWGY12164,Aadhya Das,aadhya.das258@yahoo.com,(663) 375-6184,KOCHI,28/09/2024,Frequent Orderer,False,
SWGY12165,Myra Kapoor,myra.kapoor625@outlook.com,918361883744,JAIPUR,2024-10-20,Dormant,False,0
SWGY12166,Vivaan Menon,vivaan.menon868@gmail.co,910217829598,Delhi,02/03/2024,Frequent Orderer,True,No
SWGY12167,Priya Sharma,priya.sharma299@gmail.com,918043741269,Hyderabad,08-22-2024,Dormant,False,0
SWGY12168,Ananya Khan,ananya.khan630@hotmail.com,,Noida,2023-10-02,New,False,
SWGY12169,Neha Das,neha.das964@gmail.co,+91-55574-86328,Vijayawada,03-24-2024,New,False,
SWGY12170,Sneha Sharma,,4109600661,Kochi,05-15-2024,Frequent Orderer,False,1
SWGY12171,Kabir Gupta,kabir.gupta299@outlook.com,7918143369,gurugram,22/06/2024,Frequent Orderer,False,1
SWGY12172,Pooja Das,pooja.das794@yahoo.com,915338824996, Chennai ,07/07/2024,Dormant,False,Yes
SWGY12173,Navya Reddy,navya.reddy111@outlook.com,, Nellore ,2024-09-20,Dormant,True,N
SWGY12174,Pooja Joshi,pooja.joshi622@yahoo.com,(944) 312-1345, Vijayawada ,07-28-2023,Dormant,False,Yes
SWGY12175,Divya Verma,divya.verma774@hotmail.com,,Gurugram,12-07-2023,Frequent Orderer,False,1
SWGY12176,Ishaan Verma,,+91-93224-96737, Chennai ,10/09/2023,,False,1
SWGY12177,Ananya Joshi,ananya.joshi343@outlook.com,912894438826, Vijayawada ,30/09/2023,Dormant,True,yes
SWGY12178,Ishaan Singh,ishaan.singh437@hotmail.com,+91-96908-78639,ahmedabad,2024-07-02,Frequent Orderer,False,N
SWGY12179,Ananya Pillai,ananya.pillai299@outlook.com,2707254452, Bengaluru ,2025-02-28,Frequent Orderer,True,Yes
SWGY12180,Ira Khan,ira.khan927@gmail.com,911939146037,CHENNAI,09-14-2024,Dormant,False,Yes
SWGY12181,Sai Khan,sai.khan926@gmail.com,58777 07501,KOLKATA,11-17-2024,Churned,False,Y
SWGY12182,Ananya Chatterjee,ananya.chatterjee791@outlook.com,6317718626, Gurugram ,02-16-2025,Churned,False,0
SWGY12183,Aditya Chatterjee,aditya.chatterjee811@hotmail.com,+91-03262-49864,lucknow,25/01/2024,Dormant,False,0
SWGY12184,Diya Rao,diya.rao305@outlook.com,34954 12176,Vijayawada,10-11-2024,Frequent Orderer,False,Yes
SWGY12185,Pooja Gupta,,(009) 205-3650,jaipur,28/11/2023,Dormant,False,0
SWGY12186,Ira Mehta,ira.mehta224@yahoo.com,,vijayawada,07-11-2023,New,True,Y
SWGY12187,Myra Mehta,myra.mehta492@gmail.co,+91-93333-56942,Nellore,08-01-2024,Churned,True,yes
SWGY12188,Ayaan Khan,ayaan.khan735@yahoo.com,+91-50641-03184, Gurugram ,2024-07-08,Churned,True,Y
SWGY12189,Rohan Mehta,rohan.mehta718@outlook.com,(120) 384-6726,pune,10-22-2023,,False,Yes
SWGY12190,Aditya Shetty,aditya.shetty523@hotmail.com,914353542562, Noida ,11-07-2024,Swiggy One Member,True,Yes
SWGY12191,Pari Malhotra,pari.malhotra729@gmail.co,+91-13407-49185,mumbai,02-10-2024,Dormant,False,Y
SWGY12192,Sneha Rao,sneha.rao276@gmail.co,,bengaluru,05-20-2024,Swiggy One Member,True,
SWGY12193,Kabir Joshi,kabir.joshi548@outlook.com,+91-39442-80540,DELHI,05-02-2024,Frequent Orderer,True,N
SWGY12194,Ishaan Pillai,ishaan.pillai902@outlook.com,90034 32926,Pune,19/07/2023,Churned,False,1
SWGY12195,Rahul Das,rahul.das152@hotmail.com,917565783393,jaipur,2024-05-20,,False,No
SWGY12196,Aarav Pillai,aarav.pillai781@gmail.co,918280957283, Ahmedabad ,05-25-2024,New,False,N
SWGY12197,Aarav Gupta,aarav.gupta647@hotmail.com,, Nellore ,02-06-2025,,True,
SWGY12198,Aarav Patel,aarav.patel520@gmail.co,,LUCKNOW,2023-11-08,Frequent Orderer,False,yes
SWGY12199,Saanvi Pillai,saanvi.pillai22@gmail.co,,lucknow,19/07/2023,Dormant,False,Yes
SWGY12200,Sneha Kapoor,sneha.kapoor669@hotmail.com,,Hyderabad,03-12-2025,New,False,0
SWGY12201,Ira Rao,ira.rao402@gmail.co,(471) 079-3527, Lucknow ,07/10/2023,,True,Y
SWGY12202,Karthik Sharma,KARTHIK.SHARMA770@YAHOO.COM,910161832152,Nellore,2024-02-09,New,False,
SWGY12203,Krishna Gupta,krishna.gupta973@gmail.com,,kochi,27/06/2024,Dormant,False,yes
SWGY12204,Ayaan Kapoor,ayaan.kapoor466@yahoo.com,+91-78892-14181,Mumbai,10/07/2023,Frequent Orderer,False,Y
SWGY12205,Neha Shetty,neha.shetty830@hotmail.com,911170564765,bengaluru,28/10/2024,Swiggy One Member,True,1
SWGY12206,Myra Pillai,myra.pillai892@outlook.com,, Bengaluru ,01-17-2024,Dormant,False,yes
SWGY12207,Navya Chatterjee,navya.chatterjee324@yahoo.com,+91-30498-20700,PUNE,14/11/2023,New,False,
SWGY12208,Diya Khan,diya.khan445@outlook.com,,CHENNAI,2024-08-31,Frequent Orderer,False,N
SWGY12209,Vikram Das,vikram.das398@yahoo.com,,,15/11/2023,New,False,Yes
SWGY12210,Krishna Menon,krishna.menon798@gmail.co,912112716810,Jaipur,01-24-2024,New,False,
SWGY12211,Aadhya Mehta,aadhya.mehta496@yahoo.com,,,11/06/2024,New,False,0
SWGY12212,Priya Menon,priya.menon861@outlook.com,9537425257, Mumbai ,03-24-2024,Frequent Orderer,False,
SWGY12213,Karthik Kapoor,karthik.kapoor91@gmail.co,916032370140,kochi,01-13-2024,Swiggy One Member,True,Yes
SWGY12214,Sneha Joshi,sneha.joshi100@hotmail.com,, Kochi ,2025-03-23,Dormant,False,No
SWGY12215,Diya Shetty,,,Jaipur,18/05/2024,Swiggy One Member,True,0
SWGY12216,Saanvi Verma,saanvi.verma360@gmail.com,913434936356,Ahmedabad,12-15-2023,New,False,
SWGY12217,Myra Shetty,myra.shetty267@gmail.com,7621874309,ahmedabad,10/02/2024,Frequent Orderer,False,yes
SWGY12218,Arjun Shetty,ARJUN.SHETTY536@GMAIL.CO,(295) 162-8908,ahmedabad,23/12/2023,New,False,Y
SWGY12219,Saanvi Iyer,saanvi.iyer192@outlook.com,912876634041,,10-01-2024,Churned,False,yes
SWGY12220,Ayaan Joshi,ayaan.joshi411@hotmail.com,+91-51692-17517,KOLKATA,15/05/2024,Dormant,False,Y
SWGY12221,Rohan Bose,ROHAN.BOSE855@OUTLOOK.COM,(057) 458-0766, Chennai ,05-01-2024,Frequent Orderer,False,yes
SWGY12222,Ishaan Singh,ishaan.singh508@hotmail.com,(359) 482-2452,Nellore,13/04/2025,Frequent Orderer,False,Yes
SWGY12223,Sneha Patel,sneha.patel717@outlook.com,14119 10147,Lucknow,06-08-2024,Dormant,False,Y
SWGY12224,Vikram Pillai,vikram.pillai289@hotmail.com,(012) 771-2771, Nellore ,03-29-2025,Frequent Orderer,False,1
SWGY12225,Kabir Shetty,KABIR.SHETTY584@OUTLOOK.COM,8030892290,bengaluru,2025-01-25,New,False,0
SWGY12226,Ananya Bose,ananya.bose431@outlook.com,6587280238,jaipur,29/03/2024,New,False,Y
SWGY12227,Aadhya Verma,aadhya.verma890@gmail.com,918800300537,BENGALURU,12-19-2024,New,True,0
SWGY12228,Pooja Malhotra,pooja.malhotra672@yahoo.com,30710 81692,JAIPUR,10-03-2024,Swiggy One Member,True,
SWGY12229,Saanvi Chatterjee,saanvi.chatterjee714@gmail.com,(807) 027-2929,DELHI,09-24-2023,Frequent Orderer,True,0
SWGY12230,Kabir Khan,kabir.khan206@hotmail.com,87495 59109,NELLORE,2024-01-30,Frequent Orderer,False,1
SWGY12231,Diya Malhotra,diya.malhotra666@yahoo.com,913891619055, Nellore ,22/05/2024,Frequent Orderer,False,N
SWGY12232,Aarav Iyer,aarav.iyer777@gmail.com,9416795202,Vijayawada,24/07/2024,New,False,1
SWGY12233,Pooja Rao,pooja.rao982@gmail.com,(284) 584-8749,Lucknow,2024-12-06,,True,Y
SWGY12234,Aadhya Nair,aadhya.nair23@gmail.co,(008) 057-0197,NELLORE,11-11-2024,Churned,False,1
SWGY12235,Myra Khan,myra.khan339@outlook.com,+91-56808-46900,ahmedabad,10-29-2023,Swiggy One Member,True,No
SWGY12236,Arjun Patel,arjun.patel700@outlook.com,(002) 519-0672,kolkata,04/11/2023,Frequent Orderer,False,Yes
SWGY12237,Ira Das,ira.das858@outlook.com,74763 08357,Kochi,09-27-2024,Swiggy One Member,True,No
SWGY12238,Pooja Verma,pooja.verma315@gmail.com,(420) 223-0597,,2025-05-08,Dormant,False,N
SWGY12239,Rahul Mehta,rahul.mehta388@outlook.com,915552586856,nellore,2025-03-30,Dormant,False,0
SWGY12240,Rahul Chatterjee,rahul.chatterjee896@hotmail.com,,CHENNAI,2024-10-25,Frequent Orderer,False,yes
SWGY12241,Myra Shetty,myra.shetty521@outlook.com,0414505633,Nellore,23/05/2024,New,False,1
SWGY12242,Rohan Reddy,rohan.reddy664@gmail.com,917595594229,Noida,08-07-2023,Swiggy One Member,True,N
SWGY12243,Sai Iyer,sai.iyer868@gmail.co,+91-18016-77436,chennai,08-18-2023,Swiggy One Member,True,Yes
SWGY12244,Pooja Pillai,pooja.pillai265@yahoo.com,919474934768,NELLORE,05-05-2024,Swiggy One Member,True,0
SWGY12245,Aditya Chatterjee,aditya.chatterjee471@gmail.co,,Ahmedabad,09-01-2023,Dormant,False,
SWGY12246,Vikram Pillai,vikram.pillai329@yahoo.com,(260) 557-4028,jaipur,07-08-2023,Swiggy One Member,False,1
SWGY12247,Navya Joshi,navya.joshi656@yahoo.com,,KOLKATA,07/01/2025,Frequent Orderer,False,yes
SWGY12248,Ishaan Nair,ishaan.nair735@yahoo.com,5802455711,JAIPUR,01-28-2024,Dormant,False,
SWGY12249,Ayaan Patel,ayaan.patel842@gmail.co,,Pune,2023-09-14,Churned,False,0
SWGY12250,Aarav Kapoor,AARAV.KAPOOR697@GMAIL.CO,916335641629, Kolkata ,2024-01-24,Dormant,False,Y
SWGY12251,Ananya Iyer,ananya.iyer656@yahoo.com,,mumbai,2024-06-03,Dormant,False,0
SWGY12252,Vivaan Iyer,vivaan.iyer173@outlook.com,+91-55306-11390,noida,07/02/2024,Frequent Orderer,False,Y
SWGY12253,Pari Das,pari.das37@outlook.com,913355563859,,03-11-2025,New,False,Y
SWGY12254,Navya Rao,navya.rao305@hotmail.com,+91-98005-57338, Lucknow ,01-01-2024,Swiggy One Member,True,Y
SWGY12255,Saanvi Chatterjee,saanvi.chatterjee258@gmail.co,(501) 750-5665,Bengaluru,01-12-2025,Swiggy One Member,False,0
SWGY12256,Ananya Bose,ananya.bose729@yahoo.com,,Lucknow,07-11-2024,Dormant,False,No
SWGY12257,Pooja Verma,pooja.verma757@yahoo.com,3591142028,Noida,2024-08-13,Dormant,False,Y
SWGY12258,Kabir Nair,kabir.nair779@gmail.com,(245) 422-4922,NELLORE,2024-07-26,Swiggy One Member,True,Y
SWGY12259,Sai Iyer,sai.iyer459@hotmail.com,+91-28243-50979,KOCHI,20/05/2025,New,True,N
SWGY12260,Rahul Nair,rahul.nair421@yahoo.com,8467640897,,2024-04-26,Churned,True,0
SWGY12261,Aditya Rao,aditya.rao56@gmail.co,,BENGALURU,17/12/2024,New,True,No
SWGY12262,Pari Patel,pari.patel832@hotmail.com,97773 82438,Kolkata,09/12/2023,Swiggy One Member,True,0
SWGY12263,Reyansh Shetty,reyansh.shetty229@yahoo.com,1385223590,DELHI,17/11/2023,New,False,Yes
SWGY12264,Rahul Pillai,,(412) 452-2924, Noida ,23/05/2025,Frequent Orderer,False,Yes
SWGY12265,Anika Pillai,anika.pillai357@gmail.com,912933741535,HYDERABAD,2025-01-10,Dormant,False,
SWGY12266,Anika Pillai,anika.pillai23@outlook.com,910945875950,PUNE,01/03/2025,New,False,
SWGY12267,Arjun Singh,arjun.singh494@gmail.com,1869484674,delhi,2025-05-15,Swiggy One Member,False,No
SWGY12268,Ayaan Bose,ayaan.bose570@gmail.co,,Hyderabad,10/06/2024,Churned,False,1
SWGY12269,Priya Mehta,priya.mehta418@gmail.co,+91-80940-59647,DELHI,2025-03-31,Frequent Orderer,True,0
SWGY12270,Vikram Rao,VIKRAM.RAO733@YAHOO.COM,,DELHI,22/03/2024,Dormant,False,No
SWGY12271,Diya Iyer,diya.iyer67@outlook.com,(683) 095-3122,LUCKNOW,05-29-2025,Frequent Orderer,False,0
SWGY12272,Ayaan Pillai,ayaan.pillai667@gmail.co,,Gurugram,03-15-2024,Frequent Orderer,False,No
SWGY12273,Priya Verma,priya.verma790@gmail.com,,mumbai,17/10/2023,Frequent Orderer,False,No
SWGY12274,Vikram Verma,vikram.verma750@outlook.com,(204) 993-0640,Ahmedabad,2023-08-03,Frequent Orderer,False,No
SWGY12275,Vivaan Joshi,vivaan.joshi30@outlook.com,0315887850, Bengaluru ,2025-04-18,Dormant,False,0
SWGY12276,Myra Das,myra.das960@gmail.com,+91-09514-27702,ahmedabad,2023-09-27,Frequent Orderer,False,0
SWGY12277,Ishaan Reddy,ishaan.reddy886@gmail.co,, Pune ,04/10/2023,New,False,Yes
SWGY12278,Rohan Rao,rohan.rao870@gmail.com,,jaipur,23/10/2024,New,False,Y
SWGY12279,Krishna Sharma,krishna.sharma439@hotmail.com,+91-33601-09993,Nellore,11-11-2024,Frequent Orderer,False,yes
SWGY12280,Rahul Verma,rahul.verma169@hotmail.com,,bengaluru,01-30-2025,,True,Y
SWGY12281,Neha Das,neha.das153@gmail.co,+91-27386-96648,Chennai,2025-03-13,New,False,1
SWGY12282,Aditya Nair,,916777983677,Vijayawada,2025-03-17,Dormant,False,
SWGY12283,Aarav Malhotra,aarav.malhotra229@outlook.com,,JAIPUR,16/10/2023,Frequent Orderer,True,0
SWGY12284,Aditya Chatterjee,aditya.chatterjee155@hotmail.com,+91-51266-08696,Ahmedabad,2023-11-15,New,False,yes
SWGY12285,Aarav Singh,aarav.singh969@gmail.co,917360863339,vijayawada,2023-06-28,Dormant,False,0
SWGY12286,Saanvi Chatterjee,saanvi.chatterjee21@hotmail.com,05090 83069,ahmedabad,2024-10-18,Frequent Orderer,False,Yes
SWGY12287,Diya Das,diya.das588@outlook.com,912436160502,Lucknow,15/08/2024,Churned,False,0
SWGY12288,Aditya Pillai,aditya.pillai626@hotmail.com,(784) 903-2177,Mumbai,2025-03-07,,False,
SWGY12289,Aadhya Joshi,aadhya.joshi42@outlook.com,(753) 157-5229,Pune,06-15-2024,,False,N
SWGY12290,Vikram Bose,vikram.bose435@gmail.co,67567 53515,kolkata,07-07-2023,Churned,False,
SWGY12291,Krishna Patel,krishna.patel470@hotmail.com,+91-03781-01032,VIJAYAWADA,2023-10-18,Frequent Orderer,False,yes
SWGY12292,Divya Reddy,divya.reddy476@outlook.com,8851661907,noida,19/07/2024,New,True,yes
SWGY12293,Nikhil Shetty,nikhil.shetty724@gmail.co,(622) 277-2610,bengaluru,03-14-2024,Frequent Orderer,False,Yes
SWGY12294,Reyansh Chatterjee,reyansh.chatterjee815@gmail.co,5921895688,bengaluru,12-02-2023,Swiggy One Member,True,N
SWGY12295,Pooja Patel,pooja.patel622@gmail.com,(238) 487-6144,AHMEDABAD,01-20-2025,Frequent Orderer,False,N
SWGY12296,Sneha Joshi,sneha.joshi993@gmail.com,917537947631,LUCKNOW,01-24-2024,Frequent Orderer,True,yes
SWGY12297,Reyansh Pillai,reyansh.pillai499@hotmail.com,, Bengaluru ,14/06/2023,New,False,Yes
SWGY12298,Vikram Malhotra,vikram.malhotra914@gmail.co,918978242565,,02-13-2025,Frequent Orderer,True,N
SWGY12299,Navya Khan,navya.khan675@outlook.com,5039863834, Chennai ,05-20-2025,Swiggy One Member,True,Yes
SWGY12300,Anika Reddy,anika.reddy45@yahoo.com,6532831530,Chennai,28/03/2024,Swiggy One Member,True,No
SWGY12301,Ira Verma,ira.verma967@gmail.com,,kochi,25/03/2024,Dormant,False,yes
SWGY12302,Rahul Gupta,rahul.gupta312@gmail.co,42507 43820,nellore,12-31-2023,New,False,Yes
SWGY12303,Rohan Verma,rohan.verma1@gmail.com,3576036733,Gurugram,02/11/2024,Frequent Orderer,False,Y
SWGY12304,Ayaan Kapoor,ayaan.kapoor445@yahoo.com,(566) 148-2436,chennai,2023-08-26,Churned,False,
SWGY12305,Anika Nair,anika.nair486@yahoo.com,6146017419,jaipur,2024-09-03,Swiggy One Member,True,Yes
SWGY12306,Vivaan Pillai,vivaan.pillai870@outlook.com,(627) 838-7776,delhi,2024-05-01,Frequent Orderer,False,Y
SWGY12307,Sai Menon,sai.menon280@gmail.com,8265652936,gurugram,03/10/2023,Frequent Orderer,True,Y
SWGY12308,Myra Das,,8939759553,kochi,02-13-2024,Frequent Orderer,True,Y
SWGY12309,Reyansh Verma,reyansh.verma267@gmail.co,58390 18769, Noida ,2025-01-13,Frequent Orderer,True,yes
SWGY12310,Pooja Singh,pooja.singh532@gmail.co,, Nellore ,12-05-2024,Frequent Orderer,False,N
SWGY12311,Navya Khan,navya.khan160@hotmail.com,,Chennai,03-03-2024,Dormant,False,
SWGY12312,Saanvi Patel,saanvi.patel450@gmail.co,, Lucknow ,2024-02-17,Churned,False,No
SWGY12313,Priya Kapoor,priya.kapoor541@gmail.co,4031916661,HYDERABAD,22/06/2024,Churned,False,0
SWGY12314,Ira Bose,ira.bose902@gmail.co,1822479224, Nellore ,01-12-2025,Swiggy One Member,True,0
SWGY12315,Myra Verma,myra.verma275@hotmail.com,(579) 257-8523,AHMEDABAD,09-09-2024,New,False,Yes
SWGY12316,Aarav Shetty,aarav.shetty258@outlook.com,,Hyderabad,03-26-2024,Dormant,False,1
SWGY12317,Aditya Joshi,aditya.joshi468@gmail.co,93131 64538,MUMBAI,08/02/2025,Churned,True,yes
SWGY12318,Reyansh Das,reyansh.das712@yahoo.com,+91-10125-46759,pune,06-09-2023,Dormant,False,1
SWGY12319,Pooja Pillai,pooja.pillai492@gmail.com,(825) 832-0143,kochi,02/09/2024,Frequent Orderer,False,0
SWGY12320,Neha Patel,neha.patel823@yahoo.com,, Kochi ,2024-07-10,Dormant,False,Y
SWGY12321,Neha Mehta,neha.mehta387@gmail.com,(942) 992-1192, Noida ,02/09/2024,Dormant,False,N
SWGY12322,Rohan Khan,rohan.khan922@yahoo.com,919387211203,BENGALURU,08-15-2024,Swiggy One Member,True,N
SWGY12323,Riya Shetty,riya.shetty974@outlook.com,47616 80680,Lucknow,12/07/2023,New,False,Yes
SWGY12324,Aarav Khan,aarav.khan824@yahoo.com,+91-43360-57432,Ahmedabad,2025-05-14,Frequent Orderer,True,1
SWGY12325,Ayaan Pillai,ayaan.pillai639@yahoo.com,7919690913,pune,2025-02-24,Swiggy One Member,True,
SWGY12326,Rohan Mehta,rohan.mehta862@outlook.com,+91-48360-90168,Pune,2025-05-17,Swiggy One Member,False,1
SWGY12327,Nikhil Patel,nikhil.patel307@outlook.com,+91-34973-20096,Jaipur,31/07/2024,New,False,N
SWGY12328,Ananya Patel,ananya.patel184@outlook.com,+91-24888-80497,kochi,07/03/2025,Churned,False,yes
SWGY12329,Navya Khan,navya.khan750@yahoo.com,40574 11935,Pune,05-30-2024,,True,Yes
SWGY12330,Sai Malhotra,sai.malhotra510@gmail.co,(952) 185-8680,AHMEDABAD,01-14-2025,New,False,yes
SWGY12331,Arjun Pillai,arjun.pillai602@yahoo.com,+91-85783-98037,BENGALURU,04/07/2023,Churned,False,
SWGY12332,Kabir Gupta,kabir.gupta581@outlook.com,+91-30748-78134,delhi,07-23-2023,Frequent Orderer,False,No
SWGY12333,Divya Rao,divya.rao728@gmail.co,,bengaluru,04-23-2024,New,True,No
SWGY12334,Aarav Pillai,aarav.pillai717@hotmail.com,5561441298,Chennai,2025-04-25,Frequent Orderer,False,Yes
SWGY12335,Ira Patel,ira.patel509@gmail.co,14832 40965, Ahmedabad ,2023-10-11,New,False,Y
SWGY12336,Ishaan Chatterjee,,(123) 301-6796,noida,07-27-2024,Churned,False,0
SWGY12337,Rohan Joshi,rohan.joshi197@gmail.co,, Lucknow ,07/02/2024,New,False,Yes
SWGY12338,Ananya Patel,ananya.patel14@outlook.com,5094281683,NELLORE,21/04/2025,Churned,False,
SWGY12339,Pari Nair,pari.nair977@gmail.com,(591) 579-8155,Mumbai,06-27-2023,Dormant,False,yes
SWGY12340,Riya Das,riya.das326@yahoo.com,917328424872,Jaipur,06-11-2024,New,False,Y
SWGY12341,Aarav Iyer,aarav.iyer177@gmail.co,13420 45781,Vijayawada,17/08/2023,Swiggy One Member,True,1
SWGY12342,Rahul Chatterjee,rahul.chatterjee288@gmail.com,+91-01131-46442,delhi,2024-06-16,Frequent Orderer,False,
SWGY12343,Rohan Kapoor,rohan.kapoor344@hotmail.com,2770260497, Nellore ,04-25-2025,Dormant,True,
SWGY12344,Karthik Nair,karthik.nair799@outlook.com,35076 49967, Pune ,07-17-2024,Swiggy One Member,True,0
SWGY12345,Kabir Patel,kabir.patel933@gmail.com,47505 22011, Vijayawada ,2024-07-25,Frequent Orderer,False,yes
SWGY12346,Arjun Iyer,arjun.iyer735@yahoo.com,, Jaipur ,13/06/2024,Churned,False,yes
SWGY12347,Divya Mehta,divya.mehta540@hotmail.com,+91-11157-87239,VIJAYAWADA,11/10/2024,New,True,No
SWGY12348,Ananya Das,ananya.das216@gmail.co,(458) 846-9371, Lucknow ,11-10-2024,Frequent Orderer,False,
SWGY12349,Diya Sharma,diya.sharma68@gmail.com,917844400274,nellore,2025-04-17,New,False,yes
SWGY12350,Krishna Singh,krishna.singh54@outlook.com,67118 81618, Gurugram ,02-12-2025,Dormant,False,
SWGY12351,Rohan Singh,rohan.singh531@outlook.com,2733188156,chennai,30/08/2024,Frequent Orderer,False,No
SWGY12352,Vikram Patel,vikram.patel352@gmail.co,07907 70455,Kochi,2024-05-09,Frequent Orderer,False,No
SWGY12353,Pari Patel,pari.patel602@yahoo.com,(298) 567-2405,mumbai,02-24-2024,New,False,Y
SWGY12354,Ananya Reddy,ananya.reddy160@gmail.co,24374 28220,GURUGRAM,2024-09-23,Frequent Orderer,False,yes
SWGY12355,Aditya Sharma,aditya.sharma386@outlook.com,01487 60967, Kolkata ,2024-03-26,,False,1
SWGY12356,Vivaan Verma,vivaan.verma351@gmail.co,919320506506, Vijayawada ,01-31-2024,Churned,False,No
SWGY12357,Sneha Khan,sneha.khan223@gmail.co,4110020896,,12-05-2024,Frequent Orderer,False,Yes
SWGY12358,Krishna Verma,krishna.verma372@gmail.com,+91-75196-79296,kochi,07-26-2024,New,False,0
SWGY12359,Diya Singh,,70431 07722, Mumbai ,04/03/2024,Swiggy One Member,True,1
SWGY12360,Divya Malhotra,divya.malhotra554@gmail.co,+91-76787-38801,Vijayawada,2023-12-15,Dormant,False,Yes
SWGY12361,Rohan Das,rohan.das228@outlook.com,+91-22377-50448, Delhi ,05-04-2025,Churned,False,N
SWGY12362,Rohan Nair,rohan.nair563@outlook.com,4126165542,CHENNAI,2024-03-12,Swiggy One Member,True,
SWGY12363,Vivaan Iyer,vivaan.iyer395@hotmail.com,(047) 610-2965,mumbai,2024-03-31,Swiggy One Member,True,Yes
SWGY12364,Rahul Rao,rahul.rao425@gmail.co,(050) 356-2372, Hyderabad ,10-14-2024,Frequent Orderer,True,yes
SWGY12365,Rahul Khan,rahul.khan366@gmail.com,919065632267,Kochi,2024-07-11,New,False,No
SWGY12366,Vikram Kapoor,vikram.kapoor698@gmail.co,(916) 942-2292,NELLORE,05-10-2024,New,False,yes
SWGY12367,Aditya Bose,aditya.bose89@gmail.co,+91-72245-88366, Gurugram ,05-04-2024,Dormant,False,N
SWGY12368,Sai Menon,sai.menon524@yahoo.com,+91-15926-68668,Bengaluru,08/11/2024,New,False,1
SWGY12369,Aadhya Khan,aadhya.khan374@gmail.com,60470 92803, Hyderabad ,2023-07-23,New,False,yes
SWGY12370,Arjun Reddy,arjun.reddy583@yahoo.com,2689495427,HYDERABAD,09-26-2024,Frequent Orderer,False,N
SWGY12371,Priya Singh,priya.singh317@gmail.com,,Kolkata,01-08-2025,,False,Yes
SWGY12372,Ira Bose,ira.bose741@yahoo.com,4452275942,,2023-08-03,Frequent Orderer,False,Y
SWGY12373,Karthik Kapoor,karthik.kapoor357@yahoo.com,(016) 993-2974,Delhi,2023-12-07,Dormant,True,0
SWGY12374,Ananya Gupta,ananya.gupta983@outlook.com,(513) 396-6057,KOLKATA,06-05-2023,Swiggy One Member,True,0
SWGY12375,Saanvi Menon,saanvi.menon218@yahoo.com,(723) 919-1846,lucknow,2024-10-03,New,False,0
SWGY12376,Divya Patel,divya.patel349@gmail.com,7655999196, Kolkata ,15/01/2025,Swiggy One Member,True,Yes
SWGY12377,Priya Nair,,+91-43704-34249, Delhi ,2023-12-20,Frequent Orderer,False,0
SWGY12378,Kabir Reddy,kabir.reddy152@yahoo.com,+91-24219-73819,GURUGRAM,22/09/2024,Frequent Orderer,False,
SWGY12379,Kabir Reddy,kabir.reddy375@hotmail.com,(850) 833-2710,gurugram,2024-04-30,New,False,1
SWGY12380,Aditya Patel,aditya.patel302@yahoo.com,,Pune,03-27-2025,Frequent Orderer,False,1
SWGY12381,Pooja Rao,pooja.rao922@yahoo.com,17689 22068,noida,03/01/2024,Frequent Orderer,False,Yes
SWGY12382,Reyansh Malhotra,,(816) 254-9931,lucknow,2024-04-06,Frequent Orderer,True,0
SWGY12383,Ananya Reddy,ananya.reddy229@gmail.co,46161 60543, Hyderabad ,01-09-2024,Churned,False,Yes
SWGY12384,Pari Singh,pari.singh5@gmail.co,, Kolkata ,09-23-2024,New,False,
SWGY12385,Arjun Shetty,arjun.shetty568@gmail.co,3191678758,kolkata,31/08/2024,Churned,False,yes
SWGY12386,Aarav Reddy,aarav.reddy899@gmail.com,915504616143,vijayawada,2023-10-26,Swiggy One Member,True,N
SWGY12387,Ira Joshi,ira.joshi839@hotmail.com,94142 50956, Delhi ,06-22-2024,Frequent Orderer,False,Yes
SWGY12388,Kabir Malhotra,kabir.malhotra195@gmail.com,912996783435,pune,03-23-2025,Frequent Orderer,False,No
SWGY12389,Pooja Shetty,pooja.shetty402@hotmail.com,5437636628,Gurugram,2024-09-20,Frequent Orderer,False,
SWGY12390,Neha Reddy,neha.reddy612@outlook.com,913945069895,KOCHI,08-21-2024,Frequent Orderer,False,yes
SWGY12391,Navya Mehta,navya.mehta721@yahoo.com,(541) 793-9431,Hyderabad,02/08/2023,Swiggy One Member,True,Y
SWGY12392,Divya Gupta,divya.gupta594@gmail.co,+91-62428-57404,pune,2024-02-14,Frequent Orderer,False,
SWGY12393,Rohan Joshi,rohan.joshi390@yahoo.com,7799751090,lucknow,2023-06-21,New,False,yes
SWGY12394,Aarav Kapoor,aarav.kapoor744@gmail.com,17082 92209,delhi,2024-01-20,,False,N
SWGY12395,Ira Sharma,ira.sharma66@gmail.com,47299 05552, Bengaluru ,12-01-2023,Swiggy One Member,True,N
SWGY12396,Karthik Shetty,karthik.shetty354@gmail.co,45684 42633,BENGALURU,02-14-2024,Swiggy One Member,True,yes
SWGY12397,Nikhil Mehta,,0824130160,pune,08-07-2023,Swiggy One Member,True,yes
SWGY12398,Neha Pillai,neha.pillai298@gmail.com,+91-73343-07182,BENGALURU,2023-12-24,Frequent Orderer,False,0
SWGY12399,Sneha Sharma,sneha.sharma985@yahoo.com,916781108023,LUCKNOW,18/08/2024,,True,
SWGY12400,Divya Sharma,divya.sharma461@hotmail.com,(356) 441-1935, Kochi ,04-22-2025,New,False,Y
SWGY12401,Anika Chatterjee,anika.chatterjee827@gmail.com,913849203175,Hyderabad,27/01/2025,Churned,False,1
SWGY12402,Aarav Shetty,aarav.shetty638@outlook.com,+91-28693-95391, Bengaluru ,02-05-2025,Swiggy One Member,True,
SWGY12403,Sai Singh,sai.singh840@yahoo.com,914802496689,HYDERABAD,2024-11-14,New,False,1
SWGY12404,Navya Das,navya.das945@gmail.com,5444847920,jaipur,2024-05-05,Dormant,False,1
SWGY12405,Ishaan Bose,ishaan.bose106@gmail.co,+91-99025-49839,Noida,2024-09-20,New,False,Y
SWGY12406,Aarav Rao,aarav.rao70@gmail.com,9729575512,MUMBAI,24/07/2023,Frequent Orderer,False,Yes
SWGY12407,Rohan Verma,rohan.verma217@yahoo.com,912251766689,GURUGRAM,2025-02-11,Frequent Orderer,False,Y
SWGY12408,Pari Menon,pari.menon591@outlook.com,,,11-12-2023,New,False,Yes
SWGY12409,Riya Pillai,riya.pillai214@gmail.co,3782564858,chennai,31/03/2024,New,False,0
SWGY12410,Aadhya Pillai,aadhya.pillai330@gmail.com,+91-50679-96451,pune,04-10-2025,Frequent Orderer,False,Yes
SWGY12411,Ananya Shetty,ananya.shetty170@gmail.co,+91-97950-80466, Delhi ,2024-05-05,Frequent Orderer,False,Y
SWGY12412,Anika Das,ANIKA.DAS1@YAHOO.COM,,bengaluru,29/03/2024,New,False,0
SWGY12413,Nikhil Iyer,nikhil.iyer909@outlook.com,(497) 151-2954,LUCKNOW,10-17-2024,Frequent Orderer,False,1
SWGY12414,Sai Singh,sai.singh857@hotmail.com,911695359522, Pune ,10-25-2024,Dormant,False,1
SWGY12415,Aditya Iyer,aditya.iyer92@gmail.co,, Bengaluru ,2025-01-06,Swiggy One Member,True,No
SWGY12416,Divya Verma,divya.verma620@gmail.co,911974005975,PUNE,16/04/2025,New,False,yes
SWGY12417,Diya Shetty,diya.shetty18@hotmail.com,911828654907, Jaipur ,2024-03-06,New,True,1
SWGY12418,Ananya Verma,ananya.verma621@gmail.com,+91-75770-79606, Jaipur ,06-17-2024,Frequent Orderer,False,yes
SWGY12419,Ishaan Patel,ishaan.patel808@hotmail.com,, Kochi ,06-08-2024,Dormant,False,Y
SWGY12420,Nikhil Iyer,nikhil.iyer577@outlook.com,,KOLKATA,03/02/2025,Dormant,True,No
SWGY12421,Sneha Iyer,sneha.iyer726@gmail.co,57349 43856,BENGALURU,28/02/2025,Dormant,False,1
SWGY12422,Riya Malhotra,riya.malhotra750@hotmail.com,87018 81113, Jaipur ,03-02-2024,Swiggy One Member,True,1
SWGY12423,Nikhil Nair,NIKHIL.NAIR645@GMAIL.CO,,,12-24-2023,New,False,Yes
SWGY12424,Vikram Malhotra,vikram.malhotra52@hotmail.com,2044843519,Jaipur,10/08/2023,New,False,yes
SWGY12425,Riya Das,riya.das145@outlook.com,9002842241,,09-23-2023,Dormant,True,No
SWGY12426,Navya Singh,navya.singh283@yahoo.com,30579 25173,NOIDA,03/03/2025,Dormant,False,No
SWGY12427,Sai Mehta,sai.mehta343@yahoo.com,7968546211, Nellore ,2023-11-15,Dormant,True,Yes
SWGY12428,Aadhya Nair,aadhya.nair11@gmail.co,,BENGALURU,11-08-2024,,True,1
SWGY12429,Vivaan Reddy,vivaan.reddy942@hotmail.com,(929) 184-8994,mumbai,02-01-2024,Frequent Orderer,False,yes
SWGY12430,Priya Shetty,priya.shetty921@gmail.com,914421756394,Gurugram,23/10/2023,Frequent Orderer,False,0
SWGY12431,Ananya Reddy,,(145) 252-8886, Noida ,17/03/2024,Frequent Orderer,False,Yes
SWGY12432,Nikhil Bose,nikhil.bose488@hotmail.com,,VIJAYAWADA,01-21-2024,Dormant,False,N
SWGY12433,Pari Kapoor,pari.kapoor371@outlook.com,+91-24125-03834,GURUGRAM,14/10/2023,Dormant,False,
SWGY12434,Arjun Nair,arjun.nair71@hotmail.com,913700632399, Hyderabad ,09/09/2024,Churned,True,N
SWGY12435,Sai Das,sai.das194@gmail.co,+91-82632-18945,Delhi,09-08-2023,Churned,False,1
SWGY12436,Rahul Malhotra,rahul.malhotra728@gmail.com,(199) 428-1783,VIJAYAWADA,05-23-2025,Swiggy One Member,True,Yes
SWGY12437,Aadhya Rao,aadhya.rao672@outlook.com,,,23/12/2023,Swiggy One Member,True,Yes
SWGY12438,Vikram Pillai,vikram.pillai848@gmail.com,,,2024-01-07,New,False,
SWGY12439,Rahul Nair,rahul.nair30@gmail.co,+91-21257-98969,Chennai,2024-02-16,Frequent Orderer,False,yes
SWGY12440,Pooja Reddy,pooja.reddy167@outlook.com,95207 69915,VIJAYAWADA,2024-10-28,Dormant,False,No
SWGY12441,Divya Pillai,divya.pillai367@gmail.com,8005440277,Gurugram,2024-10-17,Frequent Orderer,False,Y
SWGY12442,Sai Reddy,sai.reddy35@gmail.com,(685) 743-9738, Kolkata ,10-19-2023,Frequent Orderer,False,No
SWGY12443,Priya Bose,priya.bose49@yahoo.com,+91-91823-63725,Chennai,2024-06-09,Frequent Orderer,False,Yes
SWGY12444,Priya Patel,priya.patel26@outlook.com,(748) 252-2925, Kochi ,28/08/2023,New,False,yes
SWGY12445,Pari Chatterjee,pari.chatterjee921@hotmail.com,03653 54237,hyderabad,18/08/2023,Frequent Orderer,True,0
SWGY12446,Myra Chatterjee,myra.chatterjee76@gmail.co,,Jaipur,07/10/2023,New,False,0
SWGY12447,Ayaan Iyer,ayaan.iyer385@outlook.com,+91-19603-48973,Pune,22/03/2024,Swiggy One Member,True,Yes
SWGY12448,Ishaan Das,ishaan.das190@gmail.com,, Kolkata ,05-17-2024,Frequent Orderer,False,Yes
SWGY12449,Karthik Malhotra,karthik.malhotra540@outlook.com,8364548759, Kolkata ,13/12/2024,New,False,Y
SWGY12450,Diya Menon,diya.menon60@outlook.com,,Lucknow,11-13-2023,Swiggy One Member,True,
SWGY12451,Anika Mehta,anika.mehta778@hotmail.com,+91-80867-89451,LUCKNOW,10-05-2024,Churned,False,Y
SWGY12452,Neha Menon,neha.menon608@yahoo.com,, Kolkata ,2024-10-06,New,False,1
SWGY12453,Aditya Bose,aditya.bose186@gmail.com,+91-36130-14464, Noida ,2024-10-10,Frequent Orderer,True,yes
SWGY12454,Aditya Verma,aditya.verma582@yahoo.com,89401 17130, Hyderabad ,2024-08-11,Frequent Orderer,True,
SWGY12455,Ishaan Malhotra,ishaan.malhotra488@yahoo.com,1692759274,Chennai,2024-07-26,Dormant,False,Yes
SWGY12456,Aarav Chatterjee,aarav.chatterjee53@gmail.com,917018325661,Ahmedabad,13/02/2025,Churned,False,No
SWGY12457,Aarav Malhotra,aarav.malhotra512@gmail.com,911022212683,Lucknow,12/05/2024,Dormant,False,No
SWGY12458,Pooja Verma,pooja.verma752@gmail.co,+91-49106-76987,Mumbai,2023-08-18,Dormant,False,yes
SWGY12459,Ira Menon,ira.menon235@yahoo.com,, Mumbai ,2023-08-23,Dormant,False,0
SWGY12460,Myra Iyer,myra.iyer160@outlook.com,914965502421,MUMBAI,04/08/2023,Dormant,False,yes
SWGY12461,Rohan Malhotra,,24242 63352,Bengaluru,05-05-2024,Swiggy One Member,True,
SWGY12462,Rohan Khan,rohan.khan985@yahoo.com,912061392031, Chennai ,28/10/2024,Frequent Orderer,False,0
SWGY12463,Vikram Joshi,VIKRAM.JOSHI501@HOTMAIL.COM,3900496309, Chennai ,10/04/2024,Frequent Orderer,False,
SWGY12464,Rahul Mehta,rahul.mehta727@hotmail.com,914991047164,delhi,02/01/2025,Frequent Orderer,False,1
SWGY12465,Rohan Malhotra,rohan.malhotra473@gmail.com,,NOIDA,02-27-2024,Dormant,False,
SWGY12466,Rahul Patel,rahul.patel329@outlook.com,,delhi,11-25-2023,Dormant,False,Yes
SWGY12467,Kabir Sharma,kabir.sharma394@gmail.co,,jaipur,06-29-2023,New,True,N
SWGY12468,Kabir Das,kabir.das780@hotmail.com,916575492039,Kolkata,2024-08-01,Frequent Orderer,False,N
SWGY12469,Sai Joshi,sai.joshi689@gmail.co,01411 15816,AHMEDABAD,2024-07-11,New,False,1
SWGY12470,Sai Shetty,sai.shetty559@gmail.co,+91-65091-63975,chennai,12/11/2023,Swiggy One Member,True,Y
SWGY12471,Ishaan Das,ishaan.das850@gmail.com,94430 02773,Mumbai,07-10-2023,Swiggy One Member,True,0
SWGY12472,Ananya Chatterjee,ananya.chatterjee567@gmail.com,+91-82632-67631,vijayawada,2024-03-23,New,False,No
SWGY12473,Priya Verma,priya.verma902@gmail.co,4142642930,gurugram,05-13-2024,Frequent Orderer,False,0
SWGY12474,Nikhil Reddy,nikhil.reddy519@gmail.com,,,21/12/2023,Frequent Orderer,False,N
SWGY12475,Navya Pillai,navya.pillai604@gmail.co,24597 98982,chennai,13/10/2024,Dormant,False,1
SWGY12476,Karthik Menon,karthik.menon116@outlook.com,96117 78545,Bengaluru,03-28-2025,Churned,True,1
SWGY12477,Myra Shetty,myra.shetty609@yahoo.com,,nellore,06-24-2024,Frequent Orderer,False,Y
SWGY12478,Pooja Das,pooja.das765@yahoo.com,,Kolkata,2025-05-10,New,False,
SWGY12479,Diya Reddy,diya.reddy201@gmail.co,(492) 151-5694,GURUGRAM,01-30-2024,Swiggy One Member,True,
SWGY12480,Nikhil Bose,nikhil.bose701@hotmail.com,89105 48256, Gurugram ,2023-08-11,Frequent Orderer,True,0
SWGY12481,Neha Rao,NEHA.RAO786@YAHOO.COM,,,20/04/2025,Dormant,False,1
SWGY12482,Ishaan Khan,ishaan.khan49@hotmail.com,, Hyderabad ,07-11-2024,Swiggy One Member,True,1
SWGY12483,Riya Rao,riya.rao102@gmail.com,+91-68540-26218, Chennai ,08-20-2023,Frequent Orderer,False,Yes
SWGY12484,Karthik Singh,karthik.singh126@hotmail.com,2291656130,KOCHI,07-23-2024,Frequent Orderer,False,
SWGY12485,Aditya Menon,ADITYA.MENON316@YAHOO.COM,,nellore,2024-03-23,Swiggy One Member,True,N
SWGY12486,Ishaan Chatterjee,ishaan.chatterjee805@yahoo.com,3057578660,Hyderabad,2023-12-23,Dormant,False,1
SWGY12487,Aarav Joshi,AARAV.JOSHI657@OUTLOOK.COM,(526) 106-8965,JAIPUR,2024-06-25,Frequent Orderer,True,0
SWGY12488,Rahul Rao,RAHUL.RAO185@OUTLOOK.COM,4396848359,Gurugram,2024-03-04,Dormant,False,Yes
SWGY12489,Nikhil Gupta,nikhil.gupta526@gmail.co,913881939271,Nellore,04-06-2025,Swiggy One Member,False,N
SWGY12490,Navya Reddy,navya.reddy341@gmail.com,918175760180, Vijayawada ,11-29-2024,Frequent Orderer,False,
SWGY12491,Sneha Khan,sneha.khan89@outlook.com,8932816651, Jaipur ,2023-10-07,New,False,No
SWGY12492,Kabir Gupta,kabir.gupta252@gmail.com,,,2025-02-19,Dormant,False,No
SWGY12493,Pooja Malhotra,pooja.malhotra793@outlook.com,,LUCKNOW,09/10/2023,Frequent Orderer,False,Y
SWGY12494,Navya Gupta,navya.gupta193@yahoo.com,,,17/12/2023,Frequent Orderer,False,1
SWGY12495,Krishna Rao,krishna.rao501@yahoo.com,(821) 255-8877,Nellore,24/10/2023,New,False,Yes
SWGY12496,Kabir Gupta,kabir.gupta56@hotmail.com,(656) 996-3874, Pune ,07/08/2023,New,False,No
SWGY12497,Sai Menon,sai.menon856@yahoo.com,1065729976,mumbai,17/11/2023,Frequent Orderer,False,Y
SWGY12498,Karthik Verma,karthik.verma914@hotmail.com,67774 41084, Lucknow ,2024-08-05,Dormant,False,No
SWGY12499,Anika Nair,anika.nair282@gmail.com,35827 17320,Jaipur,07-27-2023,Churned,False,Yes
SWGY12500,Aadhya Chatterjee,aadhya.chatterjee969@hotmail.com,(788) 797-8884, Kolkata ,03-15-2024,Churned,False,1
SWGY12501,Myra Pillai,myra.pillai940@hotmail.com,+91-61906-92395,Gurugram,08-27-2023,New,False,N
SWGY12502,Arjun Kapoor,arjun.kapoor556@hotmail.com,+91-42003-26503,ahmedabad,2024-11-11,Churned,False,yes
SWGY12503,Ishaan Reddy,ishaan.reddy865@gmail.com,+91-33529-49576,CHENNAI,11-20-2023,New,False,0
SWGY12504,Pooja Gupta,pooja.gupta581@yahoo.com,9704538687,Bengaluru,2024-12-04,Frequent Orderer,False,
SWGY12505,Aadhya Kapoor,,916143153834,kolkata,2023-11-03,New,False,No
SWGY12506,Reyansh Verma,reyansh.verma49@gmail.com,,BENGALURU,2024-11-14,Dormant,False,No
SWGY12507,Kabir Menon,kabir.menon451@gmail.com,,NOIDA,2025-03-10,New,True,Yes
SWGY12508,Vikram Reddy,vikram.reddy83@outlook.com,(750) 796-3132,Gurugram,10-18-2023,Frequent Orderer,False,yes
SWGY12509,Riya Chatterjee,riya.chatterjee660@outlook.com,(662) 714-5706, Noida ,08-22-2023,Swiggy One Member,True,0
SWGY12510,Reyansh Patel,reyansh.patel693@gmail.co,+91-19993-91767, Gurugram ,11-05-2024,Frequent Orderer,False,Yes
SWGY12511,Aarav Iyer,aarav.iyer755@outlook.com,2784300398,Delhi,24/03/2025,Frequent Orderer,False,yes
SWGY12512,Aadhya Khan,aadhya.khan876@hotmail.com,,NOIDA,2024-12-29,Frequent Orderer,False,0
SWGY12513,Navya Chatterjee,navya.chatterjee382@gmail.co,, Nellore ,25/09/2024,New,False,N
SWGY12514,Aarav Malhotra,aarav.malhotra380@gmail.com,(226) 643-5094,mumbai,01-14-2024,New,False,
SWGY12515,Sai Reddy,sai.reddy149@outlook.com,+91-60382-80710,CHENNAI,04/01/2025,,False,1
SWGY12516,Anika Malhotra,anika.malhotra246@hotmail.com,69793 39338,AHMEDABAD,08-12-2024,Frequent Orderer,False,
SWGY12517,Vikram Mehta,vikram.mehta595@hotmail.com,81738 68165,NELLORE,2024-11-06,New,False,1
SWGY12518,Vivaan Kapoor,vivaan.kapoor631@yahoo.com,917352199806,kochi,03-12-2025,Swiggy One Member,True,0
SWGY12519,Aarav Patel,aarav.patel799@hotmail.com,+91-08672-26628,Lucknow,31/12/2023,Churned,False,0
SWGY12520,Myra Joshi,myra.joshi454@yahoo.com,7181905974,JAIPUR,2024-08-28,Dormant,False,Yes
SWGY12521,Diya Patel,diya.patel263@yahoo.com,(033) 248-7736,,10-10-2024,Frequent Orderer,False,yes
SWGY12522,Rahul Shetty,rahul.shetty403@gmail.com,9406357247,,02-18-2025,Swiggy One Member,True,1
SWGY12523,Pari Iyer,pari.iyer36@gmail.com,918438580099, Kochi ,11/07/2024,Swiggy One Member,True,Y
SWGY12524,Neha Rao,,(487) 359-7543,ahmedabad,2024-04-16,Swiggy One Member,True,0
SWGY12525,Vikram Menon,vikram.menon739@hotmail.com,(772) 222-6461,VIJAYAWADA,2024-12-30,Frequent Orderer,False,Yes
SWGY12526,Aarav Iyer,aarav.iyer877@gmail.co,,,06-12-2023,New,False,0
SWGY12527,Rohan Shetty,rohan.shetty73@yahoo.com,(075) 000-6991,ahmedabad,06-11-2023,New,False,1
SWGY12528,Divya Pillai,divya.pillai265@outlook.com,(652) 322-1489,hyderabad,2025-01-20,Dormant,False,N
SWGY12529,Ira Pillai,ira.pillai412@hotmail.com,+91-30381-56959, Vijayawada ,2024-06-17,Swiggy One Member,True,1
SWGY12530,Priya Mehta,priya.mehta837@yahoo.com,1128740811,VIJAYAWADA,2024-06-13,Dormant,True,0
SWGY12531,Riya Shetty,,(996) 289-3028,Hyderabad,25/11/2024,New,False,Y
SWGY12532,Aditya Malhotra,aditya.malhotra195@gmail.com,(260) 485-8965,Pune,07-19-2023,Frequent Orderer,False,yes
SWGY12533,Ayaan Sharma,ayaan.sharma439@outlook.com,(719) 270-5487, Vijayawada ,2024-02-03,Swiggy One Member,True,1
SWGY12534,Saanvi Chatterjee,saanvi.chatterjee854@outlook.com,,DELHI,17/01/2024,New,False,Yes
SWGY12535,Aadhya Chatterjee,AADHYA.CHATTERJEE850@OUTLOOK.COM,915908557657,AHMEDABAD,18/06/2024,Dormant,False,N
SWGY12536,Riya Reddy,riya.reddy898@hotmail.com,+91-03521-96091,LUCKNOW,06/02/2025,Frequent Orderer,False,0
SWGY12537,Divya Rao,divya.rao258@yahoo.com,1190266237,GURUGRAM,08-12-2023,Churned,False,No
SWGY12538,Neha Singh,neha.singh101@outlook.com,,NOIDA,02-11-2024,New,False,
SWGY12539,Ayaan Iyer,ayaan.iyer566@gmail.co,,,06-08-2024,,False,N
SWGY12540,Navya Reddy,navya.reddy95@outlook.com,,pune,09-23-2024,Dormant,False,No
SWGY12541,Neha Menon,neha.menon686@gmail.com,+91-46619-95417,Lucknow,2024-11-25,Churned,False,0
SWGY12542,Divya Das,divya.das371@outlook.com,915536377665,kolkata,10-23-2023,Churned,False,Yes
SWGY12543,Reyansh Singh,reyansh.singh822@hotmail.com,916226648491, Chennai ,2024-03-15,Churned,False,yes
SWGY12544,Saanvi Nair,saanvi.nair964@gmail.com,+91-33151-31356,Nellore,11/11/2024,Frequent Orderer,False,Yes
SWGY12545,Reyansh Kapoor,reyansh.kapoor851@hotmail.com,, Nellore ,03-23-2024,Frequent Orderer,False,Y
SWGY12546,Nikhil Nair,nikhil.nair536@outlook.com,(135) 740-8747,Pune,16/11/2024,Swiggy One Member,True,N
SWGY12547,Ira Kapoor,ira.kapoor499@outlook.com,(779) 906-1834,DELHI,09/01/2025,Swiggy One Member,True,No
SWGY12548,Aditya Malhotra,aditya.malhotra920@yahoo.com,5286348401,Bengaluru,02-01-2025,Frequent Orderer,False,
SWGY12549,Vivaan Chatterjee,vivaan.chatterjee252@gmail.co,,Chennai,11/02/2025,Churned,False,yes
SWGY12550,Aditya Das,ADITYA.DAS531@OUTLOOK.COM,+91-91341-78109, Lucknow ,2024-09-28,Frequent Orderer,False,1
SWGY12551,Pari Reddy,pari.reddy102@outlook.com,,AHMEDABAD,04-02-2024,Churned,True,0
SWGY12552,Aadhya Gupta,aadhya.gupta532@gmail.com,+91-84827-23099, Noida ,2024-11-11,New,False,yes
SWGY12553,Priya Chatterjee,priya.chatterjee387@gmail.com,+91-19908-18733,Chennai,2024-02-12,Frequent Orderer,False,
SWGY12554,Rohan Chatterjee,rohan.chatterjee801@gmail.co,916950432605,Hyderabad,21/10/2023,Dormant,False,
SWGY12555,Sai Das,sai.das673@outlook.com,30539 73451,hyderabad,05-01-2024,,False,0
SWGY12556,Krishna Iyer,krishna.iyer733@gmail.com,+91-97274-05143, Kolkata ,31/07/2023,Swiggy One Member,True,No
SWGY12557,Neha Gupta,neha.gupta430@outlook.com,,VIJAYAWADA,2025-02-19,Dormant,False,N
SWGY12558,Anika Rao,anika.rao551@hotmail.com,(945) 892-2517, Hyderabad ,03/06/2024,Dormant,False,Y
SWGY12559,Ira Rao,,8956383676,vijayawada,29/08/2024,Frequent Orderer,False,Yes
SWGY12560,Kabir Gupta,kabir.gupta230@hotmail.com,,jaipur,04/06/2023,New,False,yes
SWGY12561,Riya Malhotra,riya.malhotra907@hotmail.com,(825) 254-3093,NELLORE,30/05/2025,Swiggy One Member,True,Y
SWGY12562,Aditya Das,aditya.das431@gmail.com,(689) 924-7157, Mumbai ,2024-10-14,New,False,Yes
SWGY12563,Navya Verma,navya.verma184@gmail.com,39551 21698,AHMEDABAD,2023-08-18,New,True,Y
SWGY12564,Navya Das,navya.das420@yahoo.com,,Lucknow,21/02/2024,New,False,1
SWGY12565,Ishaan Shetty,ishaan.shetty564@hotmail.com,11591 32684,KOLKATA,2024-10-13,Swiggy One Member,True,0
SWGY12566,Kabir Khan,kabir.khan735@gmail.co,,PUNE,03-02-2024,Frequent Orderer,False,No
SWGY12567,Diya Menon,diya.menon748@gmail.co,26023 56409,Pune,05-12-2024,New,False,0
SWGY12568,Anika Shetty,anika.shetty448@gmail.co,,mumbai,02-04-2025,Dormant,True,
SWGY12569,Ayaan Chatterjee,ayaan.chatterjee679@gmail.com,4155175863,MUMBAI,25/11/2023,Frequent Orderer,False,N
SWGY12570,Kabir Nair,kabir.nair620@gmail.co,6868584311,LUCKNOW,2024-09-27,New,False,Yes
SWGY12571,Karthik Chatterjee,karthik.chatterjee212@hotmail.com,,Pune,2023-08-26,Frequent Orderer,False,Yes
SWGY12572,Sneha Iyer,sneha.iyer943@hotmail.com,58697 93584,gurugram,2024-05-04,Swiggy One Member,True,N
SWGY12573,Ishaan Rao,ishaan.rao354@hotmail.com,,Vijayawada,10/03/2024,Dormant,False,No
SWGY12574,Neha Menon,neha.menon358@gmail.com,+91-34742-96364,JAIPUR,2023-09-15,Frequent Orderer,False,0
SWGY12575,Krishna Joshi,krishna.joshi717@hotmail.com,+91-24539-60424,Delhi,23/04/2024,Swiggy One Member,True,yes
SWGY12576,Karthik Rao,karthik.rao717@gmail.co,,Delhi,2024-06-11,Swiggy One Member,True,Y
SWGY12577,Krishna Chatterjee,krishna.chatterjee550@gmail.com,,KOLKATA,04/10/2023,Churned,False,No
SWGY12578,Vikram Khan,vikram.khan121@gmail.co,(533) 797-0860,VIJAYAWADA,19/08/2023,New,False,
SWGY12579,Divya Das,divya.das505@yahoo.com,1533300325, Nellore ,14/09/2024,New,False,
SWGY12580,Rahul Rao,rahul.rao103@outlook.com,,,2023-08-08,New,False,No
SWGY12581,Diya Menon,diya.menon212@outlook.com,+91-13156-53667,LUCKNOW,04/01/2024,,False,yes
SWGY12582,Aadhya Patel,,53485 29799,pune,08-25-2023,Dormant,False,0
SWGY12583,Diya Joshi,diya.joshi227@outlook.com,97064 06412,Gurugram,18/04/2024,Swiggy One Member,True,yes
SWGY12584,Vivaan Iyer,vivaan.iyer970@gmail.co,+91-01632-70349,chennai,2024-02-23,Churned,True,Yes
SWGY12585,Sneha Das,sneha.das951@gmail.co,2721264543, Delhi ,24/06/2024,Churned,False,
SWGY12586,Ira Mehta,ira.mehta191@gmail.co,916301333279,GURUGRAM,2025-04-05,Frequent Orderer,False,
SWGY12587,Aarav Nair,aarav.nair618@hotmail.com,(494) 918-5147, Ahmedabad ,2024-08-01,Swiggy One Member,True,0
SWGY12588,Priya Verma,priya.verma335@yahoo.com,(682) 287-9561,Kochi,2023-12-31,Swiggy One Member,True,0
SWGY12589,Saanvi Gupta,saanvi.gupta195@yahoo.com,+91-78908-85069,,2024-06-12,Swiggy One Member,True,N
SWGY12590,Krishna Kapoor,krishna.kapoor26@yahoo.com,85951 29207,JAIPUR,2023-08-12,New,True,Yes
SWGY12591,Neha Patel,neha.patel554@hotmail.com,, Hyderabad ,06-15-2024,Dormant,False,Y
SWGY12592,Myra Bose,MYRA.BOSE252@GMAIL.CO,(842) 296-6514,gurugram,07-04-2024,Churned,False,0
SWGY12593,Ananya Joshi,ananya.joshi392@hotmail.com,84991 98720,Chennai,2023-12-20,New,False,N
SWGY12594,Aarav Sharma,aarav.sharma297@gmail.com,+91-81179-63305, Nellore ,05/03/2024,Frequent Orderer,False,1
SWGY12595,Vivaan Menon,vivaan.menon861@hotmail.com,918028441616,CHENNAI,01-31-2024,Dormant,False,0
SWGY12596,Neha Nair,neha.nair885@gmail.com,6323813705,chennai,2023-07-30,Frequent Orderer,False,Yes
SWGY12597,Sai Kapoor,,2583851635,Kolkata,2023-11-10,New,False,0
SWGY12598,Krishna Rao,krishna.rao109@yahoo.com,,Jaipur,2024-08-18,Frequent Orderer,False,1
SWGY12599,Anika Gupta,,+91-53596-82890,lucknow,2023-10-02,Dormant,True,No
SWGY12600,Pooja Iyer,pooja.iyer508@gmail.co,912716892788,jaipur,04/02/2024,Frequent Orderer,False,
SWGY12601,Aditya Bose,aditya.bose511@gmail.co,915104730802,MUMBAI,2025-02-20,New,False,N
SWGY12602,Ishaan Gupta,ishaan.gupta877@gmail.com,,jaipur,2024-04-01,Dormant,False,1
SWGY12603,Riya Mehta,riya.mehta17@gmail.com,+91-97689-33450,hyderabad,2024-04-03,Swiggy One Member,True,1
SWGY12604,Aditya Gupta,aditya.gupta880@gmail.co,,HYDERABAD,03-06-2025,New,True,Yes
SWGY12605,Divya Shetty,divya.shetty854@gmail.com,+91-86969-23444,nellore,13/10/2024,New,False,
SWGY12606,Arjun Menon,arjun.menon420@yahoo.com,+91-62091-60494, Gurugram ,09-15-2024,New,False,Y
SWGY12607,Pooja Patel,pooja.patel400@gmail.co,,mumbai,03-01-2025,New,False,yes
SWGY12608,Priya Verma,priya.verma711@gmail.co,2656564165, Kochi ,08/04/2024,Frequent Orderer,False,
SWGY12609,Ishaan Khan,ISHAAN.KHAN960@GMAIL.CO,,GURUGRAM,23/09/2023,Churned,False,Y
SWGY12610,Diya Khan,diya.khan730@yahoo.com,,DELHI,2024-05-19,Frequent Orderer,False,yes
SWGY12611,Kabir Rao,kabir.rao862@gmail.co,32101 33989,Delhi,11-12-2023,Swiggy One Member,True,Yes
SWGY12612,Ayaan Sharma,ayaan.sharma568@outlook.com,(901) 405-6502, Bengaluru ,02-09-2024,Frequent Orderer,False,
SWGY12613,Vivaan Shetty,vivaan.shetty473@hotmail.com,46369 19918, Bengaluru ,15/02/2025,Frequent Orderer,True,N
SWGY12614,Saanvi Iyer,saanvi.iyer199@gmail.co,,KOLKATA,01-21-2025,Churned,False,0
SWGY12615,Ira Reddy,ira.reddy553@hotmail.com,+91-41245-27705, Pune ,05/03/2024,Dormant,False,1
SWGY12616,Vivaan Khan,vivaan.khan557@hotmail.com,916789501391,KOLKATA,11-14-2023,Frequent Orderer,False,
SWGY12617,Vivaan Joshi,,(984) 382-8140, Lucknow ,2024-03-12,Dormant,True,yes
SWGY12618,Pari Bose,pari.bose950@yahoo.com,(273) 308-9034,kolkata,04/05/2025,Dormant,False,0
SWGY12619,Rohan Malhotra,rohan.malhotra766@gmail.com,,CHENNAI,2024-02-10,Churned,False,
SWGY12620,Riya Sharma,riya.sharma657@hotmail.com,+91-46761-70995,Vijayawada,2025-02-25,New,False,N
SWGY12621,Karthik Das,karthik.das59@hotmail.com,(805) 795-5000,kolkata,14/11/2023,Frequent Orderer,False,No
SWGY12622,Diya Mehta,diya.mehta930@outlook.com,(275) 622-0217,NOIDA,06-26-2024,Swiggy One Member,True,N
SWGY12623,Riya Sharma,,07203 24893,PUNE,12-16-2023,Frequent Orderer,True,
SWGY12624,Nikhil Kapoor,nikhil.kapoor958@gmail.co,8532414842,Lucknow,09/06/2024,Frequent Orderer,False,
SWGY12625,Diya Kapoor,diya.kapoor347@gmail.co,64519 24279,noida,10/03/2025,Churned,False,Y
SWGY12626,Pooja Shetty,pooja.shetty188@hotmail.com,(351) 187-7863,,24/12/2024,Churned,True,yes
SWGY12627,Navya Kapoor,navya.kapoor202@hotmail.com,911031887277, Ahmedabad ,2024-10-09,Frequent Orderer,False,0
SWGY12628,Sneha Bose,sneha.bose732@outlook.com,20505 78462,Nellore,16/11/2024,Swiggy One Member,True,N
SWGY12629,Ayaan Mehta,ayaan.mehta326@gmail.com,, Pune ,09-03-2023,Swiggy One Member,True,Yes
SWGY12630,Navya Mehta,navya.mehta260@gmail.co,+91-01705-93967,Ahmedabad,11-03-2024,Frequent Orderer,False,1
SWGY12631,Diya Nair,diya.nair396@outlook.com,95787 35168,,2024-07-01,Frequent Orderer,False,Y
SWGY12632,Reyansh Joshi,reyansh.joshi62@yahoo.com,(498) 008-4755, Jaipur ,10-06-2023,New,False,
SWGY12633,Sai Menon,sai.menon621@gmail.com,(183) 669-4983,Ahmedabad,03-22-2025,New,False,yes
SWGY12634,Saanvi Shetty,saanvi.shetty914@outlook.com,(562) 713-7024, Nellore ,10-22-2024,New,False,yes
SWGY12635,Diya Pillai,diya.pillai953@gmail.com,917830626465, Nellore ,2025-02-19,Dormant,False,yes
SWGY12636,Ayaan Menon,ayaan.menon816@yahoo.com,910927493909,Kolkata,02-04-2024,New,False,No
SWGY12637,Arjun Iyer,arjun.iyer142@hotmail.com,36840 54165,BENGALURU,04/12/2023,Churned,True,Yes
SWGY12638,Aarav Bose,aarav.bose769@gmail.com,26073 47843, Noida ,05/09/2024,Frequent Orderer,False,yes
SWGY12639,Nikhil Bose,nikhil.bose64@yahoo.com,,chennai,08-06-2024,Frequent Orderer,False,1
SWGY12640,Navya Nair,navya.nair617@hotmail.com,912243121255,MUMBAI,02-25-2025,,False,Y
SWGY12641,Karthik Patel,karthik.patel131@outlook.com,(670) 779-2445,,01/10/2024,Swiggy One Member,True,
SWGY12642,Aditya Reddy,aditya.reddy820@hotmail.com,, Hyderabad ,2023-09-21,Frequent Orderer,False,yes
SWGY12643,Aadhya Malhotra,AADHYA.MALHOTRA820@HOTMAIL.COM,(585) 872-6327,Chennai,2024-06-15,Frequent Orderer,False,
SWGY12644,Rohan Gupta,rohan.gupta178@yahoo.com,917288073664, Vijayawada ,2023-11-06,Frequent Orderer,False,0
SWGY12645,Rohan Shetty,rohan.shetty746@gmail.com,+91-64335-62395,NOIDA,2024-04-16,Swiggy One Member,True,No
SWGY12646,Pooja Reddy,pooja.reddy42@hotmail.com,22053 22089,lucknow,02/11/2024,Frequent Orderer,False,Yes
SWGY12647,Anika Pillai,anika.pillai120@gmail.com,+91-47824-75991, Nellore ,2023-07-02,Frequent Orderer,False,Yes
SWGY12648,Neha Chatterjee,neha.chatterjee746@hotmail.com,+91-60273-16035,KOLKATA,04-27-2024,New,False,yes
SWGY12649,Nikhil Khan,nikhil.khan475@gmail.com,5241694564, Bengaluru ,08/07/2024,Dormant,False,
SWGY12650,Saanvi Rao,SAANVI.RAO518@OUTLOOK.COM,0013743784,Kolkata,2025-02-18,Dormant,False,
SWGY12651,Sai Malhotra,sai.malhotra741@hotmail.com,+91-37622-33450,kochi,30/11/2023,New,False,No
SWGY12652,Pari Kapoor,pari.kapoor448@gmail.com,,kolkata,12/06/2024,Frequent Orderer,False,N
SWGY12653,Ira Patel,ira.patel293@gmail.com,919631555800, Ahmedabad ,29/12/2023,Churned,False,
SWGY12654,Rahul Khan,rahul.khan952@yahoo.com,918237084446,gurugram,2024-05-02,New,False,No
SWGY12655,Sneha Patel,sneha.patel928@outlook.com,+91-84293-26457,Ahmedabad,06/12/2024,New,False,
SWGY12656,Sai Singh,sai.singh433@outlook.com,+91-05497-12793,Noida,10-11-2024,Swiggy One Member,True,Y
SWGY12657,Nikhil Chatterjee,nikhil.chatterjee429@hotmail.com,+91-90604-18696,delhi,24/03/2025,Swiggy One Member,True,0
SWGY12658,Pooja Reddy,pooja.reddy724@gmail.com,5864358309,mumbai,2024-12-21,New,False,N
SWGY12659,Karthik Chatterjee,karthik.chatterjee138@hotmail.com,6918617568,HYDERABAD,24/09/2023,Churned,False,1
SWGY12660,Sneha Rao,SNEHA.RAO174@YAHOO.COM,(992) 558-3003,Kochi,01-26-2025,Churned,False,
SWGY12661,Diya Chatterjee,diya.chatterjee878@gmail.com,,AHMEDABAD,07/02/2024,Frequent Orderer,False,
SWGY12662,Anika Patel,anika.patel193@yahoo.com,+91-81816-71771,Chennai,2023-07-19,Frequent Orderer,False,yes
SWGY12663,Vivaan Nair,vivaan.nair328@gmail.co,+91-41791-84800,Bengaluru,2024-10-16,Dormant,False,No
SWGY12664,Sai Singh,sai.singh283@hotmail.com,,Bengaluru,05-04-2025,Swiggy One Member,True,Y
SWGY12665,Myra Kapoor,myra.kapoor974@outlook.com,18468 91583, Delhi ,28/02/2024,Frequent Orderer,False,
SWGY12666,Krishna Kapoor,,, Lucknow ,16/07/2023,Churned,False,0
SWGY12667,Ishaan Pillai,ishaan.pillai388@hotmail.com,26669 91699, Gurugram ,29/11/2024,Swiggy One Member,True,Yes
SWGY12668,Sneha Malhotra,sneha.malhotra943@outlook.com,6597759776,KOCHI,03-11-2025,Frequent Orderer,False,Yes
SWGY12669,Vivaan Joshi,vivaan.joshi672@yahoo.com,3393474126, Pune ,05/07/2023,Dormant,False,
SWGY12670,Vivaan Joshi,VIVAAN.JOSHI861@GMAIL.CO,,hyderabad,03-22-2025,Dormant,False,
SWGY12671,Sneha Bose,sneha.bose169@yahoo.com,55769 30888, Vijayawada ,11-19-2023,Dormant,False,Yes
SWGY12672,Myra Shetty,myra.shetty803@gmail.com,3154344919,jaipur,17/01/2025,Dormant,False,Yes
SWGY12673,Rohan Bose,rohan.bose128@gmail.com,,lucknow,03-19-2024,,True,Yes
SWGY12674,Ira Rao,ira.rao791@gmail.co,+91-24089-62870,MUMBAI,2024-08-01,Churned,False,No
SWGY12675,Diya Chatterjee,diya.chatterjee524@gmail.co,+91-10459-99207,Kolkata,2024-09-02,New,False,Y
SWGY12676,Aditya Singh,aditya.singh321@gmail.com,+91-46117-34174,mumbai,20/12/2024,Swiggy One Member,True,1
SWGY12677,Diya Menon,diya.menon212@outlook.com,,PUNE,27/08/2023,,False,N
SWGY12678,Sai Malhotra,sai.malhotra960@outlook.com,5250191653,,11/04/2024,Frequent Orderer,False,Yes
SWGY12679,Neha Chatterjee,neha.chatterjee641@gmail.co,1341452448,ahmedabad,08-19-2024,Swiggy One Member,True,No
SWGY12680,Sneha Khan,sneha.khan202@outlook.com,, Hyderabad ,20/05/2024,Churned,False,No
SWGY12681,Rahul Patel,rahul.patel597@gmail.com,916438470981,DELHI,09-09-2024,New,True,Yes
SWGY12682,Diya Verma,diya.verma581@yahoo.com,,Lucknow,2025-02-10,New,False,Y
SWGY12683,Karthik Menon,karthik.menon217@gmail.com,(623) 818-3924,Vijayawada,19/09/2023,New,False,
SWGY12684,Riya Gupta,riya.gupta9@gmail.co,+91-11729-23359,GURUGRAM,09-03-2024,Frequent Orderer,False,N
SWGY12685,Diya Patel,diya.patel557@gmail.co,, Mumbai ,2024-06-17,Frequent Orderer,False,0
SWGY12686,Navya Nair,navya.nair550@yahoo.com,+91-68216-36297,NELLORE,04-13-2025,Swiggy One Member,True,0
SWGY12687,Pooja Menon,pooja.menon450@yahoo.com,,AHMEDABAD,14/05/2025,Churned,False,No
SWGY12688,Reyansh Khan,reyansh.khan797@gmail.co,,Chennai,15/09/2023,Frequent Orderer,False,0
SWGY12689,Krishna Patel,krishna.patel684@gmail.com,(525) 329-3244,CHENNAI,02/03/2024,New,False,1
SWGY12690,Ishaan Pillai,ishaan.pillai715@hotmail.com,5472815706,VIJAYAWADA,12/06/2024,Frequent Orderer,True,Yes
SWGY12691,Ishaan Mehta,ishaan.mehta455@gmail.com,+91-48724-84926,delhi,2023-12-09,New,False,N
SWGY12692,Aarav Khan,aarav.khan881@hotmail.com,82078 09882,Kochi,08-09-2024,Swiggy One Member,True,Y
SWGY12693,Diya Nair,diya.nair786@yahoo.com,54791 30279,Ahmedabad,2023-09-26,New,False,1
SWGY12694,Aditya Sharma,aditya.sharma947@yahoo.com,79988 35943, Bengaluru ,2025-04-19,Churned,False,N
SWGY12695,Reyansh Nair,reyansh.nair480@gmail.co,910378171506,chennai,2023-07-21,Swiggy One Member,True,yes
SWGY12696,Saanvi Sharma,saanvi.sharma842@hotmail.com,0851512286,Nellore,2024-11-04,Dormant,False,
SWGY12697,Karthik Menon,karthik.menon383@hotmail.com,,Vijayawada,2024-03-14,Churned,True,Y
SWGY12698,Ananya Shetty,ananya.shetty779@yahoo.com,,vijayawada,08-10-2024,Frequent Orderer,False,1
SWGY12699,Neha Kapoor,,(191) 035-3363,MUMBAI,2025-01-16,Frequent Orderer,False,
SWGY12700,Reyansh Patel,reyansh.patel329@hotmail.com,,Chennai,2023-06-12,Churned,False,1
SWGY12701,Krishna Iyer,krishna.iyer513@hotmail.com,+91-94919-26595, Noida ,2023-09-27,New,False,N
SWGY12702,Saanvi Chatterjee,,4001980110,KOLKATA,04-08-2024,Swiggy One Member,True,Y
SWGY12703,Reyansh Rao,reyansh.rao989@hotmail.com,(518) 981-9785,Noida,04/03/2024,Frequent Orderer,False,No
SWGY12704,Diya Menon,diya.menon914@yahoo.com,919489304940,Noida,01-31-2024,Frequent Orderer,False,No
SWGY12705,Vivaan Sharma,vivaan.sharma549@yahoo.com,,KOLKATA,01-21-2025,Frequent Orderer,False,Yes
SWGY12706,Myra Das,myra.das28@gmail.co,918106710917, Bengaluru ,10/05/2024,Swiggy One Member,True,No
SWGY12707,Aarav Khan,aarav.khan221@gmail.co,, Vijayawada ,14/11/2023,Dormant,True,1
SWGY12708,Ayaan Pillai,ayaan.pillai152@gmail.co,918107863201, Hyderabad ,2024-02-17,Churned,False,N
SWGY12709,Aarav Kapoor,aarav.kapoor988@yahoo.com,+91-88119-12776,ahmedabad,2024-11-19,New,False,Yes
SWGY12710,Myra Malhotra,myra.malhotra802@gmail.com,(259) 765-7125,noida,28/02/2024,Frequent Orderer,False,yes
SWGY12711,Neha Joshi,neha.joshi66@outlook.com,(901) 409-0544, Vijayawada ,2025-04-11,Churned,False,1
SWGY12712,Arjun Reddy,arjun.reddy837@yahoo.com,07666 75244,Kolkata,2024-05-23,Frequent Orderer,False,No
SWGY12713,Vikram Khan,vikram.khan944@outlook.com,1124507783,GURUGRAM,24/01/2025,Swiggy One Member,False,Yes
SWGY12714,Sneha Shetty,sneha.shetty150@gmail.co,+91-66239-35260, Kolkata ,11-05-2024,New,True,
SWGY12715,Reyansh Mehta,reyansh.mehta812@gmail.co,,PUNE,05-09-2024,Frequent Orderer,False,Yes
SWGY12716,Vivaan Nair,vivaan.nair741@gmail.co,(407) 185-3311, Pune ,01/05/2025,Frequent Orderer,False,N
SWGY12717,Ananya Mehta,ananya.mehta796@hotmail.com,3364921529,delhi,20/12/2024,Dormant,False,
SWGY12718,Rahul Gupta,rahul.gupta213@yahoo.com,,kolkata,28/06/2024,New,False,
SWGY12719,Ayaan Gupta,ayaan.gupta107@hotmail.com,,lucknow,10-16-2023,Churned,False,1
SWGY12720,Nikhil Kapoor,nikhil.kapoor386@yahoo.com,(671) 171-2034, Lucknow ,08-21-2024,Dormant,False,yes
SWGY12721,Ishaan Joshi,ishaan.joshi968@yahoo.com,0022422371, Pune ,24/06/2024,Frequent Orderer,False,N
SWGY12722,Kabir Patel,kabir.patel636@gmail.co,912111529270,JAIPUR,05-11-2025,Frequent Orderer,True,Yes
SWGY12723,Aadhya Kapoor,aadhya.kapoor716@gmail.com,,kolkata,07/03/2025,Frequent Orderer,True,Yes
SWGY12724,Vivaan Khan,vivaan.khan397@gmail.co,,DELHI,2025-03-25,Churned,False,
SWGY12725,Rahul Malhotra,rahul.malhotra349@yahoo.com,4888076965, Hyderabad ,08/01/2025,Churned,True,1
SWGY12726,Krishna Patel,krishna.patel103@outlook.com,+91-12453-47491, Vijayawada ,2024-05-26,Churned,False,yes
SWGY12727,Sneha Joshi,sneha.joshi219@outlook.com,919447484856,nellore,28/04/2025,Churned,False,1
SWGY12728,Aditya Rao,aditya.rao636@hotmail.com,26071 33914,DELHI,29/09/2023,Swiggy One Member,True,0
SWGY12729,Neha Menon,neha.menon616@outlook.com,5259137206, Ahmedabad ,07-11-2024,New,False,N
SWGY12730,Vivaan Shetty,vivaan.shetty627@hotmail.com,+91-46862-07539,Ahmedabad,09-14-2024,Swiggy One Member,True,N
SWGY12731,Navya Nair,navya.nair861@yahoo.com,+91-50739-84855,nellore,2025-05-01,Swiggy One Member,True,0
SWGY12732,Anika Reddy,anika.reddy137@gmail.co,,PUNE,09-05-2023,Swiggy One Member,True,No
SWGY12733,Nikhil Menon,nikhil.menon727@outlook.com,917530144633,,06/06/2024,Frequent Orderer,False,1
SWGY12734,Krishna Khan,krishna.khan930@hotmail.com,918848131205,KOCHI,2023-06-04,New,False,N
SWGY12735,Aarav Pillai,aarav.pillai730@gmail.com,41766 97068,JAIPUR,11-03-2023,Swiggy One Member,True,Y
SWGY12736,Saanvi Mehta,saanvi.mehta613@gmail.co,,Gurugram,2024-03-23,New,False,No
SWGY12737,Kabir Das,kabir.das702@yahoo.com,4669370675,pune,11/12/2023,New,False,Yes
SWGY12738,Kabir Gupta,kabir.gupta267@outlook.com,,chennai,09/11/2024,New,True,1
SWGY12739,Aarav Iyer,aarav.iyer536@yahoo.com,910722884993,KOLKATA,01-31-2025,Frequent Orderer,False,0
SWGY12740,Nikhil Chatterjee,nikhil.chatterjee410@outlook.com,, Nellore ,2025-01-13,,True,yes
SWGY12741,Pooja Reddy,pooja.reddy654@yahoo.com,4200502940,KOLKATA,01-26-2024,Swiggy One Member,False,
SWGY12742,Pari Bose,pari.bose103@outlook.com,(054) 248-7840,Nellore,25/08/2023,New,False,
SWGY12743,Ishaan Rao,ishaan.rao475@gmail.co,,BENGALURU,27/04/2025,,False,Yes
SWGY12744,Rohan Gupta,rohan.gupta316@gmail.co,+91-33099-47914,kolkata,12-19-2024,,True,Y
SWGY12745,Rahul Malhotra,rahul.malhotra842@gmail.co,,CHENNAI,10-20-2023,Frequent Orderer,False,
SWGY12746,Ishaan Chatterjee,ishaan.chatterjee97@gmail.co,5952417168,chennai,29/01/2024,,False,Y
SWGY12747,Ananya Mehta,ananya.mehta90@gmail.com,(102) 883-1491,Ahmedabad,2024-02-09,Frequent Orderer,False,No
SWGY12748,Aditya Iyer,aditya.iyer479@outlook.com,911579619423,,2023-08-23,Swiggy One Member,True,No
SWGY12749,Reyansh Rao,reyansh.rao799@gmail.co,(807) 092-7857,PUNE,11/05/2025,Swiggy One Member,True,yes
SWGY12750,Reyansh Khan,reyansh.khan63@yahoo.com,,CHENNAI,11-30-2023,Swiggy One Member,True,
SWGY12751,Arjun Iyer,arjun.iyer449@gmail.com,+91-63344-53975,KOCHI,01-28-2024,Dormant,False,Yes
SWGY12752,Karthik Patel,karthik.patel980@yahoo.com,,nellore,04-25-2024,Frequent Orderer,False,yes
SWGY12753,Ishaan Menon,ishaan.menon467@outlook.com,37926 06082,KOCHI,2024-09-11,Swiggy One Member,True,Yes
SWGY12754,Aarav Nair,aarav.nair494@hotmail.com,46553 09222,Vijayawada,2024-09-26,Swiggy One Member,True,No
SWGY12755,Saanvi Shetty,saanvi.shetty223@yahoo.com,+91-23272-34424, Bengaluru ,2023-12-27,Dormant,False,N
SWGY12756,Navya Malhotra,navya.malhotra557@hotmail.com,4822332284, Lucknow ,2025-03-21,Swiggy One Member,True,
SWGY12757,Aditya Verma,aditya.verma960@gmail.com,3752145544,NELLORE,2025-05-25,New,False,
SWGY12758,Aarav Verma,aarav.verma653@hotmail.com,4422597303,noida,02-26-2024,Churned,False,1
SWGY12759,Rohan Verma,rohan.verma228@yahoo.com,, Nellore ,04/01/2024,Dormant,False,1
SWGY12760,Anika Das,anika.das752@outlook.com,33353 83790,VIJAYAWADA,11-13-2024,Frequent Orderer,False,yes
SWGY12761,Neha Verma,neha.verma852@gmail.co,, Pune ,2024-08-21,Swiggy One Member,True,yes
SWGY12762,Navya Verma,navya.verma673@yahoo.com,,,2025-01-09,Dormant,False,No
SWGY12763,Myra Khan,myra.khan302@gmail.co,911067444998,Ahmedabad,05-04-2024,Frequent Orderer,False,
SWGY12764,Ishaan Chatterjee,ishaan.chatterjee528@gmail.com,(249) 230-0833,Gurugram,03-04-2025,Frequent Orderer,False,
SWGY12765,Neha Reddy,neha.reddy829@yahoo.com,30380 35431, Kochi ,04-23-2024,Dormant,True,N
SWGY12766,Ishaan Iyer,ishaan.iyer30@outlook.com,88198 75997,LUCKNOW,05-29-2025,Swiggy One Member,True,Y
SWGY12767,Rohan Pillai,rohan.pillai147@hotmail.com,(986) 391-0620,,05/10/2024,Swiggy One Member,True,0
SWGY12768,Divya Patel,divya.patel593@gmail.com,(486) 707-6986,lucknow,12/07/2023,Dormant,False,No
SWGY12769,Ishaan Bose,ishaan.bose451@yahoo.com,917301808725,pune,2023-08-23,New,False,N
SWGY12770,Aarav Iyer,aarav.iyer185@gmail.co,,delhi,2025-03-18,Dormant,False,yes
SWGY12771,Aditya Chatterjee,aditya.chatterjee450@outlook.com,+91-72777-19846,kolkata,2024-01-26,Swiggy One Member,True,yes
SWGY12772,Saanvi Khan,saanvi.khan391@hotmail.com,918698716462,AHMEDABAD,08-24-2024,Frequent Orderer,False,No
SWGY12773,Rahul Kapoor,RAHUL.KAPOOR847@HOTMAIL.COM,+91-81100-07783,GURUGRAM,12-15-2023,Frequent Orderer,True,0
SWGY12774,Kabir Kapoor,kabir.kapoor49@yahoo.com,25081 93392, Ahmedabad ,12/02/2024,New,False,yes
SWGY12775,Pooja Das,pooja.das291@outlook.com,+91-27879-24477, Chennai ,06/04/2025,Swiggy One Member,True,Yes
SWGY12776,Aadhya Chatterjee,aadhya.chatterjee129@gmail.com,6137698237,Nellore,07-01-2024,Frequent Orderer,False,Y
SWGY12777,Ananya Shetty,ananya.shetty790@gmail.co,(912) 812-1263,Noida,27/12/2023,Churned,False,0
SWGY12778,Pari Gupta,pari.gupta333@gmail.com,913562844372,BENGALURU,11-25-2023,Churned,False,yes
SWGY12779,Aarav Reddy,aarav.reddy272@yahoo.com,9182812479, Noida ,19/11/2023,Frequent Orderer,False,
SWGY12780,Anika Patel,anika.patel273@gmail.com,+91-37513-76848,bengaluru,12-15-2023,Churned,False,No
SWGY12781,Karthik Shetty,karthik.shetty103@hotmail.com,51920 84965,jaipur,2024-06-24,Frequent Orderer,False,yes
SWGY12782,Vivaan Das,vivaan.das356@hotmail.com,914010752879, Lucknow ,2024-07-17,Swiggy One Member,True,Y
SWGY12783,Pooja Khan,pooja.khan345@hotmail.com,(122) 725-4495,Gurugram,2025-04-05,Dormant,True,Yes
SWGY12784,Myra Pillai,myra.pillai990@gmail.co,+91-96778-39075, Pune ,2024-12-10,New,False,Yes
SWGY12785,Saanvi Mehta,saanvi.mehta624@hotmail.com,(073) 722-9176,Delhi,2024-07-19,Dormant,False,0
SWGY12786,Aditya Menon,aditya.menon736@yahoo.com,+91-95650-58484,ahmedabad,04-14-2025,Dormant,True,Y
SWGY12787,Neha Iyer,neha.iyer137@yahoo.com,913511748636,NELLORE,01-16-2024,Dormant,True,Yes
SWGY12788,Diya Bose,,+91-17593-17261,,06/07/2024,Churned,False,0
SWGY12789,Kabir Gupta,kabir.gupta785@yahoo.com,, Kochi ,02-12-2024,Frequent Orderer,False,
SWGY12790,Navya Malhotra,navya.malhotra639@gmail.co,19888 74473,Noida,23/08/2023,Frequent Orderer,False,
SWGY12791,Anika Khan,anika.khan474@gmail.com,(855) 883-4856,CHENNAI,2024-04-21,Frequent Orderer,False,
SWGY12792,Karthik Das,karthik.das437@outlook.com,917015626699,Chennai,08-24-2023,Churned,True,Yes
SWGY12793,Vikram Das,vikram.das572@outlook.com,31646 06649,DELHI,2024-09-04,Churned,True,
SWGY12794,Ananya Khan,ananya.khan231@yahoo.com,914932548592,JAIPUR,12-03-2024,New,False,Yes
SWGY12795,Divya Chatterjee,divya.chatterjee939@gmail.com,, Kolkata ,19/08/2024,Frequent Orderer,False,0
SWGY12796,Pooja Gupta,pooja.gupta816@outlook.com,99162 77650,gurugram,2024-12-26,New,False,1
SWGY12797,Vivaan Gupta,vivaan.gupta207@outlook.com,5927197661,DELHI,15/10/2023,Dormant,False,Y
SWGY12798,Ira Patel,ira.patel770@gmail.co,(017) 744-6083, Hyderabad ,25/11/2024,New,False,No
SWGY12799,Pari Khan,pari.khan208@gmail.com,+91-33153-49762, Bengaluru ,09/09/2024,Swiggy One Member,True,No
SWGY12800,Rohan Sharma,rohan.sharma389@outlook.com,,NOIDA,14/03/2025,Frequent Orderer,False,0
SWGY12801,Vivaan Nair,vivaan.nair424@yahoo.com,,kochi,2024-11-20,Frequent Orderer,False,1
SWGY12802,Kabir Khan,kabir.khan397@outlook.com,(705) 944-5991,vijayawada,2024-06-09,Frequent Orderer,True,No
SWGY12803,Aarav Iyer,aarav.iyer2@gmail.co,6042121004, Bengaluru ,03-17-2025,Dormant,False,
SWGY12804,Diya Iyer,diya.iyer322@outlook.com,(568) 622-2905,mumbai,2023-07-12,Dormant,False,
SWGY12805,Aditya Sharma,aditya.sharma222@gmail.co,910706487235,PUNE,06-26-2024,Frequent Orderer,False,1
SWGY12806,Aditya Joshi,ADITYA.JOSHI476@GMAIL.CO,(483) 076-2732,,2024-06-08,Swiggy One Member,True,Y
SWGY12807,Myra Menon,myra.menon817@yahoo.com,50634 83732,Hyderabad,2024-12-23,Frequent Orderer,False,yes
SWGY12808,Nikhil Mehta,nikhil.mehta255@hotmail.com,9541852039,Chennai,2024-08-08,Frequent Orderer,False,No
SWGY12809,Karthik Sharma,karthik.sharma598@hotmail.com,9934096008, Chennai ,03-03-2024,New,True,yes
SWGY12810,Sneha Malhotra,sneha.malhotra360@yahoo.com,76857 55644,KOLKATA,17/06/2024,Frequent Orderer,False,
SWGY12811,Ananya Sharma,ananya.sharma418@gmail.co,42221 66095,MUMBAI,02-07-2025,New,False,No
SWGY12812,Ayaan Shetty,ayaan.shetty749@yahoo.com,917779312404,NELLORE,09-03-2024,New,False,0
SWGY12813,Karthik Patel,karthik.patel347@outlook.com,917347763065,kolkata,10-29-2023,Dormant,False,Y
SWGY12814,Myra Mehta,myra.mehta991@hotmail.com,(158) 973-0378,Pune,03/04/2024,Churned,False,yes
SWGY12815,Rohan Iyer,rohan.iyer420@gmail.com,+91-75056-11555,Vijayawada,18/11/2024,Dormant,False,yes
SWGY12816,Neha Shetty,neha.shetty621@gmail.co,1588901718,AHMEDABAD,12-10-2024,New,False,
SWGY12817,Nikhil Sharma,nikhil.sharma658@gmail.com,6242060511, Noida ,21/08/2023,Dormant,False,Yes
SWGY12818,Ananya Rao,ananya.rao807@yahoo.com,1947190232,,2024-05-07,Dormant,False,
SWGY12819,Neha Singh,neha.singh124@yahoo.com,,Delhi,14/05/2024,Churned,False,Y
SWGY12820,Rahul Gupta,rahul.gupta405@yahoo.com,911186701987,JAIPUR,29/07/2023,Swiggy One Member,True,Yes
SWGY12821,Sneha Khan,sneha.khan228@gmail.com,(470) 997-3413,Chennai,29/03/2024,,False,yes
SWGY12822,Karthik Sharma,karthik.sharma570@gmail.co,94368 13145,gurugram,07-26-2024,Frequent Orderer,False,Yes
SWGY12823,Rahul Joshi,rahul.joshi545@outlook.com,5845840222, Noida ,15/10/2023,Dormant,False,Yes
SWGY12824,Arjun Reddy,arjun.reddy344@yahoo.com,3444519067,nellore,07-26-2023,Frequent Orderer,False,Y
SWGY12825,Aditya Sharma,aditya.sharma303@yahoo.com,71084 25754,NOIDA,22/12/2024,New,False,N
SWGY12826,Ananya Patel,ananya.patel319@hotmail.com,98322 53502, Jaipur ,20/02/2024,Swiggy One Member,True,yes
SWGY12827,Rohan Chatterjee,rohan.chatterjee896@gmail.com,,,01-14-2025,New,False,Yes
SWGY12828,Vivaan Menon,,87384 53500,Bengaluru,11/03/2025,New,False,0
SWGY12829,Sai Bose,sai.bose194@gmail.co,,hyderabad,07-17-2024,Frequent Orderer,False,No
SWGY12830,Vikram Singh,vikram.singh329@yahoo.com,919677375942,JAIPUR,2025-03-20,Dormant,False,0
SWGY12831,Ishaan Chatterjee,ishaan.chatterjee525@gmail.com,1541682497,Kolkata,14/07/2024,Frequent Orderer,False,yes
SWGY12832,Sneha Pillai,sneha.pillai33@gmail.co,, Mumbai ,12/08/2023,Churned,False,N
SWGY12833,Diya Reddy,diya.reddy842@hotmail.com,,HYDERABAD,2024-11-07,Frequent Orderer,False,yes
SWGY12834,Pari Chatterjee,pari.chatterjee758@outlook.com,+91-61249-83344,bengaluru,16/05/2024,Swiggy One Member,True,
SWGY12835,Neha Pillai,neha.pillai210@hotmail.com,,NOIDA,06-28-2024,Swiggy One Member,True,Yes
SWGY12836,Anika Singh,anika.singh459@outlook.com,+91-47868-73207,Mumbai,2023-08-22,Dormant,False,0
SWGY12837,Ira Rao,ira.rao404@hotmail.com,(187) 015-3987,Chennai,26/09/2023,Swiggy One Member,True,yes
SWGY12838,Aditya Pillai,aditya.pillai736@hotmail.com,51174 26142, Mumbai ,17/01/2025,Dormant,False,Yes
SWGY12839,Krishna Das,krishna.das863@hotmail.com,37081 03574,Mumbai,11-19-2023,Dormant,False,No
SWGY12840,Vivaan Sharma,vivaan.sharma38@gmail.com,+91-28549-97263,chennai,2025-03-23,Dormant,False,No
SWGY12841,Aarav Bose,aarav.bose793@yahoo.com,57903 54064,KOLKATA,2024-08-21,Frequent Orderer,True,1
SWGY12842,Riya Malhotra,riya.malhotra679@gmail.com,916484121234, Chennai ,2024-11-27,Frequent Orderer,False,1
SWGY12843,Ira Patel,ira.patel232@outlook.com,,kochi,24/10/2024,New,False,No
SWGY12844,Nikhil Mehta,nikhil.mehta310@hotmail.com,910096461469,delhi,02-25-2025,Frequent Orderer,False,N
SWGY12845,Neha Malhotra,neha.malhotra826@gmail.co,918677895324, Noida ,07/03/2025,Frequent Orderer,False,N
SWGY12846,Ira Patel,ira.patel896@hotmail.com,,bengaluru,2024-01-19,Swiggy One Member,True,N
SWGY12847,Pooja Chatterjee,pooja.chatterjee463@gmail.com,,NELLORE,2023-12-22,Frequent Orderer,False,yes
SWGY12848,Vikram Mehta,vikram.mehta707@gmail.co,36381 39222,Pune,05/04/2024,,False,Y
SWGY12849,Ishaan Verma,ishaan.verma585@hotmail.com,04879 37012,HYDERABAD,16/10/2024,Swiggy One Member,True,
SWGY12850,Vikram Pillai,VIKRAM.PILLAI356@HOTMAIL.COM,29299 29201,KOCHI,09/01/2024,Dormant,False,Yes
SWGY12851,Priya Menon,priya.menon911@outlook.com,74911 39282,,09-28-2024,Dormant,False,0
SWGY12852,Priya Menon,priya.menon444@hotmail.com,, Vijayawada ,02-01-2024,Swiggy One Member,True,N
SWGY12853,Karthik Chatterjee,karthik.chatterjee424@gmail.com,5615818110,mumbai,04-02-2024,Dormant,True,Y
SWGY12854,Neha Pillai,neha.pillai762@hotmail.com,915893201089,Delhi,2023-11-16,Churned,True,
SWGY12855,Reyansh Singh,reyansh.singh689@gmail.co,917830194410,DELHI,24/10/2023,Swiggy One Member,True,yes
SWGY12856,Ayaan Iyer,ayaan.iyer308@gmail.com,85847 70239,PUNE,2024-02-10,Frequent Orderer,False,Yes
SWGY12857,Ira Gupta,ira.gupta300@yahoo.com,(792) 341-0242,Pune,23/08/2024,Churned,False,0
SWGY12858,Kabir Reddy,kabir.reddy289@gmail.com,7768961768,BENGALURU,06-20-2024,Dormant,False,0
SWGY12859,Arjun Sharma,arjun.sharma560@gmail.com,14100 82592,Chennai,22/11/2023,Dormant,False,1
SWGY12860,Ishaan Reddy,ishaan.reddy333@gmail.com,(288) 004-9605, Gurugram ,07-28-2024,Swiggy One Member,True,Yes
SWGY12861,Diya Verma,diya.verma343@gmail.com,910420473087, Nellore ,03/04/2024,,True,Y
SWGY12862,Saanvi Singh,saanvi.singh119@yahoo.com,+91-35802-10377,Delhi,2023-11-17,Dormant,False,N
SWGY12863,Vikram Patel,vikram.patel25@gmail.co,4157088328,,07/12/2024,New,False,No
SWGY12864,Saanvi Reddy,saanvi.reddy312@hotmail.com,,CHENNAI,2024-01-17,Frequent Orderer,False,N
SWGY12865,Vivaan Rao,vivaan.rao863@outlook.com,18158 53506,NOIDA,17/06/2023,New,False,Yes
SWGY12866,Priya Shetty,priya.shetty873@outlook.com,,kochi,01/02/2025,Frequent Orderer,True,0
SWGY12867,Rahul Bose,RAHUL.BOSE654@HOTMAIL.COM,38479 27951,PUNE,04-04-2025,New,False,yes
SWGY12868,Saanvi Khan,saanvi.khan102@outlook.com,+91-20140-79834,Mumbai,11/12/2024,New,False,
SWGY12869,Neha Gupta,neha.gupta103@gmail.com,+91-31734-99632,kochi,04/05/2025,Swiggy One Member,True,N
SWGY12870,Rohan Singh,rohan.singh105@gmail.co,28612 24000,noida,02-21-2025,Dormant,False,N
SWGY12871,Pari Khan,pari.khan47@yahoo.com,74089 75784,NOIDA,04/12/2024,New,True,No
SWGY12872,Rohan Bose,rohan.bose319@yahoo.com,(492) 884-1634, Lucknow ,20/04/2025,New,False,Y
SWGY12873,Pari Shetty,PARI.SHETTY633@YAHOO.COM,,KOLKATA,16/02/2025,Dormant,False,yes
SWGY12874,Navya Reddy,navya.reddy147@gmail.co,914433731402,Pune,2025-01-01,Swiggy One Member,True,Yes
SWGY12875,Vivaan Bose,VIVAAN.BOSE119@OUTLOOK.COM,(559) 786-2163,,05-04-2025,Dormant,False,yes
SWGY12876,Sai Verma,sai.verma926@gmail.co,+91-50823-82888, Pune ,2024-01-05,Frequent Orderer,False,N
SWGY12877,Myra Gupta,myra.gupta792@gmail.com,912714635542,vijayawada,30/04/2024,Swiggy One Member,True,0
SWGY12878,Kabir Bose,kabir.bose538@yahoo.com,+91-27049-43274,GURUGRAM,29/11/2023,New,False,1
SWGY12879,Ananya Bose,ananya.bose170@yahoo.com,(310) 818-5480,Pune,21/02/2025,New,False,N
SWGY12880,Sneha Malhotra,sneha.malhotra857@outlook.com,09944 71813,nellore,2025-05-28,New,False,0
SWGY12881,Arjun Gupta,arjun.gupta267@gmail.co,,Jaipur,18/03/2024,Churned,True,No
SWGY12882,Pooja Das,pooja.das58@gmail.co,,gurugram,09-08-2024,Swiggy One Member,True,No
SWGY12883,Rohan Rao,,7456599250, Mumbai ,2025-01-28,New,False,N
SWGY12884,Pari Singh,,911463070095,KOLKATA,2024-03-22,Dormant,False,yes
SWGY12885,Reyansh Bose,reyansh.bose414@outlook.com,74744 93667,lucknow,2024-07-06,New,False,No
SWGY12886,Saanvi Sharma,saanvi.sharma607@gmail.co,910939349647,NELLORE,09/02/2024,Frequent Orderer,False,N
SWGY12887,Ira Khan,ira.khan154@gmail.co,+91-67188-92670,NOIDA,03/07/2024,New,True,No
SWGY12888,Riya Gupta,riya.gupta719@gmail.co,+91-75941-44772,kolkata,01/07/2024,Frequent Orderer,False,N
SWGY12889,Nikhil Singh,nikhil.singh613@gmail.com,27624 39606,Gurugram,2024-07-01,Swiggy One Member,True,
SWGY12890,Riya Malhotra,riya.malhotra569@hotmail.com,+91-78735-63921, Delhi ,12-30-2023,Dormant,False,No
SWGY12891,Priya Chatterjee,priya.chatterjee539@gmail.co,915105973446,delhi,2024-06-27,Swiggy One Member,True,Yes
SWGY12892,Ira Menon,ira.menon682@hotmail.com,913616629087,GURUGRAM,02-21-2025,Swiggy One Member,True,0
SWGY12893,Navya Chatterjee,navya.chatterjee464@gmail.co,6635273600,hyderabad,24/03/2025,Dormant,False,Yes
SWGY12894,Ayaan Sharma,,+91-11752-82079, Ahmedabad ,24/12/2024,Frequent Orderer,False,0
SWGY12895,Ishaan Malhotra,ishaan.malhotra42@yahoo.com,0280222446,Delhi,06-17-2024,Frequent Orderer,True,0
SWGY12896,Ananya Gupta,,70438 83392,gurugram,2025-05-16,Dormant,False,No
SWGY12897,Reyansh Chatterjee,reyansh.chatterjee572@outlook.com,+91-42735-98407,lucknow,03/02/2025,New,False,
SWGY12898,Arjun Verma,arjun.verma705@outlook.com,, Kochi ,25/02/2025,New,False,Yes
SWGY12899,Pari Singh,,, Lucknow ,26/09/2023,Dormant,True,Y
SWGY12900,Kabir Malhotra,kabir.malhotra617@outlook.com,,Delhi,10-18-2023,Frequent Orderer,False,yes
SWGY12901,Ishaan Gupta,ishaan.gupta268@outlook.com,(517) 656-9836,lucknow,2023-12-11,Swiggy One Member,True,Y
SWGY12902,Aadhya Iyer,aadhya.iyer157@gmail.com,913143061432,nellore,02-20-2025,Dormant,False,yes
SWGY12903,Myra Verma,myra.verma425@hotmail.com,(818) 923-7104,Vijayawada,05/04/2025,Swiggy One Member,True,No
SWGY12904,Sneha Reddy,sneha.reddy56@gmail.co,, Hyderabad ,06/04/2025,Frequent Orderer,False,Yes
SWGY12905,Ananya Patel,ananya.patel520@hotmail.com,42970 39773,Ahmedabad,2024-12-06,Dormant,False,yes
SWGY12906,Nikhil Gupta,nikhil.gupta923@gmail.co,+91-94410-42320, Chennai ,14/04/2025,Churned,False,0
SWGY12907,Reyansh Patel,,21147 46757,HYDERABAD,02-21-2024,Swiggy One Member,True,1
SWGY12908,Aditya Rao,aditya.rao886@gmail.com,+91-32197-92476, Mumbai ,07/05/2024,Dormant,True,Yes
SWGY12909,Sai Khan,sai.khan932@gmail.co,4172734069,ahmedabad,30/05/2025,New,True,No
SWGY12910,Sai Nair,sai.nair685@gmail.com,915089229830,KOLKATA,2023-12-16,Dormant,True,No
SWGY12911,Rahul Singh,rahul.singh43@yahoo.com,86072 94306, Hyderabad ,2024-09-18,New,False,yes
SWGY12912,Ananya Reddy,ananya.reddy701@yahoo.com,,DELHI,08/01/2025,Frequent Orderer,True,0
SWGY12913,Kabir Menon,kabir.menon402@gmail.com,(069) 552-1109,NELLORE,2024-08-25,Dormant,False,0
SWGY12914,Pooja Reddy,pooja.reddy346@hotmail.com,,Pune,26/06/2024,Dormant,False,Y
SWGY12915,Pooja Patel,pooja.patel260@gmail.co,915545085548,nellore,03-06-2025,Swiggy One Member,True,Yes
SWGY12916,Saanvi Pillai,saanvi.pillai541@hotmail.com,99498 44060, Bengaluru ,04-09-2024,Frequent Orderer,False,Yes
SWGY12917,Riya Das,riya.das580@hotmail.com,+91-02077-73088,vijayawada,2024-04-10,New,False,Yes
SWGY12918,Reyansh Pillai,reyansh.pillai460@gmail.com,, Hyderabad ,12-29-2023,New,False,No
SWGY12919,Neha Singh,neha.singh533@hotmail.com,+91-40416-27422,DELHI,06-17-2024,Frequent Orderer,False,No
SWGY12920,Aditya Khan,aditya.khan359@gmail.com,+91-46101-68107,CHENNAI,29/03/2025,Frequent Orderer,False,
SWGY12921,Sneha Pillai,sneha.pillai343@gmail.com,,NOIDA,10-14-2024,Frequent Orderer,False,yes
SWGY12922,Aarav Menon,aarav.menon978@gmail.co,34361 45501,Chennai,21/06/2023,New,True,N
SWGY12923,Aditya Nair,aditya.nair469@gmail.co,914698363320,nellore,08-19-2024,Swiggy One Member,True,No
SWGY12924,Aadhya Malhotra,,,NOIDA,29/05/2024,New,False,N
SWGY12925,Nikhil Shetty,nikhil.shetty92@outlook.com,(642) 508-8232,DELHI,02-28-2024,Dormant,False,0
SWGY12926,Vikram Pillai,,23724 92921,,2025-03-03,Dormant,False,yes
SWGY12927,Aarav Chatterjee,aarav.chatterjee21@outlook.com,, Mumbai ,2024-11-11,Frequent Orderer,False,0
SWGY12928,Priya Pillai,priya.pillai692@gmail.com,(580) 256-2197, Mumbai ,22/12/2023,Frequent Orderer,False,Yes
SWGY12929,Krishna Menon,krishna.menon694@gmail.co,,Bengaluru,31/03/2024,New,True,Y
SWGY12930,Krishna Joshi,krishna.joshi940@outlook.com,3139783747, Lucknow ,07-07-2024,Dormant,True,N
SWGY12931,Pari Kapoor,pari.kapoor181@outlook.com,84128 76128, Jaipur ,2024-10-06,Churned,False,Y
SWGY12932,Ayaan Pillai,ayaan.pillai294@hotmail.com,,Vijayawada,18/12/2024,Frequent Orderer,False,Yes
SWGY12933,Navya Mehta,navya.mehta516@outlook.com,, Gurugram ,10/12/2023,New,False,No
SWGY12934,Divya Nair,divya.nair27@gmail.co,,BENGALURU,05-10-2024,Frequent Orderer,False,N
SWGY12935,Kabir Chatterjee,kabir.chatterjee690@hotmail.com,(789) 562-3543,Delhi,2024-10-16,Churned,False,Yes
SWGY12936,Krishna Das,krishna.das860@hotmail.com,, Nellore ,12-31-2024,Dormant,False,0
SWGY12937,Rahul Mehta,rahul.mehta324@hotmail.com,43981 58832,bengaluru,17/06/2024,Swiggy One Member,True,Yes
SWGY12938,Reyansh Reddy,reyansh.reddy995@gmail.com,, Mumbai ,07-26-2024,Swiggy One Member,True,No
SWGY12939,Vikram Kapoor,vikram.kapoor265@hotmail.com,,nellore,22/09/2023,Churned,False,N
SWGY12940,Krishna Joshi,,,Jaipur,15/03/2024,Frequent Orderer,False,Yes
SWGY12941,Ira Chatterjee,IRA.CHATTERJEE439@GMAIL.CO,+91-17829-61473, Chennai ,18/04/2025,New,False,Yes
SWGY12942,Arjun Joshi,arjun.joshi925@gmail.co,, Vijayawada ,22/10/2024,Dormant,False,1
SWGY12943,Rohan Chatterjee,rohan.chatterjee549@outlook.com,(868) 443-8068,Pune,21/12/2024,Swiggy One Member,True,1
SWGY12944,Myra Pillai,myra.pillai814@gmail.co,(156) 799-7281, Pune ,2024-05-21,Churned,False,N
SWGY12945,Rohan Sharma,rohan.sharma988@gmail.co,911694973976, Delhi ,03-04-2025,Frequent Orderer,False,0
SWGY12946,Diya Pillai,diya.pillai810@gmail.com,7534096199,lucknow,2024-07-23,Frequent Orderer,False,No
SWGY12947,Neha Kapoor,neha.kapoor287@gmail.com,912109162696, Pune ,03/08/2024,Churned,False,Y
SWGY12948,Rahul Joshi,rahul.joshi245@yahoo.com,(263) 731-9682,KOCHI,29/10/2024,Swiggy One Member,True,No
SWGY12949,Rahul Iyer,rahul.iyer460@yahoo.com,911569147012,LUCKNOW,07-18-2023,New,False,yes
SWGY12950,Sneha Das,sneha.das500@gmail.com,(066) 528-5300,chennai,20/08/2023,Dormant,False,
SWGY12951,Karthik Malhotra,karthik.malhotra634@yahoo.com,(200) 659-7741,lucknow,2024-07-14,Swiggy One Member,True,Yes
SWGY12952,Aditya Malhotra,aditya.malhotra735@gmail.co,8721704668,Ahmedabad,06-03-2023,New,False,No
SWGY12953,Neha Kapoor,neha.kapoor112@yahoo.com,+91-46583-65998,Vijayawada,02/07/2024,New,True,0
SWGY12954,Diya Bose,diya.bose720@yahoo.com,,,2025-05-01,New,False,0
SWGY12955,Vikram Singh,vikram.singh543@hotmail.com,914608247407,vijayawada,2025-01-08,Frequent Orderer,False,yes
SWGY12956,Krishna Menon,krishna.menon378@gmail.co,61962 13239,kochi,2023-09-24,,True,No
SWGY12957,Divya Pillai,divya.pillai105@gmail.co,,Gurugram,06-28-2024,New,False,N
SWGY12958,Pooja Malhotra,pooja.malhotra350@hotmail.com,+91-72919-30420,nellore,01-06-2024,Churned,False,Yes
SWGY12959,Rahul Das,rahul.das899@gmail.co,,Delhi,10-02-2024,Frequent Orderer,True,N
SWGY12960,Pooja Malhotra,pooja.malhotra825@hotmail.com,, Chennai ,06/10/2023,New,False,No
SWGY12961,Pooja Das,,,Vijayawada,06/03/2025,New,False,N
SWGY12962,Reyansh Gupta,reyansh.gupta754@gmail.com,911820808617,Kochi,09-26-2023,Dormant,False,
SWGY12963,Divya Reddy,,(420) 570-3659,HYDERABAD,14/05/2024,Frequent Orderer,False,
SWGY12964,Aarav Kapoor,aarav.kapoor590@yahoo.com,,JAIPUR,09/12/2023,Dormant,False,Yes
SWGY12965,Reyansh Mehta,reyansh.mehta487@yahoo.com,+91-02241-02621,JAIPUR,2023-08-13,Frequent Orderer,True,N
SWGY12966,Vikram Nair,vikram.nair858@hotmail.com,+91-41531-18923, Bengaluru ,2025-01-13,New,False,No
SWGY12967,Sai Pillai,sai.pillai837@yahoo.com,917130423876,Gurugram,10-25-2023,Swiggy One Member,True,Yes
SWGY12968,Aarav Kapoor,aarav.kapoor736@gmail.co,+91-09785-25399,NOIDA,04-21-2025,Dormant,False,1
SWGY12969,Pooja Menon,pooja.menon268@outlook.com,(519) 544-2334,Mumbai,2024-01-18,New,False,1
SWGY12970,Karthik Bose,karthik.bose10@hotmail.com,21710 87485,Ahmedabad,31/10/2024,Churned,False,0
SWGY12971,Krishna Chatterjee,,,jaipur,2023-06-12,,True,Y
SWGY12972,Ayaan Kapoor,ayaan.kapoor943@gmail.com,21989 74469,,21/08/2023,Dormant,True,No
SWGY12973,Neha Das,neha.das630@gmail.com,,Ahmedabad,22/04/2025,New,False,0
SWGY12974,Aditya Shetty,aditya.shetty994@outlook.com,,bengaluru,26/09/2023,Frequent Orderer,False,N
SWGY12975,Karthik Pillai,karthik.pillai578@hotmail.com,, Bengaluru ,11-23-2024,Frequent Orderer,False,1
SWGY12976,Divya Rao,divya.rao360@outlook.com,(978) 837-7720,HYDERABAD,10-15-2023,Frequent Orderer,False,
SWGY12977,Pooja Reddy,pooja.reddy477@gmail.com,919656455392,nellore,2024-11-07,Swiggy One Member,True,N
SWGY12978,Ayaan Kapoor,AYAAN.KAPOOR953@OUTLOOK.COM,68994 25328, Kolkata ,02-02-2025,Frequent Orderer,False,N
SWGY12979,Aarav Bose,aarav.bose180@gmail.com,9830200565,BENGALURU,08-15-2023,New,False,N
SWGY12980,Navya Mehta,navya.mehta440@gmail.com,,Ahmedabad,10-05-2023,Frequent Orderer,True,yes
SWGY12981,Vivaan Menon,vivaan.menon827@gmail.com,918497416322,ahmedabad,18/10/2024,Churned,True,0
SWGY12982,Pooja Singh,pooja.singh6@yahoo.com,912179211828,Noida,2024-01-22,Frequent Orderer,False,Yes
SWGY12983,Vikram Khan,vikram.khan922@hotmail.com,917960562330,mumbai,21/06/2023,New,False,
SWGY12984,Saanvi Malhotra,saanvi.malhotra395@outlook.com,+91-29546-37333,Nellore,2024-05-10,Dormant,False,Yes
SWGY12985,Ayaan Joshi,ayaan.joshi156@yahoo.com,+91-25301-28194,Mumbai,2024-06-25,Swiggy One Member,True,No
SWGY12986,Arjun Pillai,arjun.pillai549@gmail.co,4146566370,Pune,10-16-2023,New,False,yes
SWGY12987,Rahul Singh,,,,06/04/2025,Frequent Orderer,False,0
SWGY12988,Saanvi Verma,saanvi.verma592@gmail.com,+91-12619-35815,,2025-02-15,Frequent Orderer,False,1
SWGY12989,Ira Menon,ira.menon412@outlook.com,, Bengaluru ,30/07/2023,Frequent Orderer,False,1
SWGY12990,Diya Mehta,diya.mehta84@outlook.com,919040150762,,2023-08-08,New,False,Yes
SWGY12991,Ishaan Iyer,ishaan.iyer308@yahoo.com,2082419857, Jaipur ,2023-09-20,Frequent Orderer,False,yes
SWGY12992,Ishaan Singh,ishaan.singh323@gmail.co,913618774978,gurugram,2023-10-31,New,False,1
SWGY12993,Divya Nair,divya.nair651@hotmail.com,, Pune ,2024-11-28,Frequent Orderer,False,yes
SWGY12994,Sai Sharma,sai.sharma437@outlook.com,4425096933,nellore,11-06-2024,Frequent Orderer,False,
SWGY12995,Riya Verma,riya.verma2@gmail.co,5845450529,mumbai,2024-04-30,Churned,False,
SWGY12996,Vivaan Rao,vivaan.rao363@gmail.co,5051834402,gurugram,25/07/2024,Dormant,False,yes
SWGY12997,Rohan Kapoor,ROHAN.KAPOOR604@OUTLOOK.COM,,Ahmedabad,2023-07-25,New,False,yes
SWGY12998,Diya Menon,diya.menon798@outlook.com,6534930966,KOCHI,05/01/2025,Frequent Orderer,False,No
SWGY12999,Aadhya Chatterjee,aadhya.chatterjee195@hotmail.com,,NOIDA,2023-07-26,Frequent Orderer,False,Y
SWGY13000,Sneha Gupta,sneha.gupta988@gmail.com,917738007789,Jaipur,07-18-2023,Swiggy One Member,True,0
SWGY13001,Navya Joshi,navya.joshi395@gmail.co,84331 65098,LUCKNOW,06-12-2023,Swiggy One Member,True,No
SWGY13002,Sneha Nair,sneha.nair866@outlook.com,(439) 346-9898, Gurugram ,10-22-2023,Dormant,False,N
SWGY13003,Anika Menon,ANIKA.MENON377@HOTMAIL.COM,53584 96200,HYDERABAD,2025-01-27,Frequent Orderer,False,Yes
SWGY13004,Reyansh Sharma,reyansh.sharma883@gmail.co,(173) 855-5550,,02-12-2025,New,False,No
SWGY13005,Vikram Joshi,vikram.joshi164@gmail.co,+91-24436-77041,Noida,04-23-2025,Churned,False,Yes
SWGY13006,Vivaan Nair,vivaan.nair330@hotmail.com,,AHMEDABAD,2024-07-07,Dormant,False,
SWGY13007,Pari Pillai,pari.pillai367@gmail.co,+91-33734-34889,Lucknow,2023-08-11,New,False,Yes
SWGY13008,Divya Sharma,divya.sharma136@gmail.co,(066) 259-5787,delhi,2024-02-12,New,False,No
SWGY13009,Arjun Malhotra,arjun.malhotra180@gmail.co,21940 47891, Chennai ,26/10/2024,Frequent Orderer,True,No
SWGY13010,Aadhya Gupta,aadhya.gupta603@hotmail.com,(991) 263-8279,Ahmedabad,01/08/2024,Swiggy One Member,True,1
SWGY13011,Rohan Das,rohan.das914@gmail.com,(870) 382-4298,BENGALURU,25/01/2025,Frequent Orderer,False,Yes
SWGY13012,Krishna Shetty,krishna.shetty932@outlook.com,916346474965,Gurugram,2025-03-04,,True,No
SWGY13013,Aditya Sharma,aditya.sharma885@hotmail.com,9588123688, Mumbai ,2024-06-16,New,False,Y
SWGY13014,Sai Iyer,sai.iyer728@yahoo.com,914945703176,Hyderabad,2024-06-15,New,False,No
SWGY13015,Rahul Patel,rahul.patel59@hotmail.com,(142) 375-7454,Noida,10/11/2023,Frequent Orderer,True,N
SWGY13016,Rahul Patel,rahul.patel520@gmail.co,,Bengaluru,08/08/2023,,False,Y
SWGY13017,Neha Bose,neha.bose913@gmail.com,+91-14722-29453, Kolkata ,02-12-2024,New,False,1
SWGY13018,Aditya Chatterjee,aditya.chatterjee801@outlook.com,+91-00853-80942, Chennai ,03-24-2024,Dormant,True,0
SWGY13019,Karthik Reddy,karthik.reddy631@gmail.co,+91-96591-31187, Jaipur ,02-18-2025,Swiggy One Member,True,No
SWGY13020,Ananya Joshi,ananya.joshi124@gmail.co,1656709866,lucknow,2024-02-23,Swiggy One Member,True,0
SWGY13021,Navya Nair,navya.nair150@hotmail.com,919401541506,bengaluru,2023-12-24,Churned,False,No
SWGY13022,Navya Bose,navya.bose502@hotmail.com,4808514966,ahmedabad,02/09/2023,New,False,No
SWGY13023,Karthik Chatterjee,karthik.chatterjee801@yahoo.com,4268396995,Vijayawada,2024-04-20,Frequent Orderer,False,1
SWGY13024,Myra Sharma,myra.sharma641@yahoo.com,40238 78930,Bengaluru,17/09/2023,Frequent Orderer,False,
SWGY13025,Saanvi Verma,saanvi.verma898@yahoo.com,6292259537,CHENNAI,2023-06-03,Swiggy One Member,True,Yes
SWGY13026,Priya Pillai,priya.pillai822@yahoo.com,0667549059,NELLORE,2024-06-03,,False,N
SWGY13027,Myra Khan,myra.khan846@gmail.com,8306829481,Ahmedabad,03/02/2024,Frequent Orderer,False,0
SWGY13028,Pari Iyer,pari.iyer932@hotmail.com,+91-63798-00472,VIJAYAWADA,04-01-2024,New,False,Y
SWGY13029,Kabir Pillai,kabir.pillai575@gmail.co,15242 44310,,2024-12-28,Churned,True,No
SWGY13030,Aarav Patel,,+91-54270-98318,Kolkata,2024-09-26,Swiggy One Member,True,yes
SWGY13031,Kabir Sharma,kabir.sharma658@yahoo.com,, Lucknow ,09-10-2024,New,False,1
SWGY13032,Navya Reddy,navya.reddy307@gmail.co,,Vijayawada,18/10/2024,Frequent Orderer,False,0
SWGY13033,Ayaan Joshi,ayaan.joshi300@yahoo.com,+91-88406-61245,Mumbai,2025-05-14,Churned,False,0
SWGY13034,Sneha Verma,sneha.verma118@hotmail.com,,KOCHI,11/09/2023,New,False,Y
SWGY13035,Aditya Chatterjee,aditya.chatterjee389@yahoo.com,(410) 924-4329,nellore,2024-03-04,Frequent Orderer,False,1
SWGY13036,Neha Mehta,neha.mehta828@gmail.co,, Noida ,2024-11-25,Dormant,False,0
SWGY13037,Divya Verma,divya.verma954@outlook.com,,Chennai,29/02/2024,,True,Y
SWGY13038,Aditya Reddy,aditya.reddy237@gmail.co,914929070383,chennai,2023-06-26,Frequent Orderer,False,
SWGY13039,Ishaan Singh,ishaan.singh922@outlook.com,+91-92225-71640,jaipur,02-27-2024,New,False,1
SWGY13040,Vikram Nair,vikram.nair918@outlook.com,,Chennai,29/09/2023,Frequent Orderer,False,N
SWGY13041,Sai Das,sai.das635@outlook.com,5675646676, Lucknow ,18/10/2024,Frequent Orderer,False,No
SWGY13042,Sai Menon,sai.menon804@outlook.com,,JAIPUR,11-04-2024,New,False,yes
SWGY13043,Priya Menon,priya.menon17@outlook.com,35900 58198, Jaipur ,11/03/2025,New,False,No
SWGY13044,Rahul Menon,rahul.menon929@yahoo.com,53979 00578,kolkata,2025-01-16,New,False,Yes
SWGY13045,Navya Verma,navya.verma674@yahoo.com,45136 40294,GURUGRAM,06-01-2024,New,False,Yes
SWGY13046,Sneha Bose,,(155) 959-9592,Pune,01-20-2025,Frequent Orderer,False,
SWGY13047,Ishaan Mehta,ishaan.mehta48@gmail.com,17032 80325,KOLKATA,12/05/2024,Frequent Orderer,False,No
SWGY13048,Nikhil Menon,nikhil.menon843@gmail.com,5148111468,CHENNAI,13/05/2025,,False,No
SWGY13049,Ishaan Kapoor,ishaan.kapoor853@outlook.com,,Hyderabad,2024-10-02,New,False,No
SWGY13050,Kabir Gupta,kabir.gupta389@gmail.co,,Jaipur,07/12/2023,Frequent Orderer,False,Yes
SWGY13051,Aditya Menon,aditya.menon736@hotmail.com,+91-84475-39360, Kolkata ,24/09/2023,Swiggy One Member,False,No
SWGY13052,Divya Patel,divya.patel251@gmail.co,4175180075,noida,05-02-2025,New,False,Y
SWGY13053,Ananya Khan,ananya.khan994@gmail.co,+91-35879-05073,Chennai,04/11/2024,Dormant,False,Y
SWGY13054,Riya Rao,riya.rao815@yahoo.com,67313 96286,AHMEDABAD,04-19-2025,,True,
SWGY13055,Ananya Menon,ananya.menon202@outlook.com,913939427282,Gurugram,24/06/2023,New,True,0
SWGY13056,Diya Shetty,diya.shetty476@outlook.com,917064813357,KOCHI,06-26-2024,New,True,Y
SWGY13057,Ayaan Menon,ayaan.menon560@hotmail.com,93939 60626,LUCKNOW,2023-10-12,Frequent Orderer,False,No
SWGY13058,Ira Iyer,ira.iyer674@gmail.co,(456) 031-8686,VIJAYAWADA,29/03/2024,Frequent Orderer,False,yes
SWGY13059,Divya Malhotra,divya.malhotra995@outlook.com,,mumbai,2025-03-08,New,False,N
SWGY13060,Saanvi Menon,saanvi.menon556@hotmail.com,, Chennai ,2025-04-26,Frequent Orderer,False,
SWGY13061,Rohan Iyer,rohan.iyer265@outlook.com,27180 45591,pune,2024-11-06,Dormant,False,Y
SWGY13062,Ishaan Kapoor,ishaan.kapoor455@outlook.com,+91-36518-37047,LUCKNOW,2024-04-09,Dormant,False,
SWGY13063,Rahul Reddy,rahul.reddy190@gmail.com,,ahmedabad,2025-05-05,New,True,0
SWGY13064,Rohan Nair,rohan.nair519@hotmail.com,35919 98855,JAIPUR,02-26-2024,Frequent Orderer,False,Y
SWGY13065,Ira Joshi,ira.joshi291@outlook.com,55422 05487,Gurugram,2023-07-05,New,False,0
SWGY13066,Myra Singh,myra.singh30@gmail.co,2300171955, Hyderabad ,2025-03-29,Frequent Orderer,False,Y
SWGY13067,Ira Das,,,Ahmedabad,2023-10-01,Frequent Orderer,False,0
SWGY13068,Saanvi Singh,saanvi.singh642@hotmail.com,, Noida ,10/11/2024,Frequent Orderer,False,1
SWGY13069,Reyansh Nair,reyansh.nair127@gmail.co,914600341058,NELLORE,11-08-2024,Swiggy One Member,True,
SWGY13070,Aarav Singh,aarav.singh768@hotmail.com,, Pune ,08-30-2023,Frequent Orderer,False,No
SWGY13071,Rohan Nair,rohan.nair100@outlook.com,+91-55240-27820,ahmedabad,04-24-2024,Frequent Orderer,False,No
SWGY13072,Ishaan Singh,ishaan.singh609@outlook.com,(169) 515-2234,,07-01-2023,Dormant,False,0
SWGY13073,Aarav Kapoor,aarav.kapoor976@gmail.co,, Kochi ,16/08/2023,Churned,False,Yes
SWGY13074,Diya Reddy,,,MUMBAI,2024-12-05,Frequent Orderer,False,
SWGY13075,Kabir Iyer,kabir.iyer161@yahoo.com,,NOIDA,24/03/2024,Frequent Orderer,False,1
SWGY13076,Navya Singh,navya.singh987@hotmail.com,918856069456,pune,13/03/2025,New,False,Yes
SWGY13077,Ira Patel,ira.patel682@hotmail.com,91239 44949,Lucknow,22/08/2023,Swiggy One Member,True,yes
SWGY13078,Ananya Joshi,ananya.joshi753@yahoo.com,913077146502, Noida ,2024-10-27,Frequent Orderer,False,No
SWGY13079,Aditya Malhotra,aditya.malhotra523@gmail.com,+91-89813-78011,hyderabad,29/08/2024,Frequent Orderer,False,Yes
SWGY13080,Anika Rao,anika.rao236@yahoo.com,(721) 195-1109,chennai,05-15-2025,Dormant,False,Y
SWGY13081,Saanvi Das,saanvi.das417@outlook.com,, Lucknow ,11-19-2024,Swiggy One Member,True,0
SWGY13082,Krishna Reddy,krishna.reddy520@outlook.com,916931493548,Chennai,02-01-2024,Frequent Orderer,False,Yes
SWGY13083,Priya Kapoor,priya.kapoor872@gmail.com,90377 73110,hyderabad,10-25-2023,Frequent Orderer,False,N
SWGY13084,Neha Joshi,neha.joshi962@hotmail.com,5149400746,AHMEDABAD,2024-04-22,Dormant,False,
SWGY13085,Rahul Shetty,rahul.shetty538@hotmail.com,+91-07605-95587,noida,2024-11-16,Swiggy One Member,True,1
SWGY13086,Sai Joshi,sai.joshi733@yahoo.com,, Lucknow ,2024-09-22,Frequent Orderer,False,
SWGY13087,Vikram Iyer,vikram.iyer119@gmail.co,62966 82734,Hyderabad,12-15-2024,New,False,yes
SWGY13088,Reyansh Chatterjee,,+91-89589-93219,NELLORE,2024-04-28,Dormant,False,Yes
SWGY13089,Divya Rao,divya.rao307@hotmail.com,(645) 044-6240,chennai,2023-10-08,New,False,0
SWGY13090,Divya Patel,divya.patel787@outlook.com,7000337904,mumbai,2024-08-08,Dormant,False,No
SWGY13091,Arjun Verma,arjun.verma513@gmail.com,+91-85690-28917,Kolkata,20/04/2025,Frequent Orderer,False,Y
SWGY13092,Ayaan Iyer,ayaan.iyer964@gmail.co,(226) 966-7349, Bengaluru ,2024-10-01,Frequent Orderer,True,No
SWGY13093,Priya Khan,priya.khan778@outlook.com,4651679212,Jaipur,07-07-2023,New,False,1
SWGY13094,Arjun Chatterjee,arjun.chatterjee600@gmail.co,+91-72016-48547,MUMBAI,2024-10-07,New,False,Y
SWGY13095,Sneha Khan,sneha.khan568@gmail.com,04362 56915,NELLORE,2023-09-02,Dormant,False,1
SWGY13096,Navya Gupta,navya.gupta4@outlook.com,+91-61010-61958, Lucknow ,2024-12-03,Frequent Orderer,False,N
SWGY13097,Karthik Iyer,karthik.iyer439@gmail.co,+91-45018-18785,VIJAYAWADA,13/05/2025,Swiggy One Member,True,yes
SWGY13098,Rahul Patel,rahul.patel777@gmail.co,+91-89124-15212,KOLKATA,2025-03-23,New,False,
SWGY13099,Kabir Sharma,kabir.sharma837@hotmail.com,+91-95737-75641,bengaluru,30/04/2025,Frequent Orderer,False,Y
SWGY13100,Vivaan Kapoor,vivaan.kapoor7@yahoo.com,,delhi,11/05/2024,Swiggy One Member,True,Y
SWGY13101,Karthik Iyer,karthik.iyer262@yahoo.com,915141363255, Noida ,2024-06-18,Frequent Orderer,False,N
SWGY13102,Kabir Patel,kabir.patel918@yahoo.com,13723 67908,Lucknow,2025-03-30,New,False,1
SWGY13103,Priya Nair,,+91-83087-99333,Jaipur,2023-11-03,New,True,No
SWGY13104,Rohan Shetty,rohan.shetty777@hotmail.com,, Nellore ,2024-08-06,Dormant,False,N
SWGY13105,Nikhil Das,,96807 68790,nellore,26/12/2024,New,False,0
SWGY13106,Ayaan Rao,ayaan.rao543@gmail.co,(409) 270-2907,delhi,2023-12-22,Swiggy One Member,True,Y
SWGY13107,Divya Rao,,918363915965,,17/01/2025,Swiggy One Member,True,No
SWGY13108,Ayaan Verma,ayaan.verma349@outlook.com,, Kochi ,2024-02-08,Dormant,False,No
SWGY13109,Aditya Kapoor,aditya.kapoor299@outlook.com,+91-65849-08957,Pune,28/01/2025,Frequent Orderer,False,Yes
SWGY13110,Saanvi Reddy,saanvi.reddy220@outlook.com,919606585522,mumbai,2024-02-18,Dormant,False,yes
SWGY13111,Krishna Patel,krishna.patel295@hotmail.com,6181745757,KOLKATA,20/06/2023,Dormant,False,N
SWGY13112,Neha Mehta,neha.mehta934@hotmail.com,(730) 365-9077, Vijayawada ,15/05/2025,Swiggy One Member,True,yes
SWGY13113,Kabir Patel,kabir.patel55@outlook.com,, Chennai ,06-07-2023,Swiggy One Member,True,yes
SWGY13114,Ira Mehta,IRA.MEHTA763@OUTLOOK.COM,26101 58526,JAIPUR,2024-01-16,New,False,No
SWGY13115,Vivaan Joshi,vivaan.joshi486@hotmail.com,914620542011, Jaipur ,14/11/2024,Dormant,False,Y
SWGY13116,Pari Nair,pari.nair559@gmail.com,,kolkata,01-19-2024,Dormant,True,No
SWGY13117,Rahul Patel,rahul.patel758@hotmail.com,(276) 343-9463, Kochi ,09-21-2023,Swiggy One Member,True,No
SWGY13118,Navya Malhotra,navya.malhotra287@gmail.co,, Kolkata ,03-14-2025,Swiggy One Member,True,N
SWGY13119,Ishaan Shetty,ishaan.shetty454@hotmail.com,, Nellore ,27/06/2023,Frequent Orderer,False,Yes
SWGY13120,Ayaan Reddy,ayaan.reddy424@gmail.com,914323590632,,18/05/2025,Frequent Orderer,False,1
SWGY13121,Rahul Khan,rahul.khan70@gmail.com,, Chennai ,10-26-2024,Frequent Orderer,False,0
SWGY13122,Divya Chatterjee,divya.chatterjee580@yahoo.com,8360798909,AHMEDABAD,2024-08-26,Swiggy One Member,True,
SWGY13123,Sneha Pillai,sneha.pillai901@gmail.com,,NELLORE,01-27-2024,Churned,False,0
SWGY13124,Ayaan Chatterjee,ayaan.chatterjee907@yahoo.com,,gurugram,03-19-2024,Dormant,False,Yes
SWGY13125,Rahul Das,rahul.das131@hotmail.com,,Vijayawada,2024-05-05,Frequent Orderer,True,N
SWGY13126,Divya Joshi,,09696 57385, Noida ,30/11/2023,Swiggy One Member,True,No
SWGY13127,Reyansh Iyer,reyansh.iyer585@hotmail.com,05602 22470,BENGALURU,10-09-2024,New,False,No
SWGY13128,Sai Patel,sai.patel317@gmail.com,6429385550,GURUGRAM,2024-11-29,Dormant,True,Yes
SWGY13129,Vivaan Malhotra,vivaan.malhotra806@hotmail.com,+91-06108-55704,DELHI,04/04/2025,,False,yes
SWGY13130,Aarav Chatterjee,aarav.chatterjee522@yahoo.com,41329 50102,CHENNAI,2023-09-09,Frequent Orderer,True,Y
SWGY13131,Priya Reddy,priya.reddy949@hotmail.com,+91-81427-35022,hyderabad,01-03-2025,Swiggy One Member,True,No
SWGY13132,Saanvi Gupta,saanvi.gupta348@yahoo.com,(105) 978-4281,BENGALURU,05-07-2025,Dormant,False,1
SWGY13133,Vikram Reddy,vikram.reddy724@gmail.com,919798176301,Jaipur,2025-03-30,Swiggy One Member,True,1
SWGY13134,Ayaan Patel,ayaan.patel81@outlook.com,04882 06456,Jaipur,09-25-2023,Dormant,False,Yes
SWGY13135,Ira Bose,ira.bose377@yahoo.com,(939) 725-2056, Hyderabad ,03-09-2025,New,False,
SWGY13136,Ira Reddy,ira.reddy146@gmail.co,94401 30597,lucknow,2024-08-09,Frequent Orderer,False,N
SWGY13137,Rohan Nair,ROHAN.NAIR470@YAHOO.COM,+91-86887-86192,CHENNAI,03-07-2025,Swiggy One Member,True,Y
SWGY13138,Navya Das,navya.das439@gmail.co,918450156225,chennai,07-17-2023,Frequent Orderer,False,No
SWGY13139,Ira Sharma,ira.sharma557@yahoo.com,,Kolkata,14/06/2023,Frequent Orderer,False,Y
SWGY13140,Riya Reddy,riya.reddy844@yahoo.com,915338430926, Delhi ,07-14-2024,Swiggy One Member,True,N
SWGY13141,Kabir Reddy,kabir.reddy350@yahoo.com,+91-56459-80344,bengaluru,05-30-2025,New,False,1
SWGY13142,Aadhya Das,aadhya.das765@outlook.com,(950) 444-9209,jaipur,20/02/2025,Dormant,True,1
SWGY13143,Ayaan Shetty,ayaan.shetty826@gmail.co,919494422832,,12-04-2023,Dormant,False,
SWGY13144,Pooja Menon,pooja.menon846@gmail.co,, Delhi ,08-22-2024,Churned,False,yes
SWGY13145,Aditya Mehta,ADITYA.MEHTA687@GMAIL.COM,,hyderabad,11/12/2024,Swiggy One Member,True,Y
SWGY13146,Sai Reddy,sai.reddy859@outlook.com,+91-63004-33590,mumbai,18/08/2024,Churned,False,yes
SWGY13147,Aarav Joshi,aarav.joshi414@hotmail.com,, Ahmedabad ,2025-03-06,Frequent Orderer,False,1
SWGY13148,Rahul Kapoor,rahul.kapoor827@gmail.co,56657 64063, Noida ,11/09/2024,Frequent Orderer,True,1
SWGY13149,Anika Chatterjee,anika.chatterjee419@gmail.co,(939) 249-6234,MUMBAI,01/09/2024,New,True,Y
SWGY13150,Anika Khan,anika.khan509@hotmail.com,+91-77417-33360,Mumbai,18/05/2024,Frequent Orderer,False,0
SWGY13151,Pari Chatterjee,pari.chatterjee343@gmail.com,918165498061,kochi,30/04/2025,New,False,yes
SWGY13152,Navya Kapoor,navya.kapoor463@gmail.co,03632 42866,KOLKATA,07/06/2023,Churned,False,No
SWGY13153,Divya Shetty,divya.shetty971@outlook.com,, Ahmedabad ,2023-10-24,New,False,N
SWGY13154,Aadhya Das,aadhya.das443@gmail.co,71640 22612,jaipur,08-30-2024,Frequent Orderer,False,yes
SWGY13155,Vikram Khan,vikram.khan90@gmail.co,(826) 148-1099, Jaipur ,09-02-2024,New,False,No
SWGY13156,Navya Singh,navya.singh13@yahoo.com,911566705330,hyderabad,2024-11-13,Swiggy One Member,False,N
SWGY13157,Navya Chatterjee,navya.chatterjee315@hotmail.com,919569110308, Bengaluru ,11/07/2024,Swiggy One Member,True,0
SWGY13158,Kabir Bose,kabir.bose304@outlook.com,(616) 613-0635,jaipur,2025-04-02,Dormant,False,0
SWGY13159,Aditya Sharma,aditya.sharma323@gmail.co,98758 40249, Chennai ,2024-11-09,Dormant,False,N
SWGY13160,Navya Shetty,navya.shetty289@outlook.com,,vijayawada,2023-10-24,Frequent Orderer,False,0
SWGY13161,Aditya Rao,aditya.rao850@outlook.com,+91-66363-05128, Jaipur ,2024-05-27,Dormant,False,
SWGY13162,Ira Pillai,ira.pillai773@yahoo.com,,Kolkata,2024-01-21,Dormant,False,1
SWGY13163,Sneha Verma,sneha.verma439@yahoo.com,3562134335,Noida,2025-05-23,Frequent Orderer,False,Yes
SWGY13164,Nikhil Khan,nikhil.khan225@hotmail.com,68289 72870,gurugram,13/04/2024,Swiggy One Member,True,0
SWGY13165,Krishna Khan,krishna.khan408@hotmail.com,(700) 960-8967,,2024-01-25,Dormant,False,1
SWGY13166,Neha Pillai,neha.pillai943@gmail.com,,Kochi,2024-01-18,Frequent Orderer,False,Y
SWGY13167,Kabir Gupta,kabir.gupta438@hotmail.com,30816 90350,delhi,2023-12-12,New,False,Yes
SWGY13168,Saanvi Iyer,saanvi.iyer140@outlook.com,+91-85116-88392,Nellore,14/02/2025,Frequent Orderer,True,N
SWGY13169,Rohan Chatterjee,rohan.chatterjee822@outlook.com,76682 93007, Gurugram ,2024-12-15,Frequent Orderer,False,N
SWGY13170,Nikhil Malhotra,nikhil.malhotra238@hotmail.com,(088) 257-0445,gurugram,2024-10-18,Frequent Orderer,False,N
SWGY13171,Diya Malhotra,diya.malhotra49@hotmail.com,80547 94898,Nellore,2024-10-03,Swiggy One Member,True,0
SWGY13172,Vikram Verma,vikram.verma732@yahoo.com,39856 76004, Lucknow ,2024-11-30,New,False,N
SWGY13173,Ira Mehta,ira.mehta644@hotmail.com,4338053634,Kochi,05-09-2024,Frequent Orderer,False,0
SWGY13174,Pari Malhotra,pari.malhotra668@hotmail.com,914452925824,Bengaluru,19/02/2024,Dormant,False,Yes
SWGY13175,Navya Joshi,navya.joshi519@hotmail.com,+91-05876-86946,chennai,2024-04-30,Swiggy One Member,True,0
SWGY13176,Ananya Kapoor,ananya.kapoor464@outlook.com,1056632624,MUMBAI,2024-02-22,New,False,Y
SWGY13177,Rahul Khan,rahul.khan755@gmail.co,+91-35786-66736,LUCKNOW,2025-04-30,Swiggy One Member,True,No
SWGY13178,Ishaan Nair,ishaan.nair901@outlook.com,9844185199,CHENNAI,04-25-2024,Swiggy One Member,True,Y
SWGY13179,Pari Mehta,,+91-05960-23398,delhi,27/11/2024,Swiggy One Member,True,N
SWGY13180,Arjun Kapoor,arjun.kapoor502@outlook.com,911162596971,kochi,2023-12-05,New,False,No
SWGY13181,Ayaan Joshi,ayaan.joshi324@hotmail.com,918096278611,Gurugram,09-19-2024,Dormant,False,Y
SWGY13182,Navya Singh,navya.singh38@yahoo.com,(083) 588-9743,ahmedabad,2024-03-14,Dormant,False,1
SWGY13183,Rahul Bose,rahul.bose644@outlook.com,912876756753, Chennai ,10/11/2023,Dormant,False,No
SWGY13184,Krishna Khan,krishna.khan836@gmail.com,+91-33733-26408,ahmedabad,04/01/2024,Dormant,False,yes
SWGY13185,Navya Pillai,navya.pillai240@outlook.com,,,10-28-2023,New,False,0
SWGY13186,Aditya Nair,aditya.nair37@gmail.com,6246521225,BENGALURU,16/04/2024,New,False,yes
SWGY13187,Sai Joshi,sai.joshi940@gmail.com,,Kolkata,2023-11-04,Dormant,False,Yes
SWGY13188,Riya Das,,,Jaipur,06-08-2024,Frequent Orderer,False,1
SWGY13189,Pooja Chatterjee,pooja.chatterjee484@hotmail.com,, Vijayawada ,2023-09-18,Swiggy One Member,True,N
SWGY13190,Ira Patel,ira.patel589@outlook.com,915621000471,gurugram,2024-11-12,Frequent Orderer,False,0
SWGY13191,Rohan Khan,,08614 63910, Lucknow ,08-17-2024,Frequent Orderer,True,yes
SWGY13192,Reyansh Patel,reyansh.patel923@yahoo.com,914701260562,GURUGRAM,31/10/2024,New,False,0
SWGY13193,Riya Nair,riya.nair238@outlook.com,1487630298,LUCKNOW,01-26-2024,Frequent Orderer,True,No
SWGY13194,Aditya Bose,aditya.bose338@yahoo.com,911358263747,BENGALURU,24/12/2023,,False,1
SWGY13195,Sneha Shetty,sneha.shetty116@yahoo.com,17232 88239, Lucknow ,06/10/2023,,True,yes
SWGY13196,Aditya Patel,ADITYA.PATEL826@OUTLOOK.COM,5475532413,Lucknow,24/11/2024,Frequent Orderer,False,Yes
SWGY13197,Neha Nair,NEHA.NAIR691@GMAIL.COM,,JAIPUR,03-18-2025,Frequent Orderer,False,0
SWGY13198,Divya Sharma,divya.sharma312@outlook.com,4275373732,bengaluru,2024-03-09,Dormant,False,
SWGY13199,Arjun Rao,arjun.rao974@gmail.com,+91-26951-43692,Chennai,03-07-2024,Swiggy One Member,True,No
SWGY13200,Rahul Iyer,rahul.iyer53@yahoo.com,,pune,2024-11-05,Frequent Orderer,False,No
SWGY13201,Kabir Kapoor,,,CHENNAI,2024-12-19,Swiggy One Member,True,Yes
SWGY13202,Krishna Menon,,(515) 949-0603, Kochi ,10-09-2024,Swiggy One Member,True,Y
SWGY13203,Myra Sharma,myra.sharma790@hotmail.com,,lucknow,2024-06-29,New,True,yes
SWGY13204,Pari Pillai,pari.pillai697@gmail.com,,GURUGRAM,07/06/2024,Swiggy One Member,True,
SWGY13205,Aarav Verma,aarav.verma562@gmail.co,28757 19887,VIJAYAWADA,2024-09-09,Frequent Orderer,True,
SWGY13206,Ananya Das,ananya.das389@outlook.com,4130093220,noida,27/09/2024,Dormant,False,Y
SWGY13207,Aarav Mehta,aarav.mehta427@gmail.com,,Ahmedabad,2024-08-12,Frequent Orderer,False,0
SWGY13208,Krishna Shetty,krishna.shetty56@yahoo.com,911226581772,NOIDA,01/04/2025,Dormant,False,
SWGY13209,Anika Patel,anika.patel18@outlook.com,25260 01181,KOLKATA,2024-01-26,Churned,False,
SWGY13210,Kabir Malhotra,,2436521010,nellore,26/12/2024,,True,Y
SWGY13211,Divya Verma,divya.verma82@gmail.com,,Jaipur,05-22-2024,Dormant,True,yes
SWGY13212,Ishaan Nair,ishaan.nair117@yahoo.com,+91-75082-67039,,2023-11-13,Dormant,False,Yes
SWGY13213,Myra Shetty,myra.shetty915@gmail.com,+91-04514-14688, Vijayawada ,05/09/2023,,False,0
SWGY13214,Aditya Verma,aditya.verma303@hotmail.com,5912753624,Vijayawada,23/05/2024,Swiggy One Member,True,Y
SWGY13215,Rahul Singh,rahul.singh346@gmail.com,+91-91783-56364,ahmedabad,12-15-2023,Churned,False,1
SWGY13216,Anika Bose,anika.bose487@gmail.com,+91-07757-66271, Mumbai ,2023-09-11,Swiggy One Member,True,Yes
SWGY13217,Krishna Nair,krishna.nair752@outlook.com,+91-68281-59780, Kochi ,07-04-2023,Frequent Orderer,False,0
SWGY13218,Nikhil Reddy,nikhil.reddy534@outlook.com,(755) 074-8144,LUCKNOW,08-13-2024,,True,yes
SWGY13219,Ayaan Mehta,ayaan.mehta222@hotmail.com,,jaipur,2025-02-06,New,False,1
SWGY13220,Divya Khan,,7713589961,Lucknow,2023-12-02,Swiggy One Member,True,No
SWGY13221,Kabir Reddy,kabir.reddy641@gmail.co,+91-18797-89293,Mumbai,04/02/2024,Dormant,False,
SWGY13222,Arjun Khan,arjun.khan6@gmail.co,5094666050,Nellore,2024-04-01,New,False,1
SWGY13223,Priya Das,priya.das467@yahoo.com,,Jaipur,08/11/2023,Dormant,False,No
SWGY13224,Pari Joshi,pari.joshi235@gmail.com,910533019251, Delhi ,13/12/2023,Churned,False,
SWGY13225,Aarav Rao,aarav.rao85@yahoo.com,+91-44715-65037,nellore,06-16-2024,Dormant,False,Yes
SWGY13226,Aarav Kapoor,aarav.kapoor551@yahoo.com,1202152620, Chennai ,12-20-2024,Frequent Orderer,False,
SWGY13227,Riya Das,riya.das518@gmail.co,(725) 006-9736, Jaipur ,10-17-2024,Frequent Orderer,False,yes
SWGY13228,Riya Iyer,riya.iyer9@hotmail.com,917831357190,NOIDA,04-05-2025,New,False,0
SWGY13229,Aadhya Reddy,aadhya.reddy802@hotmail.com,(376) 061-7125,Gurugram,24/07/2024,Frequent Orderer,False,1
SWGY13230,Navya Rao,navya.rao491@hotmail.com,+91-64083-44434,,12-18-2023,Swiggy One Member,True,1
SWGY13231,Karthik Khan,karthik.khan111@gmail.co,916635790381, Vijayawada ,01-29-2025,Churned,True,N
SWGY13232,Reyansh Verma,reyansh.verma403@outlook.com,913701126992, Bengaluru ,09-21-2024,Churned,False,Y
SWGY13233,Arjun Rao,arjun.rao225@outlook.com,7760131098,VIJAYAWADA,29/08/2024,Frequent Orderer,False,1
SWGY13234,Kabir Gupta,kabir.gupta968@yahoo.com,5227106846, Lucknow ,05/10/2023,Churned,False,0
SWGY13235,Diya Bose,diya.bose594@gmail.com,3749736456,Chennai,2023-07-04,Frequent Orderer,False,No
SWGY13236,Karthik Nair,karthik.nair443@outlook.com,,CHENNAI,02-12-2025,Swiggy One Member,True,Yes
SWGY13237,Reyansh Malhotra,reyansh.malhotra793@gmail.com,911135033668,,01-11-2025,Frequent Orderer,False,yes
SWGY13238,Ira Iyer,ira.iyer503@yahoo.com,914571955496,gurugram,25/12/2024,New,False,Y
SWGY13239,Myra Chatterjee,myra.chatterjee95@gmail.co,71699 44428, Bengaluru ,2024-02-22,New,False,Y
SWGY13240,Ayaan Kapoor,ayaan.kapoor381@outlook.com,914712007316,Bengaluru,06-12-2023,Frequent Orderer,False,Yes
SWGY13241,Saanvi Bose,saanvi.bose654@gmail.co,+91-75329-99839, Delhi ,03-03-2024,New,False,1
SWGY13242,Ira Pillai,ira.pillai780@outlook.com,4641188034, Bengaluru ,2024-06-06,Frequent Orderer,False,Yes
SWGY13243,Aadhya Reddy,aadhya.reddy272@gmail.co,(106) 370-7218,Kochi,08-06-2024,,True,Y
SWGY13244,Arjun Chatterjee,arjun.chatterjee293@hotmail.com,, Mumbai ,14/07/2024,Frequent Orderer,True,1
SWGY13245,Aarav Menon,aarav.menon96@yahoo.com,,VIJAYAWADA,04-12-2025,Frequent Orderer,False,Y
SWGY13246,Ira Reddy,ira.reddy923@gmail.com,917400743262,lucknow,2023-11-05,Dormant,False,Y
SWGY13247,Sai Kapoor,,(944) 247-2226, Kolkata ,2023-07-13,Churned,False,N
SWGY13248,Rohan Singh,rohan.singh792@yahoo.com,,hyderabad,04-08-2024,Dormant,False,No
SWGY13249,Vikram Joshi,vikram.joshi822@gmail.com,8192424129,HYDERABAD,26/06/2023,Swiggy One Member,True,
SWGY13250,Diya Nair,diya.nair32@hotmail.com,7498009293, Delhi ,07/11/2024,Swiggy One Member,True,1
SWGY13251,Vikram Gupta,vikram.gupta291@outlook.com,29737 26832,CHENNAI,23/05/2024,Frequent Orderer,False,N
SWGY13252,Kabir Kapoor,kabir.kapoor870@yahoo.com,+91-51393-11653,AHMEDABAD,27/05/2024,,False,yes
SWGY13253,Diya Chatterjee,diya.chatterjee36@outlook.com,(715) 918-3333, Jaipur ,2025-02-20,Frequent Orderer,False,1
SWGY13254,Ananya Sharma,ananya.sharma794@gmail.com,34113 73202,Mumbai,2023-12-28,Frequent Orderer,False,
SWGY13255,Sai Bose,sai.bose41@gmail.co,(866) 307-0996, Delhi ,2023-10-08,Swiggy One Member,True,
SWGY13256,Ananya Mehta,ananya.mehta780@outlook.com,11029 84938,nellore,2023-09-09,Swiggy One Member,True,N
SWGY13257,Arjun Joshi,arjun.joshi869@hotmail.com,32013 06533,PUNE,12-12-2023,New,False,0
SWGY13258,Divya Shetty,divya.shetty317@gmail.com,915164465923, Mumbai ,09/09/2023,Swiggy One Member,True,
SWGY13259,Navya Iyer,navya.iyer467@gmail.com,,KOLKATA,01-19-2025,,True,yes
SWGY13260,Ira Joshi,ira.joshi218@hotmail.com,93129 04428,HYDERABAD,09-29-2023,Dormant,False,0
SWGY13261,Ishaan Mehta,ishaan.mehta152@hotmail.com,+91-38212-10151, Bengaluru ,2023-08-27,New,False,
SWGY13262,Neha Malhotra,neha.malhotra656@yahoo.com,(977) 663-1009,chennai,2024-12-28,Frequent Orderer,True,No
SWGY13263,Ira Rao,ira.rao245@yahoo.com,47250 76233, Delhi ,16/10/2023,Churned,False,Yes
SWGY13264,Riya Rao,riya.rao86@gmail.co,4936016168, Lucknow ,2024-04-12,Dormant,False,Yes
SWGY13265,Divya Kapoor,divya.kapoor493@outlook.com,918363917013,Hyderabad,2024-09-19,New,False,Y
SWGY13266,Riya Khan,riya.khan689@yahoo.com,(358) 623-4223,NOIDA,2024-08-26,Swiggy One Member,True,0
SWGY13267,Krishna Gupta,krishna.gupta197@gmail.com,+91-65776-06125, Bengaluru ,03/10/2023,Frequent Orderer,False,N
SWGY13268,Krishna Nair,krishna.nair632@hotmail.com,9390316964, Mumbai ,06-29-2023,Swiggy One Member,True,Yes
SWGY13269,Rahul Iyer,rahul.iyer487@outlook.com,, Noida ,07-06-2024,Swiggy One Member,True,1
SWGY13270,Neha Pillai,neha.pillai942@gmail.co,,GURUGRAM,22/06/2024,Frequent Orderer,False,yes
SWGY13271,Neha Khan,neha.khan572@yahoo.com,13768 35281, Gurugram ,2024-06-23,Frequent Orderer,False,yes
SWGY13272,Reyansh Verma,reyansh.verma163@gmail.com,+91-05726-77983,Chennai,2024-08-03,Dormant,False,Yes
SWGY13273,Kabir Verma,,+91-12153-23884,chennai,13/12/2023,New,False,1
SWGY13274,Aarav Mehta,aarav.mehta205@gmail.com,, Noida ,2023-11-13,Frequent Orderer,False,Yes
SWGY13275,Sneha Mehta,sneha.mehta327@outlook.com,37042 14152, Pune ,04/08/2023,Frequent Orderer,True,
SWGY13276,Neha Verma,neha.verma355@gmail.com,93576 33812,kochi,28/06/2023,New,False,N
SWGY13277,Rohan Patel,rohan.patel423@gmail.com,,KOLKATA,2023-07-18,Churned,False,0
SWGY13278,Vikram Shetty,vikram.shetty276@gmail.co,910055931994,AHMEDABAD,26/08/2024,Frequent Orderer,False,yes
SWGY13279,Ira Shetty,ira.shetty633@gmail.com,(879) 826-2255, Mumbai ,30/03/2025,Swiggy One Member,True,No
SWGY13280,Ira Rao,ira.rao649@hotmail.com,+91-60363-40916, Jaipur ,05-19-2024,Churned,False,N
SWGY13281,Ishaan Singh,ishaan.singh816@yahoo.com,+91-43326-44458, Lucknow ,20/12/2023,Frequent Orderer,False,yes
SWGY13282,Aadhya Reddy,aadhya.reddy117@outlook.com,919156740794,Kochi,02/05/2024,Dormant,False,Yes
SWGY13283,Aadhya Sharma,aadhya.sharma877@gmail.com,(298) 224-8971, Ahmedabad ,2024-12-07,Churned,True,0
SWGY13284,Pari Das,pari.das19@gmail.com,, Vijayawada ,07-06-2024,Dormant,True,Yes
SWGY13285,Aditya Chatterjee,aditya.chatterjee341@gmail.co,5125162802,Pune,12/07/2024,New,False,Y
SWGY13286,Divya Iyer,divya.iyer394@hotmail.com,,noida,20/11/2024,Churned,False,0
SWGY13287,Sai Khan,sai.khan665@yahoo.com,+91-72917-14112,AHMEDABAD,12-15-2024,Churned,False,Yes
SWGY13288,Diya Malhotra,diya.malhotra401@yahoo.com,+91-31349-46078,NELLORE,10-28-2024,Frequent Orderer,False,1
SWGY13289,Nikhil Iyer,nikhil.iyer351@yahoo.com,(931) 142-3115, Mumbai ,01-24-2025,Swiggy One Member,True,
SWGY13290,Rohan Sharma,rohan.sharma679@hotmail.com,(312) 060-5395,CHENNAI,02-28-2025,Dormant,False,Y
SWGY13291,Nikhil Malhotra,nikhil.malhotra612@hotmail.com,+91-78843-10749,chennai,05-21-2024,,True,
SWGY13292,Aadhya Rao,aadhya.rao54@gmail.com,+91-70698-32924,Delhi,2024-08-26,New,False,0
SWGY13293,Reyansh Malhotra,reyansh.malhotra960@gmail.co,+91-28197-50772,Lucknow,21/06/2023,New,False,0
SWGY13294,Divya Das,divya.das906@outlook.com,0026716172, Ahmedabad ,28/07/2023,Swiggy One Member,True,N
SWGY13295,Sneha Shetty,sneha.shetty96@gmail.co,(186) 981-4218,NOIDA,12-31-2024,Churned,False,N
SWGY13296,Vivaan Sharma,vivaan.sharma149@yahoo.com,+91-46897-61661,lucknow,29/03/2024,Swiggy One Member,True,Yes
SWGY13297,Priya Verma,priya.verma817@gmail.co,8665571955,MUMBAI,06-21-2023,,False,Yes
SWGY13298,Kabir Rao,kabir.rao476@gmail.co,(372) 725-9063,MUMBAI,2025-03-30,Frequent Orderer,False,Y
SWGY13299,Rahul Reddy,rahul.reddy613@hotmail.com,+91-99824-86131,Jaipur,2024-06-03,New,True,1
SWGY13300,Divya Malhotra,divya.malhotra605@gmail.com,45938 79596,bengaluru,08/09/2024,Frequent Orderer,False,N
SWGY13301,Ananya Rao,ananya.rao428@gmail.co,3003736375,Noida,07-05-2024,,True,No
SWGY13302,Ananya Gupta,ananya.gupta808@gmail.co,8336826144,jaipur,03/12/2024,Dormant,False,1
SWGY13303,Myra Das,myra.das421@gmail.co,919742757148,Lucknow,2024-01-14,New,False,1
SWGY13304,Diya Iyer,diya.iyer801@hotmail.com,9447401586,vijayawada,09-09-2023,,True,Y
SWGY13305,Myra Nair,myra.nair194@yahoo.com,23089 12294, Pune ,2024-02-18,Frequent Orderer,False,1
SWGY13306,Vivaan Reddy,vivaan.reddy119@outlook.com,919009401774,Bengaluru,10-31-2023,Dormant,False,Y
SWGY13307,Divya Malhotra,divya.malhotra7@hotmail.com,70249 11699,hyderabad,10-22-2023,Frequent Orderer,False,
SWGY13308,Rohan Bose,rohan.bose280@gmail.co,,KOCHI,06/09/2024,Frequent Orderer,False,Yes
SWGY13309,Karthik Verma,karthik.verma403@outlook.com,73457 63587,Kolkata,2024-11-07,Swiggy One Member,True,No
SWGY13310,Pooja Patel,pooja.patel482@outlook.com,+91-44313-28156,PUNE,22/03/2024,Dormant,False,Y
SWGY13311,Sai Singh,SAI.SINGH299@GMAIL.CO,+91-84674-07248,Ahmedabad,10-27-2023,Swiggy One Member,False,
SWGY13312,Ira Shetty,ira.shetty941@gmail.com,,VIJAYAWADA,07/10/2024,New,False,1
SWGY13313,Karthik Sharma,karthik.sharma85@yahoo.com,+91-40632-23628, Gurugram ,03-11-2025,Dormant,False,No
SWGY13314,Neha Reddy,neha.reddy397@gmail.com,919671979697,Kochi,24/08/2023,New,False,Y
SWGY13315,Saanvi Chatterjee,saanvi.chatterjee178@gmail.co,5970073212,Gurugram,09-05-2023,Dormant,True,Y
SWGY13316,Aditya Das,aditya.das622@gmail.co,917316734992,mumbai,2025-02-25,Dormant,False,0
SWGY13317,Pari Malhotra,pari.malhotra332@outlook.com,1206126873,Kolkata,2023-09-03,,False,yes
SWGY13318,Ayaan Shetty,ayaan.shetty376@hotmail.com,92781 25983,Ahmedabad,10-27-2024,Frequent Orderer,True,
SWGY13319,Nikhil Pillai,nikhil.pillai121@outlook.com,2610912827,hyderabad,03/08/2024,Frequent Orderer,False,1
SWGY13320,Kabir Shetty,kabir.shetty642@gmail.co,+91-26426-67730,vijayawada,2024-12-25,Dormant,False,N
SWGY13321,Ananya Iyer,ananya.iyer290@gmail.com,,gurugram,04-22-2025,Swiggy One Member,True,0
SWGY13322,Aarav Khan,aarav.khan24@gmail.co,,kolkata,12/02/2024,Churned,True,Yes
SWGY13323,Ira Pillai,ira.pillai15@gmail.co,0659503632,BENGALURU,2023-08-17,Swiggy One Member,True,
SWGY13324,Ananya Sharma,ananya.sharma430@gmail.com,7846240683,pune,03-08-2025,Frequent Orderer,False,yes
SWGY13325,Karthik Das,karthik.das770@gmail.com,+91-10564-00674,nellore,10-07-2024,Dormant,True,0
SWGY13326,Pari Shetty,pari.shetty508@outlook.com,5507576449,,04-20-2025,New,False,Y
SWGY13327,Ishaan Menon,ishaan.menon869@outlook.com,, Nellore ,2023-10-01,Swiggy One Member,True,Yes
SWGY13328,Rohan Nair,rohan.nair931@gmail.co,9926624341,Jaipur,20/10/2023,New,False,Yes
SWGY13329,Navya Shetty,navya.shetty392@gmail.com,,jaipur,2024-07-03,Frequent Orderer,False,Y
SWGY13330,Divya Nair,divya.nair274@outlook.com,+91-18694-13904,Jaipur,11-02-2024,Frequent Orderer,False,0
SWGY13331,Arjun Malhotra,arjun.malhotra104@outlook.com,,kochi,2024-01-24,Frequent Orderer,False,1
SWGY13332,Kabir Iyer,kabir.iyer714@yahoo.com,910685660902,jaipur,22/03/2024,New,False,No
SWGY13333,Aditya Gupta,aditya.gupta368@gmail.com,+91-61554-27714,Jaipur,30/09/2023,Swiggy One Member,False,1
SWGY13334,Arjun Malhotra,arjun.malhotra524@gmail.com,,nellore,26/09/2024,Frequent Orderer,False,0
SWGY13335,Ayaan Reddy,ayaan.reddy109@yahoo.com,+91-14488-63668,NOIDA,12-24-2023,Frequent Orderer,False,1
SWGY13336,Diya Rao,diya.rao904@hotmail.com,,lucknow,09/12/2024,Frequent Orderer,False,N
SWGY13337,Nikhil Iyer,nikhil.iyer724@gmail.com,9629395613,Vijayawada,18/03/2025,New,False,No
SWGY13338,Aarav Sharma,aarav.sharma152@gmail.com,,hyderabad,20/10/2024,Frequent Orderer,False,No
SWGY13339,Diya Das,diya.das701@outlook.com,,Kochi,05-04-2024,Frequent Orderer,False,1
SWGY13340,Ishaan Shetty,ishaan.shetty634@gmail.com,+91-03266-25103,jaipur,2024-12-15,Churned,True,Yes
SWGY13341,Anika Joshi,anika.joshi283@gmail.co,+91-76968-87064,Kochi,07-05-2023,Frequent Orderer,True,Yes
SWGY13342,Ira Gupta,ira.gupta629@gmail.co,(248) 551-5703,BENGALURU,24/09/2024,Swiggy One Member,True,No
SWGY13343,Myra Gupta,myra.gupta837@gmail.co,(058) 334-9437, Ahmedabad ,22/07/2023,New,False,Yes
SWGY13344,Aadhya Patel,aadhya.patel924@yahoo.com,3693411525,kolkata,2024-12-23,Churned,False,0
SWGY13345,Diya Verma,diya.verma354@outlook.com,69651 48268, Kolkata ,2024-03-30,New,False,1
SWGY13346,Aadhya Singh,aadhya.singh152@yahoo.com,11771 55367,Lucknow,03-01-2025,Frequent Orderer,True,
SWGY13347,Neha Menon,neha.menon812@hotmail.com,2693609970,DELHI,08-07-2023,New,False,1
SWGY13348,Diya Reddy,diya.reddy552@gmail.co,, Hyderabad ,04/09/2023,New,False,0
SWGY13349,Rahul Joshi,rahul.joshi623@gmail.co,22563 85160,Chennai,2024-04-16,Frequent Orderer,False,No
SWGY13350,Rahul Shetty,rahul.shetty81@outlook.com,,MUMBAI,2024-04-03,Frequent Orderer,False,1
SWGY13351,Diya Pillai,diya.pillai646@gmail.com,,,10-18-2023,Frequent Orderer,False,yes
SWGY13352,Ananya Patel,ananya.patel928@gmail.co,, Nellore ,2023-09-27,Dormant,False,No
SWGY13353,Pari Iyer,pari.iyer271@gmail.co,44000 54312,MUMBAI,06-11-2024,Swiggy One Member,True,0
SWGY13354,Krishna Pillai,krishna.pillai798@outlook.com,(389) 347-6499,DELHI,01-13-2024,New,False,N
SWGY13355,Arjun Khan,arjun.khan656@gmail.co,(164) 843-5145, Hyderabad ,2024-09-27,Frequent Orderer,False,0
SWGY13356,Vivaan Khan,vivaan.khan555@hotmail.com,,pune,21/01/2024,Frequent Orderer,False,1
SWGY13357,Neha Bose,neha.bose127@gmail.com,0832121617,PUNE,03/01/2024,Dormant,False,No
SWGY13358,Rahul Pillai,rahul.pillai813@hotmail.com,+91-33126-52810, Gurugram ,29/12/2023,Dormant,False,
SWGY13359,Aditya Sharma,aditya.sharma803@yahoo.com,,PUNE,02-17-2024,Swiggy One Member,False,N
SWGY13360,Saanvi Iyer,saanvi.iyer395@outlook.com,(954) 946-5920,delhi,02-03-2024,Dormant,False,1
SWGY13361,Vivaan Joshi,vivaan.joshi190@hotmail.com,+91-77269-25232, Lucknow ,04/01/2024,New,False,Y
SWGY13362,Myra Iyer,myra.iyer13@hotmail.com,917588222724,pune,07-05-2023,Frequent Orderer,True,N
SWGY13363,Nikhil Gupta,nikhil.gupta678@gmail.co,,GURUGRAM,08/11/2024,Dormant,False,N
SWGY13364,Myra Pillai,myra.pillai41@yahoo.com,19994 65012,noida,19/07/2024,Churned,False,Y
SWGY13365,Reyansh Patel,reyansh.patel958@gmail.com,3406262953,ahmedabad,20/02/2025,Frequent Orderer,False,No
SWGY13366,Ayaan Bose,ayaan.bose347@hotmail.com,914188368089,Noida,09-28-2024,Dormant,False,N
SWGY13367,Reyansh Sharma,reyansh.sharma889@gmail.com,55253 91255,gurugram,2025-02-02,Frequent Orderer,False,Yes
SWGY13368,Rahul Patel,rahul.patel945@yahoo.com,76027 87033,Bengaluru,12-09-2024,Swiggy One Member,True,1
SWGY13369,Pooja Malhotra,pooja.malhotra202@hotmail.com,,KOCHI,2024-01-01,Swiggy One Member,True,0
SWGY13370,Arjun Bose,arjun.bose325@gmail.com,,ahmedabad,2025-03-26,New,False,N
SWGY13371,Aditya Pillai,aditya.pillai798@gmail.com,, Mumbai ,03-09-2024,New,False,No
SWGY13372,Reyansh Joshi,reyansh.joshi872@outlook.com,+91-98823-91627,gurugram,02-05-2025,Frequent Orderer,False,No
SWGY13373,Krishna Reddy,krishna.reddy212@hotmail.com,31672 90037,nellore,06-06-2024,Frequent Orderer,False,
SWGY13374,Pooja Verma,pooja.verma743@hotmail.com,,Jaipur,2025-04-08,Swiggy One Member,True,1
SWGY13375,Ira Nair,ira.nair894@gmail.com,913922630307,AHMEDABAD,06-21-2023,Churned,False,
SWGY13376,Aditya Mehta,aditya.mehta413@gmail.com,+91-57981-23316,KOCHI,2024-02-22,,False,Y
SWGY13377,Sneha Das,sneha.das927@gmail.com,1530804027,Kolkata,02/02/2024,Dormant,True,
SWGY13378,Navya Reddy,navya.reddy225@outlook.com,42231 77816,Delhi,05-08-2025,Churned,False,yes
SWGY13379,Reyansh Kapoor,reyansh.kapoor852@gmail.com,(214) 163-5021,KOLKATA,2024-06-06,Swiggy One Member,True,Yes
SWGY13380,Saanvi Reddy,saanvi.reddy400@outlook.com,(820) 094-1244,Mumbai,25/02/2024,Dormant,False,No
SWGY13381,Ira Menon,ira.menon156@yahoo.com,7983232367,Noida,07-22-2024,Frequent Orderer,True,1
SWGY13382,Kabir Menon,kabir.menon62@gmail.com,(588) 121-5552,DELHI,2024-05-28,Swiggy One Member,True,
SWGY13383,Ishaan Patel,ishaan.patel28@outlook.com,1121261090,Bengaluru,2023-09-13,,False,Y
SWGY13384,Priya Pillai,priya.pillai609@gmail.co,,kochi,07-04-2024,Frequent Orderer,False,N
SWGY13385,Diya Das,diya.das451@outlook.com,917177155648, Gurugram ,15/04/2024,Swiggy One Member,True,N
SWGY13386,Arjun Iyer,arjun.iyer830@hotmail.com,,JAIPUR,24/02/2024,Dormant,False,N
SWGY13387,Ayaan Patel,ayaan.patel525@yahoo.com,, Bengaluru ,2025-02-03,New,False,N
SWGY13388,Karthik Nair,karthik.nair972@hotmail.com,9673903169,CHENNAI,10-01-2024,New,False,No
SWGY13389,Navya Malhotra,navya.malhotra812@outlook.com,, Pune ,03-21-2025,Dormant,False,
SWGY13390,Ananya Bose,ananya.bose710@outlook.com,,noida,01-29-2025,Frequent Orderer,True,N
SWGY13391,Aadhya Bose,aadhya.bose443@outlook.com,,Kochi,2024-11-19,Dormant,False,yes
SWGY13392,Divya Rao,divya.rao991@hotmail.com,7073662062,JAIPUR,18/08/2023,,False,yes
SWGY13393,Myra Sharma,myra.sharma440@gmail.co,0716239252,noida,01-01-2025,Swiggy One Member,True,1
SWGY13394,Ananya Joshi,ananya.joshi167@gmail.com,,pune,2024-08-28,Frequent Orderer,False,N
SWGY13395,Anika Joshi,anika.joshi371@hotmail.com,913592423844,DELHI,2025-04-08,Frequent Orderer,True,Y
SWGY13396,Navya Pillai,navya.pillai499@hotmail.com,(186) 893-8395,BENGALURU,08/09/2023,Dormant,True,1
SWGY13397,Rahul Kapoor,rahul.kapoor829@yahoo.com,914058870491,JAIPUR,2025-05-07,New,False,
SWGY13398,Sai Iyer,sai.iyer631@gmail.co,913344059389,HYDERABAD,2023-12-14,Frequent Orderer,False,N
SWGY13399,Kabir Joshi,kabir.joshi764@hotmail.com,(829) 989-5981,Ahmedabad,15/11/2024,Frequent Orderer,False,1
SWGY13400,Aditya Das,aditya.das900@yahoo.com,0063647048,Pune,25/07/2024,Frequent Orderer,False,Y
SWGY13401,Anika Verma,anika.verma112@hotmail.com,44763 37799,Chennai,15/04/2025,Swiggy One Member,True,
SWGY13402,Neha Verma,neha.verma882@gmail.com,9191799705, Mumbai ,2024-02-05,Dormant,False,No
SWGY13403,Aarav Malhotra,aarav.malhotra433@yahoo.com,,BENGALURU,2023-11-25,Frequent Orderer,True,No
SWGY13404,Ishaan Singh,ishaan.singh764@gmail.com,60709 41957,noida,2025-05-15,Frequent Orderer,False,0
SWGY13405,Navya Khan,navya.khan815@yahoo.com,(981) 053-4053, Jaipur ,01/11/2024,Churned,False,Y
SWGY13406,Nikhil Patel,nikhil.patel483@hotmail.com,,BENGALURU,04/05/2025,Swiggy One Member,True,
SWGY13407,Vikram Menon,vikram.menon630@gmail.co,(999) 178-0271,NOIDA,2025-04-10,Dormant,False,
SWGY13408,Sai Kapoor,sai.kapoor924@hotmail.com,911716813835,Noida,19/05/2025,New,False,No
SWGY13409,Aarav Das,aarav.das193@outlook.com,918354211357, Delhi ,2024-04-01,Swiggy One Member,True,yes
SWGY13410,Ayaan Menon,ayaan.menon562@outlook.com,5227911074,bengaluru,01/08/2023,Frequent Orderer,False,Yes
SWGY13411,Saanvi Das,saanvi.das27@gmail.co,65232 04204,,29/01/2024,New,False,
SWGY13412,Nikhil Sharma,nikhil.sharma304@hotmail.com,910136724508,CHENNAI,2023-11-08,Swiggy One Member,True,Yes
SWGY13413,Pooja Sharma,pooja.sharma909@gmail.co,19326 94464,Nellore,2024-04-20,Dormant,False,Y
SWGY13414,Riya Reddy,riya.reddy941@hotmail.com,57178 62089, Jaipur ,10-16-2023,New,False,
SWGY13415,Ira Patel,ira.patel505@outlook.com,(890) 175-0177,chennai,21/12/2024,New,False,1
SWGY13416,Vivaan Singh,vivaan.singh865@hotmail.com,+91-73664-09680,AHMEDABAD,2023-08-17,Churned,False,Yes
SWGY13417,Kabir Pillai,kabir.pillai610@gmail.co,914765954408,bengaluru,2024-11-24,Swiggy One Member,True,N
SWGY13418,Neha Kapoor,neha.kapoor884@gmail.com,08482 96046,Delhi,08-09-2023,Churned,True,
SWGY13419,Sai Bose,sai.bose237@outlook.com,,chennai,12/01/2024,,True,yes
SWGY13420,Divya Patel,divya.patel334@gmail.co,913835065413,Jaipur,23/11/2023,,False,yes
SWGY13421,Pooja Rao,pooja.rao707@gmail.com,, Hyderabad ,2023-10-09,Swiggy One Member,True,Y
SWGY13422,Sneha Mehta,sneha.mehta434@gmail.com,84106 97775,BENGALURU,2023-07-30,Swiggy One Member,True,0
SWGY13423,Kabir Kapoor,kabir.kapoor453@hotmail.com,7228043691,gurugram,2023-12-28,Churned,False,N
SWGY13424,Navya Verma,navya.verma91@hotmail.com,,,26/03/2025,Swiggy One Member,True,N
SWGY13425,Pari Sharma,pari.sharma753@yahoo.com,6286411692, Lucknow ,06-25-2023,Frequent Orderer,False,Yes
SWGY13426,Sai Bose,sai.bose230@gmail.co,919036571688, Vijayawada ,2024-01-25,Swiggy One Member,True,N
SWGY13427,Aditya Shetty,ADITYA.SHETTY362@OUTLOOK.COM,+91-74487-03817, Bengaluru ,17/08/2023,New,True,
SWGY13428,Krishna Shetty,krishna.shetty250@yahoo.com,3373623057,LUCKNOW,06-23-2023,Dormant,False,Yes
SWGY13429,Karthik Joshi,karthik.joshi126@hotmail.com,(852) 186-2539, Delhi ,2024-06-30,,False,yes
SWGY13430,Sneha Bose,sneha.bose600@gmail.com,(342) 692-6344,GURUGRAM,2024-03-15,New,False,yes
SWGY13431,Ishaan Sharma,ishaan.sharma933@hotmail.com,(019) 377-2867, Noida ,14/06/2024,Churned,False,Yes
SWGY13432,Neha Kapoor,NEHA.KAPOOR852@GMAIL.COM,(178) 065-5026, Hyderabad ,2024-04-13,Frequent Orderer,False,Y
SWGY13433,Kabir Gupta,KABIR.GUPTA48@YAHOO.COM,+91-76579-66758,CHENNAI,27/07/2024,Swiggy One Member,True,N
SWGY13434,Rahul Menon,rahul.menon390@yahoo.com,(966) 378-6120,jaipur,03-04-2024,Frequent Orderer,False,
SWGY13435,Pari Mehta,pari.mehta357@gmail.com,(925) 191-1556,GURUGRAM,03-19-2025,Churned,False,Y
SWGY13436,Myra Bose,myra.bose12@outlook.com,, Mumbai ,03-07-2025,New,False,0
SWGY13437,Sneha Nair,sneha.nair936@gmail.com,+91-03978-51412,Ahmedabad,2024-06-29,New,False,Yes
SWGY13438,Saanvi Kapoor,saanvi.kapoor242@gmail.co,, Gurugram ,2024-01-22,Dormant,False,yes
SWGY13439,Aarav Sharma,,7667861986,nellore,22/09/2023,New,True,N
SWGY13440,Sai Malhotra,sai.malhotra843@outlook.com,03107 77353, Hyderabad ,09/09/2024,Frequent Orderer,False,No
SWGY13441,Ayaan Menon,ayaan.menon853@hotmail.com,(027) 209-9352,Mumbai,2023-11-16,Frequent Orderer,False,Yes
SWGY13442,Ira Malhotra,IRA.MALHOTRA892@GMAIL.COM,7587012808,Gurugram,2024-06-01,Frequent Orderer,False,yes
SWGY13443,Ishaan Reddy,ishaan.reddy94@gmail.com,,kolkata,18/12/2023,Swiggy One Member,True,Yes
SWGY13444,Anika Bose,anika.bose88@hotmail.com,912841944746,Kolkata,12-15-2023,Dormant,False,1
SWGY13445,Pari Pillai,,68538 93356,delhi,2024-02-10,New,False,1
SWGY13446,Aditya Joshi,aditya.joshi945@yahoo.com,,LUCKNOW,20/12/2024,,True,1
SWGY13447,Saanvi Bose,saanvi.bose613@gmail.co,912163487864,Nellore,2023-07-04,Dormant,False,Yes
SWGY13448,Ananya Reddy,ananya.reddy763@gmail.co,(102) 205-8359, Ahmedabad ,09-04-2023,Frequent Orderer,False,Yes
SWGY13449,Karthik Bose,karthik.bose459@yahoo.com,(827) 606-7062,Hyderabad,05-20-2024,New,False,No
SWGY13450,Pooja Kapoor,pooja.kapoor996@gmail.com,,JAIPUR,2025-03-31,Swiggy One Member,True,Y
SWGY13451,Priya Patel,priya.patel713@outlook.com,,,15/10/2024,Swiggy One Member,True,Y
SWGY13452,Reyansh Reddy,reyansh.reddy642@gmail.com,,kolkata,02-03-2024,Churned,False,0
SWGY13453,Sai Khan,sai.khan143@gmail.co,+91-62429-96639, Chennai ,21/08/2024,Swiggy One Member,True,Y
SWGY13454,Sneha Chatterjee,sneha.chatterjee179@yahoo.com,+91-00237-06093,kolkata,2023-12-26,New,False,
SWGY13455,Sneha Singh,sneha.singh207@hotmail.com,94549 75152,jaipur,02-10-2024,Frequent Orderer,False,
SWGY13456,Arjun Das,arjun.das888@yahoo.com,,Bengaluru,06-26-2024,Frequent Orderer,True,No
SWGY13457,Ananya Singh,ananya.singh958@yahoo.com,(650) 901-2818,HYDERABAD,01-12-2025,Dormant,False,0
SWGY13458,Krishna Khan,krishna.khan59@gmail.co,9913468060,vijayawada,03/08/2023,Frequent Orderer,False,No
SWGY13459,Arjun Reddy,arjun.reddy497@yahoo.com,910688772753,,17/10/2024,Dormant,False,
SWGY13460,Karthik Verma,karthik.verma105@hotmail.com,, Gurugram ,12-31-2023,Dormant,False,1
SWGY13461,Sai Menon,sai.menon421@gmail.co,917352675652,Delhi,27/04/2025,Swiggy One Member,False,N
SWGY13462,Rohan Verma,rohan.verma276@gmail.co,+91-05100-19950, Kochi ,2023-12-17,Frequent Orderer,False,0
SWGY13463,Ayaan Mehta,ayaan.mehta134@gmail.com,(354) 157-2397,DELHI,03/09/2024,New,False,
SWGY13464,Krishna Iyer,krishna.iyer879@hotmail.com,,ahmedabad,29/04/2024,Swiggy One Member,True,N
SWGY13465,Divya Reddy,divya.reddy678@hotmail.com,4897894172,KOCHI,07-10-2024,New,False,1
SWGY13466,Arjun Malhotra,arjun.malhotra543@yahoo.com,911430252002,Nellore,19/10/2023,Dormant,False,Y
SWGY13467,Sneha Mehta,sneha.mehta557@yahoo.com,,Vijayawada,12/05/2025,Swiggy One Member,True,No
SWGY13468,Saanvi Gupta,saanvi.gupta471@hotmail.com,8816266698,hyderabad,2023-09-29,Swiggy One Member,True,Y
SWGY13469,Nikhil Singh,nikhil.singh295@outlook.com,+91-61179-54957,Lucknow,20/01/2024,Churned,False,Yes
SWGY13470,Krishna Shetty,krishna.shetty955@yahoo.com,,Chennai,03-21-2025,Dormant,False,0
SWGY13471,Neha Kapoor,NEHA.KAPOOR403@GMAIL.COM,0726076851,kochi,07-11-2023,,False,Yes
SWGY13472,Rohan Mehta,rohan.mehta944@outlook.com,915128272942,Chennai,2023-07-05,Churned,True,0
SWGY13473,Divya Mehta,divya.mehta277@hotmail.com,25957 48591,KOCHI,17/03/2024,Dormant,False,1
SWGY13474,Riya Pillai,riya.pillai799@yahoo.com,1871694675,KOCHI,12-21-2023,Frequent Orderer,False,Y
SWGY13475,Krishna Joshi,krishna.joshi585@gmail.co,13154 63676,Kolkata,2024-11-13,New,False,0
SWGY13476,Vikram Sharma,vikram.sharma605@outlook.com,917272455769, Kolkata ,30/10/2023,Swiggy One Member,True,No
SWGY13477,Ishaan Shetty,ishaan.shetty208@yahoo.com,(399) 601-4471, Chennai ,23/11/2024,Swiggy One Member,True,No
SWGY13478,Riya Rao,riya.rao632@gmail.co,0977418412,lucknow,2025-03-06,Frequent Orderer,False,1
SWGY13479,Pooja Singh,pooja.singh474@gmail.co,(730) 572-1864,PUNE,2023-10-17,Churned,False,0
SWGY13480,Aditya Chatterjee,aditya.chatterjee228@hotmail.com,2279180554,Vijayawada,2023-08-18,Frequent Orderer,False,0
SWGY13481,Divya Bose,divya.bose144@hotmail.com,2056336409, Nellore ,2024-10-09,Churned,True,Y
SWGY13482,Myra Gupta,myra.gupta948@gmail.co,0968725407,lucknow,04-07-2025,,False,No
SWGY13483,Nikhil Mehta,nikhil.mehta860@hotmail.com,917731774278,noida,2024-11-01,New,True,
SWGY13484,Navya Bose,NAVYA.BOSE83@OUTLOOK.COM,6505809531,gurugram,11/11/2023,Frequent Orderer,False,Yes
SWGY13485,Diya Shetty,diya.shetty478@outlook.com,914073284568,LUCKNOW,2025-03-10,Frequent Orderer,False,Y
SWGY13486,Vikram Malhotra,vikram.malhotra37@hotmail.com,8194033497,mumbai,03-14-2025,Churned,True,N
SWGY13487,Kabir Chatterjee,kabir.chatterjee350@outlook.com,,Gurugram,12-07-2024,Frequent Orderer,False,0
SWGY13488,Neha Kapoor,neha.kapoor534@yahoo.com,5663882822,Kochi,29/05/2025,Frequent Orderer,False,
SWGY13489,Pari Joshi,pari.joshi593@hotmail.com,,gurugram,28/01/2024,New,False,N
SWGY13490,Saanvi Singh,saanvi.singh385@gmail.com,,delhi,06-20-2023,,False,No
SWGY13491,Vikram Pillai,vikram.pillai944@outlook.com,(185) 802-0231,NOIDA,2024-02-18,Dormant,False,Yes
SWGY13492,Riya Mehta,riya.mehta115@hotmail.com,4359730980,mumbai,07/11/2023,Frequent Orderer,False,Y
SWGY13493,Pari Patel,pari.patel872@outlook.com,(245) 405-3606, Nellore ,07-19-2023,New,False,No
SWGY13494,Rahul Khan,rahul.khan374@yahoo.com,, Chennai ,02/03/2025,New,False,No
SWGY13495,Navya Menon,NAVYA.MENON305@YAHOO.COM,7667400184, Chennai ,31/07/2024,New,False,1
SWGY13496,Kabir Das,kabir.das925@gmail.com,,vijayawada,19/06/2024,New,False,No
SWGY13497,Navya Verma,navya.verma826@outlook.com,913710458260, Hyderabad ,03-14-2025,,False,Yes
SWGY13498,Nikhil Sharma,nikhil.sharma465@outlook.com,(221) 780-6677,Jaipur,09-08-2024,Frequent Orderer,False,N
SWGY13499,Aarav Gupta,aarav.gupta825@gmail.co,,kolkata,25/12/2023,Swiggy One Member,True,0
SWGY13500,Diya Joshi,diya.joshi673@hotmail.com,4147623802, Delhi ,2024-09-19,New,False,yes
SWGY13501,Aadhya Gupta,aadhya.gupta417@outlook.com,,NELLORE,10/08/2024,Frequent Orderer,False,N
SWGY13502,Rahul Iyer,rahul.iyer459@hotmail.com,01347 20967,,13/11/2024,New,False,
SWGY13503,Diya Gupta,diya.gupta469@gmail.com,92749 91438, Vijayawada ,08-15-2024,Frequent Orderer,False,1
SWGY13504,Vikram Sharma,vikram.sharma846@gmail.co,,PUNE,11/01/2024,New,False,Yes
SWGY13505,Sai Nair,sai.nair386@gmail.com,(374) 557-6639,,11-21-2023,Frequent Orderer,False,No
SWGY13506,Riya Iyer,riya.iyer534@yahoo.com,915947922701,GURUGRAM,05/05/2024,Churned,False,0
SWGY13507,Myra Das,myra.das252@gmail.co,1935170871,vijayawada,2024-04-18,Frequent Orderer,False,No
SWGY13508,Myra Verma,myra.verma167@outlook.com,(169) 453-8455,HYDERABAD,04-27-2025,Churned,False,
SWGY13509,Arjun Rao,arjun.rao635@hotmail.com,9201482923,CHENNAI,16/03/2025,Dormant,False,0
SWGY13510,Navya Mehta,navya.mehta947@gmail.com,(586) 511-5035,ahmedabad,04-25-2024,New,False,No
SWGY13511,Neha Bose,neha.bose769@gmail.com,+91-05677-21360,ahmedabad,07-28-2023,Swiggy One Member,True,N
SWGY13512,Navya Verma,navya.verma624@hotmail.com,, Lucknow ,06-25-2023,Churned,False,
SWGY13513,Reyansh Gupta,reyansh.gupta677@hotmail.com,+91-65168-00472,vijayawada,2023-09-10,Dormant,True,1
SWGY13514,Pari Verma,pari.verma497@gmail.com,910055501878,Bengaluru,2025-02-17,New,False,1
SWGY13515,Divya Nair,divya.nair355@outlook.com,33492 32124,Vijayawada,2025-02-10,Dormant,False,1
SWGY13516,Anika Patel,anika.patel139@yahoo.com,916904744730,Hyderabad,2025-05-09,New,False,Yes
SWGY13517,Vikram Joshi,vikram.joshi572@gmail.co,(678) 453-3433, Lucknow ,03-17-2025,Dormant,True,yes
SWGY13518,Sai Joshi,sai.joshi972@gmail.com,(613) 637-5060,Bengaluru,2023-08-11,Swiggy One Member,True,N
SWGY13519,Priya Das,priya.das791@gmail.co,(457) 362-5303,MUMBAI,24/09/2023,Frequent Orderer,False,Yes
SWGY13520,Reyansh Joshi,reyansh.joshi624@yahoo.com,+91-72870-22940, Noida ,28/01/2024,New,False,No
SWGY13521,Pooja Gupta,pooja.gupta869@outlook.com,,bengaluru,12-08-2023,Swiggy One Member,True,No
SWGY13522,Rahul Joshi,rahul.joshi608@yahoo.com,44221 38433,Mumbai,2024-01-02,Dormant,True,N
SWGY13523,Rahul Verma,rahul.verma942@yahoo.com,916030293095, Lucknow ,08-02-2023,Swiggy One Member,True,Y
SWGY13524,Aarav Nair,aarav.nair177@outlook.com,(931) 860-6231,BENGALURU,09-06-2024,Frequent Orderer,True,
SWGY13525,Krishna Menon,krishna.menon361@hotmail.com,(763) 009-7632,HYDERABAD,18/10/2024,Dormant,True,N
SWGY13526,Ira Joshi,ira.joshi91@yahoo.com,+91-14203-75694,lucknow,2024-06-30,Frequent Orderer,False,No
SWGY13527,Vikram Menon,vikram.menon575@outlook.com,919533718942,bengaluru,2023-09-13,Frequent Orderer,False,1
SWGY13528,Aadhya Singh,aadhya.singh71@yahoo.com,910416485155,,09/06/2023,New,False,
SWGY13529,Vikram Verma,vikram.verma629@outlook.com,+91-88884-23594,HYDERABAD,10-17-2023,Churned,True,No
SWGY13530,Aadhya Pillai,aadhya.pillai351@gmail.co,6224462655,Nellore,11/05/2025,New,False,
SWGY13531,Sneha Joshi,sneha.joshi492@yahoo.com,(847) 927-0599,delhi,21/01/2024,Frequent Orderer,False,No
SWGY13532,Myra Singh,myra.singh967@outlook.com,06740 91260, Pune ,01-18-2024,Frequent Orderer,False,Yes
SWGY13533,Aarav Joshi,aarav.joshi55@yahoo.com,912586998008,Kochi,06/08/2023,New,False,yes
SWGY13534,Navya Shetty,navya.shetty269@gmail.com,24229 60691,CHENNAI,07-01-2024,Swiggy One Member,True,No
SWGY13535,Pari Nair,,912396756765,jaipur,03-01-2025,Frequent Orderer,False,0
SWGY13536,Sai Joshi,sai.joshi604@gmail.co,+91-18972-48187, Nellore ,2024-09-26,Dormant,False,N
SWGY13537,Pari Bose,pari.bose786@gmail.co,2681361593,noida,2024-09-09,Frequent Orderer,False,
SWGY13538,Karthik Chatterjee,karthik.chatterjee181@hotmail.com,,DELHI,2023-07-18,Swiggy One Member,True,yes
SWGY13539,Ananya Shetty,ananya.shetty293@gmail.com,(158) 254-5143,LUCKNOW,09-20-2023,Dormant,False,Y
SWGY13540,Diya Verma,diya.verma922@hotmail.com,910510341594,BENGALURU,11-21-2024,Churned,False,N
SWGY13541,Krishna Pillai,krishna.pillai906@yahoo.com,60771 49764,CHENNAI,03/11/2023,,False,No
SWGY13542,Pari Verma,pari.verma471@gmail.co,912117005245, Hyderabad ,2023-10-13,Frequent Orderer,False,Yes
SWGY13543,Ishaan Nair,ishaan.nair577@hotmail.com,+91-02709-43152,,09-26-2024,Dormant,False,
SWGY13544,Ishaan Kapoor,ishaan.kapoor412@gmail.com,(368) 864-6504, Nellore ,07-31-2024,Dormant,False,0
SWGY13545,Aarav Mehta,aarav.mehta775@gmail.co,92818 71136,lucknow,11/11/2023,Frequent Orderer,False,N
SWGY13546,Ishaan Singh,ishaan.singh764@gmail.com,914547839904, Hyderabad ,09-29-2023,New,False,No
SWGY13547,Aarav Singh,aarav.singh415@gmail.com,(502) 976-7064,Bengaluru,01-01-2024,Frequent Orderer,False,N
SWGY13548,Rahul Sharma,rahul.sharma89@outlook.com,6926005428,JAIPUR,23/04/2024,Frequent Orderer,False,
SWGY13549,Ayaan Verma,ayaan.verma315@outlook.com,(138) 825-8235,NOIDA,22/12/2024,Frequent Orderer,False,N
SWGY13550,Myra Patel,myra.patel103@gmail.co,9890438100,,2024-11-30,Dormant,False,Yes
SWGY13551,Ananya Shetty,ananya.shetty5@outlook.com,87169 07338,,2024-05-26,New,False,Y
SWGY13552,Vivaan Verma,vivaan.verma142@gmail.com,918509894793,VIJAYAWADA,09-19-2023,New,False,0
SWGY13553,Divya Rao,DIVYA.RAO432@GMAIL.COM,60338 22382,LUCKNOW,05/07/2024,Swiggy One Member,True,N
SWGY13554,Myra Khan,myra.khan342@hotmail.com,5018872069,pune,26/04/2025,Frequent Orderer,False,
SWGY13555,Saanvi Kapoor,saanvi.kapoor483@gmail.com,0848397200, Jaipur ,2024-09-19,Swiggy One Member,True,Y
SWGY13556,Ira Khan,ira.khan363@gmail.co,+91-93670-61975,Kolkata,2024-11-02,Swiggy One Member,True,No
SWGY13557,Neha Menon,neha.menon91@outlook.com,,ahmedabad,07-28-2023,Frequent Orderer,False,yes
SWGY13558,Neha Nair,neha.nair65@gmail.co,4376018325,Pune,05-02-2024,Frequent Orderer,False,0
SWGY13559,Ira Das,ira.das268@gmail.co,(936) 042-5990,Jaipur,2025-04-14,Dormant,False,N
SWGY13560,Divya Pillai,divya.pillai724@hotmail.com,(324) 457-4342,kochi,04-16-2024,Dormant,False,No
SWGY13561,Reyansh Iyer,,82106 28685,Nellore,07-17-2024,Dormant,False,Yes
SWGY13562,Vivaan Joshi,vivaan.joshi188@outlook.com,70441 48224,Hyderabad,2024-05-10,Swiggy One Member,True,1
SWGY13563,Ira Khan,ira.khan847@outlook.com,(393) 974-2608,nellore,2024-11-16,Swiggy One Member,True,Y
SWGY13564,Sneha Chatterjee,sneha.chatterjee778@yahoo.com,53959 56917,Delhi,18/06/2024,Dormant,False,Yes
SWGY13565,Sai Mehta,sai.mehta516@hotmail.com,73630 15277, Jaipur ,10/10/2024,Swiggy One Member,True,No
SWGY13566,Ishaan Bose,ishaan.bose873@gmail.com,(918) 440-9002,chennai,03-08-2024,Swiggy One Member,True,
SWGY13567,Anika Iyer,anika.iyer184@yahoo.com,,pune,2024-09-17,New,True,No
SWGY13568,Aadhya Rao,aadhya.rao840@gmail.co,(933) 719-8658,Kochi,2025-05-02,Frequent Orderer,False,Y
SWGY13569,Karthik Gupta,karthik.gupta578@yahoo.com,+91-20615-25019,,22/03/2024,Frequent Orderer,False,
SWGY13570,Riya Khan,,,Bengaluru,04-02-2024,Frequent Orderer,True,Y
SWGY13571,Kabir Pillai,KABIR.PILLAI288@GMAIL.CO,0660579652,KOCHI,01-13-2024,Frequent Orderer,True,N
SWGY13572,Aditya Reddy,aditya.reddy143@gmail.com,,Delhi,29/04/2024,Swiggy One Member,True,0
SWGY13573,Aditya Patel,aditya.patel289@hotmail.com,,Gurugram,06-15-2023,Frequent Orderer,True,No
SWGY13574,Sneha Chatterjee,sneha.chatterjee421@yahoo.com,(527) 958-6072,Pune,03-11-2024,Frequent Orderer,False,N
SWGY13575,Kabir Singh,KABIR.SINGH191@YAHOO.COM,3845281349,kochi,23/06/2023,New,False,1
SWGY13576,Pooja Iyer,pooja.iyer215@hotmail.com,+91-18620-50255,NOIDA,2024-01-15,New,False,0
SWGY13577,Vikram Nair,vikram.nair298@hotmail.com,(707) 034-5621,vijayawada,31/03/2024,New,False,Y
SWGY13578,Pari Rao,pari.rao366@gmail.co,9419045490,delhi,21/09/2023,Frequent Orderer,False,
SWGY13579,Anika Iyer,anika.iyer397@gmail.co,+91-18700-74989,Vijayawada,29/10/2023,Frequent Orderer,False,No
SWGY13580,Navya Verma,navya.verma922@gmail.co,,delhi,2023-07-04,,True,
SWGY13581,Aadhya Khan,aadhya.khan592@gmail.com,(593) 989-7751,CHENNAI,10/09/2024,Swiggy One Member,True,Yes
SWGY13582,Pari Menon,pari.menon800@gmail.co,60014 52323,Delhi,10/11/2023,New,True,Y
SWGY13583,Rohan Verma,rohan.verma225@hotmail.com,07184 66090,,2023-09-11,,False,yes
SWGY13584,Ira Verma,,, Ahmedabad ,31/12/2023,New,False,0
SWGY13585,Sneha Nair,sneha.nair415@yahoo.com,911618030387,lucknow,2024-01-30,Frequent Orderer,False,0
SWGY13586,Kabir Menon,kabir.menon341@gmail.co,,Bengaluru,05-28-2024,Frequent Orderer,False,No
SWGY13587,Neha Pillai,neha.pillai705@hotmail.com,, Mumbai ,22/09/2024,Frequent Orderer,True,0
SWGY13588,Ishaan Iyer,ishaan.iyer745@outlook.com,56574 37598,mumbai,05-29-2025,Frequent Orderer,False,No
SWGY13589,Kabir Iyer,kabir.iyer803@gmail.com,95584 45735, Lucknow ,03/12/2024,Dormant,True,Yes
SWGY13590,Neha Joshi,neha.joshi585@gmail.com,0465274045,mumbai,15/05/2025,Dormant,False,yes
SWGY13591,Neha Patel,neha.patel181@gmail.co,29472 99263, Mumbai ,2025-03-10,,True,Yes
SWGY13592,Ira Das,ira.das941@gmail.com,(222) 761-5842,Mumbai,2023-08-11,New,False,
SWGY13593,Karthik Menon,karthik.menon222@gmail.com,913297570340, Lucknow ,2023-12-03,New,False,No
SWGY13594,Ayaan Bose,,1873178529, Pune ,11/04/2024,Frequent Orderer,False,Y
SWGY13595,Vikram Malhotra,vikram.malhotra605@yahoo.com,+91-75869-27429,Chennai,2025-04-01,Dormant,False,No
SWGY13596,Saanvi Reddy,saanvi.reddy104@gmail.co,(047) 873-7480,,2023-10-20,,True,
SWGY13597,Priya Sharma,priya.sharma787@gmail.com,6316295810, Delhi ,2023-07-18,Frequent Orderer,False,0
SWGY13598,Sneha Kapoor,sneha.kapoor413@gmail.co,(064) 858-8844,KOLKATA,14/10/2024,Dormant,False,1
SWGY13599,Vivaan Rao,vivaan.rao363@yahoo.com,8451265276, Jaipur ,2025-02-21,Dormant,False,No
SWGY13600,Ananya Das,ananya.das553@yahoo.com,+91-11268-18685, Delhi ,2024-04-19,Dormant,True,yes
SWGY13601,Ananya Malhotra,ANANYA.MALHOTRA497@GMAIL.COM,56882 63424,AHMEDABAD,15/05/2024,Frequent Orderer,False,Y
SWGY13602,Anika Malhotra,anika.malhotra85@yahoo.com,,ahmedabad,2024-09-28,New,True,yes
SWGY13603,Priya Malhotra,priya.malhotra320@gmail.co,+91-21627-57332,Gurugram,20/02/2024,New,True,No
SWGY13604,Ishaan Shetty,ishaan.shetty629@gmail.co,,kochi,01-15-2024,Frequent Orderer,False,1
SWGY13605,Ira Mehta,ira.mehta401@gmail.com,+91-91698-15556,HYDERABAD,12-23-2024,New,False,0
SWGY13606,Rahul Verma,,42584 65899,KOCHI,2025-04-18,Frequent Orderer,False,1
SWGY13607,Pari Gupta,pari.gupta197@hotmail.com,4994084772, Gurugram ,2024-08-17,Swiggy One Member,True,Yes
SWGY13608,Ira Iyer,ira.iyer25@outlook.com,+91-40879-81736,gurugram,11/09/2024,Dormant,False,1
SWGY13609,Arjun Rao,arjun.rao169@gmail.com,,lucknow,2024-06-07,New,True,No
SWGY13610,Priya Gupta,priya.gupta909@outlook.com,3338179842, Ahmedabad ,10-19-2023,New,False,Yes
SWGY13611,Ishaan Joshi,ishaan.joshi818@outlook.com,913701936399, Gurugram ,06-27-2023,Dormant,False,1
SWGY13612,Divya Gupta,divya.gupta222@gmail.co,912969054521,Lucknow,02-21-2024,Swiggy One Member,True,Y
SWGY13613,Saanvi Kapoor,saanvi.kapoor282@gmail.com,7608307354,Mumbai,2023-12-09,Churned,False,
SWGY13614,Riya Joshi,riya.joshi837@gmail.co,(644) 925-5933, Jaipur ,02-16-2024,New,False,1
SWGY13615,Krishna Mehta,krishna.mehta628@gmail.co,65317 59596, Nellore ,01/08/2023,New,True,Y
SWGY13616,Vikram Patel,vikram.patel559@yahoo.com,913703752696,hyderabad,03/04/2024,Churned,False,1
SWGY13617,Sai Shetty,sai.shetty637@outlook.com,919332766163,mumbai,06-26-2024,Swiggy One Member,True,No
SWGY13618,Neha Reddy,neha.reddy820@outlook.com,918153246063,Gurugram,11-03-2023,Dormant,False,Yes
SWGY13619,Anika Khan,anika.khan643@hotmail.com,(960) 078-9493,Pune,05/03/2024,,True,No
SWGY13620,Nikhil Kapoor,nikhil.kapoor467@outlook.com,+91-34865-79681,GURUGRAM,2023-12-03,Churned,False,Yes
SWGY13621,Arjun Nair,,,Chennai,06-04-2023,New,False,yes
SWGY13622,Aarav Menon,aarav.menon72@gmail.com,,HYDERABAD,2024-09-02,Swiggy One Member,True,Yes
SWGY13623,Diya Joshi,diya.joshi464@hotmail.com,912331671629, Delhi ,01-25-2024,Swiggy One Member,True,No
SWGY13624,Sneha Joshi,sneha.joshi837@yahoo.com,,KOCHI,07/05/2024,Frequent Orderer,False,
SWGY13625,Krishna Chatterjee,krishna.chatterjee976@gmail.co,915513703597, Lucknow ,11-21-2024,Churned,False,Yes
SWGY13626,Navya Kapoor,navya.kapoor429@gmail.co,,nellore,11/03/2025,Dormant,True,Y
SWGY13627,Aarav Iyer,aarav.iyer554@gmail.com,46813 89331, Bengaluru ,2023-12-28,Dormant,False,yes
SWGY13628,Riya Iyer,riya.iyer138@outlook.com,,Hyderabad,2024-04-27,Swiggy One Member,True,N
SWGY13629,Rohan Sharma,rohan.sharma27@yahoo.com,+91-76211-88069,lucknow,2023-08-12,Frequent Orderer,False,No
SWGY13630,Ishaan Menon,ISHAAN.MENON115@YAHOO.COM,,,11-06-2024,New,False,No
SWGY13631,Ananya Sharma,,11343 15329,Vijayawada,17/02/2025,Frequent Orderer,False,N
SWGY13632,Ira Iyer,ira.iyer213@outlook.com,,LUCKNOW,11-11-2024,Swiggy One Member,True,No
SWGY13633,Aadhya Khan,AADHYA.KHAN878@YAHOO.COM,,LUCKNOW,11-18-2023,Frequent Orderer,False,1
SWGY13634,Vikram Menon,vikram.menon644@gmail.co,76517 27753,Bengaluru,2024-08-15,Dormant,False,N
SWGY13635,Rohan Chatterjee,rohan.chatterjee201@gmail.com,915903824030,PUNE,2024-05-06,Frequent Orderer,False,N
SWGY13636,Neha Menon,neha.menon206@gmail.com,+91-06695-80494, Hyderabad ,30/06/2024,Frequent Orderer,False,yes
SWGY13637,Krishna Mehta,krishna.mehta592@yahoo.com,(002) 883-4928,noida,12/06/2024,New,False,1
SWGY13638,Rahul Verma,rahul.verma695@hotmail.com,,Gurugram,13/04/2024,Dormant,False,0
SWGY13639,Anika Pillai,anika.pillai741@gmail.co,,LUCKNOW,10-08-2024,Frequent Orderer,True,0
SWGY13640,Riya Kapoor,riya.kapoor513@outlook.com,+91-35722-31526,vijayawada,09-07-2024,Churned,False,
SWGY13641,Riya Menon,riya.menon25@gmail.com,54475 12457, Nellore ,08-10-2023,Frequent Orderer,False,yes
SWGY13642,Anika Verma,anika.verma173@hotmail.com,,JAIPUR,29/07/2023,New,True,Yes
SWGY13643,Ira Reddy,ira.reddy183@yahoo.com,,KOCHI,2024-06-12,,False,Yes
SWGY13644,Divya Shetty,divya.shetty566@yahoo.com,910618456727,vijayawada,08/03/2025,New,False,N
SWGY13645,Aarav Iyer,aarav.iyer298@hotmail.com,71467 33909,,2024-01-02,Swiggy One Member,True,
SWGY13646,Vivaan Reddy,vivaan.reddy954@yahoo.com,+91-69474-34188,nellore,01-04-2024,Dormant,True,
SWGY13647,Rohan Mehta,rohan.mehta86@outlook.com,912186459821,noida,2025-04-22,Dormant,False,1
SWGY13648,Aditya Kapoor,aditya.kapoor28@hotmail.com,910303253555,kolkata,2024-02-07,Frequent Orderer,True,
SWGY13649,Reyansh Sharma,reyansh.sharma4@gmail.co,914209225973, Kochi ,24/05/2025,Dormant,False,Yes
SWGY13650,Myra Gupta,myra.gupta775@gmail.com,03223 23543, Bengaluru ,07-03-2024,Dormant,True,yes
SWGY13651,Ananya Patel,ananya.patel141@gmail.co,914121638245, Noida ,2024-08-14,Dormant,True,Y
SWGY13652,Sai Shetty,sai.shetty269@yahoo.com,+91-09960-79391,ahmedabad,2024-10-12,New,False,1
SWGY13653,Rohan Sharma,rohan.sharma544@gmail.com,+91-53598-51532,JAIPUR,09-13-2024,New,False,N
SWGY13654,Rohan Das,rohan.das10@gmail.com,2800648615, Hyderabad ,03-05-2024,New,False,N
SWGY13655,Nikhil Nair,nikhil.nair620@yahoo.com,+91-96389-99680,CHENNAI,07-17-2024,Dormant,False,0
SWGY13656,Saanvi Pillai,saanvi.pillai457@gmail.co,912494428281,JAIPUR,2025-02-17,New,True,1
SWGY13657,Diya Gupta,diya.gupta609@gmail.com,918272972136,Noida,11-10-2023,Frequent Orderer,False,0
SWGY13658,Aadhya Sharma,aadhya.sharma421@outlook.com,1240403417,Delhi,10-11-2023,Swiggy One Member,True,
SWGY13659,Ishaan Patel,ISHAAN.PATEL388@OUTLOOK.COM,, Lucknow ,2024-10-24,Frequent Orderer,False,1
SWGY13660,Karthik Pillai,karthik.pillai153@yahoo.com,+91-41535-43187,ahmedabad,2024-03-01,Frequent Orderer,False,Y
SWGY13661,Nikhil Iyer,nikhil.iyer887@yahoo.com,912408407493,MUMBAI,21/07/2024,Dormant,False,No
SWGY13662,Aadhya Iyer,aadhya.iyer137@hotmail.com,4029133227,Lucknow,2024-02-04,Dormant,False,Y
SWGY13663,Neha Reddy,neha.reddy513@gmail.com,3855129986,,2023-09-14,,False,Yes
SWGY13664,Ananya Malhotra,ananya.malhotra30@outlook.com,913507731885,HYDERABAD,09/06/2023,Swiggy One Member,True,
SWGY13665,Diya Singh,diya.singh653@gmail.com,915332433506,hyderabad,25/05/2024,Swiggy One Member,True,N
SWGY13666,Kabir Malhotra,kabir.malhotra92@yahoo.com,918066448567, Vijayawada ,06-21-2023,New,False,Y
SWGY13667,Saanvi Malhotra,saanvi.malhotra758@gmail.com,(360) 637-0554,,04-19-2024,New,False,1
SWGY13668,Ishaan Khan,ishaan.khan716@hotmail.com,(450) 941-3822,Chennai,02/03/2025,New,False,Yes
SWGY13669,Aditya Sharma,aditya.sharma310@outlook.com,, Mumbai ,04-18-2025,New,False,N
SWGY13670,Divya Khan,divya.khan409@yahoo.com,914556582476,PUNE,09-12-2023,Swiggy One Member,True,1
SWGY13671,Divya Bose,divya.bose380@gmail.com,1600268496, Noida ,15/02/2024,Frequent Orderer,False,0
SWGY13672,Priya Reddy,priya.reddy254@gmail.co,5579431936,,2023-11-29,New,False,No
SWGY13673,Saanvi Nair,saanvi.nair841@yahoo.com,(862) 918-7937,KOCHI,06-01-2024,New,False,
SWGY13674,Rohan Iyer,rohan.iyer800@outlook.com,, Gurugram ,05-28-2024,Churned,False,1
SWGY13675,Krishna Verma,krishna.verma281@gmail.com,3646285069, Gurugram ,01-20-2025,Frequent Orderer,False,Y
SWGY13676,Priya Sharma,priya.sharma726@gmail.com,5016055704, Kolkata ,02-28-2024,Frequent Orderer,True,No
SWGY13677,Divya Iyer,divya.iyer243@outlook.com,918564296539,Hyderabad,10-04-2024,Dormant,False,1
SWGY13678,Krishna Kapoor,krishna.kapoor901@gmail.com,+91-67448-99615, Mumbai ,2024-10-21,Swiggy One Member,True,Yes
SWGY13679,Navya Sharma,navya.sharma884@outlook.com,,chennai,17/03/2024,Churned,False,N
SWGY13680,Aarav Verma,aarav.verma159@gmail.co,21281 33094,Ahmedabad,2025-05-16,Frequent Orderer,False,Yes
SWGY13681,Navya Kapoor,navya.kapoor110@yahoo.com,910026745861,,2025-05-24,Frequent Orderer,False,Yes
SWGY13682,Saanvi Iyer,saanvi.iyer133@gmail.com,(825) 365-5220,NOIDA,03-28-2024,Swiggy One Member,True,yes
SWGY13683,Pooja Malhotra,pooja.malhotra478@gmail.com,,bengaluru,26/01/2024,New,False,No
SWGY13684,Navya Das,navya.das515@yahoo.com,915146354765,ahmedabad,07-09-2023,Frequent Orderer,False,1
SWGY13685,Nikhil Menon,nikhil.menon994@hotmail.com,4867370219, Kochi ,2025-05-25,Dormant,True,
SWGY13686,Vikram Rao,vikram.rao493@yahoo.com,+91-25514-58850,HYDERABAD,10-20-2023,Dormant,False,Yes
SWGY13687,Ira Gupta,IRA.GUPTA597@GMAIL.COM,19907 39488,bengaluru,2023-09-20,New,False,N
SWGY13688,Ira Verma,ira.verma868@gmail.com,917297034505,KOLKATA,04-24-2025,New,False,Yes
SWGY13689,Reyansh Rao,reyansh.rao644@yahoo.com,+91-74225-77983,chennai,07-14-2024,Swiggy One Member,True,Y
SWGY13690,Ishaan Rao,ishaan.rao173@gmail.com,0193868226,PUNE,2023-12-27,Frequent Orderer,False,1
SWGY13691,Aadhya Reddy,aadhya.reddy503@outlook.com,919788235531,mumbai,01/02/2025,Dormant,False,yes
SWGY13692,Karthik Chatterjee,karthik.chatterjee205@outlook.com,, Vijayawada ,07-14-2023,Frequent Orderer,False,0
SWGY13693,Diya Rao,diya.rao379@gmail.co,(140) 771-4210,bengaluru,2024-07-10,Frequent Orderer,True,1
SWGY13694,Priya Gupta,priya.gupta934@hotmail.com,9922910807,hyderabad,08-27-2024,New,False,1
SWGY13695,Ira Shetty,ira.shetty692@yahoo.com,917696038347,,2025-04-25,Swiggy One Member,True,0
SWGY13696,Ayaan Mehta,ayaan.mehta54@gmail.com,0503509078,Kochi,2023-08-25,Dormant,True,yes
SWGY13697,Aarav Joshi,aarav.joshi22@gmail.com,+91-63746-46225, Kolkata ,05/09/2024,New,False,
SWGY13698,Aadhya Nair,aadhya.nair249@hotmail.com,, Mumbai ,2024-12-29,Swiggy One Member,True,Y
SWGY13699,Diya Kapoor,diya.kapoor709@gmail.com,+91-42875-67311,Pune,01/10/2023,New,True,0
SWGY13700,Saanvi Sharma,saanvi.sharma425@gmail.com,09856 91039,lucknow,12-04-2023,Frequent Orderer,True,No
SWGY13701,Vivaan Verma,vivaan.verma194@gmail.com,(422) 165-9811, Hyderabad ,12-13-2023,Frequent Orderer,False,No
SWGY13702,Kabir Chatterjee,kabir.chatterjee350@yahoo.com,79280 63968,noida,04-21-2025,Frequent Orderer,False,No
SWGY13703,Pari Nair,pari.nair762@hotmail.com,+91-50843-42112,VIJAYAWADA,10-17-2024,New,True,Y
SWGY13704,Riya Reddy,riya.reddy677@outlook.com,43321 25954,CHENNAI,05-24-2024,Frequent Orderer,False,yes
SWGY13705,Krishna Patel,krishna.patel996@gmail.com,5089894081, Jaipur ,2025-02-14,New,True,N
SWGY13706,Divya Patel,divya.patel476@yahoo.com,+91-15343-56794,kolkata,19/01/2025,Frequent Orderer,True,Yes
SWGY13707,Nikhil Shetty,nikhil.shetty201@gmail.co,0187151300,CHENNAI,02/08/2024,New,False,Yes
SWGY13708,Riya Mehta,riya.mehta588@yahoo.com,2361815797, Kochi ,07/09/2023,New,False,Y
SWGY13709,Kabir Joshi,kabir.joshi31@outlook.com,52303 35012,NELLORE,10-26-2024,Frequent Orderer,False,Yes
SWGY13710,Vikram Verma,vikram.verma630@yahoo.com,+91-58221-21511,Kochi,09-14-2023,Dormant,False,1
SWGY13711,Divya Verma,,1400814528,Kolkata,21/07/2024,Dormant,False,Y
SWGY13712,Neha Gupta,neha.gupta258@hotmail.com,5224994989,,2024-04-10,,False,No
SWGY13713,Saanvi Sharma,saanvi.sharma334@hotmail.com,+91-15295-06354, Bengaluru ,02/09/2024,Frequent Orderer,False,1
SWGY13714,Sai Sharma,sai.sharma913@outlook.com,,chennai,2024-04-07,Frequent Orderer,False,No
SWGY13715,Arjun Joshi,arjun.joshi431@hotmail.com,,CHENNAI,2024-11-06,Churned,False,No
SWGY13716,Riya Joshi,riya.joshi647@hotmail.com,, Kochi ,03-05-2024,Frequent Orderer,False,No
SWGY13717,Sai Malhotra,sai.malhotra733@outlook.com,918993650031,Vijayawada,09-28-2023,New,False,1
SWGY13718,Myra Bose,myra.bose189@gmail.com,65207 74860,lucknow,21/12/2024,New,False,N
SWGY13719,Pari Malhotra,pari.malhotra603@gmail.com,917273285577, Mumbai ,31/08/2023,Dormant,False,yes
SWGY13720,Priya Sharma,priya.sharma89@hotmail.com,, Nellore ,04/06/2024,New,False,Y
SWGY13721,Anika Nair,anika.nair946@hotmail.com,,noida,04-10-2024,New,False,0
SWGY13722,Nikhil Joshi,nikhil.joshi621@outlook.com,1571762696,JAIPUR,11-06-2023,Swiggy One Member,True,Y
SWGY13723,Diya Kapoor,diya.kapoor442@outlook.com,83143 09953,Kolkata,05-22-2024,Frequent Orderer,False,N
SWGY13724,Ishaan Das,ishaan.das390@outlook.com,3388067191,ahmedabad,2024-02-10,New,False,1
SWGY13725,Aditya Malhotra,aditya.malhotra422@gmail.co,917175240975, Noida ,2025-04-05,Frequent Orderer,False,N
SWGY13726,Rohan Pillai,rohan.pillai373@gmail.com,+91-44185-00603, Hyderabad ,03-07-2024,Churned,False,yes
SWGY13727,Sai Chatterjee,sai.chatterjee738@gmail.co,,HYDERABAD,03-10-2024,Swiggy One Member,True,yes
SWGY13728,Aditya Patel,aditya.patel675@yahoo.com,1411826060,GURUGRAM,06-17-2023,Frequent Orderer,False,No
SWGY13729,Pari Shetty,pari.shetty21@outlook.com,+91-42050-08000,GURUGRAM,03/08/2024,Frequent Orderer,False,Yes
SWGY13730,Karthik Chatterjee,,87090 90423, Delhi ,08-03-2023,Churned,False,0
SWGY13731,Sai Rao,sai.rao793@gmail.com,94259 22021,pune,2024-07-15,Frequent Orderer,True,Yes
SWGY13732,Pari Mehta,pari.mehta222@yahoo.com,(183) 701-5774,Lucknow,02-24-2024,Churned,False,0
SWGY13733,Divya Mehta,divya.mehta314@hotmail.com,4716936175,DELHI,09-28-2023,Frequent Orderer,False,0
SWGY13734,Navya Gupta,navya.gupta337@gmail.com,,LUCKNOW,20/02/2024,Swiggy One Member,True,1
SWGY13735,Riya Gupta,riya.gupta235@gmail.com,+91-88395-57016,Mumbai,14/03/2025,New,False,No
SWGY13736,Sneha Shetty,sneha.shetty710@yahoo.com,(253) 709-4206,vijayawada,06-13-2024,Dormant,False,yes
SWGY13737,Ayaan Sharma,ayaan.sharma160@hotmail.com,, Nellore ,13/06/2023,Dormant,False,Y
SWGY13738,Sneha Khan,sneha.khan648@hotmail.com,(491) 026-3986,MUMBAI,06/12/2024,Churned,False,yes
SWGY13739,Ayaan Pillai,ayaan.pillai298@outlook.com,918223409170,vijayawada,24/03/2025,,False,yes
SWGY13740,Nikhil Patel,nikhil.patel452@outlook.com,(876) 807-9810,Nellore,10-26-2023,Frequent Orderer,False,N
SWGY13741,Ishaan Menon,ishaan.menon209@hotmail.com,34587 23636,kolkata,01-17-2025,Dormant,False,yes
SWGY13742,Nikhil Pillai,nikhil.pillai499@outlook.com,(738) 688-0507,nellore,2023-08-15,New,False,No
SWGY13743,Ananya Nair,ananya.nair766@gmail.com,(000) 300-3527,Chennai,16/09/2024,Dormant,False,Y
SWGY13744,Anika Chatterjee,anika.chatterjee505@hotmail.com,,HYDERABAD,10-10-2023,,False,No
SWGY13745,Krishna Chatterjee,krishna.chatterjee877@gmail.co,,AHMEDABAD,09-12-2023,Frequent Orderer,False,N
SWGY13746,Saanvi Sharma,saanvi.sharma770@outlook.com,87949 31733,KOLKATA,2025-02-11,Frequent Orderer,False,0
SWGY13747,Pooja Nair,pooja.nair165@gmail.co,,CHENNAI,25/05/2025,Swiggy One Member,True,Y
SWGY13748,Pooja Verma,pooja.verma852@gmail.com,918345037350,KOCHI,05-04-2024,New,False,0
SWGY13749,Divya Pillai,divya.pillai873@yahoo.com,, Delhi ,2024-05-17,Swiggy One Member,True,Yes
SWGY13750,Arjun Gupta,arjun.gupta593@hotmail.com,32398 74451,NOIDA,09/01/2024,Frequent Orderer,False,0
SWGY13751,Rohan Sharma,rohan.sharma458@gmail.co,912070771359,NOIDA,09-04-2024,Dormant,True,N
SWGY13752,Divya Singh,divya.singh324@gmail.com,60542 31126,mumbai,27/11/2023,Swiggy One Member,True,yes
SWGY13753,Anika Shetty,anika.shetty734@outlook.com,(575) 194-3425,LUCKNOW,03-14-2024,Frequent Orderer,False,1
SWGY13754,Sneha Sharma,sneha.sharma314@hotmail.com,(750) 465-3425,NELLORE,2024-06-08,Dormant,False,Yes
SWGY13755,Rohan Singh,rohan.singh759@outlook.com,,Jaipur,2023-11-04,Frequent Orderer,False,
SWGY13756,Saanvi Gupta,,910286653581,mumbai,24/07/2023,Swiggy One Member,True,No
SWGY13757,Sneha Joshi,sneha.joshi652@yahoo.com,5515109346, Delhi ,2023-08-22,Frequent Orderer,False,Yes
SWGY13758,Anika Bose,anika.bose95@yahoo.com,2746001115, Bengaluru ,2024-02-22,Swiggy One Member,False,No
SWGY13759,Priya Gupta,priya.gupta622@yahoo.com,3812401476, Bengaluru ,03/11/2024,Frequent Orderer,False,yes
SWGY13760,Aadhya Gupta,aadhya.gupta307@outlook.com,97173 04311, Noida ,05/05/2024,Swiggy One Member,False,Yes
SWGY13761,Divya Pillai,divya.pillai732@gmail.com,35599 71777,Hyderabad,14/08/2023,Swiggy One Member,True,0
SWGY13762,Krishna Verma,krishna.verma351@yahoo.com,54797 28089, Lucknow ,2023-08-20,Dormant,False,1
SWGY13763,Riya Das,riya.das848@hotmail.com,+91-75014-81027,NOIDA,13/08/2024,New,False,yes
SWGY13764,Karthik Chatterjee,karthik.chatterjee45@outlook.com,7237543547,Pune,2025-05-19,Frequent Orderer,True,1
SWGY13765,Reyansh Mehta,reyansh.mehta732@hotmail.com,, Noida ,03/04/2025,New,False,1
SWGY13766,Riya Gupta,riya.gupta184@yahoo.com,914891427425,Chennai,04/04/2024,Frequent Orderer,True,0
SWGY13767,Ananya Menon,ananya.menon967@yahoo.com,20416 89394,pune,2025-04-26,Swiggy One Member,True,1
SWGY13768,Divya Sharma,divya.sharma397@gmail.com,08762 40828,CHENNAI,11-19-2024,Swiggy One Member,True,Yes
SWGY13769,Aarav Pillai,aarav.pillai915@hotmail.com,(570) 267-2182, Delhi ,2024-09-23,,False,1
SWGY13770,Myra Kapoor,myra.kapoor233@hotmail.com,, Hyderabad ,10-04-2023,Churned,False,Y
SWGY13771,Reyansh Pillai,reyansh.pillai601@outlook.com,(783) 003-0564,Nellore,01/04/2025,New,False,0
SWGY13772,Navya Pillai,navya.pillai560@gmail.co,(833) 183-9021, Ahmedabad ,2024-10-09,Dormant,False,Y
SWGY13773,Aarav Bose,aarav.bose720@yahoo.com,79473 11098,,19/05/2025,Frequent Orderer,True,No
SWGY13774,Aadhya Reddy,aadhya.reddy703@outlook.com,(015) 896-7196,MUMBAI,12-11-2023,Frequent Orderer,False,0
SWGY13775,Rohan Singh,rohan.singh431@hotmail.com,913273996662,Noida,05-21-2025,,False,No
SWGY13776,Kabir Joshi,kabir.joshi738@hotmail.com,17567 35082,Lucknow,03-15-2024,New,False,yes
SWGY13777,Pari Singh,,4882418335, Bengaluru ,2023-09-06,Swiggy One Member,True,Yes
SWGY13778,Pari Gupta,pari.gupta727@gmail.co,,Kochi,03-22-2025,Swiggy One Member,True,Yes
SWGY13779,Sneha Reddy,sneha.reddy816@hotmail.com,22068 67364,pune,2023-08-16,Frequent Orderer,False,1
SWGY13780,Reyansh Singh,reyansh.singh661@gmail.com,(901) 665-1517, Pune ,23/01/2025,Swiggy One Member,True,Y
SWGY13781,Sai Menon,sai.menon637@hotmail.com,914650335046,Hyderabad,05-01-2025,Frequent Orderer,False,No
SWGY13782,Ananya Iyer,ananya.iyer253@gmail.com,58569 39632,Gurugram,07-20-2024,Frequent Orderer,False,yes
SWGY13783,Priya Khan,priya.khan224@yahoo.com,71236 30619, Jaipur ,10-09-2024,Churned,False,
SWGY13784,Rohan Verma,rohan.verma891@hotmail.com,,Kolkata,2023-10-01,,True,1
SWGY13785,Pooja Khan,pooja.khan462@outlook.com,(784) 271-7137, Kolkata ,12/10/2024,Dormant,False,0
SWGY13786,Vikram Joshi,vikram.joshi546@hotmail.com,+91-61759-08870,JAIPUR,24/09/2023,Frequent Orderer,False,No
SWGY13787,Divya Malhotra,divya.malhotra404@gmail.com,+91-53344-11022,Nellore,2023-11-23,Swiggy One Member,True,Y
SWGY13788,Aditya Mehta,aditya.mehta541@hotmail.com,917099726332,BENGALURU,2025-03-09,Dormant,False,Yes
SWGY13789,Nikhil Sharma,NIKHIL.SHARMA145@OUTLOOK.COM,+91-62241-74860, Delhi ,26/12/2023,New,False,Y
SWGY13790,Ayaan Joshi,ayaan.joshi989@yahoo.com,,JAIPUR,2024-08-18,Swiggy One Member,True,Y
SWGY13791,Rahul Mehta,rahul.mehta634@gmail.co,(539) 837-4537,Jaipur,2025-02-26,New,False,Y
SWGY13792,Saanvi Bose,saanvi.bose353@gmail.co,20659 31248,CHENNAI,17/02/2025,New,False,Yes
SWGY13793,Saanvi Khan,saanvi.khan760@outlook.com,,Kochi,04-07-2024,Frequent Orderer,False,No
SWGY13794,Ira Joshi,ira.joshi630@outlook.com,, Hyderabad ,2025-05-02,Dormant,False,Yes
SWGY13795,Rohan Joshi,rohan.joshi562@gmail.co,, Kochi ,22/06/2024,Dormant,False,0
SWGY13796,Riya Das,RIYA.DAS322@GMAIL.CO,,Mumbai,2023-11-08,Frequent Orderer,True,Yes
SWGY13797,Vikram Gupta,vikram.gupta974@yahoo.com,+91-21038-87815,mumbai,2023-08-02,Swiggy One Member,True,
SWGY13798,Anika Pillai,anika.pillai81@gmail.co,914295553870, Noida ,11-12-2023,Frequent Orderer,False,No
SWGY13799,Ananya Menon,ananya.menon563@yahoo.com,918371587544, Delhi ,2023-11-27,Churned,False,Y
SWGY13800,Ayaan Iyer,ayaan.iyer263@hotmail.com,, Chennai ,07-06-2024,Frequent Orderer,False,Yes
SWGY13801,Ira Joshi,IRA.JOSHI737@YAHOO.COM,41935 08054,JAIPUR,2023-06-27,Dormant,False,1
SWGY13802,Pari Menon,pari.menon910@gmail.com,914288151473,Mumbai,30/05/2024,New,False,N
SWGY13803,Myra Pillai,myra.pillai354@outlook.com,28768 41816,LUCKNOW,30/03/2025,Dormant,False,No
SWGY13804,Neha Patel,neha.patel122@hotmail.com,,Noida,08/07/2024,New,False,1
SWGY13805,Ayaan Chatterjee,ayaan.chatterjee11@gmail.co,2686108447,Hyderabad,05-03-2025,New,False,
SWGY13806,Pari Shetty,,(433) 398-9852,Nellore,18/01/2025,Churned,False,0
SWGY13807,Karthik Nair,karthik.nair31@yahoo.com,53953 13135,Pune,18/11/2023,Frequent Orderer,False,1
SWGY13808,Sneha Kapoor,sneha.kapoor66@hotmail.com,62197 31457, Pune ,08-17-2023,Frequent Orderer,False,1
SWGY13809,Krishna Nair,krishna.nair4@gmail.com,(461) 160-8107,pune,2024-11-08,Swiggy One Member,True,1
SWGY13810,Krishna Bose,krishna.bose973@outlook.com,8551108030,Lucknow,18/07/2024,New,False,yes
SWGY13811,Pari Gupta,pari.gupta254@gmail.co,1194271003, Bengaluru ,22/04/2024,Frequent Orderer,False,Yes
SWGY13812,Aadhya Patel,aadhya.patel67@outlook.com,(560) 695-5991,DELHI,20/12/2024,Dormant,False,Y
SWGY13813,Pari Khan,pari.khan824@gmail.com,64431 62300,Ahmedabad,2023-07-31,Swiggy One Member,True,yes
SWGY13814,Sneha Das,sneha.das163@yahoo.com,, Kochi ,2025-03-26,New,False,0
SWGY13815,Pari Mehta,,919170622178,nellore,2024-02-17,Churned,False,0
SWGY13816,Priya Sharma,PRIYA.SHARMA679@HOTMAIL.COM,91542 59428,Hyderabad,2023-11-02,New,False,Y
SWGY13817,Ishaan Verma,ishaan.verma191@outlook.com,,PUNE,01-25-2025,Frequent Orderer,True,No
SWGY13818,Myra Reddy,myra.reddy737@outlook.com,914093436886,Delhi,11/02/2024,,True,Yes
SWGY13819,Kabir Sharma,kabir.sharma204@gmail.com,+91-90387-55676,KOLKATA,24/07/2024,Frequent Orderer,False,Y
SWGY13820,Navya Iyer,navya.iyer841@gmail.com,917142720513,hyderabad,15/12/2023,Churned,False,No
SWGY13821,Krishna Pillai,krishna.pillai92@gmail.com,, Noida ,09-22-2023,Dormant,False,0
SWGY13822,Arjun Das,ARJUN.DAS685@HOTMAIL.COM,55908 48310,mumbai,15/12/2023,Frequent Orderer,False,0
SWGY13823,Ira Rao,ira.rao515@yahoo.com,+91-76812-78889,Hyderabad,07-29-2023,Churned,False,Y
SWGY13824,Arjun Chatterjee,arjun.chatterjee899@hotmail.com,62944 20520,,26/02/2025,Swiggy One Member,True,1
SWGY13825,Nikhil Kapoor,nikhil.kapoor213@yahoo.com,914808013604,lucknow,13/09/2023,Dormant,False,yes
SWGY13826,Karthik Iyer,karthik.iyer756@hotmail.com,18980 45769,MUMBAI,03-10-2024,New,False,0
SWGY13827,Reyansh Das,reyansh.das487@gmail.com,(217) 699-9590,NOIDA,2024-12-27,Swiggy One Member,True,yes
SWGY13828,Ayaan Singh,ayaan.singh308@gmail.com,+91-95907-00974, Kochi ,2023-08-28,Swiggy One Member,True,N
SWGY13829,Riya Kapoor,riya.kapoor8@hotmail.com,,hyderabad,04-30-2024,Churned,False,0
SWGY13830,Ira Singh,ira.singh598@gmail.com,,noida,2024-07-07,Frequent Orderer,False,yes
SWGY13831,Rohan Gupta,rohan.gupta862@hotmail.com,, Vijayawada ,10-14-2024,Swiggy One Member,True,0
SWGY13832,Navya Sharma,navya.sharma55@gmail.com,+91-38859-78719,CHENNAI,10-14-2024,Frequent Orderer,False,Y
SWGY13833,Aditya Reddy,aditya.reddy386@hotmail.com,914797938926,gurugram,07-27-2023,Dormant,False,No
SWGY13834,Sai Singh,sai.singh880@outlook.com,,JAIPUR,2024-06-17,Churned,False,0
SWGY13835,Priya Mehta,priya.mehta601@hotmail.com,3640298168,PUNE,2023-09-26,Swiggy One Member,True,Y
SWGY13836,Saanvi Nair,saanvi.nair521@hotmail.com,912915515219,MUMBAI,19/06/2023,New,False,Y
SWGY13837,Kabir Sharma,kabir.sharma18@gmail.co,,NELLORE,08-22-2023,Dormant,False,Yes
SWGY13838,Neha Kapoor,neha.kapoor638@hotmail.com,9401898926,DELHI,10-08-2024,Swiggy One Member,True,N
SWGY13839,Rahul Chatterjee,rahul.chatterjee751@gmail.com,(229) 570-3493,gurugram,2024-02-13,New,False,yes
SWGY13840,Ishaan Kapoor,ishaan.kapoor403@gmail.co,913689195209,kolkata,31/07/2023,Frequent Orderer,False,N
SWGY13841,Divya Menon,,34419 01280,Gurugram,29/08/2024,Frequent Orderer,True,N
SWGY13842,Vikram Pillai,vikram.pillai59@gmail.com,+91-97205-65227,CHENNAI,10-28-2023,Dormant,False,0
SWGY13843,Rohan Bose,ROHAN.BOSE397@GMAIL.CO,33888 06973,BENGALURU,09-18-2024,Frequent Orderer,True,
SWGY13844,Anika Shetty,anika.shetty453@yahoo.com,915288151369,AHMEDABAD,02-25-2025,Swiggy One Member,True,
SWGY13845,Ishaan Sharma,ishaan.sharma877@gmail.co,914313455163,BENGALURU,2023-12-01,New,False,
SWGY13846,Sneha Reddy,,918098166089,Bengaluru,06-14-2024,Frequent Orderer,False,No
SWGY13847,Arjun Malhotra,arjun.malhotra694@outlook.com,911154033596,Mumbai,2024-04-02,Churned,True,
SWGY13848,Vivaan Khan,vivaan.khan504@gmail.co,8698683017, Pune ,2023-12-26,New,False,0
SWGY13849,Vivaan Shetty,vivaan.shetty492@outlook.com,, Ahmedabad ,02-15-2024,Dormant,False,Y
SWGY13850,Navya Sharma,navya.sharma689@yahoo.com,35003 76600,chennai,30/09/2023,Frequent Orderer,False,Yes
SWGY13851,Kabir Bose,kabir.bose83@gmail.com,89731 73672,Noida,2024-03-13,Swiggy One Member,True,No
SWGY13852,Karthik Sharma,karthik.sharma364@gmail.com,(120) 730-8163,,2024-03-23,Churned,False,Yes
SWGY13853,Rahul Khan,rahul.khan822@outlook.com,+91-72619-58436,BENGALURU,16/10/2023,Dormant,False,N
SWGY13854,Nikhil Das,nikhil.das306@hotmail.com,28085 76236,NELLORE,06-01-2024,Dormant,False,No
SWGY13855,Aadhya Reddy,aadhya.reddy318@hotmail.com,+91-55256-87088, Kochi ,02-11-2024,Churned,True,N
SWGY13856,Diya Kapoor,diya.kapoor563@yahoo.com,54137 28291, Kochi ,2023-10-24,Dormant,False,0
SWGY13857,Divya Menon,divya.menon948@hotmail.com,,Hyderabad,2023-09-22,Swiggy One Member,True,Y
SWGY13858,Pooja Reddy,pooja.reddy805@gmail.co,913874848936,Kochi,10-19-2023,Frequent Orderer,False,Y
SWGY13859,Reyansh Khan,reyansh.khan479@hotmail.com,913742141570,bengaluru,2024-12-28,New,False,No
SWGY13860,Vivaan Rao,vivaan.rao415@gmail.com,+91-44761-49434,kolkata,2023-06-05,Frequent Orderer,False,No
SWGY13861,Sai Mehta,sai.mehta786@outlook.com,54523 55897,lucknow,25/10/2024,New,False,Yes
SWGY13862,Diya Das,diya.das887@gmail.com,09922 93466, Delhi ,2024-03-14,New,True,1
SWGY13863,Priya Menon,priya.menon607@outlook.com,,Nellore,01-16-2024,Frequent Orderer,False,
SWGY13864,Reyansh Shetty,reyansh.shetty898@yahoo.com,+91-61982-85904, Lucknow ,2024-06-22,Swiggy One Member,True,Yes
SWGY13865,Riya Menon,riya.menon847@yahoo.com,01301 13263, Noida ,01-11-2024,Dormant,True,yes
SWGY13866,Riya Mehta,riya.mehta990@outlook.com,(153) 912-2190,KOLKATA,07-31-2024,Swiggy One Member,True,0
SWGY13867,Vivaan Khan,,4469442110, Kolkata ,2025-01-05,New,False,Yes
SWGY13868,Diya Patel,diya.patel642@gmail.com,(187) 104-0446, Ahmedabad ,2023-07-09,Frequent Orderer,False,Y
SWGY13869,Arjun Malhotra,arjun.malhotra756@hotmail.com,(790) 573-5805,Chennai,10/07/2023,Churned,False,N
SWGY13870,Ishaan Malhotra,ishaan.malhotra783@gmail.com,, Vijayawada ,11-11-2023,Churned,False,
SWGY13871,Karthik Menon,karthik.menon794@gmail.co,(890) 330-3937,Kochi,2024-10-28,Churned,False,Yes
SWGY13872,Karthik Reddy,karthik.reddy292@outlook.com,+91-71813-41029, Noida ,2023-10-18,New,True,0
SWGY13873,Riya Reddy,riya.reddy977@outlook.com,+91-10670-76967,NOIDA,27/05/2025,Swiggy One Member,True,No
SWGY13874,Pooja Iyer,pooja.iyer408@hotmail.com,7810528941, Gurugram ,2023-09-16,Frequent Orderer,False,No
SWGY13875,Anika Das,anika.das388@gmail.co,+91-90541-16691,pune,2023-10-08,Swiggy One Member,True,yes
SWGY13876,Aarav Khan,aarav.khan787@hotmail.com,+91-96976-86990, Delhi ,04-07-2024,New,False,Y
SWGY13877,Anika Reddy,anika.reddy887@gmail.co,+91-04970-38341,KOLKATA,2023-06-13,Frequent Orderer,False,No
SWGY13878,Aditya Das,ADITYA.DAS552@YAHOO.COM,+91-78490-82456,pune,2024-10-09,Dormant,False,Y
SWGY13879,Aarav Reddy,aarav.reddy202@hotmail.com,913540357133,hyderabad,16/07/2023,New,False,
SWGY13880,Reyansh Joshi,reyansh.joshi666@outlook.com,7351549606,Nellore,15/08/2023,New,True,0
SWGY13881,Aadhya Rao,aadhya.rao415@hotmail.com,918549751579,Gurugram,2023-09-01,New,False,1
SWGY13882,Vikram Malhotra,vikram.malhotra415@gmail.com,(301) 798-2109,HYDERABAD,30/10/2023,Frequent Orderer,False,N
SWGY13883,Nikhil Singh,nikhil.singh575@yahoo.com,,Delhi,2024-11-28,Frequent Orderer,False,Y
SWGY13884,Divya Nair,divya.nair348@hotmail.com,914996052048,DELHI,30/07/2024,New,False,Y
SWGY13885,Saanvi Joshi,saanvi.joshi384@gmail.com,916940948718,AHMEDABAD,02-05-2025,New,False,No
SWGY13886,Rohan Joshi,rohan.joshi102@outlook.com,8061870013,nellore,2023-06-07,Dormant,False,Y
SWGY13887,Reyansh Sharma,reyansh.sharma246@gmail.co,+91-72598-56842,MUMBAI,2024-08-05,New,False,1
SWGY13888,Kabir Khan,kabir.khan654@hotmail.com,+91-67363-25153,Noida,02-13-2024,Dormant,True,yes
SWGY13889,Rohan Singh,rohan.singh791@gmail.com,9047547691,Bengaluru,2024-12-07,New,False,1
SWGY13890,Riya Khan,riya.khan845@hotmail.com,917284712719,MUMBAI,19/03/2025,Churned,False,Y
SWGY13891,Neha Menon,neha.menon206@yahoo.com,(065) 597-6135,MUMBAI,02-09-2025,Dormant,False,Y
SWGY13892,Aarav Iyer,aarav.iyer675@gmail.co,0012808551,LUCKNOW,10-11-2023,Churned,False,yes
SWGY13893,Navya Bose,navya.bose713@gmail.com,,,01-31-2025,Swiggy One Member,True,0
SWGY13894,Neha Rao,neha.rao214@yahoo.com,0088950915,BENGALURU,30/06/2024,,False,1
SWGY13895,Aarav Mehta,aarav.mehta550@yahoo.com,25053 86531,JAIPUR,09/02/2024,Churned,False,yes
SWGY13896,Anika Rao,anika.rao280@outlook.com,62042 45797, Delhi ,2023-08-02,Swiggy One Member,True,No
SWGY13897,Neha Singh,neha.singh91@gmail.com,910829380743,lucknow,04-16-2025,Dormant,False,
SWGY13898,Vikram Nair,vikram.nair441@outlook.com,+91-15567-33761, Vijayawada ,2023-07-17,Frequent Orderer,False,
SWGY13899,Myra Bose,myra.bose658@hotmail.com,32460 57050,Noida,2025-05-19,Frequent Orderer,False,Y
SWGY13900,Ananya Sharma,ananya.sharma224@gmail.co,2517024552, Jaipur ,13/06/2024,Frequent Orderer,False,0
SWGY13901,Riya Singh,riya.singh565@yahoo.com,(213) 027-3220,chennai,04-07-2024,New,False,yes
SWGY13902,Aarav Sharma,aarav.sharma833@yahoo.com,79281 72724,BENGALURU,06/03/2024,Frequent Orderer,False,
SWGY13903,Myra Nair,,917628255994,ahmedabad,06-22-2023,Frequent Orderer,False,Y
SWGY13904,Priya Kapoor,priya.kapoor445@hotmail.com,13008 71062,pune,01-12-2025,Frequent Orderer,False,No
SWGY13905,Saanvi Pillai,saanvi.pillai874@outlook.com,64956 65660,Hyderabad,19/09/2023,Frequent Orderer,False,0
SWGY13906,Rohan Iyer,rohan.iyer596@gmail.co,(273) 485-7949,Chennai,04-16-2024,New,False,yes
SWGY13907,Karthik Menon,karthik.menon229@gmail.co,,delhi,08-20-2024,Frequent Orderer,False,No
SWGY13908,Ananya Sharma,ananya.sharma558@outlook.com,+91-89768-11655,Delhi,23/10/2023,New,False,Yes
SWGY13909,Pooja Malhotra,pooja.malhotra381@gmail.co,0048690802, Gurugram ,08-06-2024,Swiggy One Member,True,Y
SWGY13910,Reyansh Rao,reyansh.rao318@yahoo.com,917497847522,Vijayawada,16/06/2023,Dormant,False,1
SWGY13911,Aditya Khan,aditya.khan758@gmail.co,(952) 043-0160,KOLKATA,08/12/2023,Dormant,False,N
SWGY13912,Priya Kapoor,priya.kapoor492@yahoo.com,(846) 858-5760,Pune,03-01-2025,Swiggy One Member,True,1
SWGY13913,Pari Das,pari.das168@hotmail.com,(188) 194-0548, Vijayawada ,01-10-2025,Frequent Orderer,False,1
SWGY13914,Divya Nair,divya.nair370@hotmail.com,83076 82054, Vijayawada ,2023-08-23,Dormant,False,Y
SWGY13915,Rahul Rao,rahul.rao769@hotmail.com,+91-62743-68485,,2023-10-07,Dormant,True,No
SWGY13916,Sai Menon,sai.menon284@outlook.com,05710 62080,,2023-11-26,Frequent Orderer,False,No
SWGY13917,Nikhil Verma,nikhil.verma519@gmail.co,,Chennai,2023-08-30,New,False,No
SWGY13918,Ira Bose,ira.bose529@yahoo.com,,Nellore,28/04/2024,Frequent Orderer,False,Yes
SWGY13919,Reyansh Joshi,REYANSH.JOSHI812@GMAIL.COM,(849) 525-4003,Mumbai,11-27-2024,Dormant,False,N
SWGY13920,Ayaan Khan,ayaan.khan518@hotmail.com,9269116164, Gurugram ,28/06/2024,Churned,False,N
SWGY13921,Reyansh Mehta,reyansh.mehta526@hotmail.com,917876824584,kolkata,2024-01-15,Swiggy One Member,True,0
SWGY13922,Aadhya Nair,aadhya.nair709@hotmail.com,52405 41683,Lucknow,10/08/2024,Frequent Orderer,False,Y
SWGY13923,Ishaan Menon,ishaan.menon34@yahoo.com,05544 02741,gurugram,2023-11-30,Swiggy One Member,True,Y
SWGY13924,Aarav Khan,aarav.khan765@gmail.co,04266 13676,nellore,01-27-2025,Swiggy One Member,False,1
SWGY13925,Arjun Bose,arjun.bose526@gmail.com,(120) 132-7968,pune,05-01-2025,Churned,False,0
SWGY13926,Ananya Nair,ANANYA.NAIR859@GMAIL.COM,8105939030,mumbai,08-29-2023,Frequent Orderer,False,No
SWGY13927,Saanvi Kapoor,saanvi.kapoor824@hotmail.com,(783) 401-0772,Ahmedabad,2023-06-23,New,True,No
SWGY13928,Neha Verma,neha.verma441@gmail.com,(438) 291-3539,Vijayawada,12-11-2024,Churned,False,No
SWGY13929,Anika Kapoor,anika.kapoor237@gmail.com,,delhi,09-21-2024,Frequent Orderer,False,1
SWGY13930,Nikhil Menon,nikhil.menon470@hotmail.com,88557 63416,lucknow,2025-01-29,Swiggy One Member,True,No
SWGY13931,Nikhil Mehta,nikhil.mehta462@yahoo.com,+91-04574-12986,CHENNAI,30/06/2023,Swiggy One Member,True,
SWGY13932,Nikhil Pillai,nikhil.pillai225@gmail.com,, Kochi ,06-29-2023,Dormant,False,Y
SWGY13933,Navya Joshi,navya.joshi642@yahoo.com,23548 36625, Nellore ,06/11/2023,Dormant,False,No
SWGY13934,Navya Patel,navya.patel152@gmail.com,,Delhi,2024-01-07,Swiggy One Member,True,1
SWGY13935,Karthik Gupta,karthik.gupta494@yahoo.com,,nellore,2024-05-09,New,False,Yes
SWGY13936,Divya Verma,divya.verma103@gmail.com,32036 09603, Hyderabad ,22/11/2024,Swiggy One Member,True,0
SWGY13937,Pooja Gupta,pooja.gupta136@hotmail.com,,Delhi,2024-07-16,Swiggy One Member,False,Y
SWGY13938,Kabir Gupta,kabir.gupta748@hotmail.com,(044) 600-7919,VIJAYAWADA,2024-02-02,Frequent Orderer,False,1
SWGY13939,Ira Nair,ira.nair56@outlook.com,(997) 805-5014,BENGALURU,2023-11-29,,False,No
SWGY13940,Ishaan Gupta,ishaan.gupta141@gmail.com,,AHMEDABAD,13/08/2024,Frequent Orderer,False,1
SWGY13941,Diya Bose,diya.bose812@outlook.com,(914) 859-6189, Chennai ,11/02/2025,New,False,1
SWGY13942,Ayaan Joshi,ayaan.joshi16@gmail.com,+91-12792-42628,Hyderabad,23/02/2025,Churned,False,Yes
SWGY13943,Myra Reddy,myra.reddy212@yahoo.com,+91-17114-67530,kolkata,26/11/2024,Swiggy One Member,True,Yes
SWGY13944,Ananya Das,ananya.das887@gmail.com,+91-76799-18244,gurugram,2023-07-08,Dormant,False,N
SWGY13945,Arjun Rao,arjun.rao952@hotmail.com,,DELHI,06-27-2023,New,False,N
SWGY13946,Karthik Patel,karthik.patel902@yahoo.com,4140551629, Mumbai ,2023-12-25,New,False,No
SWGY13947,Saanvi Reddy,saanvi.reddy286@hotmail.com,1746487820,ahmedabad,08-04-2024,Swiggy One Member,True,Y
SWGY13948,Vivaan Kapoor,vivaan.kapoor394@outlook.com,,Pune,26/09/2024,New,False,yes
SWGY13949,Neha Malhotra,neha.malhotra150@gmail.com,(272) 596-7347,MUMBAI,07-23-2024,Frequent Orderer,False,No
SWGY13950,Pari Bose,pari.bose257@gmail.co,(560) 915-7541, Chennai ,05-14-2025,Dormant,False,0
SWGY13951,Ishaan Rao,ishaan.rao282@yahoo.com,,kochi,2023-11-03,Swiggy One Member,True,yes
SWGY13952,Priya Nair,priya.nair430@hotmail.com,919732598960,DELHI,10-01-2023,Frequent Orderer,False,yes
SWGY13953,Pari Das,pari.das251@outlook.com,+91-28019-40945, Nellore ,17/06/2024,Swiggy One Member,True,Yes
SWGY13954,Karthik Reddy,karthik.reddy269@hotmail.com,5053623607,GURUGRAM,16/08/2023,Frequent Orderer,False,N
SWGY13955,Myra Menon,myra.menon584@gmail.co,5215724895, Jaipur ,20/06/2023,Frequent Orderer,False,yes
SWGY13956,Aadhya Menon,,70046 66052, Hyderabad ,02-01-2025,Churned,False,No
SWGY13957,Vikram Iyer,VIKRAM.IYER339@YAHOO.COM,914091917066,KOCHI,03/04/2024,Frequent Orderer,False,yes
SWGY13958,Anika Shetty,anika.shetty806@gmail.com,40915 58167,MUMBAI,2025-05-22,Swiggy One Member,True,
SWGY13959,Aarav Menon,aarav.menon189@gmail.co,36193 28875,vijayawada,11/11/2024,New,False,0
SWGY13960,Pooja Bose,pooja.bose256@gmail.co,+91-79752-54217,Noida,25/09/2024,Frequent Orderer,False,yes
SWGY13961,Karthik Shetty,karthik.shetty765@gmail.co,,noida,05-15-2025,Frequent Orderer,False,Yes
SWGY13962,Ayaan Shetty,ayaan.shetty116@gmail.com,(898) 726-9059, Ahmedabad ,2024-05-10,Dormant,False,N
SWGY13963,Pari Patel,pari.patel992@hotmail.com,9818370394,VIJAYAWADA,10-08-2023,Dormant,False,No
SWGY13964,Rahul Nair,rahul.nair47@gmail.co,4976740028, Kochi ,02/03/2025,Frequent Orderer,False,No
SWGY13965,Aadhya Sharma,aadhya.sharma536@outlook.com,47882 55661,LUCKNOW,07/09/2024,Frequent Orderer,True,Yes
SWGY13966,Vikram Malhotra,vikram.malhotra136@gmail.co,(406) 470-8870,,12-20-2024,Dormant,False,No
SWGY13967,Rohan Mehta,rohan.mehta155@gmail.co,+91-58794-32050,Ahmedabad,06-24-2023,Frequent Orderer,True,yes
SWGY13968,Sneha Patel,sneha.patel834@gmail.co,(542) 233-6069,KOLKATA,10/05/2024,Swiggy One Member,True,
SWGY13969,Arjun Pillai,arjun.pillai162@gmail.com,912995961708,ahmedabad,11/08/2024,Swiggy One Member,True,No
SWGY13970,Navya Malhotra,navya.malhotra829@gmail.com,94125 47246,DELHI,2024-08-16,Frequent Orderer,False,N
SWGY13971,Krishna Khan,krishna.khan756@outlook.com,(894) 366-6470,nellore,05-10-2025,Dormant,False,
SWGY13972,Ishaan Pillai,ishaan.pillai690@gmail.com,, Vijayawada ,07-13-2024,New,False,1
SWGY13973,Reyansh Kapoor,reyansh.kapoor427@hotmail.com,51717 11882,Jaipur,2023-10-15,Dormant,True,No
SWGY13974,Myra Iyer,myra.iyer664@hotmail.com,, Hyderabad ,19/06/2024,Dormant,False,1
SWGY13975,Aarav Patel,aarav.patel460@yahoo.com,41402 26956,Hyderabad,02-16-2024,Frequent Orderer,True,yes
SWGY13976,Anika Menon,anika.menon153@hotmail.com,+91-39884-37721,JAIPUR,03-18-2025,Frequent Orderer,False,No
SWGY13977,Navya Khan,navya.khan994@hotmail.com,(204) 868-1820,Lucknow,2023-08-27,Dormant,False,Y
SWGY13978,Ananya Verma,ananya.verma183@gmail.com,914456863146, Kolkata ,2025-01-21,Swiggy One Member,True,yes
SWGY13979,Priya Gupta,priya.gupta347@outlook.com,,Kochi,08/09/2023,Frequent Orderer,False,Yes
SWGY13980,Pari Verma,pari.verma244@hotmail.com,22821 02152,,09-18-2024,,True,yes
SWGY13981,Nikhil Reddy,nikhil.reddy903@yahoo.com,+91-17791-85064, Gurugram ,05-28-2025,Dormant,True,
SWGY13982,Sai Iyer,sai.iyer120@outlook.com,, Bengaluru ,01-09-2024,Frequent Orderer,False,
SWGY13983,Aadhya Patel,aadhya.patel625@yahoo.com,+91-32239-47800,mumbai,2024-03-16,New,False,0
SWGY13984,Myra Reddy,myra.reddy546@outlook.com,918010999734,,06-19-2024,Swiggy One Member,True,Yes
SWGY13985,Ayaan Das,ayaan.das406@yahoo.com,916259722370,Bengaluru,04/06/2024,,False,yes
SWGY13986,Reyansh Bose,REYANSH.BOSE96@GMAIL.CO,, Nellore ,02-12-2024,Churned,False,Y
SWGY13987,Ira Iyer,ira.iyer816@yahoo.com,8248580257,nellore,09-10-2024,Frequent Orderer,False,N
SWGY13988,Ira Kapoor,ira.kapoor448@outlook.com,28855 18955,delhi,20/05/2024,New,True,N
SWGY13989,Ayaan Das,ayaan.das113@outlook.com,11105 59794,DELHI,12-30-2023,Dormant,False,N
SWGY13990,Neha Rao,neha.rao169@hotmail.com,,mumbai,07/02/2024,New,False,0
SWGY13991,Aarav Singh,aarav.singh747@hotmail.com,(417) 657-0779,Pune,2024-07-18,Frequent Orderer,False,Yes
SWGY13992,Vivaan Patel,vivaan.patel496@gmail.com,, Delhi ,2024-06-11,Dormant,False,
SWGY13993,Kabir Bose,kabir.bose894@gmail.com,+91-27151-33269,Delhi,01-07-2024,New,False,
SWGY13994,Divya Patel,divya.patel787@outlook.com,+91-86002-19124, Kochi ,08-04-2024,Frequent Orderer,False,yes
SWGY13995,Ayaan Joshi,ayaan.joshi615@yahoo.com,17484 87415,Vijayawada,2024-07-23,Dormant,False,No
SWGY13996,Krishna Joshi,krishna.joshi536@gmail.com,(174) 738-3669,,2024-04-12,,True,N
SWGY13997,Divya Menon,divya.menon898@outlook.com,915536555605,CHENNAI,2025-02-20,,True,N
SWGY13998,Anika Pillai,anika.pillai126@yahoo.com,+91-06831-29285,JAIPUR,20/10/2023,Frequent Orderer,False,No
SWGY13999,Kabir Khan,kabir.khan89@outlook.com,2586217008,Vijayawada,2023-07-08,Frequent Orderer,True,Y
SWGY14000,Ira Pillai,ira.pillai548@yahoo.com,(798) 405-8273,lucknow,08-21-2023,New,True,0
SWGY14001,Diya Shetty,diya.shetty598@yahoo.com,,NELLORE,2025-01-18,Churned,False,
SWGY14002,Priya Singh,priya.singh332@gmail.co,(512) 253-7698,HYDERABAD,05-20-2024,Swiggy One Member,True,Y
SWGY14003,Sneha Rao,sneha.rao17@gmail.co,, Noida ,01/09/2023,Dormant,False,
SWGY14004,Saanvi Rao,saanvi.rao822@yahoo.com,(742) 328-9310,Chennai,25/02/2025,New,False,yes
SWGY14005,Ayaan Verma,ayaan.verma217@gmail.co,15928 22496,KOLKATA,24/12/2023,Dormant,False,0
SWGY14006,Ira Joshi,ira.joshi909@outlook.com,,MUMBAI,2024-08-01,,True,Yes
SWGY14007,Aditya Verma,aditya.verma614@gmail.com,, Lucknow ,2024-05-06,Swiggy One Member,True,N
SWGY14008,Nikhil Das,nikhil.das452@yahoo.com,917565619112,noida,04-11-2024,Dormant,False,Yes
SWGY14009,Krishna Verma,,+91-75028-87338, Mumbai ,26/10/2023,Frequent Orderer,False,1
SWGY14010,Krishna Shetty,krishna.shetty452@gmail.co,, Nellore ,2025-05-18,Frequent Orderer,False,0
SWGY14011,Ananya Mehta,ananya.mehta296@outlook.com,6559151782,AHMEDABAD,2024-11-21,New,False,1
SWGY14012,Vivaan Nair,vivaan.nair609@hotmail.com,82372 24282,mumbai,09/04/2024,New,False,Y
SWGY14013,Ira Verma,ira.verma245@gmail.com,,lucknow,23/08/2024,New,False,yes
SWGY14014,Ayaan Verma,ayaan.verma289@hotmail.com,(055) 480-0572,LUCKNOW,05-13-2024,New,False,yes
SWGY14015,Krishna Shetty,krishna.shetty166@yahoo.com,+91-21532-82332,Hyderabad,07-24-2023,Churned,False,0
SWGY14016,Karthik Reddy,karthik.reddy396@gmail.com,0787211384,Kochi,19/06/2024,New,False,Yes
SWGY14017,Reyansh Nair,reyansh.nair998@gmail.com,(382) 955-3631, Gurugram ,02-24-2024,Dormant,False,N
SWGY14018,Myra Verma,MYRA.VERMA672@GMAIL.CO,,Hyderabad,21/12/2024,Dormant,False,
SWGY14019,Rohan Sharma,rohan.sharma47@hotmail.com,(535) 216-2296,DELHI,2024-01-12,Dormant,False,No
SWGY14020,Neha Reddy,neha.reddy86@yahoo.com,+91-41812-91686, Vijayawada ,2024-11-22,Dormant,False,1
SWGY14021,Pooja Patel,pooja.patel850@hotmail.com,+91-78677-71109,KOLKATA,2023-08-13,,False,Y
SWGY14022,Aarav Joshi,aarav.joshi89@gmail.co,916285916915,AHMEDABAD,2024-07-12,Churned,False,No
SWGY14023,Aarav Sharma,aarav.sharma42@hotmail.com,+91-73377-99793,hyderabad,08-12-2024,Frequent Orderer,False,N
SWGY14024,Saanvi Khan,saanvi.khan415@hotmail.com,7325744338,GURUGRAM,2024-03-18,Swiggy One Member,True,yes
SWGY14025,Rahul Reddy,rahul.reddy629@gmail.com,6862113759,kochi,02-15-2024,New,False,
SWGY14026,Priya Nair,priya.nair205@hotmail.com,+91-81826-95490,Bengaluru,06-21-2024,Frequent Orderer,False,Yes
SWGY14027,Nikhil Singh,nikhil.singh818@hotmail.com,914463302973,lucknow,11-18-2024,Dormant,True,Y
SWGY14028,Neha Kapoor,neha.kapoor163@gmail.com,+91-83906-84005,,08/04/2024,New,False,N
SWGY14029,Riya Singh,riya.singh618@outlook.com,912013303422,pune,10-06-2023,Dormant,False,No
SWGY14030,Navya Nair,NAVYA.NAIR394@OUTLOOK.COM,919484645569,,2024-03-23,Frequent Orderer,False,N
SWGY14031,Saanvi Das,saanvi.das252@outlook.com,, Chennai ,2024-04-21,Frequent Orderer,False,yes
SWGY14032,Pooja Singh,pooja.singh93@yahoo.com,(704) 379-6508,DELHI,2023-08-01,Swiggy One Member,True,
SWGY14033,Divya Iyer,,, Chennai ,18/09/2023,Swiggy One Member,True,Y
SWGY14034,Vivaan Kapoor,vivaan.kapoor472@gmail.co,914251081658,,01-18-2024,Churned,False,
SWGY14035,Aditya Gupta,aditya.gupta504@gmail.co,913162797066,vijayawada,08/07/2024,Dormant,False,No
SWGY14036,Ananya Menon,ananya.menon904@gmail.co,917536668028,bengaluru,09/02/2024,Dormant,False,No
SWGY14037,Karthik Menon,karthik.menon115@gmail.co,5958398215,Kochi,06-10-2024,Frequent Orderer,False,1
SWGY14038,Rohan Mehta,rohan.mehta413@gmail.co,910855443644,CHENNAI,26/06/2024,Churned,False,yes
SWGY14039,Rahul Kapoor,rahul.kapoor486@gmail.co,3849169715, Vijayawada ,06-13-2023,Swiggy One Member,True,Y
SWGY14040,Nikhil Bose,nikhil.bose256@yahoo.com,+91-18626-47788,VIJAYAWADA,04-05-2024,Swiggy One Member,True,0
SWGY14041,Neha Joshi,neha.joshi653@gmail.com,(193) 902-0014,Kolkata,2024-08-01,New,False,0
SWGY14042,Arjun Menon,arjun.menon28@hotmail.com,+91-72247-24243,,31/03/2024,Dormant,False,0
SWGY14043,Sneha Sharma,sneha.sharma830@yahoo.com,910679928463,,23/03/2025,Swiggy One Member,True,1
SWGY14044,Saanvi Rao,saanvi.rao546@gmail.com,+91-75970-11908,noida,24/11/2023,New,True,yes
SWGY14045,Riya Verma,riya.verma536@hotmail.com,+91-58120-27258,Pune,29/08/2023,Churned,False,No
SWGY14046,Aadhya Malhotra,aadhya.malhotra454@yahoo.com,(328) 515-5297,VIJAYAWADA,05-14-2024,,False,0
SWGY14047,Aadhya Kapoor,aadhya.kapoor178@yahoo.com,+91-68287-80897, Gurugram ,09-28-2023,,True,yes
SWGY14048,Pari Nair,pari.nair751@gmail.co,,lucknow,07-26-2023,Frequent Orderer,False,N
SWGY14049,Ishaan Reddy,ishaan.reddy735@hotmail.com,6043668995,Delhi,20/03/2024,Swiggy One Member,True,No
SWGY14050,Ishaan Malhotra,ishaan.malhotra856@gmail.co,, Pune ,19/01/2024,Frequent Orderer,False,0
SWGY14051,Aarav Joshi,aarav.joshi171@outlook.com,(792) 682-4837,Nellore,31/07/2024,,False,Yes
SWGY14052,Saanvi Gupta,saanvi.gupta996@yahoo.com,(519) 573-0097, Noida ,20/03/2025,Swiggy One Member,True,Y
SWGY14053,Ayaan Malhotra,ayaan.malhotra88@gmail.com,5064533495,HYDERABAD,02/04/2024,Swiggy One Member,True,Yes
SWGY14054,Ishaan Singh,ishaan.singh444@outlook.com,914808522824, Nellore ,08/05/2025,Frequent Orderer,False,N
SWGY14055,Arjun Singh,arjun.singh321@hotmail.com,,Kolkata,17/11/2023,Churned,False,
SWGY14056,Ira Menon,ira.menon976@yahoo.com,, Gurugram ,15/05/2025,Churned,True,No
SWGY14057,Pooja Shetty,pooja.shetty755@yahoo.com,+91-70970-49221,jaipur,18/01/2025,Swiggy One Member,True,No
SWGY14058,Sneha Nair,sneha.nair493@outlook.com,915470788359,mumbai,31/01/2025,Swiggy One Member,True,
SWGY14059,Arjun Das,arjun.das136@gmail.com,916550990701,mumbai,2023-10-13,Swiggy One Member,True,Yes
SWGY14060,Diya Bose,,36124 03601, Chennai ,08-29-2024,New,False,Y
SWGY14061,Myra Sharma,MYRA.SHARMA701@OUTLOOK.COM,63568 87955,Vijayawada,2023-09-14,Frequent Orderer,True,Yes
SWGY14062,Vikram Chatterjee,vikram.chatterjee493@gmail.com,,delhi,2025-02-01,Churned,False,Yes
SWGY14063,Aditya Kapoor,aditya.kapoor882@hotmail.com,06032 61244,BENGALURU,13/04/2024,Frequent Orderer,True,yes
SWGY14064,Vikram Pillai,vikram.pillai958@hotmail.com,913470724625,,05-20-2024,Frequent Orderer,False,0
SWGY14065,Anika Mehta,anika.mehta496@yahoo.com,+91-36083-52339, Delhi ,2023-07-31,Frequent Orderer,True,
SWGY14066,Karthik Kapoor,karthik.kapoor995@hotmail.com,919282313197,Kochi,2025-05-31,Churned,False,N
SWGY14067,Vivaan Mehta,vivaan.mehta108@gmail.co,,ahmedabad,24/05/2024,Dormant,False,No
SWGY14068,Krishna Singh,krishna.singh871@gmail.co,72405 39477,AHMEDABAD,2025-04-07,Churned,False,N
SWGY14069,Sai Patel,sai.patel440@outlook.com,,Kolkata,2023-09-10,Frequent Orderer,False,N
SWGY14070,Ayaan Gupta,ayaan.gupta52@gmail.co,50142 75526,kolkata,12/06/2023,Frequent Orderer,False,Yes
SWGY14071,Rahul Khan,rahul.khan255@gmail.co,, Gurugram ,06-30-2023,New,False,No
SWGY14072,Vikram Menon,vikram.menon411@gmail.com,3271471185,VIJAYAWADA,12-14-2024,New,True,Yes
SWGY14073,Aadhya Pillai,aadhya.pillai446@gmail.com,912129887466,BENGALURU,22/07/2024,Swiggy One Member,True,No
SWGY14074,Priya Chatterjee,,+91-19263-39309, Mumbai ,10-15-2023,Dormant,False,1
SWGY14075,Anika Iyer,anika.iyer820@outlook.com,+91-48186-95596, Delhi ,12-26-2024,Frequent Orderer,True,No
SWGY14076,Ayaan Pillai,ayaan.pillai983@yahoo.com,(030) 827-3636, Bengaluru ,10/05/2025,Swiggy One Member,True,1
SWGY14077,Saanvi Pillai,saanvi.pillai951@outlook.com,2275044656,Kolkata,2024-05-27,Dormant,False,0
SWGY14078,Rahul Iyer,rahul.iyer565@hotmail.com,+91-58491-65849,ahmedabad,08/02/2025,Dormant,False,No
SWGY14079,Saanvi Malhotra,saanvi.malhotra226@outlook.com,(850) 308-3892,noida,06-23-2024,New,False,Yes
SWGY14080,Aarav Shetty,aarav.shetty168@gmail.com,,noida,2023-08-07,Churned,False,yes
SWGY14081,Neha Sharma,neha.sharma583@gmail.com,5735972804, Mumbai ,27/07/2023,Dormant,False,yes
SWGY14082,Aadhya Menon,aadhya.menon608@hotmail.com,74270 18972,vijayawada,02-11-2024,New,True,
SWGY14083,Riya Malhotra,riya.malhotra529@hotmail.com,(303) 468-6730,Bengaluru,07-15-2024,Frequent Orderer,False,Yes
SWGY14084,Vivaan Shetty,,(268) 761-2884,Pune,03/01/2024,Frequent Orderer,False,Y
SWGY14085,Diya Singh,diya.singh874@gmail.co,918877578735,ahmedabad,23/01/2024,Frequent Orderer,False,0
SWGY14086,Vikram Singh,vikram.singh483@outlook.com,, Chennai ,26/11/2023,Frequent Orderer,False,1
SWGY14087,Arjun Malhotra,arjun.malhotra511@gmail.co,,vijayawada,11-03-2024,New,True,Y
SWGY14088,Ananya Joshi,ananya.joshi867@hotmail.com,(002) 731-3726,Lucknow,2025-03-01,Frequent Orderer,False,1
SWGY14089,Ananya Bose,ananya.bose383@yahoo.com,0211990643, Pune ,23/09/2024,Swiggy One Member,True,yes
SWGY14090,Ayaan Joshi,ayaan.joshi947@gmail.com,+91-03182-73692,Ahmedabad,09-19-2024,Frequent Orderer,False,0
SWGY14091,Priya Kapoor,priya.kapoor863@hotmail.com,47938 02839, Jaipur ,09-17-2024,New,True,No
SWGY14092,Karthik Kapoor,karthik.kapoor527@gmail.co,9030045129,Nellore,01-16-2025,Dormant,False,0
SWGY14093,Priya Joshi,priya.joshi105@hotmail.com,(110) 735-5278,mumbai,07-02-2024,New,False,No
SWGY14094,Arjun Joshi,arjun.joshi224@hotmail.com,(349) 877-8941, Jaipur ,22/05/2025,New,False,
SWGY14095,Sneha Malhotra,sneha.malhotra348@hotmail.com,+91-72334-61789, Bengaluru ,31/10/2024,Frequent Orderer,False,No
SWGY14096,Vivaan Nair,vivaan.nair128@hotmail.com,914747179938, Bengaluru ,12-29-2023,Frequent Orderer,False,yes
SWGY14097,Navya Kapoor,navya.kapoor611@hotmail.com,68551 31277,Nellore,27/07/2024,Dormant,False,Y
SWGY14098,Neha Bose,neha.bose858@yahoo.com,(129) 151-6394,Mumbai,06-01-2024,Swiggy One Member,False,Y
SWGY14099,Neha Bose,neha.bose5@hotmail.com,9817911598,PUNE,14/05/2025,,False,N
SWGY14100,Krishna Singh,krishna.singh959@gmail.co,913988913997, Bengaluru ,03-05-2025,,False,
SWGY14101,Anika Shetty,anika.shetty505@yahoo.com,+91-36752-35637,Vijayawada,10-20-2024,Dormant,False,
SWGY14102,Kabir Patel,kabir.patel651@gmail.com,, Noida ,16/05/2024,Dormant,False,Y
SWGY14103,Vikram Reddy,,(848) 399-7413,NELLORE,2024-09-20,New,False,Y
SWGY14104,Kabir Rao,kabir.rao737@hotmail.com,+91-83701-24710,Kolkata,2025-03-10,Swiggy One Member,True,N
SWGY14105,Rohan Patel,rohan.patel622@gmail.co,45276 96624,HYDERABAD,2023-08-25,New,False,
SWGY14106,Aadhya Chatterjee,aadhya.chatterjee38@gmail.co,12378 68943,HYDERABAD,09-02-2024,Frequent Orderer,False,0
SWGY14107,Priya Rao,priya.rao155@gmail.co,919548166149, Noida ,04-13-2025,Frequent Orderer,False,No
SWGY14108,Aarav Malhotra,aarav.malhotra152@hotmail.com,5909472155,JAIPUR,2023-11-14,Dormant,False,1
SWGY14109,Arjun Das,arjun.das977@hotmail.com,,,11-03-2024,Dormant,False,Yes
SWGY14110,Ira Bose,ira.bose158@outlook.com,6809634893,gurugram,01-27-2024,New,False,yes
SWGY14111,Diya Das,diya.das473@yahoo.com,,Lucknow,24/09/2024,New,False,Y
SWGY14112,Navya Chatterjee,navya.chatterjee18@gmail.com,, Chennai ,04-07-2025,New,False,Yes
SWGY14113,Arjun Sharma,arjun.sharma201@yahoo.com,21252 85520,Pune,2023-09-06,New,False,1
SWGY14114,Arjun Bose,arjun.bose346@outlook.com,(786) 796-3023, Ahmedabad ,2024-02-11,Frequent Orderer,False,Yes
SWGY14115,Vivaan Sharma,vivaan.sharma208@outlook.com,(415) 076-5233, Bengaluru ,2024-03-13,Swiggy One Member,True,No
SWGY14116,Riya Reddy,riya.reddy703@gmail.com,+91-51527-01274,Kolkata,2024-04-23,,False,0
SWGY14117,Rohan Joshi,rohan.joshi325@outlook.com,67192 24782,Lucknow,08-01-2024,Frequent Orderer,False,N
SWGY14118,Sneha Iyer,sneha.iyer512@gmail.co,+91-29270-65366,PUNE,12-10-2024,Swiggy One Member,False,No
SWGY14119,Ishaan Iyer,,(802) 298-3587, Hyderabad ,16/09/2024,Churned,False,yes
SWGY14120,Ishaan Iyer,ishaan.iyer731@hotmail.com,,Noida,2024-03-23,New,False,yes
SWGY14121,Rohan Das,rohan.das290@gmail.co,+91-32111-94701, Delhi ,2024-11-16,Frequent Orderer,False,N
SWGY14122,Nikhil Pillai,nikhil.pillai606@gmail.com,1076237855, Kolkata ,2024-01-15,Dormant,False,Y
SWGY14123,Kabir Verma,kabir.verma231@gmail.com,911206632673,mumbai,08-20-2024,Frequent Orderer,False,yes
SWGY14124,Anika Singh,anika.singh708@gmail.co,26630 59683,LUCKNOW,2023-11-05,Swiggy One Member,True,N
SWGY14125,Aditya Kapoor,aditya.kapoor605@yahoo.com,914681755795, Gurugram ,10-20-2024,Dormant,False,Yes
SWGY14126,Saanvi Chatterjee,saanvi.chatterjee399@hotmail.com,07566 38623,nellore,2025-04-01,Frequent Orderer,False,Yes
SWGY14127,Sneha Gupta,,+91-56603-56238,GURUGRAM,05/01/2025,Churned,True,1
SWGY14128,Diya Kapoor,diya.kapoor154@hotmail.com,,Nellore,08-28-2023,Frequent Orderer,False,Yes
SWGY14129,Ayaan Nair,ayaan.nair130@outlook.com,(167) 497-4899,CHENNAI,02-23-2024,,True,0
SWGY14130,Vivaan Rao,vivaan.rao526@yahoo.com,911181485061, Lucknow ,11-01-2024,New,False,0
SWGY14131,Sai Rao,sai.rao841@hotmail.com,+91-47922-29783,Ahmedabad,14/03/2024,New,False,Y
SWGY14132,Sneha Nair,sneha.nair771@hotmail.com,+91-08553-27777,jaipur,17/02/2025,Dormant,False,Yes
SWGY14133,Divya Patel,divya.patel645@hotmail.com,914766590534,,19/09/2024,New,False,
SWGY14134,Ayaan Menon,ayaan.menon572@outlook.com,+91-54562-32179,pune,08-18-2023,New,False,Yes
SWGY14135,Ishaan Malhotra,ishaan.malhotra77@gmail.co,(029) 727-2029,ahmedabad,29/06/2024,Frequent Orderer,False,yes
SWGY14136,Aadhya Pillai,aadhya.pillai316@hotmail.com,919417572308, Jaipur ,2024-09-23,New,True,Y
SWGY14137,Rohan Mehta,rohan.mehta789@outlook.com,913723423823,LUCKNOW,22/01/2025,Frequent Orderer,False,0
SWGY14138,Ananya Bose,ananya.bose203@gmail.co,8287425943,CHENNAI,08-16-2024,Frequent Orderer,False,1
SWGY14139,Riya Reddy,riya.reddy2@hotmail.com,9947662738,NOIDA,26/11/2024,New,False,0
SWGY14140,Kabir Khan,kabir.khan880@hotmail.com,3375361432,,2025-01-24,,True,
SWGY14141,Pooja Mehta,pooja.mehta626@gmail.com,,NELLORE,2024-12-04,Dormant,False,Y
SWGY14142,Saanvi Menon,saanvi.menon842@hotmail.com,1744945986,VIJAYAWADA,02-06-2025,Churned,False,Y
SWGY14143,Priya Reddy,priya.reddy192@gmail.com,+91-02927-18229,mumbai,22/10/2023,New,False,0
SWGY14144,Priya Kapoor,priya.kapoor775@outlook.com,1224714116,PUNE,06-23-2023,Churned,False,0
SWGY14145,Karthik Menon,karthik.menon315@gmail.co,+91-11776-96939,Pune,2023-07-15,Frequent Orderer,False,N
SWGY14146,Karthik Shetty,karthik.shetty469@yahoo.com,(741) 304-5047,noida,2024-09-07,Dormant,False,yes
SWGY14147,Kabir Malhotra,kabir.malhotra746@gmail.com,13659 10618,hyderabad,26/08/2024,Dormant,True,yes
SWGY14148,Ira Mehta,ira.mehta4@gmail.co,92359 55107,noida,01-14-2025,Dormant,False,yes
SWGY14149,Rohan Das,rohan.das705@hotmail.com,911476228989,GURUGRAM,06-08-2023,New,False,yes
SWGY14150,Reyansh Bose,reyansh.bose892@hotmail.com,61759 26599, Bengaluru ,12-20-2023,Dormant,False,1
SWGY14151,Navya Bose,navya.bose122@hotmail.com,,Lucknow,31/03/2025,Swiggy One Member,True,0
SWGY14152,Sai Das,,913392829811, Kochi ,2024-12-04,New,False,yes
SWGY14153,Karthik Patel,,,nellore,06-23-2023,Swiggy One Member,True,1
SWGY14154,Neha Kapoor,neha.kapoor829@yahoo.com,14900 66632,pune,09-09-2023,Swiggy One Member,True,No
SWGY14155,Pooja Mehta,pooja.mehta505@hotmail.com,(450) 549-5222, Bengaluru ,10/10/2023,,False,yes
SWGY14156,Reyansh Iyer,reyansh.iyer579@yahoo.com,917513093732, Bengaluru ,2024-06-05,Swiggy One Member,True,No
SWGY14157,Karthik Menon,karthik.menon520@gmail.com,(463) 550-6665,Bengaluru,04/12/2023,Swiggy One Member,True,No
SWGY14158,Sai Joshi,sai.joshi980@yahoo.com,72356 62578,LUCKNOW,06-28-2023,Frequent Orderer,False,No
SWGY14159,Rahul Chatterjee,rahul.chatterjee333@yahoo.com,,nellore,2024-03-20,Frequent Orderer,False,Y
SWGY14160,Priya Verma,,+91-01646-08282,LUCKNOW,16/10/2024,New,False,Y
SWGY14161,Nikhil Chatterjee,nikhil.chatterjee373@yahoo.com,27673 30229,Pune,04-07-2025,Dormant,False,yes
SWGY14162,Navya Khan,navya.khan413@gmail.com,86216 49420, Kochi ,09-01-2023,Swiggy One Member,True,No
SWGY14163,Anika Singh,anika.singh805@outlook.com,1726821556,Delhi,04-28-2024,New,False,Y
SWGY14164,Divya Sharma,divya.sharma117@gmail.co,5443961890,MUMBAI,2023-12-03,Frequent Orderer,False,1
SWGY14165,Arjun Singh,arjun.singh201@gmail.co,(699) 519-1320,chennai,2024-12-29,Swiggy One Member,True,
SWGY14166,Ayaan Malhotra,ayaan.malhotra473@gmail.co,(233) 693-9091, Pune ,2024-11-09,New,False,Yes
SWGY14167,Aarav Bose,aarav.bose467@yahoo.com,+91-82105-67338, Noida ,15/07/2023,Swiggy One Member,True,1
SWGY14168,Arjun Das,arjun.das208@outlook.com,35650 26715,,09-25-2024,,False,1
SWGY14169,Ananya Kapoor,ananya.kapoor164@gmail.co,+91-08379-08798,kochi,2024-03-04,New,False,0
SWGY14170,Diya Mehta,diya.mehta441@outlook.com,(880) 012-5390,GURUGRAM,2023-12-23,Swiggy One Member,True,No
SWGY14171,Nikhil Das,NIKHIL.DAS814@OUTLOOK.COM,(245) 171-9494,JAIPUR,02-01-2025,Dormant,False,N
SWGY14172,Priya Gupta,priya.gupta108@gmail.com,, Pune ,21/01/2024,,False,0
SWGY14173,Myra Menon,myra.menon161@yahoo.com,,JAIPUR,04-09-2025,Frequent Orderer,False,Y
SWGY14174,Arjun Chatterjee,arjun.chatterjee496@yahoo.com,917778426597,pune,2024-10-01,New,True,0
SWGY14175,Rahul Nair,rahul.nair116@gmail.com,+91-23081-83726,BENGALURU,08-10-2023,Frequent Orderer,False,yes
SWGY14176,Saanvi Patel,saanvi.patel414@gmail.co,919636996917, Lucknow ,10-05-2023,Frequent Orderer,False,Yes
SWGY14177,Aarav Reddy,aarav.reddy544@yahoo.com,1974028231,lucknow,2024-09-11,Dormant,False,Yes
SWGY14178,Sai Das,sai.das990@gmail.com,,Jaipur,07/01/2025,New,False,yes
SWGY14179,Aadhya Pillai,aadhya.pillai253@gmail.co,,gurugram,02-06-2025,Frequent Orderer,False,1
SWGY14180,Krishna Rao,krishna.rao228@yahoo.com,,NELLORE,08-18-2024,Frequent Orderer,False,
SWGY14181,Aadhya Gupta,aadhya.gupta178@outlook.com,27434 18424,vijayawada,05-21-2025,Dormant,False,Yes
SWGY14182,Neha Rao,neha.rao794@outlook.com,(396) 831-8592,NELLORE,22/09/2023,Dormant,False,
SWGY14183,Sai Kapoor,sai.kapoor448@yahoo.com,56190 80634,delhi,04-23-2024,Dormant,False,
SWGY14184,Pooja Shetty,pooja.shetty502@gmail.co,(978) 248-9182,gurugram,23/08/2024,New,False,N
SWGY14185,Karthik Joshi,karthik.joshi169@hotmail.com,+91-69528-07077,Delhi,14/03/2024,Dormant,True,1
SWGY14186,Navya Nair,navya.nair408@yahoo.com,5916543496,Delhi,09-13-2024,Swiggy One Member,True,
SWGY14187,Sai Malhotra,sai.malhotra94@yahoo.com,(110) 180-1380,VIJAYAWADA,2023-12-28,Swiggy One Member,True,0
SWGY14188,Kabir Khan,kabir.khan301@outlook.com,(890) 217-7207,gurugram,20/10/2023,Swiggy One Member,True,Y
SWGY14189,Pooja Iyer,pooja.iyer68@gmail.com,2837519828,Gurugram,19/08/2024,Swiggy One Member,True,1
SWGY14190,Ira Das,ira.das489@yahoo.com,, Vijayawada ,21/12/2023,Swiggy One Member,True,yes
SWGY14191,Neha Reddy,neha.reddy607@gmail.co,+91-94979-16171,MUMBAI,11-10-2024,Frequent Orderer,False,
SWGY14192,Aadhya Singh,aadhya.singh781@outlook.com,,LUCKNOW,06-16-2023,Swiggy One Member,True,
SWGY14193,Ananya Kapoor,ananya.kapoor955@outlook.com,9866645070,CHENNAI,2024-07-24,Dormant,False,No
SWGY14194,Krishna Rao,,,JAIPUR,11-14-2023,New,True,1
SWGY14195,Anika Iyer,anika.iyer593@yahoo.com,+91-81352-46247,CHENNAI,2023-06-14,Frequent Orderer,False,
SWGY14196,Vikram Joshi,vikram.joshi807@yahoo.com,+91-97791-09922, Bengaluru ,10-10-2023,Frequent Orderer,False,1
SWGY14197,Anika Nair,anika.nair108@outlook.com,+91-92534-60581,noida,2025-03-06,Frequent Orderer,False,N
SWGY14198,Priya Mehta,priya.mehta188@outlook.com,,mumbai,2024-01-30,Frequent Orderer,False,N
SWGY14199,Ishaan Reddy,ishaan.reddy711@yahoo.com,0770839540,CHENNAI,17/06/2024,Dormant,False,No
SWGY14200,Saanvi Sharma,saanvi.sharma258@outlook.com,+91-83038-60655,VIJAYAWADA,11-02-2024,Churned,False,No
SWGY14201,Arjun Gupta,arjun.gupta720@hotmail.com,9078243361,Nellore,03-05-2024,New,False,0
SWGY14202,Pooja Patel,pooja.patel886@gmail.co,+91-24063-83466,Bengaluru,26/11/2023,Frequent Orderer,False,yes
SWGY14203,Divya Shetty,divya.shetty583@hotmail.com,(976) 443-3125, Noida ,06-04-2024,Frequent Orderer,False,1
SWGY14204,Saanvi Sharma,saanvi.sharma406@yahoo.com,1419810250,nellore,2023-06-24,New,False,
SWGY14205,Kabir Singh,,2382781469, Pune ,05/06/2023,Churned,False,
SWGY14206,Aditya Menon,aditya.menon560@gmail.co,8738129465, Vijayawada ,11-21-2024,Frequent Orderer,False,Yes
SWGY14207,Rohan Iyer,rohan.iyer580@gmail.com,(968) 166-4017,Chennai,01-25-2025,New,False,Yes
SWGY14208,Ishaan Singh,ishaan.singh522@yahoo.com,+91-20671-46703,BENGALURU,04-30-2025,New,False,0
SWGY14209,Rahul Shetty,rahul.shetty126@outlook.com,52528 43863,KOCHI,2023-08-26,Swiggy One Member,True,No
SWGY14210,Pari Verma,PARI.VERMA472@HOTMAIL.COM,917994126428, Ahmedabad ,05-23-2024,Churned,True,
SWGY14211,Vivaan Das,vivaan.das395@gmail.co,0168618147,,2024-01-28,New,False,Y
SWGY14212,Aditya Rao,aditya.rao917@hotmail.com,916653306773,kochi,07/09/2024,Swiggy One Member,True,yes
SWGY14213,Pari Khan,pari.khan945@outlook.com,+91-71855-16877,Pune,2024-08-07,Frequent Orderer,False,yes
SWGY14214,Navya Rao,navya.rao37@yahoo.com,7611564058,PUNE,14/08/2024,Frequent Orderer,False,Y
SWGY14215,Reyansh Nair,reyansh.nair686@hotmail.com,7314309020,,12-11-2023,Churned,False,N
SWGY14216,Aadhya Shetty,aadhya.shetty102@yahoo.com,38872 40024,MUMBAI,11/10/2023,,False,Yes
SWGY14217,Nikhil Khan,nikhil.khan810@hotmail.com,,Bengaluru,06/05/2025,Dormant,False,yes
SWGY14218,Reyansh Iyer,reyansh.iyer548@outlook.com,,Ahmedabad,28/07/2024,Churned,False,Y
SWGY14219,Aadhya Chatterjee,aadhya.chatterjee955@outlook.com,915535597879, Hyderabad ,2023-11-24,Churned,False,Y
SWGY14220,Nikhil Singh,nikhil.singh468@outlook.com,2441753967,nellore,2024-08-21,Frequent Orderer,False,0
SWGY14221,Arjun Reddy,arjun.reddy344@hotmail.com,,Kochi,06-08-2023,New,False,
SWGY14222,Pooja Kapoor,pooja.kapoor266@outlook.com,01482 34799,Bengaluru,12-07-2023,Dormant,False,yes
SWGY14223,Ananya Joshi,ananya.joshi508@hotmail.com,916760696879,PUNE,03-16-2024,New,False,0
SWGY14224,Sai Verma,sai.verma663@hotmail.com,+91-00543-16704,nellore,11-23-2023,Frequent Orderer,False,Y
SWGY14225,Reyansh Nair,reyansh.nair447@gmail.co,910640646278, Chennai ,19/07/2023,Dormant,False,N
SWGY14226,Anika Sharma,anika.sharma483@outlook.com,78077 67758,,2023-12-26,New,False,No
SWGY14227,Arjun Pillai,arjun.pillai271@hotmail.com,(398) 861-1395,gurugram,2024-11-04,Frequent Orderer,False,yes
SWGY14228,Vivaan Khan,,5808178697,CHENNAI,04-05-2025,Swiggy One Member,True,
SWGY14229,Rahul Singh,rahul.singh206@outlook.com,+91-58399-52580,Kolkata,06-29-2023,Frequent Orderer,True,0
SWGY14230,Kabir Gupta,kabir.gupta651@gmail.co,+91-16659-37350,Nellore,2023-07-13,Dormant,True,Yes
SWGY14231,Aarav Chatterjee,aarav.chatterjee698@gmail.co,(192) 441-8923,MUMBAI,2025-05-08,Swiggy One Member,True,Y
SWGY14232,Krishna Joshi,krishna.joshi123@outlook.com,,Mumbai,2024-05-22,Swiggy One Member,True,0
SWGY14233,Rohan Shetty,rohan.shetty556@gmail.co,, Kochi ,07-02-2023,,False,No
SWGY14234,Arjun Pillai,arjun.pillai180@gmail.co,19816 44337,Ahmedabad,06-09-2023,Frequent Orderer,False,Yes
SWGY14235,Vivaan Pillai,vivaan.pillai86@yahoo.com,4104063314,,14/07/2024,New,False,N
SWGY14236,Aarav Verma,aarav.verma883@hotmail.com,(158) 530-8967, Jaipur ,2025-02-17,New,False,No
SWGY14237,Neha Pillai,neha.pillai744@gmail.co,911903616543,chennai,17/05/2024,Dormant,False,No
SWGY14238,Rohan Iyer,rohan.iyer237@gmail.co,,KOLKATA,17/01/2024,New,False,Y
SWGY14239,Karthik Nair,,(096) 545-9254,gurugram,05-20-2025,Frequent Orderer,False,No
SWGY14240,Myra Mehta,myra.mehta492@yahoo.com,918876100594,CHENNAI,18/11/2023,Churned,False,Yes
SWGY14241,Rahul Mehta,rahul.mehta218@gmail.com,+91-72858-02082, Vijayawada ,10/07/2023,,False,0
SWGY14242,Divya Sharma,divya.sharma645@yahoo.com,57860 15804,LUCKNOW,10-11-2023,Swiggy One Member,True,No
SWGY14243,Rohan Malhotra,rohan.malhotra307@gmail.co,913077207802,KOLKATA,01-13-2025,Frequent Orderer,True,
SWGY14244,Priya Singh,priya.singh548@hotmail.com,+91-95377-47693,vijayawada,11-27-2024,New,False,1
SWGY14245,Vikram Gupta,vikram.gupta564@outlook.com,918600542518, Bengaluru ,05-29-2025,Frequent Orderer,False,Yes
SWGY14246,Neha Das,neha.das595@hotmail.com,(509) 181-4983,Pune,2023-06-18,Frequent Orderer,False,0
SWGY14247,Rahul Das,rahul.das898@outlook.com,,Delhi,2024-11-24,Dormant,False,Yes
SWGY14248,Diya Joshi,diya.joshi962@hotmail.com,(621) 392-3816,Pune,03/03/2024,New,True,Y
SWGY14249,Rohan Rao,rohan.rao965@yahoo.com,(284) 064-5338,hyderabad,2023-10-29,,True,yes
SWGY14250,Myra Shetty,myra.shetty476@yahoo.com,71882 85332,Kochi,02-16-2025,Churned,False,1
SWGY14251,Ishaan Nair,ishaan.nair651@hotmail.com,+91-89708-74674,Mumbai,05-12-2025,Frequent Orderer,False,0
SWGY14252,Ishaan Rao,ishaan.rao861@gmail.com,910823211150,HYDERABAD,20/04/2024,Dormant,False,0
SWGY14253,Rohan Gupta,rohan.gupta820@outlook.com,(841) 457-4735, Ahmedabad ,09-09-2023,Frequent Orderer,False,1
SWGY14254,Pari Chatterjee,pari.chatterjee311@outlook.com,,gurugram,2023-08-19,Frequent Orderer,False,Yes
SWGY14255,Rohan Menon,rohan.menon278@gmail.co,913143969261,NOIDA,04-29-2024,New,False,Y
SWGY14256,Nikhil Joshi,nikhil.joshi684@outlook.com,7570974141,ahmedabad,07/02/2025,Dormant,True,Yes
SWGY14257,Ishaan Reddy,ishaan.reddy874@yahoo.com,(857) 197-5164, Ahmedabad ,05-07-2024,Swiggy One Member,True,1
SWGY14258,Pooja Bose,pooja.bose775@gmail.co,+91-10897-48542,vijayawada,04-06-2024,Dormant,False,No
SWGY14259,Sai Pillai,sai.pillai13@outlook.com,1867308562,JAIPUR,2025-03-31,Dormant,False,Y
SWGY14260,Ayaan Gupta,ayaan.gupta474@outlook.com,917136412541,pune,2023-08-30,Frequent Orderer,False,No
SWGY14261,Sneha Chatterjee,sneha.chatterjee612@gmail.co,65179 38525, Chennai ,17/12/2024,Frequent Orderer,False,
SWGY14262,Aarav Rao,aarav.rao886@gmail.co,+91-15787-29306,Kochi,06-23-2024,Frequent Orderer,True,Y
SWGY14263,Aarav Shetty,aarav.shetty384@outlook.com,32587 88702,Lucknow,2023-12-12,Frequent Orderer,False,yes
SWGY14264,Neha Rao,neha.rao106@gmail.co,6694594830,kochi,2024-07-27,Dormant,False,N
SWGY14265,Riya Pillai,riya.pillai266@yahoo.com,8974347629,Noida,2023-09-29,Swiggy One Member,True,
SWGY14266,Ishaan Singh,ishaan.singh606@yahoo.com,916224165673, Vijayawada ,07-05-2024,New,False,Yes
SWGY14267,Ananya Mehta,ananya.mehta923@outlook.com,(692) 338-3312, Mumbai ,06-09-2023,Churned,False,
SWGY14268,Saanvi Kapoor,saanvi.kapoor606@gmail.com,8438485159,Gurugram,2023-12-16,Dormant,False,Y
SWGY14269,Reyansh Gupta,reyansh.gupta951@yahoo.com,910325361443,Delhi,18/03/2024,Swiggy One Member,True,No
SWGY14270,Nikhil Khan,nikhil.khan494@hotmail.com,,,01-27-2025,Frequent Orderer,False,Y
SWGY14271,Karthik Malhotra,karthik.malhotra388@gmail.co,1527177674, Delhi ,2024-01-22,New,True,Yes
SWGY14272,Nikhil Patel,nikhil.patel271@outlook.com,919789550047, Pune ,2024-07-25,Swiggy One Member,True,0
SWGY14273,Arjun Das,arjun.das656@gmail.co,+91-29689-81928,Gurugram,11-22-2024,,False,
SWGY14274,Pooja Reddy,pooja.reddy986@outlook.com,(588) 680-2263, Gurugram ,2025-03-09,Frequent Orderer,False,yes
SWGY14275,Sneha Reddy,sneha.reddy82@gmail.co,, Jaipur ,2023-08-23,Swiggy One Member,True,
SWGY14276,Vivaan Gupta,vivaan.gupta572@gmail.com,9575552666,chennai,06-09-2024,New,False,No
SWGY14277,Ananya Das,ananya.das53@gmail.co,918451743881,Gurugram,16/06/2023,Dormant,False,Yes
SWGY14278,Neha Sharma,neha.sharma643@hotmail.com,(453) 221-7841,Vijayawada,05-04-2024,Frequent Orderer,False,0
SWGY14279,Aadhya Reddy,,(643) 962-1976,Kochi,2024-10-13,Dormant,False,N
SWGY14280,Arjun Joshi,arjun.joshi291@yahoo.com,,jaipur,07/10/2023,Frequent Orderer,False,Y
SWGY14281,Vivaan Bose,vivaan.bose276@yahoo.com,,kolkata,30/11/2023,New,False,0
SWGY14282,Reyansh Gupta,,(096) 286-8604,Nellore,04-02-2025,New,True,
SWGY14283,Diya Joshi,diya.joshi99@gmail.co,916204378815,Lucknow,03/08/2023,Frequent Orderer,False,No
SWGY14284,Aarav Bose,aarav.bose753@outlook.com,,Jaipur,12-13-2024,New,False,yes
SWGY14285,Anika Kapoor,anika.kapoor69@gmail.co,85753 94634,Hyderabad,06/03/2024,New,False,Y
SWGY14286,Aarav Bose,aarav.bose963@yahoo.com,9825162816,AHMEDABAD,12-08-2023,Frequent Orderer,False,
SWGY14287,Ira Chatterjee,ira.chatterjee856@gmail.com,+91-83449-20731,KOCHI,07-13-2024,Dormant,False,
SWGY14288,Pooja Sharma,pooja.sharma924@yahoo.com,(998) 519-6528,jaipur,27/11/2024,Swiggy One Member,False,yes
SWGY14289,Divya Verma,divya.verma501@gmail.co,,Kolkata,03-07-2024,Swiggy One Member,True,1
SWGY14290,Pooja Sharma,pooja.sharma751@gmail.co,913541989320,BENGALURU,10/06/2023,New,False,1
SWGY14291,Riya Khan,riya.khan266@yahoo.com,71578 99370, Pune ,2023-11-20,,False,0
SWGY14292,Arjun Reddy,arjun.reddy963@yahoo.com,,GURUGRAM,2024-10-29,Swiggy One Member,True,1
SWGY14293,Priya Kapoor,priya.kapoor850@gmail.com,915228039098,Delhi,2024-06-22,New,False,1
SWGY14294,Rohan Singh,rohan.singh840@outlook.com,1244977872,lucknow,11/06/2024,New,False,1
SWGY14295,Pooja Das,pooja.das243@gmail.com,+91-43424-64522,NOIDA,06-15-2023,Churned,False,yes
SWGY14296,Navya Verma,navya.verma809@hotmail.com,913782625945,PUNE,02-10-2024,Dormant,False,1
SWGY14297,Pooja Nair,pooja.nair689@hotmail.com,(676) 024-4011,MUMBAI,2024-03-29,Swiggy One Member,True,Yes
SWGY14298,Ananya Rao,ananya.rao975@gmail.com,8878441505,NELLORE,11-08-2024,New,False,0
SWGY14299,Priya Verma,priya.verma581@hotmail.com,5542283924,GURUGRAM,02-13-2024,Swiggy One Member,True,Yes
SWGY14300,Karthik Bose,karthik.bose783@yahoo.com,9394259623,mumbai,2024-09-21,New,False,No
SWGY14301,Sneha Reddy,sneha.reddy952@gmail.com,73749 76220,Noida,03/12/2023,Churned,False,yes
SWGY14302,Rahul Menon,rahul.menon658@outlook.com,,Delhi,04/02/2024,Swiggy One Member,True,Y
SWGY14303,Priya Sharma,priya.sharma639@outlook.com,5230451424, Vijayawada ,2023-10-23,New,False,
SWGY14304,Ishaan Verma,ishaan.verma172@outlook.com,915688191112,Vijayawada,01-20-2025,Churned,False,
SWGY14305,Vikram Rao,vikram.rao793@gmail.com,+91-23466-03809,Noida,2023-10-27,Frequent Orderer,False,No
SWGY14306,Pari Reddy,pari.reddy214@gmail.com,, Nellore ,10-02-2024,New,True,No
SWGY14307,Pari Gupta,pari.gupta118@outlook.com,,NELLORE,04-16-2024,Frequent Orderer,False,1
SWGY14308,Nikhil Das,nikhil.das447@yahoo.com,912889169404, Nellore ,2023-12-18,Dormant,True,0
SWGY14309,Ananya Sharma,,1860909166, Nellore ,20/05/2025,Dormant,False,Yes
SWGY14310,Vikram Bose,vikram.bose345@yahoo.com,(109) 042-9856,pune,2024-07-19,Dormant,False,N
SWGY14311,Nikhil Kapoor,nikhil.kapoor260@outlook.com,911430234599,NOIDA,20/02/2025,Frequent Orderer,False,yes
SWGY14312,Rahul Chatterjee,,+91-55760-58789, Ahmedabad ,06/08/2024,New,True,N
SWGY14313,Pooja Shetty,,918495806459, Bengaluru ,2023-11-04,Swiggy One Member,True,No
SWGY14314,Navya Malhotra,navya.malhotra985@hotmail.com,,Gurugram,16/03/2025,New,False,Yes
SWGY14315,Ananya Das,ananya.das107@yahoo.com,911575380915,nellore,09-06-2023,Frequent Orderer,False,Yes
SWGY14316,Rahul Iyer,rahul.iyer744@gmail.com,910979293625,nellore,2025-01-25,Churned,False,yes
SWGY14317,Aarav Pillai,aarav.pillai179@gmail.co,0828723885,hyderabad,10/02/2024,Dormant,False,0
SWGY14318,Diya Menon,diya.menon673@gmail.co,+91-69580-00489, Ahmedabad ,11-25-2024,Frequent Orderer,False,1
SWGY14319,Navya Menon,,, Mumbai ,07-30-2024,Frequent Orderer,False,N
SWGY14320,Ira Kapoor,ira.kapoor192@outlook.com,911995290306,gurugram,26/08/2024,Swiggy One Member,True,yes
SWGY14321,Karthik Das,karthik.das332@gmail.com,(365) 158-5434,VIJAYAWADA,2024-10-18,Frequent Orderer,False,Y
SWGY14322,Nikhil Reddy,nikhil.reddy432@yahoo.com,,hyderabad,2024-03-27,Dormant,False,No
SWGY14323,Myra Singh,myra.singh534@gmail.co,+91-86285-74331, Kochi ,24/08/2024,Dormant,False,
SWGY14324,Navya Pillai,navya.pillai22@gmail.co,,kolkata,2023-08-09,New,False,yes
SWGY14325,Rahul Singh,rahul.singh588@hotmail.com,87046 28159,JAIPUR,15/01/2024,New,False,N
SWGY14326,Vivaan Reddy,vivaan.reddy8@gmail.co,+91-66813-57631, Ahmedabad ,09-19-2023,Churned,False,Y
SWGY14327,Priya Reddy,priya.reddy521@hotmail.com,(535) 187-8638,nellore,09/02/2024,Churned,True,
SWGY14328,Karthik Iyer,karthik.iyer223@outlook.com,8890533255,kochi,04-26-2025,Frequent Orderer,False,
SWGY14329,Sneha Menon,sneha.menon402@hotmail.com,910422024458,,2024-12-11,Dormant,False,N
SWGY14330,Karthik Kapoor,karthik.kapoor32@yahoo.com,911879878592,,07-05-2023,,False,0
SWGY14331,Pari Reddy,pari.reddy970@gmail.com,,CHENNAI,09/01/2025,New,False,Y
SWGY14332,Aadhya Rao,aadhya.rao577@yahoo.com,+91-17595-21462, Bengaluru ,18/04/2024,Dormant,False,No
SWGY14333,Nikhil Joshi,nikhil.joshi706@gmail.com,,NOIDA,09-30-2024,Frequent Orderer,False,1
SWGY14334,Rohan Shetty,rohan.shetty381@gmail.com,918680498750,gurugram,2023-09-14,New,False,No
SWGY14335,Saanvi Pillai,saanvi.pillai842@hotmail.com,1759300617,lucknow,25/11/2023,New,False,yes
SWGY14336,Diya Gupta,diya.gupta208@gmail.co,87339 11584,Ahmedabad,2025-03-21,Frequent Orderer,False,N
SWGY14337,Divya Gupta,divya.gupta134@gmail.co,919935241439,hyderabad,2024-03-13,Churned,False,No
SWGY14338,Aarav Menon,aarav.menon313@outlook.com,01927 63786,,22/04/2025,Swiggy One Member,False,Yes
SWGY14339,Rohan Shetty,rohan.shetty141@outlook.com,14529 99914,Ahmedabad,2025-02-18,,False,yes
SWGY14340,Rohan Sharma,rohan.sharma751@hotmail.com,8475951865,Kolkata,10/12/2023,Dormant,False,Yes
SWGY14341,Vikram Patel,vikram.patel982@gmail.co,0532589748, Kochi ,2024-04-30,Frequent Orderer,False,Y
SWGY14342,Aditya Sharma,aditya.sharma477@gmail.co,(783) 412-7083,kolkata,28/02/2025,Churned,False,N
SWGY14343,Aarav Joshi,aarav.joshi912@yahoo.com,6573873341,MUMBAI,09-15-2023,New,False,Yes
SWGY14344,Diya Verma,diya.verma840@gmail.co,7131240132,chennai,2024-06-24,Frequent Orderer,False,
SWGY14345,Sai Singh,sai.singh967@gmail.co,912335549920, Lucknow ,30/12/2024,Dormant,False,1
SWGY14346,Vivaan Reddy,vivaan.reddy221@gmail.co,9153276395,vijayawada,2024-01-31,New,False,yes
SWGY14347,Rohan Iyer,rohan.iyer348@outlook.com,(138) 436-6113,lucknow,05/01/2024,Frequent Orderer,True,
SWGY14348,Divya Joshi,,+91-99890-01118,ahmedabad,2025-04-19,Frequent Orderer,False,1
SWGY14349,Reyansh Bose,reyansh.bose548@yahoo.com,917910877980, Pune ,24/12/2024,Churned,False,1
SWGY14350,Aadhya Singh,aadhya.singh456@yahoo.com,, Chennai ,09-23-2024,Swiggy One Member,True,No
SWGY14351,Aadhya Verma,aadhya.verma717@gmail.com,27710 50183,delhi,11-05-2023,New,False,1
SWGY14352,Aditya Iyer,aditya.iyer520@yahoo.com,+91-33462-26424,Mumbai,12-27-2023,Dormant,False,No
SWGY14353,Vikram Kapoor,vikram.kapoor996@gmail.co,+91-33367-07628,chennai,21/11/2023,Frequent Orderer,True,Yes
SWGY14354,Ananya Iyer,ananya.iyer303@gmail.co,917100275789, Noida ,04-12-2024,Churned,False,
SWGY14355,Sneha Kapoor,sneha.kapoor51@yahoo.com,, Nellore ,01/10/2023,Churned,False,N
SWGY14356,Vivaan Joshi,vivaan.joshi859@gmail.co,1829131338,Delhi,07/12/2024,Frequent Orderer,False,Y
SWGY14357,Vikram Kapoor,vikram.kapoor163@yahoo.com,4463963926,Chennai,07-18-2024,Churned,False,
SWGY14358,Saanvi Pillai,saanvi.pillai95@outlook.com,,kolkata,19/12/2023,Churned,True,No
SWGY14359,Nikhil Chatterjee,nikhil.chatterjee523@outlook.com,+91-48309-88908,gurugram,15/06/2024,Dormant,False,Yes
SWGY14360,Sneha Chatterjee,sneha.chatterjee858@outlook.com,(264) 085-9551,jaipur,27/03/2024,New,False,Y
SWGY14361,Rohan Nair,rohan.nair636@gmail.co,912671697781, Nellore ,11/09/2023,Frequent Orderer,True,
SWGY14362,Priya Singh,priya.singh809@gmail.co,+91-95605-02065,mumbai,07/04/2024,Swiggy One Member,True,Y
SWGY14363,Neha Sharma,neha.sharma862@hotmail.com,(536) 263-9638, Delhi ,02-13-2024,Swiggy One Member,True,Yes
SWGY14364,Diya Patel,diya.patel535@gmail.com,, Kolkata ,05/11/2023,Frequent Orderer,False,N
SWGY14365,Sneha Pillai,SNEHA.PILLAI476@OUTLOOK.COM,12972 58871,VIJAYAWADA,08-18-2024,New,False,Y
SWGY14366,Neha Malhotra,NEHA.MALHOTRA595@GMAIL.COM,(674) 182-9430,Gurugram,28/05/2024,,False,yes
SWGY14367,Navya Patel,navya.patel46@gmail.com,5787970415,vijayawada,2023-08-06,Frequent Orderer,False,yes
SWGY14368,Kabir Iyer,kabir.iyer926@hotmail.com,2730739370,MUMBAI,01/06/2024,Churned,False,1
SWGY14369,Neha Mehta,neha.mehta666@hotmail.com,910974993757,GURUGRAM,05/05/2024,Swiggy One Member,True,Yes
SWGY14370,Karthik Malhotra,,3448466117,Pune,12/06/2024,New,True,Y
SWGY14371,Sai Verma,sai.verma866@hotmail.com,13202 72575,DELHI,14/03/2024,Frequent Orderer,False,Y
SWGY14372,Ananya Khan,ananya.khan178@yahoo.com,(011) 796-8514,Chennai,11-25-2024,Frequent Orderer,False,1
SWGY14373,Ayaan Shetty,ayaan.shetty441@gmail.co,0015631437,Ahmedabad,08-19-2023,New,False,No
SWGY14374,Krishna Patel,krishna.patel303@gmail.co,85211 01799,Nellore,27/01/2025,New,True,
SWGY14375,Vivaan Das,vivaan.das637@gmail.co,3356573294,Noida,2024-10-13,Frequent Orderer,False,Y
SWGY14376,Priya Malhotra,priya.malhotra190@hotmail.com,, Noida ,2024-11-29,Swiggy One Member,True,
SWGY14377,Vikram Nair,vikram.nair248@yahoo.com,, Kochi ,09-12-2024,Swiggy One Member,True,1
SWGY14378,Divya Das,divya.das211@outlook.com,916522897533, Nellore ,02-11-2025,Swiggy One Member,True,0
SWGY14379,Vivaan Gupta,vivaan.gupta886@hotmail.com,919976997146, Bengaluru ,11-15-2023,Dormant,False,N
SWGY14380,Arjun Joshi,arjun.joshi378@outlook.com,918348403628,gurugram,11/05/2024,Churned,False,yes
SWGY14381,Krishna Rao,krishna.rao7@hotmail.com,916898121185,gurugram,2024-12-31,Dormant,False,N
SWGY14382,Ira Nair,ira.nair396@outlook.com,,Noida,2025-01-29,Frequent Orderer,False,No
SWGY14383,Aarav Joshi,aarav.joshi838@hotmail.com,,chennai,21/09/2023,New,False,yes
SWGY14384,Saanvi Nair,saanvi.nair511@gmail.co,(863) 186-3455,delhi,20/07/2024,Churned,False,Yes
SWGY14385,Aadhya Verma,aadhya.verma116@yahoo.com,89979 01176,Ahmedabad,19/10/2024,Frequent Orderer,True,
SWGY14386,Sai Gupta,sai.gupta238@yahoo.com,,Chennai,2024-04-24,,True,
SWGY14387,Divya Menon,divya.menon971@gmail.com,(112) 840-1723,vijayawada,30/01/2025,Frequent Orderer,True,
SWGY14388,Pari Pillai,pari.pillai964@hotmail.com,910826815423,AHMEDABAD,06-09-2024,New,False,No
SWGY14389,Riya Mehta,riya.mehta592@gmail.com,1700159197,,02/11/2024,Swiggy One Member,True,yes
SWGY14390,Priya Rao,priya.rao485@hotmail.com,+91-21738-91455,hyderabad,06/03/2025,Swiggy One Member,True,yes
SWGY14391,Rohan Nair,rohan.nair159@hotmail.com,,Bengaluru,10-15-2023,Frequent Orderer,False,Yes
SWGY14392,Krishna Iyer,krishna.iyer239@yahoo.com,(913) 780-7722,ahmedabad,2025-03-13,Frequent Orderer,False,yes
SWGY14393,Rahul Chatterjee,rahul.chatterjee873@outlook.com,(930) 506-9987,lucknow,2024-01-13,New,False,1
SWGY14394,Pari Nair,pari.nair481@gmail.co,0069646901,chennai,30/01/2025,New,False,Y
SWGY14395,Priya Singh,priya.singh72@outlook.com,5105177578,Noida,09-06-2024,New,False,Y
SWGY14396,Sai Das,sai.das464@gmail.co,69091 19632, Noida ,2025-03-21,Swiggy One Member,True,1
SWGY14397,Kabir Joshi,kabir.joshi645@yahoo.com,,NELLORE,2024-08-18,New,False,No
SWGY14398,Aadhya Menon,,7058030714,,2024-05-10,,True,Yes
SWGY14399,Ira Shetty,ira.shetty90@gmail.com,9730310519,Pune,08/11/2024,Frequent Orderer,False,0
SWGY14400,Rahul Pillai,rahul.pillai270@yahoo.com,,,25/09/2023,New,False,yes
SWGY14401,Pooja Nair,pooja.nair305@gmail.com,,,05-09-2024,New,False,yes
SWGY14402,Priya Patel,priya.patel420@yahoo.com,40194 22852,Mumbai,10/09/2023,Frequent Orderer,True,N
SWGY14403,Sai Sharma,sai.sharma326@gmail.com,,ahmedabad,06/06/2023,Frequent Orderer,False,1
SWGY14404,Arjun Mehta,arjun.mehta566@hotmail.com,5199177376,Gurugram,30/03/2025,Swiggy One Member,True,Y
SWGY14405,Diya Shetty,diya.shetty289@outlook.com,915396608604,hyderabad,2024-09-12,Frequent Orderer,False,No
SWGY14406,Navya Das,navya.das200@gmail.co,919456189134,MUMBAI,03-27-2024,Dormant,False,No
SWGY14407,Priya Chatterjee,priya.chatterjee914@gmail.com,9388829563, Noida ,2024-09-25,Frequent Orderer,False,0
SWGY14408,Rahul Kapoor,rahul.kapoor786@gmail.com,,NELLORE,03/01/2025,Swiggy One Member,True,N
SWGY14409,Ayaan Sharma,ayaan.sharma908@yahoo.com,1125966795,Chennai,2024-02-23,Frequent Orderer,False,N
SWGY14410,Ira Patel,ira.patel413@yahoo.com,, Jaipur ,2024-05-25,Frequent Orderer,True,Y
SWGY14411,Myra Mehta,MYRA.MEHTA319@GMAIL.COM,9690041813, Pune ,2023-09-24,,False,Yes
SWGY14412,Aadhya Chatterjee,aadhya.chatterjee83@gmail.com,45188 93477,Noida,2024-08-10,New,False,No
SWGY14413,Aditya Sharma,aditya.sharma342@hotmail.com,917061245551,,2023-07-23,New,True,N
SWGY14414,Neha Iyer,neha.iyer44@hotmail.com,(017) 056-9490,delhi,23/03/2025,New,False,yes
SWGY14415,Pari Reddy,pari.reddy286@outlook.com,911582843656,chennai,03-07-2025,New,False,0
SWGY14416,Ira Kapoor,ira.kapoor463@hotmail.com,11745 61851,Noida,05/03/2025,Frequent Orderer,True,yes
SWGY14417,Vivaan Rao,vivaan.rao436@hotmail.com,5413214607,Nellore,12-20-2023,Dormant,False,yes
SWGY14418,Kabir Shetty,kabir.shetty663@gmail.co,(476) 505-4767,jaipur,01-18-2024,,True,1
SWGY14419,Kabir Gupta,kabir.gupta438@yahoo.com,7842374051,Hyderabad,25/10/2024,Dormant,False,1
SWGY14420,Pari Singh,pari.singh203@hotmail.com,2002873403,DELHI,28/10/2023,Swiggy One Member,True,1
SWGY14421,Saanvi Iyer,saanvi.iyer130@hotmail.com,6745208260,vijayawada,05-19-2024,,False,No
SWGY14422,Myra Patel,myra.patel131@outlook.com,910360360827,,09/09/2023,Frequent Orderer,False,
SWGY14423,Karthik Das,karthik.das364@yahoo.com,1093199389,JAIPUR,18/11/2024,Frequent Orderer,False,1
SWGY14424,Reyansh Singh,reyansh.singh430@yahoo.com,,Mumbai,2024-01-20,Frequent Orderer,False,Yes
SWGY14425,Aditya Chatterjee,aditya.chatterjee697@yahoo.com,+91-98939-60733,AHMEDABAD,28/12/2023,New,True,0
SWGY14426,Karthik Chatterjee,karthik.chatterjee271@gmail.com,+91-99889-34217,Mumbai,26/02/2024,Dormant,True,Y
SWGY14427,Arjun Patel,arjun.patel301@gmail.com,52776 55925,MUMBAI,05/12/2023,Swiggy One Member,True,Y
SWGY14428,Ananya Rao,ananya.rao308@hotmail.com,,JAIPUR,08-29-2024,Frequent Orderer,False,No
SWGY14429,Myra Verma,myra.verma154@outlook.com,913167208388,delhi,08-11-2024,New,False,0
SWGY14430,Aditya Sharma,,(940) 669-4250,nellore,22/07/2024,New,False,Y
SWGY14431,Riya Joshi,riya.joshi568@outlook.com,916219851553,pune,15/06/2024,Swiggy One Member,True,
SWGY14432,Diya Singh,diya.singh584@yahoo.com,,,27/03/2024,Frequent Orderer,False,Yes
SWGY14433,Nikhil Rao,nikhil.rao570@gmail.co,,jaipur,2024-10-29,Churned,True,1
SWGY14434,Aadhya Verma,aadhya.verma65@hotmail.com,,LUCKNOW,11-16-2023,Dormant,False,Yes
SWGY14435,Diya Singh,diya.singh156@outlook.com,,CHENNAI,2024-08-03,Frequent Orderer,False,yes
SWGY14436,Rahul Malhotra,rahul.malhotra423@yahoo.com,5608973654, Vijayawada ,20/11/2024,New,False,0
SWGY14437,Priya Verma,priya.verma194@hotmail.com,(901) 635-8751, Mumbai ,2025-04-12,New,True,Yes
SWGY14438,Arjun Khan,,+91-03449-91954,Hyderabad,20/06/2023,New,False,
SWGY14439,Krishna Shetty,krishna.shetty709@yahoo.com,, Pune ,06-21-2023,New,False,yes
SWGY14440,Aarav Sharma,aarav.sharma360@outlook.com,8680666430, Nellore ,2025-02-01,Dormant,False,
SWGY14441,Ananya Verma,ananya.verma198@gmail.co,911848177455,delhi,10-01-2024,Dormant,False,No
SWGY14442,Aditya Mehta,aditya.mehta505@outlook.com,1991431509,Kolkata,16/09/2023,Frequent Orderer,False,No
SWGY14443,Rohan Verma,,,Delhi,03-15-2025,New,False,N
SWGY14444,Reyansh Bose,reyansh.bose525@yahoo.com,,Lucknow,02-18-2024,Dormant,False,Y
SWGY14445,Arjun Das,arjun.das975@outlook.com,914210558911,VIJAYAWADA,2025-05-09,New,False,Yes
SWGY14446,Nikhil Singh,nikhil.singh259@outlook.com,(844) 043-8075,bengaluru,05-02-2025,Frequent Orderer,True,Yes
SWGY14447,Ananya Das,ananya.das324@yahoo.com,916507231341,Ahmedabad,03-04-2025,Frequent Orderer,False,0
SWGY14448,Arjun Bose,arjun.bose501@outlook.com,14808 10262,NELLORE,2024-04-01,Frequent Orderer,False,Y
SWGY14449,Ira Mehta,ira.mehta44@gmail.co,,Mumbai,01-28-2025,,True,
SWGY14450,Ayaan Menon,ayaan.menon247@gmail.com,918946662981, Mumbai ,09-01-2023,Frequent Orderer,False,N
SWGY14451,Diya Malhotra,diya.malhotra444@outlook.com,60291 93051, Ahmedabad ,2024-03-08,New,False,No
SWGY14452,Vivaan Pillai,vivaan.pillai271@gmail.co,24882 65234,Kochi,09/11/2024,Dormant,False,Yes
SWGY14453,Saanvi Singh,SAANVI.SINGH607@GMAIL.COM,(524) 154-4799,Delhi,05-22-2024,,False,1
SWGY14454,Karthik Sharma,karthik.sharma964@yahoo.com,+91-16347-01654,MUMBAI,11-15-2023,Churned,False,yes
SWGY14455,Arjun Shetty,arjun.shetty97@gmail.co,+91-19730-14111,ahmedabad,04-25-2025,New,False,Yes
SWGY14456,Sneha Khan,sneha.khan562@outlook.com,,Kolkata,27/09/2024,Swiggy One Member,True,Y
SWGY14457,Rohan Reddy,rohan.reddy61@gmail.com,+91-33139-33736, Noida ,09-03-2023,Frequent Orderer,False,yes
SWGY14458,Ayaan Bose,ayaan.bose927@gmail.co,914853124175,Vijayawada,02-08-2025,Churned,False,0
SWGY14459,Krishna Bose,krishna.bose774@gmail.co,46400 14913, Noida ,2025-03-17,Swiggy One Member,True,yes
SWGY14460,Myra Nair,myra.nair347@gmail.co,6157435513,kolkata,10-21-2023,New,False,N
SWGY14461,Rohan Sharma,rohan.sharma907@yahoo.com,916724347014,MUMBAI,28/06/2024,Dormant,False,No
SWGY14462,Vivaan Nair,vivaan.nair814@outlook.com,28906 69046, Jaipur ,20/06/2024,Swiggy One Member,True,N
SWGY14463,Vivaan Rao,vivaan.rao956@hotmail.com,,Chennai,2025-02-20,Churned,False,Yes
SWGY14464,Aarav Iyer,AARAV.IYER963@GMAIL.COM,,chennai,18/12/2023,New,False,Yes
SWGY14465,Reyansh Bose,reyansh.bose855@hotmail.com,6799714685,mumbai,03-20-2025,Frequent Orderer,False,yes
SWGY14466,Ananya Nair,ananya.nair966@gmail.com,33678 09227,nellore,09/12/2024,Churned,False,
SWGY14467,Riya Kapoor,riya.kapoor455@yahoo.com,(937) 468-6398,Gurugram,28/10/2023,Churned,False,1
SWGY14468,Kabir Kapoor,kabir.kapoor76@yahoo.com,+91-03607-37715, Delhi ,2024-10-28,Frequent Orderer,False,N
SWGY14469,Rohan Malhotra,rohan.malhotra774@yahoo.com,(807) 338-3040, Bengaluru ,06-27-2024,Churned,False,yes
SWGY14470,Priya Gupta,priya.gupta640@yahoo.com,33575 74458,kolkata,09-22-2023,New,False,
SWGY14471,Nikhil Rao,nikhil.rao953@yahoo.com,4530395194, Delhi ,01-15-2024,Frequent Orderer,True,
SWGY14472,Karthik Reddy,karthik.reddy695@hotmail.com,43366 58193,Hyderabad,02-21-2025,Frequent Orderer,True,0
SWGY14473,Aadhya Joshi,,(578) 843-4758,Lucknow,03-24-2025,New,True,Yes
SWGY14474,Anika Mehta,anika.mehta714@outlook.com,28461 59654,Mumbai,07-10-2023,Frequent Orderer,False,Yes
SWGY14475,Diya Gupta,diya.gupta388@gmail.co,+91-22655-99933,BENGALURU,08-13-2024,Frequent Orderer,False,N
SWGY14476,Ishaan Das,ishaan.das345@gmail.com,(652) 343-1946, Delhi ,06/02/2024,Churned,False,No
SWGY14477,Aadhya Menon,aadhya.menon191@outlook.com,+91-31435-60341,ahmedabad,02/11/2024,Frequent Orderer,False,Y
SWGY14478,Diya Pillai,diya.pillai28@hotmail.com,(930) 553-4009, Kochi ,06/05/2024,Dormant,True,yes
SWGY14479,Anika Sharma,anika.sharma378@yahoo.com,+91-51574-60678,,2024-03-08,New,False,Y
SWGY14480,Ayaan Mehta,ayaan.mehta808@yahoo.com,,LUCKNOW,2025-04-01,Frequent Orderer,False,yes
SWGY14481,Navya Bose,navya.bose879@outlook.com,8413892888,vijayawada,27/08/2024,Swiggy One Member,True,Yes
SWGY14482,Nikhil Bose,nikhil.bose897@yahoo.com,2835287675, Jaipur ,17/04/2024,Dormant,False,N
SWGY14483,Rohan Reddy,rohan.reddy103@outlook.com,,pune,2025-03-08,Dormant,False,1
SWGY14484,Nikhil Iyer,nikhil.iyer404@hotmail.com,67844 96411,bengaluru,01-04-2024,Frequent Orderer,False,Y
SWGY14485,Nikhil Kapoor,nikhil.kapoor154@gmail.com,919024507624, Ahmedabad ,07/06/2023,New,False,yes
SWGY14486,Riya Pillai,riya.pillai101@gmail.co,,NELLORE,17/09/2023,Dormant,False,N
SWGY14487,Reyansh Singh,reyansh.singh795@yahoo.com,(867) 417-1448,Chennai,06/11/2024,Frequent Orderer,False,No
SWGY14488,Sai Bose,sai.bose388@gmail.com,,Chennai,05-07-2024,Dormant,False,yes
SWGY14489,Krishna Pillai,krishna.pillai825@outlook.com,1238673979,Jaipur,2024-12-11,New,False,0
SWGY14490,Priya Sharma,priya.sharma596@gmail.com,912631251776,AHMEDABAD,10-11-2024,Swiggy One Member,True,0
SWGY14491,Pooja Kapoor,,08542 40128, Ahmedabad ,2023-10-02,Churned,True,No
SWGY14492,Diya Menon,diya.menon53@gmail.co,+91-70244-52098,delhi,08-29-2023,Dormant,False,No
SWGY14493,Navya Das,navya.das924@hotmail.com,(516) 850-5293,chennai,2024-12-01,New,True,Yes
SWGY14494,Myra Singh,myra.singh365@gmail.co,915448063446,Gurugram,2023-11-01,,False,N
SWGY14495,Krishna Sharma,krishna.sharma449@yahoo.com,(601) 880-3814,Gurugram,06-24-2023,New,False,
SWGY14496,Aarav Joshi,aarav.joshi84@outlook.com,(411) 164-9649, Ahmedabad ,11-20-2024,New,False,Yes
SWGY14497,Ira Mehta,ira.mehta383@hotmail.com,(080) 735-0153,jaipur,2024-04-06,Swiggy One Member,True,No
SWGY14498,Krishna Bose,KRISHNA.BOSE27@HOTMAIL.COM,+91-07170-29028,Vijayawada,2024-10-21,Swiggy One Member,True,N
SWGY14499,Pooja Iyer,pooja.iyer822@gmail.com,918837735671,gurugram,11-15-2024,New,True,1
SWGY14500,Divya Khan,divya.khan624@gmail.com,4038753596,,2024-12-14,New,True,1
SWGY14501,Krishna Chatterjee,krishna.chatterjee452@gmail.co,9574057937,Gurugram,2025-02-17,Frequent Orderer,False,1
SWGY14502,Diya Iyer,diya.iyer911@outlook.com,(141) 225-8048,vijayawada,05-13-2025,Dormant,False,No
SWGY14503,Ishaan Sharma,,7841856788,PUNE,2024-06-08,Swiggy One Member,True,No
SWGY14504,Saanvi Nair,saanvi.nair798@yahoo.com,44438 07744,Hyderabad,20/01/2025,New,False,1
SWGY14505,Vikram Verma,vikram.verma817@gmail.co,(644) 150-7958,CHENNAI,2025-04-20,Frequent Orderer,False,0
SWGY14506,Nikhil Chatterjee,nikhil.chatterjee482@gmail.com,44424 98796,delhi,23/05/2024,Dormant,False,yes
SWGY14507,Saanvi Gupta,saanvi.gupta91@yahoo.com,02999 03037,Mumbai,12-21-2023,Swiggy One Member,True,1
SWGY14508,Aadhya Nair,aadhya.nair146@gmail.com,7421066467,PUNE,01/07/2023,Dormant,False,0
SWGY14509,Vivaan Joshi,vivaan.joshi709@yahoo.com,2588523841,kolkata,06-17-2023,Frequent Orderer,False,
SWGY14510,Riya Bose,riya.bose63@gmail.co,911301035614,ahmedabad,04-10-2024,Frequent Orderer,False,Y
SWGY14511,Kabir Chatterjee,kabir.chatterjee804@outlook.com,73133 41170, Mumbai ,2023-10-03,Dormant,False,N
SWGY14512,Ananya Das,ananya.das407@hotmail.com,911775024839,Vijayawada,2024-09-27,Frequent Orderer,False,Yes
SWGY14513,Vikram Chatterjee,vikram.chatterjee621@hotmail.com,2837752235,ahmedabad,18/08/2023,Swiggy One Member,True,No
SWGY14514,Priya Khan,priya.khan338@outlook.com,0675858834,LUCKNOW,04/10/2023,Swiggy One Member,True,Yes
SWGY14515,Krishna Reddy,krishna.reddy572@gmail.com,(812) 595-4250,VIJAYAWADA,13/08/2023,New,False,yes
SWGY14516,Arjun Mehta,arjun.mehta778@outlook.com,90804 94795,ahmedabad,2023-10-07,New,False,N
SWGY14517,Vivaan Chatterjee,vivaan.chatterjee155@yahoo.com,(923) 822-0502,,2024-08-06,Frequent Orderer,False,yes
SWGY14518,Aadhya Bose,aadhya.bose546@hotmail.com,(098) 668-1986, Hyderabad ,02/07/2023,Dormant,False,0
SWGY14519,Aadhya Khan,aadhya.khan494@gmail.com,(122) 701-1923, Vijayawada ,2023-12-22,Frequent Orderer,False,
SWGY14520,Sneha Patel,sneha.patel76@hotmail.com,71967 03105, Vijayawada ,2024-01-24,Churned,False,Yes
SWGY14521,Riya Malhotra,riya.malhotra673@yahoo.com,75312 84794,DELHI,2023-06-22,Dormant,False,1
SWGY14522,Priya Iyer,priya.iyer861@outlook.com,+91-74217-87830,mumbai,19/07/2024,Frequent Orderer,False,1
SWGY14523,Reyansh Khan,reyansh.khan291@hotmail.com,+91-28966-81063,Gurugram,11/06/2024,Churned,False,Y
SWGY14524,Ishaan Bose,ishaan.bose848@outlook.com,(382) 181-0886,NOIDA,11-22-2023,Dormant,False,yes
SWGY14525,Sneha Singh,sneha.singh744@outlook.com,, Delhi ,08-20-2023,Dormant,False,0
SWGY14526,Neha Sharma,neha.sharma210@outlook.com,2762931770,,2024-08-31,Dormant,False,N
SWGY14527,Sneha Verma,sneha.verma301@gmail.com,+91-20315-91573,ahmedabad,2025-02-26,Dormant,False,Yes
SWGY14528,Diya Shetty,diya.shetty699@gmail.com,+91-18386-04008,KOLKATA,2023-09-26,Frequent Orderer,True,Y
SWGY14529,Navya Singh,navya.singh12@gmail.co,64245 81972, Delhi ,2024-12-20,Swiggy One Member,True,Y
SWGY14530,Krishna Nair,krishna.nair104@gmail.co,(366) 053-8944,AHMEDABAD,10/10/2023,Swiggy One Member,True,Yes
SWGY14531,Rohan Khan,rohan.khan209@gmail.co,,NOIDA,03-26-2024,Dormant,False,No
SWGY14532,Priya Khan,priya.khan996@outlook.com,(365) 319-3366,JAIPUR,03-02-2025,Churned,False,Yes
SWGY14533,Sai Khan,sai.khan645@outlook.com,+91-91322-55600,Noida,2024-03-06,,True,yes
SWGY14534,Sneha Khan,sneha.khan993@outlook.com,7482623298,Chennai,10-08-2024,Swiggy One Member,True,No
SWGY14535,Anika Chatterjee,anika.chatterjee827@outlook.com,914312402140,Hyderabad,05-26-2024,Dormant,False,yes
SWGY14536,Neha Pillai,neha.pillai24@gmail.com,54022 48064,Jaipur,04/11/2023,New,True,0
SWGY14537,Kabir Patel,kabir.patel526@yahoo.com,+91-00734-95381,Ahmedabad,2023-11-22,,True,0
SWGY14538,Aditya Gupta,aditya.gupta866@gmail.co,5661396110, Noida ,04-29-2025,Frequent Orderer,True,yes
SWGY14539,Myra Singh,myra.singh820@hotmail.com,+91-61485-46008,Chennai,07-03-2023,Swiggy One Member,True,yes
SWGY14540,Saanvi Khan,saanvi.khan769@gmail.co,+91-26156-84933,bengaluru,27/12/2023,Churned,False,0
SWGY14541,Anika Rao,anika.rao299@hotmail.com,,KOCHI,18/07/2024,Frequent Orderer,False,Y
SWGY14542,Navya Rao,navya.rao236@gmail.com,+91-03529-47239,Hyderabad,24/09/2023,New,False,
SWGY14543,Reyansh Malhotra,reyansh.malhotra863@outlook.com,33113 27734,Ahmedabad,09/11/2023,Churned,False,0
SWGY14544,Priya Pillai,priya.pillai940@hotmail.com,918452205979,gurugram,12-30-2024,Dormant,True,1
SWGY14545,Ananya Menon,ananya.menon113@gmail.co,(081) 832-8159, Delhi ,2025-05-20,Frequent Orderer,False,0
SWGY14546,Myra Mehta,myra.mehta476@gmail.co,59127 97288,ahmedabad,11/11/2024,Frequent Orderer,False,N
SWGY14547,Diya Bose,diya.bose61@hotmail.com,56576 80178,AHMEDABAD,19/05/2024,Dormant,False,1
SWGY14548,Aditya Das,aditya.das679@hotmail.com,(917) 231-4041,PUNE,08/03/2025,New,False,yes
SWGY14549,Nikhil Malhotra,nikhil.malhotra955@hotmail.com,(920) 058-2093, Mumbai ,10/12/2023,Frequent Orderer,False,yes
SWGY14550,Nikhil Gupta,nikhil.gupta990@outlook.com,(071) 415-8046, Nellore ,2023-09-16,Frequent Orderer,False,No
SWGY14551,Ishaan Bose,ishaan.bose844@outlook.com,919035651169, Gurugram ,2023-10-30,,False,
SWGY14552,Neha Kapoor,neha.kapoor233@gmail.com,,Ahmedabad,15/11/2024,Dormant,False,Y
SWGY14553,Saanvi Joshi,saanvi.joshi139@outlook.com,914746925976,DELHI,15/08/2024,Swiggy One Member,True,0
SWGY14554,Rohan Khan,rohan.khan144@gmail.com,+91-04078-44371,Nellore,2024-03-07,New,False,No
SWGY14555,Neha Khan,neha.khan267@gmail.com,910637631586,,17/02/2025,New,True,1
SWGY14556,Aditya Singh,aditya.singh466@gmail.com,+91-34830-86370,DELHI,28/02/2025,New,False,
SWGY14557,Priya Kapoor,,24883 14468,Bengaluru,25/08/2024,,True,Yes
SWGY14558,Aditya Bose,aditya.bose10@gmail.com,(595) 347-9576,Bengaluru,2025-04-05,Frequent Orderer,False,0
SWGY14559,Vivaan Reddy,vivaan.reddy13@yahoo.com,914727122463,hyderabad,09-05-2023,Frequent Orderer,True,yes
SWGY14560,Aditya Bose,aditya.bose323@gmail.com,(501) 468-9773,CHENNAI,12-30-2024,Frequent Orderer,False,0
SWGY14561,Pooja Malhotra,pooja.malhotra426@gmail.com,,KOLKATA,03/05/2025,Frequent Orderer,False,N
SWGY14562,Ananya Reddy,ananya.reddy108@gmail.com,,kochi,30/05/2025,Dormant,False,
SWGY14563,Karthik Patel,karthik.patel191@yahoo.com,+91-76645-80719, Lucknow ,21/12/2024,Dormant,False,1
SWGY14564,Myra Verma,myra.verma679@gmail.co,,bengaluru,11-07-2023,Frequent Orderer,False,
SWGY14565,Neha Kapoor,neha.kapoor526@outlook.com,4000237673,Jaipur,29/06/2024,New,False,No
SWGY14566,Myra Gupta,myra.gupta765@yahoo.com,4997985124,Hyderabad,07-02-2024,,False,Y
SWGY14567,Priya Khan,,,,06/02/2025,Frequent Orderer,False,N
SWGY14568,Sai Shetty,sai.shetty425@gmail.com,15048 54874,Mumbai,2024-10-26,Churned,False,Y
SWGY14569,Priya Verma,priya.verma752@hotmail.com,6642494182,nellore,08/05/2025,Swiggy One Member,True,N
SWGY14570,Divya Verma,divya.verma650@gmail.com,7499647236,Gurugram,09-22-2023,Frequent Orderer,True,No
SWGY14571,Myra Chatterjee,myra.chatterjee625@outlook.com,(049) 861-1172, Mumbai ,03-05-2024,Frequent Orderer,False,No
SWGY14572,Ayaan Mehta,ayaan.mehta640@yahoo.com,(001) 202-9895,pune,02-01-2024,Dormant,False,No
SWGY14573,Neha Joshi,neha.joshi73@yahoo.com,(340) 472-1174, Delhi ,2024-07-19,Frequent Orderer,False,Y
SWGY14574,Priya Mehta,priya.mehta26@hotmail.com,(317) 864-8971,,09-26-2024,Dormant,False,0
SWGY14575,Aadhya Verma,aadhya.verma550@gmail.com,(013) 303-4902, Jaipur ,03/06/2023,Churned,False,No
SWGY14576,Vivaan Bose,vivaan.bose904@hotmail.com,,,08-22-2023,Swiggy One Member,True,1
SWGY14577,Ishaan Pillai,ishaan.pillai358@outlook.com,+91-69094-15863,gurugram,05-01-2024,New,False,Yes
SWGY14578,Sai Khan,sai.khan679@yahoo.com,1392942872, Gurugram ,05/05/2025,Swiggy One Member,True,No
SWGY14579,Karthik Reddy,karthik.reddy19@gmail.co,3106526776, Jaipur ,2024-04-03,,False,No
SWGY14580,Myra Gupta,myra.gupta877@gmail.com,6286479231, Bengaluru ,2024-03-23,Swiggy One Member,True,No
SWGY14581,Ayaan Joshi,ayaan.joshi555@gmail.com,(642) 643-9694,Jaipur,11/03/2025,Frequent Orderer,False,No
SWGY14582,Sneha Gupta,sneha.gupta792@hotmail.com,,Kolkata,08-28-2023,Frequent Orderer,False,N
SWGY14583,Pari Reddy,pari.reddy152@gmail.co,+91-52685-30744,Noida,12-19-2024,Dormant,False,yes
SWGY14584,Karthik Patel,karthik.patel749@gmail.co,912466645029, Kolkata ,2024-08-07,Swiggy One Member,True,N
SWGY14585,Sai Reddy,sai.reddy836@outlook.com,(488) 071-9631,VIJAYAWADA,02-22-2024,Frequent Orderer,False,No
SWGY14586,Anika Khan,anika.khan854@yahoo.com,919081597324,MUMBAI,07-03-2024,Frequent Orderer,False,No
SWGY14587,Ira Gupta,ira.gupta933@gmail.co,+91-45729-98726, Pune ,2025-01-26,,False,
SWGY14588,Vikram Sharma,vikram.sharma566@outlook.com,913290971373,kochi,01-31-2025,Dormant,False,1
SWGY14589,Divya Malhotra,divya.malhotra983@hotmail.com,917277913450,hyderabad,04-30-2025,Dormant,False,N
SWGY14590,Arjun Chatterjee,arjun.chatterjee883@gmail.co,,MUMBAI,09/07/2024,Frequent Orderer,False,Yes
SWGY14591,Diya Bose,diya.bose669@gmail.co,(468) 322-7359, Delhi ,2025-05-06,Swiggy One Member,False,yes
SWGY14592,Sneha Das,sneha.das33@gmail.com,,JAIPUR,11/05/2024,Dormant,False,Yes
SWGY14593,Karthik Joshi,KARTHIK.JOSHI355@GMAIL.COM,(298) 096-5590,JAIPUR,05-01-2025,Frequent Orderer,False,No
SWGY14594,Sneha Chatterjee,sneha.chatterjee358@gmail.co,+91-08979-18836, Noida ,07/11/2024,Frequent Orderer,False,1
SWGY14595,Sneha Chatterjee,sneha.chatterjee136@gmail.com,,Vijayawada,04-18-2025,Frequent Orderer,False,Yes
SWGY14596,Navya Singh,navya.singh974@gmail.co,4227690362,bengaluru,27/07/2023,,False,N
SWGY14597,Sai Iyer,sai.iyer352@outlook.com,92627 77302, Noida ,2024-09-09,Swiggy One Member,True,N
SWGY14598,Ishaan Mehta,,919920517718, Pune ,09/07/2023,Frequent Orderer,False,yes
SWGY14599,Ayaan Nair,ayaan.nair58@gmail.co,1919756832, Hyderabad ,2023-10-02,Churned,False,yes
SWGY14600,Diya Mehta,diya.mehta303@hotmail.com,916547223030,vijayawada,12-25-2024,Churned,False,N
SWGY14601,Navya Bose,navya.bose60@yahoo.com,913472331227,Gurugram,07-08-2023,Frequent Orderer,False,No
SWGY14602,Aarav Bose,aarav.bose205@outlook.com,8077383453,nellore,2024-10-30,Churned,False,1
SWGY14603,Riya Chatterjee,RIYA.CHATTERJEE557@HOTMAIL.COM,0526866765,nellore,2024-04-20,Dormant,False,0
SWGY14604,Aarav Sharma,aarav.sharma789@gmail.com,+91-06392-49484,LUCKNOW,2025-01-01,New,False,N
SWGY14605,Rohan Singh,rohan.singh171@hotmail.com,4285177565,nellore,12-11-2023,Frequent Orderer,False,yes
SWGY14606,Aadhya Pillai,aadhya.pillai954@outlook.com,916368052457,jaipur,2023-10-06,Swiggy One Member,True,
SWGY14607,Vivaan Chatterjee,vivaan.chatterjee667@gmail.co,6553226642,ahmedabad,2024-03-21,Swiggy One Member,True,
SWGY14608,Aadhya Iyer,AADHYA.IYER246@OUTLOOK.COM,,MUMBAI,27/05/2025,Dormant,False,Y
SWGY14609,Navya Singh,navya.singh246@outlook.com,, Hyderabad ,2023-10-22,New,False,yes
SWGY14610,Diya Menon,diya.menon866@hotmail.com,,noida,2023-07-01,Swiggy One Member,True,Y
SWGY14611,Navya Joshi,navya.joshi589@outlook.com,,nellore,12-15-2023,Dormant,False,Y
SWGY14612,Rohan Pillai,rohan.pillai86@gmail.co,+91-73383-29769,Gurugram,2023-07-25,,True,No
SWGY14613,Anika Bose,anika.bose284@yahoo.com,8381645376,,20/01/2024,,False,No
SWGY14614,Navya Verma,navya.verma549@gmail.co,+91-67142-27541,mumbai,01-31-2024,Frequent Orderer,False,
SWGY14615,Ananya Mehta,ananya.mehta386@gmail.co,24944 34854,Nellore,05-08-2024,Churned,True,0
SWGY14616,Nikhil Sharma,,92428 11236,KOCHI,01-06-2025,Frequent Orderer,False,Y
SWGY14617,Anika Malhotra,,+91-50357-43395,GURUGRAM,08-31-2024,Frequent Orderer,False,
SWGY14618,Anika Malhotra,anika.malhotra298@gmail.com,8886631836,kolkata,18/01/2024,New,True,N
SWGY14619,Sai Verma,sai.verma819@gmail.com,76806 70480,HYDERABAD,26/03/2024,Dormant,False,N
SWGY14620,Rahul Sharma,rahul.sharma758@outlook.com,16720 90691,KOLKATA,2025-02-23,Dormant,True,Yes
SWGY14621,Kabir Iyer,kabir.iyer256@hotmail.com,+91-86296-62923,Kolkata,01-09-2024,,True,Y
SWGY14622,Reyansh Chatterjee,reyansh.chatterjee200@gmail.co,,KOLKATA,08-26-2024,Frequent Orderer,False,No
SWGY14623,Navya Khan,navya.khan894@gmail.co,,Lucknow,2023-10-20,New,False,1
SWGY14624,Priya Rao,priya.rao258@yahoo.com,(458) 561-9780,,11-06-2023,Frequent Orderer,False,Yes
SWGY14625,Arjun Pillai,arjun.pillai546@gmail.com,914072948831,Bengaluru,2023-09-08,Swiggy One Member,True,Yes
SWGY14626,Nikhil Kapoor,nikhil.kapoor828@gmail.co,, Ahmedabad ,2023-06-26,Dormant,False,yes
SWGY14627,Sai Nair,sai.nair290@gmail.com,,delhi,2023-06-30,New,False,N
SWGY14628,Aadhya Chatterjee,,,pune,15/09/2023,Dormant,True,0
SWGY14629,Ishaan Nair,ishaan.nair688@yahoo.com,95404 77793,Chennai,07-04-2023,Frequent Orderer,False,Y
SWGY14630,Navya Menon,navya.menon284@gmail.co,8471368643,Mumbai,2024-11-14,Swiggy One Member,True,No
SWGY14631,Priya Gupta,priya.gupta326@yahoo.com,(156) 278-3123,GURUGRAM,01-09-2024,Swiggy One Member,True,Y
SWGY14632,Saanvi Rao,,, Noida ,03/10/2024,Frequent Orderer,False,No
SWGY14633,Ayaan Patel,ayaan.patel945@gmail.co,91204 64446, Ahmedabad ,22/03/2025,Churned,False,No
SWGY14634,Kabir Shetty,kabir.shetty237@outlook.com,(490) 575-2072, Gurugram ,2024-04-07,Frequent Orderer,False,No
SWGY14635,Sneha Gupta,SNEHA.GUPTA194@YAHOO.COM,(160) 762-6506,Hyderabad,2024-03-06,New,False,0
SWGY14636,Navya Menon,navya.menon695@gmail.co,12107 26427,bengaluru,2024-07-19,Dormant,False,0
SWGY14637,Vivaan Shetty,vivaan.shetty951@outlook.com,4346994805,Noida,08-04-2024,Frequent Orderer,False,No
SWGY14638,Divya Bose,divya.bose36@hotmail.com,+91-32923-73235,gurugram,2024-11-16,Churned,False,N
SWGY14639,Priya Khan,priya.khan535@gmail.co,8316826882,Kochi,04-02-2024,Frequent Orderer,False,0
SWGY14640,Divya Das,divya.das433@gmail.com,(608) 317-4274,Lucknow,13/07/2023,Dormant,True,N
SWGY14641,Rohan Menon,,911855657610,NELLORE,05-30-2025,Frequent Orderer,False,N
SWGY14642,Ayaan Mehta,ayaan.mehta620@outlook.com,(563) 352-5261,VIJAYAWADA,22/07/2023,Swiggy One Member,True,No
SWGY14643,Karthik Verma,karthik.verma138@outlook.com,, Lucknow ,2024-04-20,Swiggy One Member,True,1
SWGY14644,Rohan Patel,rohan.patel828@outlook.com,(900) 047-6694,GURUGRAM,14/12/2023,Swiggy One Member,True,Yes
SWGY14645,Navya Joshi,navya.joshi643@outlook.com,36314 54615,NOIDA,01-21-2024,New,False,1
SWGY14646,Diya Khan,diya.khan502@gmail.co,6480421000,MUMBAI,2025-01-16,Swiggy One Member,True,Y
SWGY14647,Kabir Das,kabir.das456@hotmail.com,1489044952, Nellore ,09/08/2024,New,False,yes
SWGY14648,Diya Joshi,diya.joshi712@gmail.co,91480 40541, Bengaluru ,2025-04-08,Churned,False,N
SWGY14649,Krishna Das,krishna.das193@outlook.com,918476236228,BENGALURU,05-31-2025,Dormant,False,0
SWGY14650,Rohan Verma,rohan.verma870@gmail.co,(943) 569-5139, Gurugram ,04/10/2023,Frequent Orderer,False,yes
SWGY14651,Sai Rao,sai.rao659@yahoo.com,,VIJAYAWADA,06-30-2024,Churned,False,
SWGY14652,Aditya Gupta,aditya.gupta852@gmail.co,12673 65073,Ahmedabad,02-07-2024,Frequent Orderer,False,yes
SWGY14653,Nikhil Sharma,nikhil.sharma9@gmail.com,913262021230,Gurugram,02-19-2024,Swiggy One Member,True,0
SWGY14654,Ishaan Nair,ishaan.nair64@gmail.co,+91-56335-36853,BENGALURU,10-28-2024,Swiggy One Member,True,yes
SWGY14655,Aditya Bose,aditya.bose854@gmail.com,(675) 099-1975,kolkata,04-18-2024,Frequent Orderer,False,yes
SWGY14656,Karthik Shetty,karthik.shetty225@hotmail.com,915652952635,Noida,16/06/2023,Frequent Orderer,False,N
SWGY14657,Divya Rao,divya.rao399@gmail.com,30601 95677,Delhi,06-30-2023,Frequent Orderer,False,yes
SWGY14658,Arjun Iyer,arjun.iyer394@hotmail.com,912905543812,chennai,10-18-2024,Swiggy One Member,True,Y
SWGY14659,Riya Rao,riya.rao99@yahoo.com,910354258595,Hyderabad,2024-12-04,New,True,N
SWGY14660,Arjun Chatterjee,arjun.chatterjee563@outlook.com,,chennai,01/04/2024,Frequent Orderer,False,Y
SWGY14661,Myra Shetty,myra.shetty310@hotmail.com,(010) 317-4870,Lucknow,02-06-2025,Dormant,False,
SWGY14662,Divya Joshi,DIVYA.JOSHI67@HOTMAIL.COM,, Nellore ,2024-06-25,Churned,False,N
SWGY14663,Diya Gupta,diya.gupta357@gmail.co,,mumbai,05-16-2024,Churned,False,Y
SWGY14664,Priya Singh,priya.singh275@outlook.com,919328955791,Lucknow,04/04/2025,Churned,False,N
SWGY14665,Priya Patel,priya.patel833@yahoo.com,(959) 356-4600, Gurugram ,2024-12-26,Dormant,False,yes
SWGY14666,Aditya Verma,aditya.verma594@gmail.co,14684 72896,,02-29-2024,Dormant,False,No
SWGY14667,Arjun Gupta,arjun.gupta495@gmail.com,(263) 772-7301,Vijayawada,08-17-2024,Frequent Orderer,False,1
SWGY14668,Aarav Kapoor,aarav.kapoor455@outlook.com,61027 79885,BENGALURU,11-07-2024,Frequent Orderer,True,0
SWGY14669,Aditya Shetty,aditya.shetty563@yahoo.com,(367) 961-2079, Hyderabad ,2025-05-02,Dormant,True,N
SWGY14670,Reyansh Reddy,reyansh.reddy555@outlook.com,9790174039,CHENNAI,09-24-2023,Swiggy One Member,True,Y
SWGY14671,Sai Rao,sai.rao327@outlook.com,910072923657,Delhi,11/04/2025,Swiggy One Member,True,0
SWGY14672,Navya Khan,navya.khan438@gmail.com,+91-17254-01486,KOLKATA,18/02/2024,Swiggy One Member,True,No
SWGY14673,Divya Singh,divya.singh73@gmail.co,,jaipur,01-30-2025,New,False,yes
SWGY14674,Rohan Chatterjee,rohan.chatterjee332@hotmail.com,,vijayawada,2024-07-04,New,False,
SWGY14675,Karthik Rao,karthik.rao122@outlook.com,(390) 159-9736,VIJAYAWADA,21/01/2025,Swiggy One Member,True,Yes
SWGY14676,Rohan Kapoor,,(508) 661-0916,Bengaluru,25/09/2023,Swiggy One Member,True,N
SWGY14677,Riya Malhotra,riya.malhotra962@hotmail.com,1203626533,bengaluru,21/05/2024,New,False,yes
SWGY14678,Sai Mehta,sai.mehta458@outlook.com,+91-25523-49324,vijayawada,02-12-2024,Swiggy One Member,False,0
SWGY14679,Anika Bose,anika.bose8@gmail.com,+91-88950-18051,bengaluru,2025-04-06,Dormant,False,No
SWGY14680,Riya Patel,riya.patel645@outlook.com,22825 85770,Mumbai,25/05/2025,Frequent Orderer,True,No
SWGY14681,Ira Das,ira.das370@gmail.co,+91-58136-66188,Kolkata,06-29-2023,Frequent Orderer,False,
SWGY14682,Arjun Rao,arjun.rao333@yahoo.com,,Lucknow,12/06/2024,Dormant,False,1
SWGY14683,Sneha Mehta,sneha.mehta334@gmail.co,9142292710, Nellore ,24/02/2024,Churned,False,
SWGY14684,Ananya Khan,ananya.khan854@gmail.com,,Ahmedabad,11-12-2024,Frequent Orderer,True,0
SWGY14685,Ananya Shetty,ananya.shetty945@gmail.com,+91-07946-61303,NELLORE,11/03/2025,New,False,0
SWGY14686,Arjun Nair,arjun.nair482@yahoo.com,,MUMBAI,2023-12-12,Churned,True,1
SWGY14687,Myra Gupta,myra.gupta206@gmail.co,(513) 386-3997,kochi,03/06/2024,New,False,Y
SWGY14688,Karthik Patel,karthik.patel221@yahoo.com,910533990265,NELLORE,13/05/2024,Frequent Orderer,False,0
SWGY14689,Ananya Sharma,ananya.sharma828@gmail.com,+91-63881-77220,Noida,12-31-2024,Churned,False,N
SWGY14690,Pooja Nair,pooja.nair193@hotmail.com,4729564694,,2024-01-12,New,False,Yes
SWGY14691,Neha Joshi,neha.joshi517@yahoo.com,,Kochi,25/10/2023,Churned,True,No
SWGY14692,Reyansh Khan,reyansh.khan646@gmail.com,+91-25270-61226, Jaipur ,11-01-2024,Dormant,False,No
SWGY14693,Krishna Nair,krishna.nair304@outlook.com,82313 84287,CHENNAI,2024-04-16,Swiggy One Member,True,Yes
SWGY14694,Myra Joshi,myra.joshi477@outlook.com,+91-40230-55412,HYDERABAD,20/09/2024,Dormant,False,Y
SWGY14695,Anika Patel,anika.patel947@gmail.com,916014033676,Pune,2025-03-15,Swiggy One Member,True,N
SWGY14696,Diya Joshi,diya.joshi100@gmail.co,5906207098, Vijayawada ,09-16-2023,Dormant,True,1
SWGY14697,Aditya Menon,aditya.menon383@hotmail.com,+91-77544-81607, Hyderabad ,2025-05-30,Churned,False,No
SWGY14698,Diya Mehta,diya.mehta467@hotmail.com,+91-49304-06487,Kolkata,2023-12-15,Swiggy One Member,True,
SWGY14699,Priya Sharma,priya.sharma824@outlook.com,+91-77449-40136, Chennai ,2025-02-17,New,False,
SWGY14700,Ananya Pillai,ananya.pillai733@gmail.com,28370 25620,VIJAYAWADA,28/09/2023,New,False,0
SWGY14701,Arjun Verma,,+91-31658-71205,Chennai,2024-01-11,Dormant,False,Y
SWGY14702,Sneha Patel,sneha.patel614@gmail.com,(466) 129-6311, Lucknow ,10-17-2023,Frequent Orderer,False,
SWGY14703,Ishaan Kapoor,ishaan.kapoor572@yahoo.com,1456747502,Jaipur,08-12-2023,Churned,False,1
SWGY14704,Anika Mehta,anika.mehta861@yahoo.com,, Mumbai ,17/12/2024,Swiggy One Member,True,yes
SWGY14705,Nikhil Rao,nikhil.rao453@hotmail.com,26591 17996,Kochi,2025-01-20,Dormant,False,
SWGY14706,Ira Nair,ira.nair19@yahoo.com,915862638086,AHMEDABAD,10/01/2024,Dormant,False,N
SWGY14707,Nikhil Iyer,nikhil.iyer244@gmail.co,4244356480,,2023-06-15,Swiggy One Member,True,0
SWGY14708,Arjun Joshi,arjun.joshi774@gmail.co,, Vijayawada ,11/01/2024,New,False,yes
SWGY14709,Arjun Bose,arjun.bose836@yahoo.com,914005129486,GURUGRAM,16/11/2023,New,False,Yes
SWGY14710,Krishna Shetty,krishna.shetty361@yahoo.com,32036 13626,PUNE,12-18-2023,Frequent Orderer,False,yes
SWGY14711,Divya Nair,divya.nair359@outlook.com,+91-35262-28981,chennai,2024-12-09,New,True,Yes
SWGY14712,Vivaan Shetty,vivaan.shetty304@gmail.com,,Mumbai,02-04-2025,Churned,False,
SWGY14713,Divya Bose,,(847) 675-0634, Jaipur ,2023-10-23,New,False,yes
SWGY14714,Krishna Menon,krishna.menon305@outlook.com,61920 84122,Delhi,10-19-2024,Frequent Orderer,False,N
SWGY14715,Priya Bose,priya.bose747@outlook.com,911846122391,GURUGRAM,02/05/2025,Churned,False,1
SWGY14716,Sneha Reddy,sneha.reddy968@outlook.com,0292667316,jaipur,2024-03-19,Dormant,False,yes
SWGY14717,Kabir Kapoor,,(397) 280-1870,LUCKNOW,02-26-2024,Frequent Orderer,True,yes
SWGY14718,Diya Singh,diya.singh467@hotmail.com,,Ahmedabad,09-03-2023,New,False,0
SWGY14719,Vivaan Menon,vivaan.menon230@hotmail.com,(981) 814-9696,chennai,2025-03-07,Churned,False,N
SWGY14720,Priya Joshi,priya.joshi991@yahoo.com,914341182514, Mumbai ,04-21-2024,Churned,False,yes
SWGY14721,Aarav Iyer,aarav.iyer771@yahoo.com,,delhi,2025-01-21,,False,1
SWGY14722,Navya Chatterjee,navya.chatterjee656@outlook.com,8071780988,noida,10-17-2023,New,False,1
SWGY14723,Krishna Gupta,krishna.gupta342@gmail.com,3861755651,GURUGRAM,12-29-2023,New,False,yes
SWGY14724,Divya Nair,divya.nair947@gmail.com,4348520584,Kolkata,11-03-2023,Dormant,False,1
SWGY14725,Krishna Gupta,krishna.gupta940@outlook.com,(050) 735-3532,ahmedabad,11/10/2023,Frequent Orderer,False,Y
SWGY14726,Riya Khan,riya.khan653@gmail.com,60034 22256,ahmedabad,23/09/2024,Churned,False,
SWGY14727,Pari Khan,pari.khan2@yahoo.com,7211624421, Mumbai ,2024-07-10,Frequent Orderer,False,
SWGY14728,Aadhya Verma,aadhya.verma547@yahoo.com,919366666260,bengaluru,06-08-2023,Swiggy One Member,True,1
SWGY14729,Navya Malhotra,,(584) 537-7973,Noida,20/05/2025,New,False,yes
SWGY14730,Aarav Rao,aarav.rao116@yahoo.com,913588704320,Gurugram,08-25-2023,Churned,False,yes
SWGY14731,Vikram Mehta,vikram.mehta594@hotmail.com,,nellore,2025-01-03,Swiggy One Member,True,
SWGY14732,Ishaan Joshi,ishaan.joshi612@yahoo.com,9502005295,pune,2025-05-18,New,False,0
SWGY14733,Rohan Nair,rohan.nair470@gmail.co,(540) 012-8801,CHENNAI,21/04/2025,Frequent Orderer,False,No
SWGY14734,Navya Nair,navya.nair474@gmail.co,,CHENNAI,2024-06-01,New,True,N
SWGY14735,Ishaan Sharma,ishaan.sharma129@hotmail.com,(707) 900-3022,KOCHI,28/08/2023,New,False,N
SWGY14736,Ishaan Chatterjee,ISHAAN.CHATTERJEE88@HOTMAIL.COM,(814) 784-1523,KOLKATA,01-28-2024,Dormant,False,Yes
SWGY14737,Karthik Patel,karthik.patel483@gmail.com,916931402784,Mumbai,10-11-2023,Dormant,False,Y
SWGY14738,Riya Patel,riya.patel364@hotmail.com,5062942047,HYDERABAD,2024-10-07,New,False,Yes
SWGY14739,Vikram Gupta,vikram.gupta286@outlook.com,+91-98427-78857,Kochi,2023-08-15,New,True,Y
SWGY14740,Myra Patel,myra.patel338@gmail.com,+91-88505-18097,Vijayawada,2024-10-04,Swiggy One Member,True,No
SWGY14741,Diya Sharma,diya.sharma36@gmail.co,72974 12782,AHMEDABAD,2024-12-06,Dormant,False,yes
SWGY14742,Divya Nair,divya.nair652@gmail.co,01268 21334,HYDERABAD,17/11/2023,New,False,yes
SWGY14743,Karthik Singh,karthik.singh201@hotmail.com,912700662943, Kochi ,07-30-2024,Dormant,False,Y
SWGY14744,Nikhil Rao,nikhil.rao436@yahoo.com,910752277588, Delhi ,2023-12-05,Frequent Orderer,False,yes
SWGY14745,Sai Chatterjee,sai.chatterjee475@hotmail.com,3288404465,pune,02-11-2024,Swiggy One Member,True,yes
SWGY14746,Navya Singh,,914561210757,Noida,07-04-2024,Dormant,False,Y
SWGY14747,Aadhya Mehta,aadhya.mehta431@yahoo.com,913004652297,AHMEDABAD,10-02-2023,Frequent Orderer,True,Yes
SWGY14748,Myra Khan,myra.khan614@outlook.com,+91-71682-13385, Hyderabad ,29/05/2024,Dormant,False,N
SWGY14749,Neha Reddy,neha.reddy125@yahoo.com,70817 75343, Nellore ,26/02/2024,Swiggy One Member,True,
SWGY14750,Divya Shetty,divya.shetty869@outlook.com,+91-30952-76138,Ahmedabad,04-02-2025,Dormant,False,1
SWGY14751,Aadhya Singh,aadhya.singh549@yahoo.com,(825) 997-8545,chennai,2024-09-06,Frequent Orderer,False,yes
SWGY14752,Vikram Reddy,vikram.reddy616@gmail.com,918060679244,KOCHI,04-18-2024,Swiggy One Member,True,Y
SWGY14753,Kabir Gupta,kabir.gupta307@gmail.co,4089409434,nellore,16/10/2023,New,False,
SWGY14754,Riya Kapoor,riya.kapoor332@hotmail.com,+91-40917-14727,NELLORE,11-02-2023,Frequent Orderer,False,N
SWGY14755,Riya Das,riya.das978@yahoo.com,3622967750,CHENNAI,03-04-2025,Swiggy One Member,True,
SWGY14756,Rohan Shetty,rohan.shetty589@gmail.com,18458 62391, Hyderabad ,26/11/2023,Dormant,False,
SWGY14757,Krishna Singh,krishna.singh275@gmail.co,(170) 164-5273,CHENNAI,04-20-2025,Dormant,True,Yes
SWGY14758,Aditya Singh,aditya.singh306@gmail.co,9445004017, Hyderabad ,27/03/2024,Dormant,False,1
SWGY14759,Arjun Verma,arjun.verma702@gmail.com,,bengaluru,2024-01-26,Frequent Orderer,False,Yes
SWGY14760,Priya Bose,priya.bose342@outlook.com,918787476851,KOLKATA,09-26-2024,New,True,Y
SWGY14761,Riya Bose,riya.bose894@gmail.com,+91-98298-83804, Noida ,08-19-2024,New,False,N
SWGY14762,Myra Mehta,myra.mehta591@outlook.com,75849 31974, Jaipur ,2025-02-19,Frequent Orderer,False,
SWGY14763,Neha Reddy,neha.reddy642@gmail.co,,noida,2024-02-19,Churned,False,
SWGY14764,Rohan Bose,rohan.bose795@outlook.com,6234021646, Lucknow ,2024-02-09,Swiggy One Member,True,N
SWGY14765,Ayaan Iyer,ayaan.iyer639@yahoo.com,,vijayawada,11-26-2024,Frequent Orderer,False,
SWGY14766,Anika Gupta,anika.gupta38@outlook.com,+91-40582-79914,chennai,2024-12-17,New,False,0
SWGY14767,Karthik Pillai,karthik.pillai32@gmail.com,5252654606,BENGALURU,22/05/2024,Frequent Orderer,True,N
SWGY14768,Sai Menon,sai.menon444@hotmail.com,0956755037,jaipur,06-17-2024,Swiggy One Member,False,
SWGY14769,Anika Pillai,anika.pillai308@gmail.co,86911 05068,mumbai,01-20-2024,Churned,True,
SWGY14770,Pari Chatterjee,,(405) 376-7041,Kolkata,2023-12-16,Dormant,False,0
SWGY14771,Aditya Nair,aditya.nair64@gmail.co,915799341214,noida,2025-03-30,Swiggy One Member,True,yes
SWGY14772,Ananya Kapoor,ananya.kapoor785@gmail.com,(771) 188-2420,Jaipur,2025-01-03,Dormant,False,1
SWGY14773,Karthik Singh,karthik.singh259@gmail.com,+91-37144-21402,DELHI,2023-10-19,New,False,Yes
SWGY14774,Priya Iyer,priya.iyer193@outlook.com,+91-77543-72954,AHMEDABAD,26/10/2024,,False,Y
SWGY14775,Ishaan Gupta,ishaan.gupta406@hotmail.com,36654 08004, Jaipur ,30/09/2023,Dormant,False,Y
SWGY14776,Aadhya Malhotra,aadhya.malhotra990@gmail.com,90090 58481, Chennai ,08-26-2023,Swiggy One Member,True,1
SWGY14777,Aadhya Khan,aadhya.khan204@gmail.com,8025437316, Lucknow ,07-28-2024,Frequent Orderer,False,
SWGY14778,Ananya Reddy,ANANYA.REDDY269@GMAIL.CO,+91-62510-48280, Jaipur ,04-24-2025,Dormant,False,yes
SWGY14779,Diya Menon,diya.menon550@hotmail.com,, Kolkata ,06/02/2025,Frequent Orderer,False,Y
SWGY14780,Saanvi Pillai,saanvi.pillai786@gmail.com,9621976588,Gurugram,01-30-2025,Frequent Orderer,False,No
SWGY14781,Priya Nair,priya.nair224@yahoo.com,919772709416,pune,2023-10-02,Swiggy One Member,True,0
SWGY14782,Sneha Gupta,sneha.gupta368@gmail.co,(906) 283-6006,Noida,2024-06-08,Frequent Orderer,False,0
SWGY14783,Anika Sharma,anika.sharma923@yahoo.com,(759) 261-2640,Jaipur,13/01/2024,New,False,Y
SWGY14784,Sneha Sharma,sneha.sharma61@gmail.co,,Ahmedabad,2024-08-08,New,False,
SWGY14785,Nikhil Reddy,nikhil.reddy240@hotmail.com,,KOCHI,11-11-2023,Dormant,True,
SWGY14786,Divya Das,divya.das295@hotmail.com,(522) 576-5007,ahmedabad,09-10-2024,Swiggy One Member,True,No
SWGY14787,Krishna Nair,krishna.nair898@hotmail.com,,noida,07/12/2023,Frequent Orderer,False,yes
SWGY14788,Vivaan Pillai,vivaan.pillai118@hotmail.com,919052698148,,2024-10-02,Frequent Orderer,True,Yes
SWGY14789,Aadhya Pillai,aadhya.pillai925@gmail.com,, Pune ,05-27-2025,Dormant,False,No
SWGY14790,Anika Gupta,anika.gupta421@hotmail.com,, Hyderabad ,06-29-2023,Dormant,False,yes
SWGY14791,Priya Pillai,priya.pillai932@yahoo.com,0290366840,ahmedabad,2025-02-07,Swiggy One Member,True,N
SWGY14792,Anika Joshi,anika.joshi494@hotmail.com,,NOIDA,2024-09-05,Churned,False,Yes
SWGY14793,Divya Mehta,divya.mehta290@gmail.com,9260262498,DELHI,22/07/2024,New,False,1
SWGY14794,Vikram Malhotra,vikram.malhotra12@yahoo.com,(331) 541-3938,Bengaluru,2024-08-14,Swiggy One Member,True,
SWGY14795,Riya Kapoor,riya.kapoor109@outlook.com,7514044453, Kochi ,2023-06-11,New,False,Yes
SWGY14796,Nikhil Mehta,nikhil.mehta7@gmail.co,5621261371,gurugram,2024-09-11,Churned,False,N
SWGY14797,Arjun Rao,ARJUN.RAO356@GMAIL.CO,910711691741, Nellore ,09-08-2024,Swiggy One Member,True,0
SWGY14798,Rahul Gupta,rahul.gupta96@outlook.com,+91-60104-75753,ahmedabad,05-21-2025,Dormant,False,N
SWGY14799,Aarav Gupta,aarav.gupta516@yahoo.com,912772828975,noida,23/09/2024,Dormant,True,No
SWGY14800,Priya Iyer,priya.iyer536@hotmail.com,919346744846,Jaipur,11-15-2023,Dormant,False,N
SWGY14801,Rohan Chatterjee,rohan.chatterjee462@gmail.com,+91-27877-11278, Ahmedabad ,2024-02-05,Frequent Orderer,False,N
SWGY14802,Divya Reddy,divya.reddy841@yahoo.com,9017855665,KOLKATA,2024-10-27,Swiggy One Member,True,Yes
SWGY14803,Myra Gupta,myra.gupta253@yahoo.com,912549601334,ahmedabad,11-10-2023,Dormant,False,N
SWGY14804,Saanvi Malhotra,saanvi.malhotra831@gmail.co,,mumbai,2025-01-01,Dormant,True,N
SWGY14805,Divya Kapoor,divya.kapoor418@outlook.com,+91-77546-28406, Bengaluru ,07-10-2023,Swiggy One Member,True,N
SWGY14806,Priya Nair,,917298540714,Jaipur,10-28-2024,Dormant,False,No
SWGY14807,Aadhya Nair,aadhya.nair538@yahoo.com,1410468715,Mumbai,2024-06-07,Dormant,False,Y
SWGY14808,Aarav Mehta,AARAV.MEHTA408@OUTLOOK.COM,, Kolkata ,2024-09-02,New,False,N
SWGY14809,Saanvi Menon,SAANVI.MENON130@HOTMAIL.COM,,GURUGRAM,04-09-2024,Swiggy One Member,False,Y
SWGY14810,Reyansh Rao,reyansh.rao548@gmail.com,, Noida ,11/12/2024,Swiggy One Member,True,
SWGY14811,Anika Bose,anika.bose204@yahoo.com,919235199403,Delhi,01-30-2024,Dormant,False,
SWGY14812,Neha Bose,neha.bose372@yahoo.com,+91-85283-86647, Lucknow ,2024-09-17,Frequent Orderer,True,0
SWGY14813,Divya Joshi,divya.joshi351@gmail.co,23144 90817,VIJAYAWADA,16/02/2024,New,False,Yes
SWGY14814,Pooja Patel,pooja.patel625@gmail.co,(236) 495-6917, Jaipur ,01-14-2025,Dormant,False,yes
SWGY14815,Karthik Verma,karthik.verma58@gmail.co,913360660275,mumbai,12-27-2023,Dormant,False,1
SWGY14816,Ayaan Iyer,ayaan.iyer512@hotmail.com,, Pune ,2024-01-24,Dormant,False,N
SWGY14817,Aarav Joshi,aarav.joshi205@gmail.com,5122063870,Lucknow,21/03/2024,Frequent Orderer,False,Y
SWGY14818,Aditya Malhotra,aditya.malhotra819@gmail.co,+91-57464-15748, Mumbai ,20/06/2024,Swiggy One Member,True,N
SWGY14819,Aditya Mehta,aditya.mehta772@hotmail.com,(935) 361-0387, Jaipur ,2024-03-20,Swiggy One Member,True,0
SWGY14820,Ayaan Menon,ayaan.menon145@gmail.com,, Pune ,14/07/2024,Swiggy One Member,False,No
SWGY14821,Krishna Pillai,krishna.pillai103@gmail.co,,Gurugram,07-06-2024,Frequent Orderer,False,yes
SWGY14822,Pari Verma,PARI.VERMA866@GMAIL.COM,,lucknow,08-22-2024,Swiggy One Member,True,No
SWGY14823,Vivaan Joshi,vivaan.joshi177@gmail.com,,KOCHI,15/03/2024,Frequent Orderer,True,0
SWGY14824,Aarav Das,aarav.das430@yahoo.com,8975482948,Hyderabad,2025-05-11,,False,0
SWGY14825,Rahul Singh,rahul.singh274@yahoo.com,,KOCHI,03-15-2024,New,False,Yes
SWGY14826,Ishaan Khan,ishaan.khan307@gmail.com,,Kochi,12/02/2024,Frequent Orderer,False,N
SWGY14827,Neha Reddy,neha.reddy294@outlook.com,+91-67268-11104,ahmedabad,23/12/2023,Frequent Orderer,True,No
SWGY14828,Myra Menon,myra.menon362@gmail.com,01908 48539,Vijayawada,2023-07-31,Frequent Orderer,False,1
SWGY14829,Diya Joshi,diya.joshi422@outlook.com,+91-23273-37918,MUMBAI,27/04/2025,Frequent Orderer,False,Yes
SWGY14830,Rohan Iyer,rohan.iyer553@yahoo.com,,jaipur,04-13-2025,Churned,False,0
SWGY14831,Anika Khan,anika.khan724@yahoo.com,(207) 108-4256,KOLKATA,04-24-2025,Frequent Orderer,False,yes
SWGY14832,Rahul Malhotra,rahul.malhotra63@gmail.co,,noida,11-13-2024,,False,
SWGY14833,Karthik Mehta,karthik.mehta100@gmail.com,(878) 346-1884,CHENNAI,08/08/2023,Frequent Orderer,False,N
SWGY14834,Krishna Khan,krishna.khan523@gmail.com,,Kochi,10-26-2023,Frequent Orderer,False,1
SWGY14835,Kabir Nair,kabir.nair702@gmail.co,, Mumbai ,30/09/2024,Frequent Orderer,False,No
SWGY14836,Ishaan Verma,ishaan.verma555@outlook.com,13269 71793,delhi,12-08-2023,Frequent Orderer,False,0
SWGY14837,Ayaan Nair,,,GURUGRAM,08/08/2023,,True,yes
SWGY14838,Myra Patel,myra.patel410@yahoo.com,(273) 818-5569,mumbai,08/02/2025,Swiggy One Member,True,
SWGY14839,Priya Reddy,priya.reddy886@yahoo.com,07982 73072,Kochi,23/10/2024,Frequent Orderer,False,Yes
SWGY14840,Diya Patel,,,,2023-11-26,New,False,No
SWGY14841,Rahul Verma,rahul.verma114@gmail.co,, Kochi ,01-17-2024,New,False,0
SWGY14842,Krishna Rao,KRISHNA.RAO95@YAHOO.COM,919237170354,Kochi,25/12/2023,Swiggy One Member,True,No
SWGY14843,Riya Shetty,RIYA.SHETTY491@GMAIL.CO,915004385286,Vijayawada,27/01/2024,New,False,No
SWGY14844,Kabir Iyer,kabir.iyer790@hotmail.com,919830323110,JAIPUR,04-27-2025,,True,
SWGY14845,Navya Bose,navya.bose372@gmail.co,,LUCKNOW,31/08/2023,Churned,False,Y
SWGY14846,Ira Kapoor,ira.kapoor560@gmail.co,14949 74692, Ahmedabad ,08/05/2024,Churned,False,Yes
SWGY14847,Aditya Kapoor,aditya.kapoor216@gmail.co,,VIJAYAWADA,2024-04-09,Frequent Orderer,False,0
SWGY14848,Navya Patel,navya.patel895@yahoo.com,913443121690,Pune,01/09/2023,Dormant,False,N
SWGY14849,Riya Chatterjee,riya.chatterjee679@yahoo.com,+91-00762-59962,vijayawada,03-25-2025,New,False,Y
SWGY14850,Saanvi Gupta,saanvi.gupta666@hotmail.com,917568363331,NOIDA,2025-05-10,Frequent Orderer,False,N
SWGY14851,Neha Bose,neha.bose624@yahoo.com,3282015506,delhi,04-14-2025,Churned,True,Y
SWGY14852,Aarav Reddy,aarav.reddy313@outlook.com,, Jaipur ,21/11/2024,Frequent Orderer,False,Y
SWGY14853,Reyansh Kapoor,reyansh.kapoor79@outlook.com,, Delhi ,2023-07-29,Frequent Orderer,False,Yes
SWGY14854,Aarav Bose,aarav.bose365@hotmail.com,,BENGALURU,06-17-2024,New,False,Y
SWGY14855,Arjun Menon,arjun.menon216@hotmail.com,+91-61601-07945,noida,15/11/2023,Swiggy One Member,True,No
SWGY14856,Diya Kapoor,diya.kapoor881@outlook.com,, Vijayawada ,06-01-2024,Frequent Orderer,False,
SWGY14857,Sneha Chatterjee,sneha.chatterjee520@gmail.com,3432658827,Pune,11/03/2024,Frequent Orderer,False,Yes
SWGY14858,Rahul Bose,rahul.bose636@hotmail.com,,NELLORE,29/05/2024,New,True,0
SWGY14859,Myra Menon,myra.menon535@hotmail.com,,,11-11-2024,,False,N
SWGY14860,Pari Shetty,pari.shetty906@gmail.co,79358 94414, Bengaluru ,2023-07-16,New,False,1
SWGY14861,Ira Malhotra,ira.malhotra144@yahoo.com,+91-92850-27494, Chennai ,01-16-2025,Frequent Orderer,False,Yes
SWGY14862,Saanvi Joshi,saanvi.joshi634@yahoo.com,68767 12237,NOIDA,2024-11-17,,False,Yes
SWGY14863,Kabir Verma,kabir.verma488@gmail.com,6607902980,Gurugram,2024-06-16,New,False,No
SWGY14864,Saanvi Sharma,saanvi.sharma576@hotmail.com,916500399156,NOIDA,10/04/2024,Dormant,False,N
SWGY14865,Ayaan Joshi,ayaan.joshi605@outlook.com,92746 81620, Mumbai ,04-10-2025,New,False,N
SWGY14866,Myra Gupta,myra.gupta415@hotmail.com,(471) 123-5173,pune,06/10/2024,Dormant,False,Y
SWGY14867,Krishna Menon,krishna.menon662@yahoo.com,913108556049,Kochi,07/02/2025,Churned,False,0
SWGY14868,Diya Menon,diya.menon483@gmail.co,23165 86470, Ahmedabad ,2025-03-25,Swiggy One Member,True,No
SWGY14869,Rahul Mehta,,+91-46805-46354,nellore,2023-07-16,Churned,False,Yes
SWGY14870,Ananya Patel,ananya.patel384@yahoo.com,+91-92914-69685,AHMEDABAD,22/11/2024,Frequent Orderer,False,
SWGY14871,Sai Pillai,sai.pillai924@outlook.com,(837) 402-5528,Bengaluru,11-20-2024,Dormant,False,Yes
SWGY14872,Vikram Singh,vikram.singh328@gmail.co,83351 66077, Ahmedabad ,03/06/2024,New,False,
SWGY14873,Kabir Joshi,kabir.joshi722@gmail.co,, Nellore ,28/11/2024,Churned,False,
SWGY14874,Divya Nair,divya.nair152@yahoo.com,+91-29075-68188,delhi,04/10/2024,Swiggy One Member,True,
SWGY14875,Myra Menon,myra.menon761@hotmail.com,69210 98309,noida,27/02/2024,Frequent Orderer,False,Yes
SWGY14876,Divya Sharma,divya.sharma754@gmail.com,,CHENNAI,27/02/2025,Frequent Orderer,False,No
SWGY14877,Aadhya Mehta,aadhya.mehta348@gmail.com,+91-46001-55166, Vijayawada ,2024-05-25,New,False,0
SWGY14878,Ananya Malhotra,,,noida,20/01/2024,New,False,1
SWGY14879,Aditya Joshi,aditya.joshi276@hotmail.com,(090) 539-0400,mumbai,18/03/2024,Frequent Orderer,False,No
SWGY14880,Pooja Bose,pooja.bose568@yahoo.com,,MUMBAI,15/09/2024,,False,Y
SWGY14881,Aarav Chatterjee,aarav.chatterjee640@gmail.co,00643 84282, Hyderabad ,2024-12-02,New,False,No
SWGY14882,Saanvi Singh,SAANVI.SINGH527@GMAIL.CO,, Lucknow ,05/12/2024,Churned,False,No
SWGY14883,Krishna Iyer,krishna.iyer354@hotmail.com,918533876575,PUNE,02/05/2024,Frequent Orderer,False,Yes
SWGY14884,Navya Singh,navya.singh600@yahoo.com,910553782915,chennai,2023-09-08,Frequent Orderer,False,
SWGY14885,Priya Reddy,priya.reddy499@outlook.com,(057) 895-8429,KOLKATA,07/10/2023,Frequent Orderer,False,0
SWGY14886,Neha Joshi,neha.joshi646@gmail.com,(380) 508-3350,DELHI,19/06/2024,Swiggy One Member,True,1
SWGY14887,Karthik Patel,karthik.patel197@outlook.com,919035937563,ahmedabad,08/04/2025,Swiggy One Member,True,1
SWGY14888,Sai Gupta,sai.gupta356@outlook.com,,Noida,2025-02-08,Swiggy One Member,True,No
SWGY14889,Ayaan Singh,ayaan.singh776@yahoo.com,, Chennai ,10-13-2023,New,False,Yes
SWGY14890,Rohan Patel,rohan.patel388@hotmail.com,31456 62528,delhi,2023-12-07,Swiggy One Member,True,0
SWGY14891,Krishna Chatterjee,krishna.chatterjee194@hotmail.com,4047751525, Jaipur ,2024-05-05,Frequent Orderer,True,1
SWGY14892,Pooja Iyer,pooja.iyer493@yahoo.com,+91-04767-78390,PUNE,01-11-2024,Dormant,False,yes
SWGY14893,Priya Rao,,+91-49022-55906, Bengaluru ,2024-01-19,Swiggy One Member,True,Y
SWGY14894,Kabir Das,kabir.das594@hotmail.com,+91-89166-12681,AHMEDABAD,01-26-2024,Dormant,False,yes
SWGY14895,Riya Patel,riya.patel217@yahoo.com,74445 69358,jaipur,03/11/2023,Swiggy One Member,True,No
SWGY14896,Vivaan Patel,vivaan.patel939@hotmail.com,+91-61130-14444,Delhi,20/08/2024,Frequent Orderer,False,0
SWGY14897,Anika Shetty,anika.shetty72@outlook.com,+91-89065-93793,Lucknow,2023-06-22,Frequent Orderer,False,No
SWGY14898,Vivaan Khan,vivaan.khan621@outlook.com,1856867484,jaipur,09-13-2024,New,False,0
SWGY14899,Priya Iyer,priya.iyer703@gmail.com,5702245852, Noida ,2023-09-04,Swiggy One Member,True,N
SWGY14900,Aarav Das,aarav.das672@gmail.com,+91-51334-12315,LUCKNOW,2025-02-16,Dormant,False,
SWGY14901,Vikram Kapoor,vikram.kapoor911@gmail.co,46738 96000,GURUGRAM,2025-04-11,Swiggy One Member,True,0
SWGY14902,Saanvi Singh,saanvi.singh478@gmail.com,+91-28044-24166,,2025-03-06,Dormant,False,1
SWGY14903,Ananya Patel,ananya.patel814@yahoo.com,(822) 778-9348,KOCHI,2024-03-19,Frequent Orderer,False,N
SWGY14904,Kabir Chatterjee,KABIR.CHATTERJEE53@GMAIL.COM,1909387614,DELHI,2024-02-29,Churned,False,Y
SWGY14905,Pooja Iyer,pooja.iyer947@hotmail.com,+91-34103-45550,bengaluru,16/04/2025,Frequent Orderer,False,N
SWGY14906,Vivaan Kapoor,vivaan.kapoor53@gmail.com,(900) 773-7655,Ahmedabad,29/03/2025,Swiggy One Member,True,yes
SWGY14907,Priya Chatterjee,priya.chatterjee198@gmail.co,919575380299,Kochi,12-07-2023,New,False,Y
SWGY14908,Rohan Sharma,rohan.sharma701@gmail.co,910116628927,DELHI,11-16-2024,Dormant,False,Yes
SWGY14909,Navya Gupta,,3085850017,KOCHI,2025-04-24,Frequent Orderer,True,Yes
SWGY14910,Myra Nair,myra.nair640@gmail.com,918525946308, Lucknow ,13/09/2024,Churned,True,0
SWGY14911,Riya Chatterjee,riya.chatterjee271@hotmail.com,919255495952,DELHI,2024-03-22,Dormant,False,0
SWGY14912,Priya Kapoor,,,,12/10/2023,Dormant,False,0
SWGY14913,Saanvi Bose,saanvi.bose222@gmail.co,, Vijayawada ,16/07/2024,Frequent Orderer,False,Y
SWGY14914,Ira Gupta,ira.gupta89@gmail.com,3012155001,DELHI,2025-01-16,Dormant,False,1
SWGY14915,Vikram Mehta,vikram.mehta917@outlook.com,914880640685,Kolkata,03-29-2025,Churned,True,0
SWGY14916,Vikram Shetty,vikram.shetty654@hotmail.com,5979582324,Noida,2024-12-27,Dormant,False,yes
SWGY14917,Aadhya Iyer,aadhya.iyer690@gmail.com,9483553810, Ahmedabad ,31/08/2024,Frequent Orderer,True,No
SWGY14918,Reyansh Bose,reyansh.bose892@gmail.com,(635) 879-2129,Kochi,16/09/2023,Dormant,False,Yes
SWGY14919,Vikram Singh,vikram.singh609@hotmail.com,910521525741,NOIDA,2025-01-02,Swiggy One Member,True,No
SWGY14920,Ananya Patel,ananya.patel90@hotmail.com,78758 27356,KOCHI,2024-02-29,Swiggy One Member,True,0
SWGY14921,Ishaan Verma,ishaan.verma908@outlook.com,(251) 011-0900,BENGALURU,12-04-2023,Frequent Orderer,True,
SWGY14922,Vivaan Pillai,vivaan.pillai491@yahoo.com,(288) 322-9837, Nellore ,2025-04-15,Frequent Orderer,False,Y
SWGY14923,Reyansh Sharma,reyansh.sharma67@gmail.co,7628379675, Gurugram ,2023-07-25,,True,
SWGY14924,Saanvi Singh,saanvi.singh343@outlook.com,+91-24018-91599,Jaipur,09-04-2024,New,False,1
SWGY14925,Aadhya Bose,aadhya.bose380@outlook.com,5135920766, Kochi ,11-10-2024,Frequent Orderer,True,yes
SWGY14926,Arjun Kapoor,arjun.kapoor403@yahoo.com,914962278761, Pune ,2024-12-23,Dormant,False,1
SWGY14927,Pari Sharma,pari.sharma204@outlook.com,+91-66431-21885,NELLORE,2023-10-01,New,True,0
SWGY14928,Ayaan Iyer,ayaan.iyer552@gmail.co,8697280995,Bengaluru,06-12-2023,New,False,Yes
SWGY14929,Ishaan Sharma,ishaan.sharma492@gmail.co,913971647990, Hyderabad ,13/06/2024,Frequent Orderer,True,Y
SWGY14930,Karthik Iyer,karthik.iyer640@yahoo.com,0239291496,HYDERABAD,2024-06-04,New,False,No
SWGY14931,Vivaan Chatterjee,vivaan.chatterjee91@outlook.com,4805869195,,06-14-2023,Dormant,False,N
SWGY14932,Neha Malhotra,,91290 65828,Ahmedabad,2024-07-25,Frequent Orderer,False,N
SWGY14933,Diya Shetty,DIYA.SHETTY355@GMAIL.CO,5948292984,MUMBAI,06/03/2025,Frequent Orderer,False,Yes
SWGY14934,Ishaan Mehta,ishaan.mehta994@gmail.co,,lucknow,21/01/2025,,False,Y
SWGY14935,Saanvi Mehta,saanvi.mehta378@gmail.co,+91-58028-24021,Jaipur,05-30-2024,Frequent Orderer,False,Y
SWGY14936,Kabir Joshi,kabir.joshi108@hotmail.com,(157) 265-2136,BENGALURU,11-02-2023,Dormant,False,yes
SWGY14937,Kabir Pillai,kabir.pillai990@hotmail.com,00658 61584,lucknow,03-31-2024,New,False,No
SWGY14938,Krishna Shetty,krishna.shetty651@yahoo.com,6758006622, Noida ,2023-08-04,Swiggy One Member,True,Y
SWGY14939,Ishaan Sharma,ishaan.sharma721@yahoo.com,(105) 690-1716,delhi,20/07/2023,,True,yes
SWGY14940,Ishaan Reddy,ishaan.reddy220@hotmail.com,+91-17502-27831, Jaipur ,12-01-2023,Churned,False,1
SWGY14941,Arjun Singh,arjun.singh577@yahoo.com,,Lucknow,2024-06-08,Dormant,False,No
SWGY14942,Anika Joshi,anika.joshi490@gmail.com,+91-94557-46399,nellore,2025-05-29,Churned,False,N
SWGY14943,Ishaan Mehta,ishaan.mehta820@gmail.co,+91-20613-41927,NELLORE,2023-10-27,New,False,
SWGY14944,Sneha Rao,sneha.rao243@gmail.com,919749786643,Kochi,2024-05-12,New,True,Y
SWGY14945,Neha Chatterjee,neha.chatterjee284@gmail.com,, Mumbai ,2024-03-21,Frequent Orderer,True,1
SWGY14946,Reyansh Mehta,reyansh.mehta142@outlook.com,39635 02998,hyderabad,22/06/2024,Dormant,False,
SWGY14947,Pooja Sharma,pooja.sharma464@gmail.co,2868384324, Ahmedabad ,2024-11-22,Dormant,False,No
SWGY14948,Krishna Singh,krishna.singh538@hotmail.com,+91-44468-71749,chennai,13/01/2024,Frequent Orderer,True,Y
SWGY14949,Ira Bose,ira.bose722@outlook.com,,bengaluru,09-03-2024,New,False,0
SWGY14950,Krishna Chatterjee,krishna.chatterjee801@outlook.com,911475857040,JAIPUR,29/04/2024,Swiggy One Member,True,yes
SWGY14951,Rohan Patel,rohan.patel734@outlook.com,(855) 251-6129,noida,2024-07-12,,False,No
SWGY14952,Myra Shetty,myra.shetty758@hotmail.com,914370241052,JAIPUR,13/06/2024,Frequent Orderer,False,0
SWGY14953,Priya Singh,priya.singh452@outlook.com,+91-27147-78096,HYDERABAD,07-31-2023,New,False,Yes
SWGY14954,Aditya Das,aditya.das54@outlook.com,9320024263,NELLORE,2023-09-20,Dormant,False,0
SWGY14955,Aditya Malhotra,aditya.malhotra610@yahoo.com,2183538412,,2024-09-14,Frequent Orderer,True,Yes
SWGY14956,Aadhya Patel,aadhya.patel726@outlook.com,+91-63770-27002,Nellore,2023-09-05,Dormant,False,1
SWGY14957,Navya Sharma,navya.sharma399@yahoo.com,915680428503,vijayawada,2025-02-12,Dormant,False,0
SWGY14958,Pari Gupta,,14180 47188,Gurugram,2024-07-03,Frequent Orderer,False,No
SWGY14959,Vivaan Reddy,vivaan.reddy297@gmail.com,(856) 706-2154, Mumbai ,11-19-2023,Frequent Orderer,False,yes
SWGY14960,Pooja Kapoor,pooja.kapoor491@outlook.com,916625028451,Vijayawada,09-20-2024,Churned,False,1
SWGY14961,Vikram Singh,vikram.singh575@yahoo.com,,nellore,08-08-2023,Swiggy One Member,True,No
SWGY14962,Karthik Shetty,karthik.shetty673@outlook.com,,Vijayawada,2024-09-23,Frequent Orderer,False,No
SWGY14963,Aadhya Bose,aadhya.bose261@gmail.com,49220 73556,Delhi,2023-08-17,Swiggy One Member,True,Y
SWGY14964,Riya Rao,riya.rao73@hotmail.com,+91-94847-07173,VIJAYAWADA,2024-03-16,Dormant,False,1
SWGY14965,Saanvi Sharma,saanvi.sharma763@gmail.co,98457 62105,Mumbai,27/12/2023,Dormant,False,No
SWGY14966,Pooja Sharma,pooja.sharma564@gmail.co,4357110234, Lucknow ,05-29-2025,Frequent Orderer,False,Yes
SWGY14967,Ayaan Kapoor,ayaan.kapoor168@yahoo.com,+91-81393-72998,,17/10/2023,Swiggy One Member,True,N
SWGY14968,Reyansh Iyer,reyansh.iyer90@outlook.com,09306 94827,Lucknow,30/03/2025,New,True,yes
SWGY14969,Saanvi Singh,saanvi.singh794@yahoo.com,,chennai,12/07/2024,New,False,0
SWGY14970,Saanvi Reddy,saanvi.reddy365@gmail.co,26605 33920,JAIPUR,03-19-2024,Churned,False,Yes
SWGY14971,Aarav Shetty,aarav.shetty415@gmail.com,917443428811,nellore,29/01/2025,Dormant,False,Y
SWGY14972,Riya Malhotra,riya.malhotra129@yahoo.com,917116488789,JAIPUR,2025-03-31,New,True,
SWGY14973,Sai Nair,sai.nair967@gmail.co,(402) 786-5607,Bengaluru,03/12/2023,Frequent Orderer,False,No
SWGY14974,Rohan Gupta,,,Hyderabad,03-20-2024,Churned,False,1
SWGY14975,Aadhya Gupta,,(943) 493-8713,noida,2024-02-20,Swiggy One Member,True,No
SWGY14976,Ananya Shetty,ananya.shetty635@outlook.com,914575262133, Hyderabad ,03-25-2025,Dormant,False,0
SWGY14977,Aarav Iyer,aarav.iyer776@gmail.com,919164631212,BENGALURU,04-11-2024,New,False,N
SWGY14978,Nikhil Gupta,nikhil.gupta663@gmail.co,92951 24909,Bengaluru,05-23-2025,Swiggy One Member,True,Yes
SWGY14979,Vivaan Sharma,vivaan.sharma76@gmail.com,919047270031,vijayawada,2023-08-08,Frequent Orderer,False,N
SWGY14980,Pooja Nair,pooja.nair32@yahoo.com,+91-58555-02436,pune,2025-04-15,Dormant,False,No
SWGY14981,Vikram Verma,vikram.verma799@gmail.com,910451266497,hyderabad,26/08/2024,Dormant,False,N
SWGY14982,Pari Chatterjee,pari.chatterjee582@outlook.com,(287) 914-8813,Noida,27/09/2023,New,False,
SWGY14983,Priya Pillai,priya.pillai570@outlook.com,(167) 110-0798,Mumbai,02-17-2025,Dormant,False,Y
SWGY14984,Rahul Reddy,rahul.reddy447@hotmail.com,(717) 693-4317,NELLORE,2023-07-31,Frequent Orderer,False,Yes
SWGY14985,Kabir Das,kabir.das803@outlook.com,96635 73462,AHMEDABAD,11-05-2023,Churned,False,No
SWGY14986,Saanvi Malhotra,saanvi.malhotra338@yahoo.com,(284) 093-9423,Kochi,2023-11-21,Frequent Orderer,False,N
SWGY14987,Kabir Mehta,kabir.mehta394@yahoo.com,+91-92707-86891,Pune,07-22-2024,Frequent Orderer,False,
SWGY14988,Reyansh Shetty,reyansh.shetty732@gmail.com,,KOCHI,12-02-2023,Frequent Orderer,False,1
SWGY14989,Ishaan Reddy,ishaan.reddy95@gmail.co,4301719910,delhi,2024-07-29,Dormant,False,
SWGY14990,Priya Menon,priya.menon891@gmail.com,+91-49273-05593,pune,2024-12-18,New,False,0
SWGY14991,Vivaan Iyer,vivaan.iyer670@gmail.co,5890016780,MUMBAI,12-18-2024,New,False,1
SWGY14992,Saanvi Iyer,saanvi.iyer699@gmail.co,910168897274,hyderabad,06/12/2024,New,False,No
SWGY14993,Sai Chatterjee,sai.chatterjee929@outlook.com,6219821121,,11-12-2023,Frequent Orderer,False,Yes
SWGY14994,Sneha Reddy,sneha.reddy224@yahoo.com,918405991470,,07-19-2024,Swiggy One Member,True,0
SWGY14995,Divya Das,divya.das957@yahoo.com,,,2024-06-21,Frequent Orderer,False,yes
SWGY14996,Aditya Gupta,aditya.gupta656@hotmail.com,(909) 495-1680,Mumbai,26/07/2024,Swiggy One Member,True,Yes
SWGY14997,Karthik Shetty,karthik.shetty548@gmail.co,+91-34530-04703,delhi,05-26-2025,New,False,No
SWGY14998,Saanvi Menon,saanvi.menon335@hotmail.com,(424) 670-8450,JAIPUR,05/03/2024,Frequent Orderer,False,N
SWGY14999,Divya Kapoor,divya.kapoor742@hotmail.com,(047) 485-3182, Mumbai ,04-04-2025,New,False,
SWGY15000,Vivaan Reddy,vivaan.reddy999@outlook.com,+91-32181-26415, Gurugram ,10-28-2024,Swiggy One Member,True,1
SWGY15001,Aadhya Kapoor,aadhya.kapoor583@gmail.com,,NOIDA,04/06/2024,Swiggy One Member,True,0
SWGY15002,Ishaan Pillai,ishaan.pillai384@hotmail.com,81362 27679, Ahmedabad ,04-25-2024,Dormant,False,Yes
SWGY15003,Sneha Khan,sneha.khan601@outlook.com,+91-23836-36905, Chennai ,2023-08-14,Churned,False,No
SWGY15004,Krishna Rao,krishna.rao256@hotmail.com,+91-46632-16038,Jaipur,05/09/2023,New,False,N
SWGY15005,Neha Chatterjee,neha.chatterjee216@yahoo.com,+91-44975-01482,Ahmedabad,04-10-2025,Dormant,True,
SWGY15006,Ira Verma,ira.verma255@outlook.com,+91-00122-63300,AHMEDABAD,08-08-2023,Frequent Orderer,False,Yes
SWGY15007,Ira Iyer,ira.iyer38@gmail.com,915085691875,nellore,07/11/2024,Swiggy One Member,True,Y
SWGY15008,Aadhya Gupta,aadhya.gupta545@gmail.com,8162173002,Hyderabad,2023-11-18,New,False,yes
SWGY15009,Rahul Mehta,rahul.mehta443@outlook.com,+91-04102-68033, Delhi ,08/05/2024,Frequent Orderer,False,1
SWGY15010,Vivaan Sharma,vivaan.sharma855@hotmail.com,,LUCKNOW,2024-12-25,Frequent Orderer,False,No
SWGY15011,Ira Bose,ira.bose153@gmail.co,4863987715,delhi,2024-07-11,Churned,False,Yes
SWGY15012,Rahul Verma,rahul.verma952@yahoo.com,72152 40938,lucknow,2023-09-30,Swiggy One Member,True,
SWGY15013,Pooja Khan,,72770 41256,kolkata,08-23-2023,Frequent Orderer,False,
SWGY15014,Neha Malhotra,neha.malhotra365@gmail.co,56370 08251,MUMBAI,01-29-2025,Swiggy One Member,True,No
SWGY15015,Priya Pillai,priya.pillai438@outlook.com,38477 73362,kolkata,2023-12-09,Dormant,False,1
SWGY15016,Nikhil Iyer,,912557382407,NELLORE,01/02/2025,Frequent Orderer,False,1
SWGY15017,Reyansh Malhotra,reyansh.malhotra996@outlook.com,, Vijayawada ,01-14-2025,Frequent Orderer,False,No
SWGY15018,Aarav Rao,aarav.rao632@hotmail.com,,Delhi,12-25-2024,Dormant,False,N
SWGY15019,Diya Das,,912364666045,vijayawada,19/12/2024,,True,N
SWGY15020,Neha Iyer,neha.iyer375@gmail.co,8847154159,Nellore,03-01-2024,Dormant,False,1
SWGY15021,Pooja Rao,pooja.rao306@outlook.com,3566572625,KOCHI,27/08/2023,Dormant,False,1
SWGY15022,Navya Khan,navya.khan675@gmail.com,910857880045,VIJAYAWADA,02/07/2024,Dormant,False,No
SWGY15023,Ira Shetty,ira.shetty243@yahoo.com,7658244898, Kolkata ,08-05-2023,Frequent Orderer,False,yes
SWGY15024,Riya Bose,riya.bose991@gmail.co,,kochi,05-15-2024,Frequent Orderer,False,1
SWGY15025,Ira Reddy,ira.reddy827@outlook.com,,Lucknow,2023-07-14,Frequent Orderer,False,yes
SWGY15026,Vikram Malhotra,vikram.malhotra699@outlook.com,,lucknow,2023-10-17,Frequent Orderer,False,Yes
SWGY15027,Diya Gupta,diya.gupta189@outlook.com,+91-46622-30886,kochi,01-26-2024,,True,Y
SWGY15028,Ananya Verma,ananya.verma348@hotmail.com,+91-52357-96593,gurugram,09-02-2023,New,False,No
SWGY15029,Priya Joshi,,02420 11970,bengaluru,15/09/2024,Frequent Orderer,False,Y
SWGY15030,Kabir Chatterjee,kabir.chatterjee968@yahoo.com,+91-57470-76703,Chennai,2023-07-17,Frequent Orderer,False,1
SWGY15031,Ishaan Reddy,ishaan.reddy110@yahoo.com,(729) 383-5865,Mumbai,2025-04-13,New,False,yes
SWGY15032,Navya Khan,navya.khan876@yahoo.com,, Jaipur ,2024-05-09,New,False,yes
SWGY15033,Arjun Pillai,arjun.pillai835@gmail.co,911393863085,CHENNAI,06-22-2024,Dormant,False,1
SWGY15034,Riya Iyer,,(182) 332-9419, Vijayawada ,2024-11-16,New,False,Yes
SWGY15035,Vikram Kapoor,vikram.kapoor109@outlook.com,7504119050,NELLORE,2025-03-29,Frequent Orderer,False,Y
SWGY15036,Saanvi Shetty,saanvi.shetty560@gmail.co,919363178680,DELHI,10-19-2023,Dormant,False,N
SWGY15037,Vikram Shetty,vikram.shetty241@hotmail.com,41256 37476, Noida ,27/07/2023,Dormant,False,No
SWGY15038,Anika Menon,anika.menon833@hotmail.com,(371) 161-7413,JAIPUR,16/07/2023,Dormant,False,Yes
SWGY15039,Vikram Sharma,vikram.sharma290@gmail.com,(971) 628-3475,Nellore,2024-09-30,Frequent Orderer,False,Y
SWGY15040,Ira Gupta,ira.gupta553@hotmail.com,+91-16072-23897,,2024-08-16,Dormant,False,Yes
SWGY15041,Rohan Shetty,rohan.shetty795@outlook.com,, Jaipur ,11-06-2024,Dormant,False,
SWGY15042,Saanvi Gupta,saanvi.gupta706@yahoo.com,(031) 939-8103, Lucknow ,09/12/2024,New,False,No
SWGY15043,Reyansh Patel,reyansh.patel1@gmail.co,+91-01928-72913,Mumbai,2024-05-02,Churned,False,No
SWGY15044,Saanvi Patel,saanvi.patel758@gmail.com,3093645885,LUCKNOW,25/06/2023,Swiggy One Member,True,yes
SWGY15045,Vikram Verma,vikram.verma685@gmail.com,,GURUGRAM,28/10/2024,Swiggy One Member,True,N
SWGY15046,Vivaan Patel,vivaan.patel960@gmail.com,,Pune,02-03-2025,Churned,False,1
SWGY15047,Sneha Malhotra,sneha.malhotra721@outlook.com,+91-12341-57750,nellore,07-23-2024,New,False,yes
SWGY15048,Ishaan Mehta,ishaan.mehta877@gmail.co,,VIJAYAWADA,10/05/2025,Swiggy One Member,False,yes
SWGY15049,Anika Kapoor,anika.kapoor190@yahoo.com,0155900537,Ahmedabad,2025-04-30,Dormant,False,Yes
SWGY15050,Priya Bose,priya.bose833@yahoo.com,0809649271, Mumbai ,2024-08-20,Frequent Orderer,False,0
SWGY15051,Riya Reddy,riya.reddy215@outlook.com,+91-30679-46733, Hyderabad ,30/06/2024,New,False,No
SWGY15052,Rohan Pillai,rohan.pillai977@gmail.co,33926 28918, Lucknow ,12-03-2024,Dormant,False,1
SWGY15053,Reyansh Chatterjee,reyansh.chatterjee777@outlook.com,52524 16166, Chennai ,2025-02-18,New,False,N
SWGY15054,Riya Das,riya.das809@hotmail.com,,KOCHI,27/08/2023,Frequent Orderer,False,Y
SWGY15055,Saanvi Das,saanvi.das598@gmail.co,32031 33103, Chennai ,2025-02-06,Frequent Orderer,False,N
SWGY15056,Rahul Chatterjee,rahul.chatterjee239@gmail.com,(917) 339-8832,mumbai,2025-01-22,New,False,No
SWGY15057,Aditya Bose,aditya.bose500@gmail.co,82530 77601,KOCHI,11/04/2025,Dormant,False,yes
SWGY15058,Sai Reddy,sai.reddy431@gmail.com,7932367053,Mumbai,03-03-2025,Frequent Orderer,True,Yes
SWGY15059,Ananya Reddy,ananya.reddy632@gmail.com,, Ahmedabad ,2025-03-09,Frequent Orderer,False,1
SWGY15060,Sneha Singh,sneha.singh235@gmail.com,,HYDERABAD,03-01-2025,Dormant,False,N
SWGY15061,Kabir Patel,kabir.patel20@gmail.com,,NOIDA,11/03/2024,Swiggy One Member,True,Y
SWGY15062,Ayaan Iyer,ayaan.iyer564@gmail.com,6091894420,AHMEDABAD,11-20-2024,Swiggy One Member,True,1
SWGY15063,Saanvi Das,saanvi.das387@gmail.co,(147) 267-8904,DELHI,2025-02-06,New,False,Yes
SWGY15064,Ira Joshi,ira.joshi816@gmail.com,,Kochi,12/07/2024,Swiggy One Member,True,yes
SWGY15065,Nikhil Das,nikhil.das629@hotmail.com,+91-60373-10251, Chennai ,2024-07-09,Dormant,False,1
SWGY15066,Kabir Kapoor,kabir.kapoor776@hotmail.com,(085) 554-5950,Gurugram,10-01-2024,Dormant,False,No
SWGY15067,Vivaan Kapoor,vivaan.kapoor707@gmail.com,+91-83783-21980,NOIDA,18/06/2024,Frequent Orderer,False,N
SWGY15068,Anika Verma,anika.verma895@yahoo.com,919033225304,Hyderabad,2024-02-06,Dormant,False,Yes
SWGY15069,Navya Shetty,navya.shetty950@yahoo.com,(086) 064-2772,noida,24/09/2023,Frequent Orderer,False,Y
SWGY15070,Aditya Menon,aditya.menon831@yahoo.com,5728655902, Lucknow ,13/09/2023,New,False,No
SWGY15071,Nikhil Mehta,nikhil.mehta873@hotmail.com,+91-72864-55188,nellore,04-29-2024,Swiggy One Member,True,N
SWGY15072,Karthik Gupta,karthik.gupta713@gmail.com,,HYDERABAD,02-01-2024,New,False,No
SWGY15073,Pari Reddy,pari.reddy468@outlook.com,45888 22707,chennai,2024-08-09,Frequent Orderer,True,N
SWGY15074,Reyansh Kapoor,reyansh.kapoor53@hotmail.com,917672544917,AHMEDABAD,2023-11-07,New,True,Yes
SWGY15075,Kabir Das,kabir.das129@outlook.com,57409 61686, Jaipur ,09-18-2023,Churned,False,
SWGY15076,Diya Mehta,diya.mehta767@yahoo.com,0434684568,Chennai,01-30-2024,Frequent Orderer,True,Yes
SWGY15077,Rahul Menon,rahul.menon246@yahoo.com,, Delhi ,2024-09-06,Frequent Orderer,False,0
SWGY15078,Kabir Nair,kabir.nair189@gmail.com,6714820165, Noida ,2025-04-20,Dormant,False,1
SWGY15079,Divya Kapoor,divya.kapoor833@gmail.com,+91-41642-71657,JAIPUR,10-20-2024,Frequent Orderer,False,Y
SWGY15080,Neha Bose,neha.bose560@yahoo.com,5968317482, Ahmedabad ,05-16-2025,Dormant,False,No
SWGY15081,Nikhil Verma,nikhil.verma135@gmail.com,(507) 895-6518,Mumbai,29/03/2024,Swiggy One Member,True,0
SWGY15082,Vikram Patel,vikram.patel266@yahoo.com,+91-41705-28730,kochi,02-14-2024,,True,0
SWGY15083,Navya Nair,NAVYA.NAIR763@YAHOO.COM,3173880222, Mumbai ,10-25-2023,Frequent Orderer,False,Y
SWGY15084,Arjun Shetty,arjun.shetty255@gmail.com,0265421467,,19/01/2024,Swiggy One Member,True,yes
SWGY15085,Pari Iyer,pari.iyer659@outlook.com,40088 79174,Kochi,22/02/2025,Frequent Orderer,False,1
SWGY15086,Reyansh Khan,reyansh.khan12@yahoo.com,06213 09966,KOLKATA,02-10-2024,Churned,False,Yes
SWGY15087,Aadhya Singh,aadhya.singh751@yahoo.com,52776 42649,Ahmedabad,04-03-2024,Dormant,False,
SWGY15088,Aditya Singh,aditya.singh494@outlook.com,913357361050,delhi,02-06-2025,,False,yes
SWGY15089,Vivaan Chatterjee,vivaan.chatterjee427@hotmail.com,(858) 512-9906,Nellore,2024-04-11,Frequent Orderer,True,No
SWGY15090,Ananya Shetty,ananya.shetty537@gmail.co,,pune,21/12/2024,Swiggy One Member,True,0
SWGY15091,Nikhil Mehta,nikhil.mehta741@outlook.com,,hyderabad,2024-10-05,New,False,yes
SWGY15092,Navya Patel,NAVYA.PATEL539@YAHOO.COM,,,01/01/2024,Churned,False,yes
SWGY15093,Reyansh Verma,reyansh.verma525@gmail.com,08843 83213,Delhi,2025-04-13,,False,No
SWGY15094,Riya Gupta,riya.gupta372@yahoo.com,,Noida,06-24-2023,Swiggy One Member,True,1
SWGY15095,Divya Malhotra,divya.malhotra160@gmail.com,26082 13591,VIJAYAWADA,07-13-2024,Swiggy One Member,True,N
SWGY15096,Ishaan Sharma,ishaan.sharma350@gmail.co,71823 27388, Gurugram ,10-29-2024,Frequent Orderer,False,
SWGY15097,Divya Rao,divya.rao236@gmail.com,,Mumbai,07/02/2024,Swiggy One Member,True,1
SWGY15098,Navya Menon,navya.menon320@outlook.com,915400621748,Pune,04-09-2025,New,True,Yes
SWGY15099,Neha Shetty,neha.shetty747@outlook.com,,Kolkata,06-29-2023,Frequent Orderer,False,0
SWGY15100,Rahul Bose,rahul.bose701@outlook.com,,kochi,03-30-2024,Frequent Orderer,True,N
SWGY15101,Reyansh Das,reyansh.das592@yahoo.com,(173) 090-1913, Kolkata ,05-16-2024,Swiggy One Member,True,Yes
SWGY15102,Vivaan Singh,vivaan.singh151@gmail.co,67615 18193,,02-28-2025,Churned,False,Yes
SWGY15103,Ayaan Singh,ayaan.singh995@yahoo.com,913812886149,Kochi,02-12-2024,Frequent Orderer,False,Y
SWGY15104,Krishna Bose,krishna.bose363@gmail.co,,VIJAYAWADA,10/11/2024,Frequent Orderer,False,yes
SWGY15105,Ayaan Rao,ayaan.rao496@gmail.co,(555) 677-9420,Bengaluru,12-05-2024,Frequent Orderer,False,Yes
SWGY15106,Vikram Shetty,vikram.shetty949@gmail.com,55519 71718,PUNE,01-09-2025,Frequent Orderer,False,No
SWGY15107,Kabir Sharma,kabir.sharma918@outlook.com,(778) 702-2685,Bengaluru,2024-10-16,Swiggy One Member,True,
SWGY15108,Pari Iyer,pari.iyer146@gmail.co,1819892407, Hyderabad ,01/03/2024,Frequent Orderer,False,N
SWGY15109,Navya Chatterjee,navya.chatterjee829@hotmail.com,4967160890,ahmedabad,28/01/2024,Dormant,False,Y
SWGY15110,Pooja Menon,pooja.menon783@gmail.com,+91-55090-23075,ahmedabad,10-25-2023,New,False,No
SWGY15111,Vikram Mehta,vikram.mehta677@hotmail.com,(753) 365-9896,NELLORE,2024-03-23,New,False,Y
SWGY15112,Rahul Menon,rahul.menon593@yahoo.com,915470408063,,12-30-2024,New,True,Y
SWGY15113,Sai Bose,sai.bose81@yahoo.com,+91-99445-07849,DELHI,07-17-2024,Frequent Orderer,False,0
SWGY15114,Diya Shetty,diya.shetty100@outlook.com,,MUMBAI,10-05-2024,Churned,True,No
SWGY15115,Arjun Joshi,arjun.joshi949@hotmail.com,914141369987,Gurugram,05-18-2024,Swiggy One Member,True,yes
SWGY15116,Diya Menon,diya.menon718@gmail.com,(474) 276-8551, Kolkata ,03-25-2024,Dormant,False,No
SWGY15117,Arjun Menon,arjun.menon818@gmail.co,911613526425,Noida,28/03/2024,Dormant,True,yes
SWGY15118,Kabir Patel,kabir.patel551@gmail.co,+91-00691-84345, Vijayawada ,09-29-2024,Frequent Orderer,False,Y
SWGY15119,Riya Mehta,riya.mehta858@hotmail.com,4376627728,,10-09-2024,Frequent Orderer,False,Yes
SWGY15120,Rohan Pillai,rohan.pillai899@gmail.co,13224 11883,hyderabad,29/10/2023,New,False,Y
SWGY15121,Rohan Chatterjee,rohan.chatterjee570@gmail.co,,PUNE,2024-06-26,Dormant,True,Yes
SWGY15122,Aadhya Shetty,aadhya.shetty806@gmail.co,38111 84492,NELLORE,10/05/2024,Swiggy One Member,True,1
SWGY15123,Divya Khan,divya.khan258@gmail.com,+91-16725-07393,LUCKNOW,07/07/2023,Frequent Orderer,False,1
SWGY15124,Nikhil Reddy,nikhil.reddy860@hotmail.com,,jaipur,18/05/2024,Dormant,False,Y
SWGY15125,Navya Chatterjee,navya.chatterjee919@outlook.com,+91-45255-36228,PUNE,03/06/2023,New,False,1
SWGY15126,Aditya Rao,aditya.rao503@yahoo.com,2907433892,mumbai,06-11-2023,Frequent Orderer,False,0
SWGY15127,Reyansh Patel,reyansh.patel69@outlook.com,,,01-17-2025,New,False,No
SWGY15128,Krishna Pillai,krishna.pillai885@yahoo.com,+91-66919-86264,jaipur,06-16-2024,New,False,Y
SWGY15129,Anika Nair,anika.nair900@hotmail.com,+91-48827-18467, Kolkata ,05-03-2024,Frequent Orderer,False,Y
SWGY15130,Myra Iyer,myra.iyer58@gmail.com,911610606558,noida,2025-02-08,Dormant,False,0
SWGY15131,Riya Rao,riya.rao66@gmail.com,,delhi,21/11/2023,New,False,Y
SWGY15132,Nikhil Joshi,nikhil.joshi31@hotmail.com,,noida,08-18-2024,New,False,
SWGY15133,Priya Nair,priya.nair206@outlook.com,,vijayawada,05-10-2025,Swiggy One Member,True,N
SWGY15134,Saanvi Malhotra,saanvi.malhotra38@gmail.co,, Chennai ,01-08-2024,Frequent Orderer,True,1
SWGY15135,Pari Khan,pari.khan67@hotmail.com,,DELHI,2024-05-26,New,False,No
SWGY15136,Arjun Nair,arjun.nair772@hotmail.com,1007179170,jaipur,11-24-2023,Frequent Orderer,False,N
SWGY15137,Karthik Mehta,karthik.mehta744@hotmail.com,7797675056,nellore,08-27-2024,Dormant,True,N
SWGY15138,Rohan Shetty,rohan.shetty219@outlook.com,24384 57116, Pune ,10-12-2023,Frequent Orderer,False,Yes
SWGY15139,Nikhil Singh,nikhil.singh182@outlook.com,23679 08211, Vijayawada ,2024-05-22,Frequent Orderer,False,N
SWGY15140,Riya Rao,riya.rao172@hotmail.com,914306638177,Mumbai,02/04/2024,Frequent Orderer,False,Yes
SWGY15141,Neha Patel,neha.patel514@hotmail.com,,ahmedabad,04/09/2023,Frequent Orderer,False,Y
SWGY15142,Neha Shetty,neha.shetty246@gmail.co,06039 49258,Delhi,05-11-2025,Swiggy One Member,True,Yes
SWGY15143,Pari Singh,pari.singh31@gmail.co,(488) 466-0612,Lucknow,15/10/2023,New,False,0
SWGY15144,Anika Joshi,anika.joshi164@yahoo.com,916546396097,kolkata,2023-06-27,Swiggy One Member,True,1
SWGY15145,Nikhil Das,nikhil.das521@outlook.com,25900 71097,delhi,2023-08-16,Frequent Orderer,False,
SWGY15146,Sai Chatterjee,sai.chatterjee712@yahoo.com,918004607571, Delhi ,10-28-2024,Dormant,False,0
SWGY15147,Ishaan Joshi,,913246765817,lucknow,07-30-2024,Dormant,True,1
SWGY15148,Ayaan Das,,3141124788,ahmedabad,03-20-2024,Churned,False,1
SWGY15149,Anika Chatterjee,anika.chatterjee73@gmail.com,,Gurugram,10-20-2023,,True,
SWGY15150,Navya Mehta,navya.mehta876@hotmail.com,55570 59339,Jaipur,12-27-2024,Frequent Orderer,False,N
SWGY15151,Aadhya Joshi,aadhya.joshi998@hotmail.com,+91-94036-83469, Kolkata ,2023-06-26,Frequent Orderer,False,
SWGY15152,Sai Verma,sai.verma662@gmail.com,, Nellore ,2023-12-24,Swiggy One Member,True,yes
SWGY15153,Aditya Gupta,aditya.gupta720@yahoo.com,,jaipur,2023-10-25,Frequent Orderer,False,N
SWGY15154,Sai Shetty,sai.shetty794@gmail.co,+91-14621-39362, Bengaluru ,04-20-2025,Dormant,False,1
SWGY15155,Anika Das,anika.das808@yahoo.com,(482) 645-2400, Pune ,2025-04-01,Frequent Orderer,True,1
SWGY15156,Pari Patel,pari.patel476@hotmail.com,5270982380, Jaipur ,2025-04-07,Frequent Orderer,False,1
SWGY15157,Navya Rao,navya.rao710@outlook.com,+91-01886-78265,jaipur,2024-07-30,Swiggy One Member,True,1
SWGY15158,Divya Malhotra,divya.malhotra225@hotmail.com,(114) 776-6845,VIJAYAWADA,09/02/2024,Frequent Orderer,False,
SWGY15159,Nikhil Iyer,nikhil.iyer700@yahoo.com,47516 25471,JAIPUR,2023-12-09,New,False,No
SWGY15160,Krishna Pillai,krishna.pillai607@gmail.co,0417684151,Pune,2025-05-07,New,False,Yes
SWGY15161,Aadhya Shetty,AADHYA.SHETTY351@OUTLOOK.COM,+91-44101-67222, Kochi ,03/07/2024,Swiggy One Member,True,1
SWGY15162,Krishna Malhotra,krishna.malhotra942@hotmail.com,,gurugram,07/11/2024,Frequent Orderer,False,Y
SWGY15163,Reyansh Khan,reyansh.khan373@hotmail.com,8352578906,CHENNAI,19/09/2024,New,False,1
SWGY15164,Anika Iyer,anika.iyer45@hotmail.com,6934174279,NOIDA,29/03/2025,New,False,No
SWGY15165,Ira Bose,ira.bose569@gmail.co,91581 47457, Lucknow ,04/05/2025,Frequent Orderer,False,yes
SWGY15166,Reyansh Joshi,reyansh.joshi810@gmail.com,+91-10071-63131,PUNE,13/08/2023,New,True,0
SWGY15167,Myra Joshi,myra.joshi677@yahoo.com,42870 39663,GURUGRAM,04/08/2023,New,False,0
SWGY15168,Arjun Sharma,arjun.sharma592@gmail.co,915397280615,Pune,27/10/2023,Frequent Orderer,False,0
SWGY15169,Aadhya Reddy,aadhya.reddy805@gmail.com,(406) 289-8240,AHMEDABAD,09/10/2023,Swiggy One Member,True,No
SWGY15170,Krishna Shetty,krishna.shetty321@yahoo.com,917495252560,,27/02/2024,Frequent Orderer,False,Yes
SWGY15171,Pari Gupta,pari.gupta939@gmail.co,+91-15159-47284,,09-17-2024,Churned,False,1
SWGY15172,Nikhil Malhotra,nikhil.malhotra74@hotmail.com,(637) 600-5894,pune,2024-05-06,Dormant,True,0
SWGY15173,Aarav Pillai,aarav.pillai781@outlook.com,,mumbai,24/08/2023,Frequent Orderer,False,yes
SWGY15174,Pari Reddy,pari.reddy51@gmail.com,,gurugram,2024-05-17,Swiggy One Member,True,N
SWGY15175,Pari Verma,pari.verma950@gmail.co,,LUCKNOW,26/06/2024,Churned,False,
SWGY15176,Neha Mehta,neha.mehta429@gmail.com,+91-76671-57187,MUMBAI,2023-09-21,Swiggy One Member,True,No
SWGY15177,Myra Bose,myra.bose335@outlook.com,,,07/11/2024,Churned,False,yes
SWGY15178,Anika Malhotra,anika.malhotra193@gmail.co,2137969311, Pune ,2023-09-26,Swiggy One Member,True,1
SWGY15179,Ananya Das,ananya.das493@hotmail.com,4403336702,Kochi,08-05-2024,Frequent Orderer,False,N
SWGY15180,Pooja Kapoor,pooja.kapoor642@yahoo.com,910729701033,kolkata,08-09-2023,New,False,Yes
SWGY15181,Sai Kapoor,,, Hyderabad ,15/07/2024,New,True,0
SWGY15182,Saanvi Kapoor,saanvi.kapoor278@hotmail.com,,CHENNAI,2025-01-05,Swiggy One Member,True,0
SWGY15183,Navya Bose,navya.bose853@outlook.com,, Kochi ,07-16-2024,New,False,0
SWGY15184,Myra Kapoor,myra.kapoor862@hotmail.com,910335634837,chennai,2024-05-05,Frequent Orderer,False,N
SWGY15185,Kabir Mehta,kabir.mehta96@gmail.co,5033571772, Vijayawada ,05-22-2025,Swiggy One Member,True,No
SWGY15186,Saanvi Menon,saanvi.menon644@gmail.co,15998 03752,Noida,06-25-2024,New,False,N
SWGY15187,Rohan Shetty,rohan.shetty258@yahoo.com,911795825222,Hyderabad,08-18-2023,New,False,No
SWGY15188,Pooja Bose,pooja.bose837@outlook.com,,ahmedabad,2024-03-02,Dormant,False,1
SWGY15189,Saanvi Patel,saanvi.patel769@yahoo.com,910528509656, Gurugram ,25/05/2025,Swiggy One Member,True,No
SWGY15190,Navya Shetty,navya.shetty174@yahoo.com,913887769399,Bengaluru,07/10/2023,Dormant,False,Y
SWGY15191,Aditya Patel,aditya.patel6@hotmail.com,911593164937,,06-07-2024,Churned,True,1
SWGY15192,Aarav Kapoor,aarav.kapoor600@outlook.com,+91-57221-96938,Vijayawada,2023-07-24,Dormant,False,No
SWGY15193,Aarav Nair,aarav.nair806@yahoo.com,1858467842,PUNE,2023-08-30,Swiggy One Member,True,
SWGY15194,Rohan Shetty,rohan.shetty340@yahoo.com,,NELLORE,11-07-2023,,False,N
SWGY15195,Pooja Das,pooja.das825@gmail.co,,gurugram,03-16-2024,Swiggy One Member,True,Yes
SWGY15196,Krishna Joshi,krishna.joshi216@gmail.com,919755951212, Bengaluru ,01-09-2025,New,False,Y
SWGY15197,Neha Verma,NEHA.VERMA88@OUTLOOK.COM,+91-80156-16413,noida,11-21-2023,Frequent Orderer,True,Yes
SWGY15198,Kabir Iyer,kabir.iyer934@yahoo.com,+91-81084-68425, Nellore ,10-29-2023,New,False,N
SWGY15199,Nikhil Reddy,nikhil.reddy272@yahoo.com,(454) 541-9135,bengaluru,12-12-2024,Frequent Orderer,False,yes
SWGY15200,Reyansh Nair,reyansh.nair539@outlook.com,9359985101, Gurugram ,2023-10-23,Frequent Orderer,False,No
SWGY15201,Ayaan Mehta,ayaan.mehta482@hotmail.com,912187735950,gurugram,10-23-2023,Dormant,False,N
SWGY15202,Pooja Chatterjee,pooja.chatterjee491@outlook.com,919666223462, Chennai ,08-16-2024,Frequent Orderer,False,No
SWGY15203,Ananya Reddy,ananya.reddy906@gmail.co,, Jaipur ,2024-02-24,New,False,
SWGY15204,Navya Mehta,navya.mehta278@gmail.com,(238) 129-0421,Mumbai,07-08-2023,Frequent Orderer,False,Yes
SWGY15205,Ishaan Joshi,ishaan.joshi223@gmail.co,,Chennai,08/11/2024,Dormant,False,0
SWGY15206,Karthik Singh,karthik.singh330@gmail.co,60540 15035,gurugram,04-10-2024,Frequent Orderer,False,N
SWGY15207,Rahul Patel,rahul.patel596@outlook.com,913780745159, Nellore ,04-17-2025,Dormant,True,1
SWGY15208,Rahul Joshi,,(476) 212-2866,Hyderabad,23/08/2023,Frequent Orderer,False,No
SWGY15209,Aadhya Mehta,aadhya.mehta714@gmail.co,0304821023,Bengaluru,08-30-2023,Dormant,False,Y
SWGY15210,Rohan Kapoor,ROHAN.KAPOOR14@GMAIL.CO,913209915215,noida,30/04/2025,Dormant,False,yes
SWGY15211,Saanvi Verma,saanvi.verma242@hotmail.com,(328) 228-6441,Noida,05-01-2025,Swiggy One Member,True,N
SWGY15212,Riya Rao,riya.rao25@hotmail.com,918436064380,KOLKATA,2024-08-14,Swiggy One Member,True,
SWGY15213,Krishna Patel,krishna.patel971@gmail.com,913083004098,pune,26/06/2023,Swiggy One Member,True,Y
SWGY15214,Ananya Malhotra,ananya.malhotra333@yahoo.com,05599 81885,vijayawada,14/02/2024,Frequent Orderer,False,yes
SWGY15215,Navya Das,navya.das944@outlook.com,+91-59169-60841,Kochi,09/02/2025,,True,yes
SWGY15216,Rohan Verma,,59130 00375,ahmedabad,30/09/2024,Frequent Orderer,False,1
SWGY15217,Anika Iyer,anika.iyer230@gmail.co,911275199936,gurugram,04-27-2024,Frequent Orderer,False,yes
SWGY15218,Ishaan Mehta,ishaan.mehta383@gmail.co,911090102284, Kochi ,12-30-2023,Frequent Orderer,False,N
SWGY15219,Aarav Kapoor,aarav.kapoor393@hotmail.com,(032) 471-7356, Chennai ,2024-11-30,New,False,Y
SWGY15220,Arjun Patel,arjun.patel167@outlook.com,+91-77347-58916, Pune ,2023-09-25,Frequent Orderer,False,N
SWGY15221,Nikhil Kapoor,nikhil.kapoor539@gmail.com,(769) 174-9706,LUCKNOW,21/08/2023,Frequent Orderer,False,0
SWGY15222,Ishaan Iyer,ishaan.iyer203@hotmail.com,,chennai,10/03/2025,Dormant,False,Y
SWGY15223,Pari Chatterjee,pari.chatterjee37@outlook.com,911164581797,,2023-12-24,New,False,yes
SWGY15224,Karthik Reddy,karthik.reddy209@gmail.com,24130 38977,Chennai,2023-06-20,Frequent Orderer,False,0
SWGY15225,Diya Sharma,diya.sharma739@yahoo.com,25551 19726,Bengaluru,06/09/2024,Churned,False,Y
SWGY15226,Karthik Joshi,,,Delhi,2023-06-15,Frequent Orderer,False,0
SWGY15227,Ishaan Patel,ishaan.patel714@yahoo.com,+91-52831-87045,NOIDA,22/12/2024,Dormant,False,yes
SWGY15228,Rahul Verma,rahul.verma466@outlook.com,(949) 333-1696,Hyderabad,2024-02-15,Frequent Orderer,False,Y
SWGY15229,Sneha Sharma,sneha.sharma685@gmail.com,,pune,2023-11-06,Frequent Orderer,True,No
SWGY15230,Sneha Gupta,sneha.gupta738@gmail.com,,bengaluru,07-18-2024,Swiggy One Member,True,
SWGY15231,Pari Rao,pari.rao362@outlook.com,+91-48592-31387,chennai,12-01-2024,Dormant,True,Y
SWGY15232,Diya Reddy,,22358 91409,,30/04/2024,Swiggy One Member,False,No
SWGY15233,Aditya Shetty,aditya.shetty734@gmail.co,0339004645, Delhi ,06-26-2023,Frequent Orderer,False,
SWGY15234,Diya Menon,diya.menon251@gmail.co,912766397599,kolkata,2024-04-01,New,True,Y
SWGY15235,Sneha Verma,sneha.verma42@hotmail.com,+91-05877-37459,KOLKATA,2024-12-19,Swiggy One Member,True,Y
SWGY15236,Aditya Sharma,aditya.sharma732@hotmail.com,(574) 922-2008,vijayawada,2023-10-01,Frequent Orderer,True,0
SWGY15237,Navya Mehta,navya.mehta391@gmail.co,91554 87289,chennai,06-17-2024,Dormant,False,0
SWGY15238,Pari Singh,pari.singh774@hotmail.com,7508824621,jaipur,09-04-2024,Frequent Orderer,False,
SWGY15239,Vivaan Verma,vivaan.verma235@yahoo.com,23175 51348, Ahmedabad ,01/12/2024,New,True,
SWGY15240,Sneha Mehta,sneha.mehta306@gmail.com,(707) 096-3976,Noida,10/01/2025,Swiggy One Member,True,Y
SWGY15241,Sneha Pillai,sneha.pillai243@outlook.com,915026418723, Vijayawada ,02-03-2024,Frequent Orderer,False,0
SWGY15242,Sneha Malhotra,sneha.malhotra805@gmail.com,4232180811, Kolkata ,08-13-2023,Frequent Orderer,False,Yes
SWGY15243,Ira Mehta,ira.mehta761@yahoo.com,+91-32234-97279,AHMEDABAD,13/04/2024,Dormant,True,
SWGY15244,Vivaan Malhotra,vivaan.malhotra48@yahoo.com,, Bengaluru ,03-15-2024,Dormant,False,Y
SWGY15245,Ishaan Reddy,ishaan.reddy698@hotmail.com,86919 36491,BENGALURU,12-04-2023,New,True,0
SWGY15246,Pooja Menon,pooja.menon497@hotmail.com,,BENGALURU,05/05/2025,New,True,Y
SWGY15247,Krishna Malhotra,krishna.malhotra127@yahoo.com,(499) 176-0663,,24/08/2024,Frequent Orderer,False,Y
SWGY15248,Aarav Reddy,aarav.reddy129@gmail.com,(119) 198-3913,MUMBAI,09-27-2024,Dormant,False,N
SWGY15249,Ishaan Khan,ishaan.khan764@yahoo.com,(231) 201-4873,hyderabad,07/07/2023,Frequent Orderer,True,0
SWGY15250,Arjun Das,arjun.das709@outlook.com,(143) 562-8251,vijayawada,2024-09-03,Churned,True,N
SWGY15251,Ananya Mehta,ananya.mehta105@gmail.co,,Hyderabad,15/07/2023,Dormant,False,Y
SWGY15252,Diya Gupta,diya.gupta886@gmail.com,8488242110,Chennai,2024-06-05,Swiggy One Member,True,N
SWGY15253,Aadhya Reddy,,,Jaipur,01-16-2025,Frequent Orderer,False,0
SWGY15254,Ayaan Khan,ayaan.khan191@outlook.com,+91-41227-74144,AHMEDABAD,2025-03-18,Swiggy One Member,True,No
SWGY15255,Pooja Reddy,pooja.reddy138@gmail.com,(000) 919-6568,ahmedabad,02/08/2023,Dormant,True,N
SWGY15256,Krishna Rao,krishna.rao484@gmail.com,917767271067,noida,2024-09-26,Frequent Orderer,False,
SWGY15257,Aadhya Bose,aadhya.bose955@gmail.co,(207) 693-7745,HYDERABAD,07-14-2024,Dormant,False,Yes
SWGY15258,Riya Pillai,riya.pillai760@outlook.com,(784) 678-6913,Noida,04-10-2025,Churned,False,Y
SWGY15259,Arjun Menon,arjun.menon86@gmail.com,+91-60057-88385,MUMBAI,27/06/2023,Swiggy One Member,False,yes
SWGY15260,Sneha Sharma,sneha.sharma317@gmail.co,6590888250, Vijayawada ,2025-04-28,Frequent Orderer,False,0
SWGY15261,Krishna Chatterjee,krishna.chatterjee409@hotmail.com,79417 45539,noida,24/10/2024,Swiggy One Member,True,No
SWGY15262,Krishna Singh,krishna.singh457@yahoo.com,2264787487,,2024-09-20,Frequent Orderer,False,yes
SWGY15263,Rahul Iyer,,79631 01234,noida,10/03/2024,Frequent Orderer,False,Y
SWGY15264,Ayaan Shetty,,69468 33971,Pune,2024-05-19,Swiggy One Member,True,0
SWGY15265,Ira Reddy,ira.reddy442@gmail.co,(818) 470-7108,,13/05/2024,Swiggy One Member,True,yes
SWGY15266,Vivaan Joshi,vivaan.joshi472@hotmail.com,39634 16276,CHENNAI,10/12/2023,Dormant,False,
SWGY15267,Vikram Pillai,vikram.pillai850@gmail.co,,vijayawada,2023-08-12,Churned,True,N
SWGY15268,Rahul Pillai,rahul.pillai673@gmail.co,7090108163,Delhi,2024-07-23,New,False,1
SWGY15269,Reyansh Menon,reyansh.menon203@outlook.com,,ahmedabad,2025-04-20,Swiggy One Member,True,Yes
SWGY15270,Neha Reddy,neha.reddy739@outlook.com,(327) 907-0714,LUCKNOW,2024-01-22,New,False,N
SWGY15271,Kabir Kapoor,KABIR.KAPOOR62@HOTMAIL.COM,917101595591,bengaluru,12-30-2023,Churned,False,
SWGY15272,Vivaan Patel,vivaan.patel9@hotmail.com,,GURUGRAM,2023-11-11,New,False,
SWGY15273,Priya Khan,priya.khan996@yahoo.com,917136971984,pune,2023-11-12,New,False,N
SWGY15274,Ayaan Gupta,ayaan.gupta830@hotmail.com,+91-39396-30446,hyderabad,03/07/2023,Frequent Orderer,False,0
SWGY15275,Kabir Kapoor,kabir.kapoor256@hotmail.com,(528) 976-1847, Jaipur ,2023-07-30,New,False,Y
SWGY15276,Myra Khan,myra.khan432@gmail.com,(936) 123-0176,Bengaluru,2024-05-12,New,False,Y
SWGY15277,Anika Verma,anika.verma160@gmail.com,2764251242,,03-13-2025,Frequent Orderer,False,N
SWGY15278,Riya Sharma,riya.sharma182@yahoo.com,+91-61746-96716,AHMEDABAD,02-15-2024,Dormant,False,1
SWGY15279,Aadhya Pillai,aadhya.pillai133@yahoo.com,(514) 129-2756, Kolkata ,2024-07-20,New,False,No
SWGY15280,Ira Shetty,ira.shetty608@gmail.com,,kochi,05-26-2024,Swiggy One Member,True,No
SWGY15281,Kabir Das,kabir.das497@gmail.com,4279730715,kolkata,2024-08-26,Swiggy One Member,True,0
SWGY15282,Ira Chatterjee,,+91-05138-10155, Vijayawada ,2023-12-21,Frequent Orderer,False,yes
SWGY15283,Aditya Khan,aditya.khan825@yahoo.com,6428921651,Pune,04/05/2024,New,False,Yes
SWGY15284,Myra Rao,myra.rao671@hotmail.com,,mumbai,06-05-2024,New,False,Y
SWGY15285,Rahul Verma,rahul.verma158@gmail.com,(653) 903-9159, Gurugram ,2025-05-22,New,False,N
SWGY15286,Rahul Bose,rahul.bose725@outlook.com,(935) 167-5004, Chennai ,2024-03-22,Frequent Orderer,False,0
SWGY15287,Nikhil Chatterjee,nikhil.chatterjee139@outlook.com,(388) 925-0000, Chennai ,2024-12-20,Frequent Orderer,False,0
SWGY15288,Karthik Joshi,karthik.joshi521@hotmail.com,2067715041,MUMBAI,04/05/2025,Frequent Orderer,False,Y
SWGY15289,Divya Nair,divya.nair229@gmail.com,(500) 776-3120,DELHI,22/04/2024,Dormant,False,Y
SWGY15290,Vikram Malhotra,vikram.malhotra525@outlook.com,+91-62512-18024,pune,09-09-2024,Frequent Orderer,False,No
SWGY15291,Aadhya Nair,aadhya.nair103@hotmail.com,32819 04660,,03-18-2024,Dormant,False,Yes
SWGY15292,Arjun Singh,arjun.singh99@gmail.co,65702 31628,MUMBAI,02-22-2024,Swiggy One Member,True,N
SWGY15293,Ishaan Nair,ishaan.nair140@gmail.com,911197975075,Noida,02-07-2024,Frequent Orderer,False,1
SWGY15294,Ira Shetty,ira.shetty928@yahoo.com,(416) 729-8139,Gurugram,28/01/2024,Frequent Orderer,False,N
SWGY15295,Diya Joshi,diya.joshi205@gmail.co,918055204197, Delhi ,08/10/2023,Frequent Orderer,False,
SWGY15296,Aadhya Sharma,aadhya.sharma954@hotmail.com,,Mumbai,08-16-2023,Swiggy One Member,True,0
SWGY15297,Vikram Gupta,vikram.gupta24@hotmail.com,,Chennai,02/03/2025,Frequent Orderer,False,0
SWGY15298,Ishaan Chatterjee,ishaan.chatterjee239@gmail.com,+91-81526-06449,Gurugram,2024-04-12,Churned,False,No
SWGY15299,Vivaan Joshi,vivaan.joshi373@hotmail.com,14778 14690,VIJAYAWADA,2024-03-19,Frequent Orderer,False,Yes
SWGY15300,Divya Das,divya.das559@yahoo.com,,DELHI,20/08/2023,Frequent Orderer,False,
SWGY15301,Priya Verma,priya.verma703@gmail.com,,Noida,08/11/2023,Frequent Orderer,True,
SWGY15302,Nikhil Pillai,nikhil.pillai545@outlook.com,92391 22356,Delhi,02-15-2024,Dormant,True,
SWGY15303,Diya Das,diya.das215@hotmail.com,,VIJAYAWADA,2024-10-10,Swiggy One Member,True,Y
SWGY15304,Krishna Malhotra,krishna.malhotra807@yahoo.com,+91-88298-32044,JAIPUR,26/03/2025,New,False,yes
SWGY15305,Pari Menon,,+91-29267-13488,chennai,11-26-2024,Frequent Orderer,False,yes
SWGY15306,Ayaan Nair,ayaan.nair826@yahoo.com,,LUCKNOW,05/01/2024,Frequent Orderer,False,Yes
SWGY15307,Ananya Verma,ananya.verma281@outlook.com,(314) 682-5706, Pune ,2024-09-23,New,True,Y
SWGY15308,Aarav Sharma,,14790 81589,HYDERABAD,09-07-2024,Frequent Orderer,False,Yes
SWGY15309,Ira Nair,ira.nair139@yahoo.com,(359) 279-1600,,2024-09-13,New,False,Yes
SWGY15310,Priya Sharma,priya.sharma186@yahoo.com,915099290105, Pune ,05-17-2024,Dormant,False,
SWGY15311,Navya Bose,navya.bose92@hotmail.com,73422 03770,BENGALURU,08-17-2024,New,False,1
SWGY15312,Aditya Kapoor,aditya.kapoor995@gmail.co,,,2023-06-11,Dormant,False,Y
SWGY15313,Nikhil Singh,nikhil.singh744@gmail.co,, Gurugram ,02-05-2024,Swiggy One Member,True,No
SWGY15314,Sneha Khan,sneha.khan287@outlook.com,912376468318, Jaipur ,2024-04-14,Dormant,False,Y
SWGY15315,Diya Reddy,diya.reddy310@outlook.com,910923013270,KOLKATA,2024-06-18,Dormant,False,Yes
SWGY15316,Myra Gupta,myra.gupta941@gmail.co,,chennai,30/10/2023,Frequent Orderer,False,Yes
SWGY15317,Arjun Chatterjee,arjun.chatterjee277@hotmail.com,911334708474,BENGALURU,23/01/2025,Dormant,False,No
SWGY15318,Anika Bose,,+91-71329-08984,gurugram,17/02/2024,,False,No
SWGY15319,Priya Malhotra,priya.malhotra804@outlook.com,8828872480,kochi,13/01/2024,Frequent Orderer,False,0
SWGY15320,Pari Mehta,pari.mehta555@gmail.com,912660183440,NELLORE,2024-03-25,Swiggy One Member,True,1
SWGY15321,Aditya Menon,aditya.menon689@outlook.com,, Pune ,03-28-2025,Dormant,False,Yes
SWGY15322,Priya Pillai,priya.pillai795@gmail.co,03273 06344, Noida ,2024-10-01,New,True,Yes
SWGY15323,Kabir Pillai,kabir.pillai589@gmail.co,40720 51585,CHENNAI,2024-12-06,New,False,1
SWGY15324,Krishna Gupta,krishna.gupta931@hotmail.com,913010083086,Vijayawada,2024-02-15,Churned,False,0
SWGY15325,Kabir Joshi,kabir.joshi93@gmail.co,913593662939, Bengaluru ,09/01/2024,Dormant,False,Yes
SWGY15326,Rohan Bose,rohan.bose47@hotmail.com,+91-25456-84799, Bengaluru ,2023-10-10,Dormant,False,
SWGY15327,Nikhil Malhotra,nikhil.malhotra169@outlook.com,98756 22567,jaipur,2023-06-28,New,False,No
SWGY15328,Ayaan Iyer,ayaan.iyer450@gmail.com,10577 30858,noida,2024-06-29,Frequent Orderer,False,Yes
SWGY15329,Ananya Das,ananya.das517@yahoo.com,3659751075,AHMEDABAD,28/10/2024,Churned,True,Y
SWGY15330,Arjun Chatterjee,arjun.chatterjee147@yahoo.com,1360579792,Lucknow,2024-12-24,Dormant,False,N
SWGY15331,Pari Iyer,pari.iyer961@yahoo.com,04763 94457,VIJAYAWADA,01/05/2024,New,False,No
SWGY15332,Anika Mehta,anika.mehta353@hotmail.com,,gurugram,19/01/2025,Frequent Orderer,False,Y
SWGY15333,Reyansh Reddy,reyansh.reddy893@gmail.com,0505838914,JAIPUR,2024-08-30,New,False,yes
SWGY15334,Nikhil Reddy,nikhil.reddy106@hotmail.com,+91-69076-69936,,01-02-2025,Frequent Orderer,False,N
SWGY15335,Arjun Kapoor,arjun.kapoor833@gmail.com,7325145460,Mumbai,05/04/2024,Frequent Orderer,False,0
SWGY15336,Ayaan Shetty,ayaan.shetty530@hotmail.com,99707 04548,Bengaluru,2024-01-13,Dormant,False,1
SWGY15337,Divya Menon,divya.menon364@hotmail.com,(353) 849-6125,ahmedabad,01-15-2025,Churned,False,Y
SWGY15338,Reyansh Gupta,reyansh.gupta136@hotmail.com,+91-81162-59839,JAIPUR,04/04/2024,Frequent Orderer,False,Yes
SWGY15339,Anika Singh,anika.singh606@gmail.com,916107464439,DELHI,2025-03-18,New,False,0
SWGY15340,Ishaan Gupta,ishaan.gupta330@gmail.co,+91-95787-75507,Bengaluru,03-02-2024,Churned,False,Yes
SWGY15341,Reyansh Das,reyansh.das234@yahoo.com,,Pune,25/03/2025,Dormant,False,Yes
SWGY15342,Riya Gupta,riya.gupta803@hotmail.com,+91-46094-56758,jaipur,03-20-2025,Frequent Orderer,False,N
SWGY15343,Sneha Sharma,sneha.sharma587@gmail.com,,LUCKNOW,07/08/2023,New,False,0
SWGY15344,Krishna Sharma,krishna.sharma652@hotmail.com,41902 51190,kolkata,16/01/2024,Frequent Orderer,False,No
SWGY15345,Kabir Chatterjee,kabir.chatterjee670@gmail.co,2078324835,,2023-08-22,Frequent Orderer,False,0
SWGY15346,Priya Reddy,priya.reddy93@hotmail.com,, Gurugram ,2024-01-14,Frequent Orderer,False,
SWGY15347,Myra Singh,myra.singh122@gmail.co,,bengaluru,2024-07-12,New,False,Y
SWGY15348,Rahul Sharma,rahul.sharma859@hotmail.com,+91-05809-87079,Vijayawada,05-19-2024,New,False,1
SWGY15349,Priya Malhotra,priya.malhotra857@outlook.com,+91-77521-08219,nellore,2024-01-09,Dormant,False,Yes
SWGY15350,Reyansh Sharma,reyansh.sharma633@gmail.com,,nellore,2025-02-20,Dormant,False,1
SWGY15351,Kabir Iyer,kabir.iyer846@outlook.com,917133676951,noida,11-21-2023,Churned,True,No
SWGY15352,Riya Pillai,riya.pillai996@gmail.com,911597781465, Vijayawada ,2024-08-04,Swiggy One Member,True,
SWGY15353,Diya Verma,diya.verma533@gmail.com,, Gurugram ,2023-06-21,Dormant,False,N
SWGY15354,Aditya Nair,aditya.nair28@hotmail.com,(206) 881-4798,NOIDA,2024-04-08,Swiggy One Member,True,Y
SWGY15355,Rahul Chatterjee,rahul.chatterjee970@gmail.co,8808126180,Chennai,2024-10-05,Dormant,False,
SWGY15356,Myra Menon,myra.menon696@outlook.com,67683 42690,,05-23-2024,New,False,No
SWGY15357,Aditya Verma,aditya.verma881@yahoo.com,29265 71621,Mumbai,14/03/2024,Churned,True,yes
SWGY15358,Nikhil Verma,nikhil.verma956@outlook.com,6105991237, Chennai ,09/11/2024,Swiggy One Member,True,Y
SWGY15359,Pari Verma,,4837469064, Pune ,07/09/2024,Dormant,False,Yes
SWGY15360,Diya Shetty,diya.shetty719@hotmail.com,(369) 215-2606,bengaluru,03-15-2025,Swiggy One Member,True,No
SWGY15361,Aadhya Iyer,aadhya.iyer236@hotmail.com,+91-95477-16048,delhi,12/06/2023,New,False,N
SWGY15362,Ananya Bose,ananya.bose320@gmail.co,915709827290,NELLORE,02-24-2024,,False,Yes
SWGY15363,Kabir Reddy,kabir.reddy374@hotmail.com,10390 98803,,14/12/2024,Swiggy One Member,True,Y
SWGY15364,Anika Mehta,anika.mehta262@hotmail.com,4766142585,KOCHI,02/04/2024,Swiggy One Member,True,
SWGY15365,Vivaan Pillai,vivaan.pillai862@gmail.co,,Gurugram,05-23-2024,New,False,1
SWGY15366,Reyansh Iyer,reyansh.iyer308@gmail.co,912763668709,Nellore,15/05/2024,Churned,False,1
SWGY15367,Vivaan Bose,vivaan.bose56@gmail.co,, Hyderabad ,02-25-2025,Churned,False,N
SWGY15368,Neha Nair,neha.nair416@gmail.co,8813528590, Noida ,27/06/2024,Churned,False,1
SWGY15369,Ananya Pillai,ananya.pillai726@hotmail.com,97047 03405,,2023-07-29,Swiggy One Member,True,No
SWGY15370,Neha Menon,neha.menon464@gmail.com,20680 86366,Lucknow,2024-05-07,Churned,False,No
SWGY15371,Sai Verma,sai.verma362@gmail.co,+91-56987-35269,Gurugram,2023-08-19,Dormant,False,yes
SWGY15372,Anika Shetty,anika.shetty112@hotmail.com,75633 87933,AHMEDABAD,12/10/2024,Dormant,False,0
SWGY15373,Ira Pillai,ira.pillai509@yahoo.com,+91-45629-21221,,09-05-2023,Dormant,True,yes
SWGY15374,Kabir Joshi,kabir.joshi911@hotmail.com,27873 58658,VIJAYAWADA,06-24-2024,New,True,0
SWGY15375,Kabir Verma,kabir.verma857@hotmail.com,83881 29856,LUCKNOW,2024-07-30,New,False,No
SWGY15376,Saanvi Das,saanvi.das844@gmail.co,916991791646,lucknow,08-15-2024,Dormant,False,
SWGY15377,Pooja Reddy,pooja.reddy558@gmail.co,, Mumbai ,2023-11-29,Frequent Orderer,False,No
SWGY15378,Pooja Malhotra,pooja.malhotra871@yahoo.com,+91-91616-12668,HYDERABAD,2024-05-15,Swiggy One Member,True,Y
SWGY15379,Divya Rao,divya.rao665@yahoo.com,910679385735,pune,2024-09-17,Frequent Orderer,False,1
SWGY15380,Sai Pillai,sai.pillai792@outlook.com,,noida,12-17-2024,Swiggy One Member,True,yes
SWGY15381,Ishaan Singh,ishaan.singh209@gmail.co,61288 22753, Ahmedabad ,06-02-2023,Dormant,False,Y
SWGY15382,Saanvi Gupta,saanvi.gupta751@gmail.co,7672245484, Lucknow ,2023-12-09,New,False,Yes
SWGY15383,Navya Menon,navya.menon81@outlook.com,913345375021,Nellore,2024-01-16,New,False,Y
SWGY15384,Ayaan Rao,ayaan.rao772@outlook.com,83379 37086,MUMBAI,01-29-2024,Frequent Orderer,False,1
SWGY15385,Arjun Menon,arjun.menon182@gmail.com,(320) 815-4269,Ahmedabad,2025-01-07,Dormant,False,No
SWGY15386,Neha Shetty,,(561) 681-4375, Jaipur ,14/08/2024,Frequent Orderer,False,Yes
SWGY15387,Ishaan Menon,ishaan.menon347@outlook.com,+91-63509-26369,BENGALURU,16/06/2024,Swiggy One Member,True,Yes
SWGY15388,Neha Joshi,neha.joshi506@gmail.com,914383275070, Gurugram ,2024-06-28,Frequent Orderer,False,yes
SWGY15389,Krishna Nair,krishna.nair104@gmail.com,(386) 355-6315,VIJAYAWADA,2024-09-15,Frequent Orderer,False,yes
SWGY15390,Aditya Malhotra,aditya.malhotra975@gmail.co,+91-80950-48371,KOLKATA,09-01-2023,Dormant,False,Yes
SWGY15391,Karthik Chatterjee,karthik.chatterjee317@yahoo.com,(257) 751-3824,hyderabad,2023-10-05,Frequent Orderer,False,N
SWGY15392,Ayaan Khan,ayaan.khan937@gmail.co,,Chennai,2024-07-22,New,False,Yes
SWGY15393,Arjun Sharma,arjun.sharma917@gmail.com,+91-06794-33203,Pune,2024-05-29,Swiggy One Member,True,0
SWGY15394,Rohan Khan,rohan.khan15@outlook.com,912441491717,DELHI,12-15-2023,New,True,N
SWGY15395,Sai Shetty,sai.shetty812@outlook.com,918161920365,jaipur,2024-01-18,Swiggy One Member,True,Yes
SWGY15396,Divya Joshi,divya.joshi679@gmail.com,26117 13223,Pune,12/10/2023,Swiggy One Member,True,1
SWGY15397,Ishaan Reddy,ishaan.reddy636@yahoo.com,, Kolkata ,12-24-2023,New,True,
SWGY15398,Krishna Menon,krishna.menon33@yahoo.com,, Kolkata ,10-18-2023,Frequent Orderer,False,Yes
SWGY15399,Vivaan Kapoor,vivaan.kapoor976@gmail.co,,Mumbai,2025-02-13,,True,Yes
SWGY15400,Divya Sharma,divya.sharma814@yahoo.com,910616481889, Kolkata ,13/02/2025,Frequent Orderer,False,N
SWGY15401,Ishaan Khan,ishaan.khan566@outlook.com,(132) 910-6699, Gurugram ,08/09/2024,Swiggy One Member,True,N
SWGY15402,Priya Joshi,priya.joshi594@gmail.co,,GURUGRAM,2025-03-27,Frequent Orderer,False,Y
SWGY15403,Rahul Menon,rahul.menon404@hotmail.com,(826) 015-5501,nellore,2023-11-13,Frequent Orderer,True,1
SWGY15404,Kabir Reddy,kabir.reddy387@outlook.com,,Lucknow,04/03/2025,Swiggy One Member,True,
SWGY15405,Karthik Shetty,karthik.shetty461@yahoo.com,1941974362,Delhi,2023-06-06,New,False,No
SWGY15406,Sai Kapoor,sai.kapoor206@yahoo.com,+91-98594-16612,mumbai,04-01-2024,Frequent Orderer,False,0
SWGY15407,Divya Pillai,,+91-66496-71196,lucknow,2023-09-19,New,False,Yes
SWGY15408,Krishna Khan,krishna.khan306@yahoo.com,7152832642,LUCKNOW,2024-06-25,Frequent Orderer,True,0
SWGY15409,Nikhil Mehta,nikhil.mehta974@gmail.com,912563201901,Chennai,06-05-2023,New,True,yes
SWGY15410,Ananya Shetty,ananya.shetty407@gmail.co,4963976845,kolkata,10-14-2024,,False,yes
SWGY15411,Ishaan Iyer,ishaan.iyer495@gmail.com,+91-53563-30980,JAIPUR,21/05/2024,New,True,1
SWGY15412,Nikhil Verma,nikhil.verma332@outlook.com,,MUMBAI,2024-12-12,New,False,yes
SWGY15413,Myra Joshi,myra.joshi520@yahoo.com,6390003664,lucknow,18/06/2023,New,False,Y
SWGY15414,Aditya Iyer,aditya.iyer434@outlook.com,(301) 770-0934, Lucknow ,28/10/2023,,False,0
SWGY15415,Ananya Nair,ananya.nair36@yahoo.com,+91-61333-36576,Jaipur,04/02/2024,Dormant,False,Yes
SWGY15416,Divya Khan,divya.khan227@hotmail.com,(341) 868-6742,nellore,10-02-2024,New,False,Yes
SWGY15417,Ananya Chatterjee,,(143) 748-3225,kochi,2025-03-05,Frequent Orderer,False,Yes
SWGY15418,Aarav Chatterjee,aarav.chatterjee308@gmail.com,(718) 866-8926,vijayawada,2024-04-06,Frequent Orderer,False,
SWGY15419,Priya Nair,priya.nair439@gmail.com,(228) 669-8826,KOCHI,04-26-2024,,True,Yes
SWGY15420,Rohan Nair,rohan.nair686@gmail.com,33647 22353,LUCKNOW,01-01-2024,Frequent Orderer,False,Y
SWGY15421,Anika Bose,anika.bose559@gmail.co,03299 14890,hyderabad,2024-03-21,Swiggy One Member,True,N
SWGY15422,Priya Shetty,priya.shetty578@hotmail.com,5813243365,Noida,22/04/2024,New,False,
SWGY15423,Kabir Verma,kabir.verma964@hotmail.com,,AHMEDABAD,2024-01-29,New,False,N
SWGY15424,Vivaan Patel,vivaan.patel338@outlook.com,7679106203,nellore,08/12/2024,Dormant,False,Yes
SWGY15425,Vivaan Pillai,,(448) 487-8999, Jaipur ,2024-12-11,Frequent Orderer,False,N
SWGY15426,Riya Joshi,riya.joshi922@outlook.com,(466) 096-4847,vijayawada,2023-07-18,Frequent Orderer,False,1
SWGY15427,Aadhya Mehta,aadhya.mehta717@gmail.co,913738935057, Jaipur ,07-29-2023,Dormant,True,yes
SWGY15428,Navya Reddy,navya.reddy995@yahoo.com,916910057964,BENGALURU,06/10/2024,New,False,yes
SWGY15429,Aditya Reddy,aditya.reddy448@gmail.co,9916722439, Kochi ,2024-03-09,Dormant,False,N
SWGY15430,Ira Kapoor,ira.kapoor118@outlook.com,23818 44675,NELLORE,07/02/2024,Churned,False,Yes
SWGY15431,Krishna Rao,krishna.rao47@gmail.co,,bengaluru,06/09/2023,Dormant,False,No
SWGY15432,Pari Bose,pari.bose244@yahoo.com,,jaipur,20/12/2024,Dormant,False,yes
SWGY15433,Ananya Menon,ananya.menon546@gmail.co,919244983922,VIJAYAWADA,22/01/2025,Frequent Orderer,False,yes
SWGY15434,Nikhil Chatterjee,nikhil.chatterjee324@gmail.com,912594140575,,07-25-2024,Frequent Orderer,False,1
SWGY15435,Ira Chatterjee,ira.chatterjee36@gmail.com,51153 85360,lucknow,21/05/2024,New,False,
SWGY15436,Diya Joshi,diya.joshi932@outlook.com,+91-15181-22229,,12/03/2025,New,False,1
SWGY15437,Vivaan Nair,vivaan.nair788@outlook.com,(093) 377-3286, Delhi ,09-04-2024,Dormant,True,0
SWGY15438,Reyansh Pillai,reyansh.pillai265@gmail.com,+91-55423-27297,,24/03/2025,Frequent Orderer,True,0
SWGY15439,Ayaan Pillai,ayaan.pillai119@gmail.co,(145) 387-4715,MUMBAI,21/01/2024,Swiggy One Member,True,yes
SWGY15440,Nikhil Verma,nikhil.verma93@hotmail.com,+91-14537-33686,DELHI,2024-08-16,Frequent Orderer,False,yes
SWGY15441,Aarav Iyer,,+91-88871-99194,Pune,2023-08-11,Frequent Orderer,False,No
SWGY15442,Rahul Rao,rahul.rao730@gmail.com,(729) 196-0614,,06-15-2023,Frequent Orderer,False,Y
SWGY15443,Arjun Sharma,arjun.sharma838@gmail.com,(358) 522-7416, Delhi ,2024-09-25,Frequent Orderer,False,Y
SWGY15444,Aditya Iyer,aditya.iyer971@outlook.com,16310 30103, Jaipur ,2024-11-09,New,False,N
SWGY15445,Divya Khan,divya.khan814@outlook.com,6421379115, Kochi ,2023-09-16,Churned,False,1
SWGY15446,Divya Verma,divya.verma430@hotmail.com,,Noida,2024-12-27,Churned,False,0
SWGY15447,Rohan Joshi,rohan.joshi111@outlook.com,60601 54827,AHMEDABAD,2023-10-25,New,True,Yes
SWGY15448,Aadhya Shetty,aadhya.shetty514@outlook.com,99008 64675,Gurugram,17/05/2025,Dormant,False,1
SWGY15449,Krishna Nair,krishna.nair807@hotmail.com,(998) 857-9383,Noida,2023-06-30,Churned,True,No
SWGY15450,Pooja Singh,pooja.singh362@gmail.co,(259) 401-8980,VIJAYAWADA,09-24-2023,Frequent Orderer,False,Y
SWGY15451,Pooja Pillai,pooja.pillai337@gmail.co,,gurugram,2023-10-17,,True,N
SWGY15452,Sneha Pillai,sneha.pillai854@gmail.com,+91-24506-44234, Nellore ,11-30-2023,New,False,
SWGY15453,Vivaan Nair,vivaan.nair646@gmail.com,20992 46076, Nellore ,2023-09-11,New,False,Y
SWGY15454,Myra Rao,myra.rao331@yahoo.com,+91-33113-20082,vijayawada,10-19-2023,Dormant,False,No
SWGY15455,Aarav Joshi,aarav.joshi60@yahoo.com,(961) 618-5762,,2025-01-30,Frequent Orderer,True,
SWGY15456,Karthik Khan,karthik.khan621@gmail.com,+91-81548-50031,AHMEDABAD,13/12/2024,Swiggy One Member,True,
SWGY15457,Sai Reddy,sai.reddy377@gmail.co,(000) 340-9488,kolkata,03-20-2024,Dormant,False,yes
SWGY15458,Rohan Joshi,rohan.joshi847@gmail.co,+91-53395-68237,Hyderabad,08-22-2023,Swiggy One Member,True,
SWGY15459,Diya Kapoor,diya.kapoor682@yahoo.com,(151) 302-7466,kolkata,01-11-2024,Swiggy One Member,True,1
SWGY15460,Aadhya Iyer,aadhya.iyer528@gmail.co,19210 29957,NELLORE,09-10-2024,Frequent Orderer,False,N
SWGY15461,Ananya Khan,ananya.khan343@yahoo.com,919857043023,hyderabad,25/12/2023,Dormant,False,1
SWGY15462,Aditya Menon,aditya.menon296@gmail.co,+91-92216-00900,NELLORE,07/08/2023,Swiggy One Member,True,
SWGY15463,Sai Sharma,sai.sharma188@outlook.com,83974 69596,NELLORE,28/08/2024,New,False,1
SWGY15464,Diya Malhotra,diya.malhotra385@outlook.com,,LUCKNOW,10-19-2023,New,False,
SWGY15465,Divya Singh,divya.singh587@gmail.com,(248) 493-7077,chennai,2024-08-30,Swiggy One Member,True,Yes
SWGY15466,Navya Rao,navya.rao88@gmail.com,3795712821,CHENNAI,23/03/2024,Frequent Orderer,False,N
SWGY15467,Vikram Rao,vikram.rao837@gmail.co,(579) 270-8106,NOIDA,06-10-2024,Dormant,False,1
SWGY15468,Ira Khan,ira.khan170@yahoo.com,+91-04069-45757,mumbai,10-13-2023,Dormant,False,
SWGY15469,Rahul Joshi,rahul.joshi598@yahoo.com,74126 83182,BENGALURU,03-14-2025,Swiggy One Member,True,1
SWGY15470,Ishaan Nair,ishaan.nair787@yahoo.com,915577515473,JAIPUR,26/11/2024,,True,yes
SWGY15471,Kabir Das,kabir.das796@gmail.com,5040128094,NELLORE,04-12-2025,New,False,yes
SWGY15472,Pooja Iyer,pooja.iyer882@outlook.com,63730 23553, Kochi ,2023-06-05,Frequent Orderer,False,N
SWGY15473,Aditya Khan,aditya.khan792@gmail.com,26113 37399,Gurugram,2023-07-15,New,False,0
SWGY15474,Aarav Reddy,aarav.reddy359@gmail.co,23232 60917,Chennai,2023-06-23,,False,Yes
SWGY15475,Riya Menon,,+91-74615-53741,PUNE,2023-08-02,New,False,No
SWGY15476,Priya Reddy,priya.reddy154@yahoo.com,(159) 576-9635,Ahmedabad,2024-01-10,Frequent Orderer,False,0
SWGY15477,Reyansh Menon,reyansh.menon791@yahoo.com,27143 10082,bengaluru,30/11/2024,,True,Yes
SWGY15478,Reyansh Khan,reyansh.khan973@yahoo.com,4514931885,Noida,10/02/2025,New,False,
SWGY15479,Rahul Reddy,rahul.reddy573@yahoo.com,915458262715,AHMEDABAD,03-02-2025,New,False,0
SWGY15480,Ishaan Gupta,ishaan.gupta61@yahoo.com,44594 06451,nellore,05-21-2024,New,True,No
SWGY15481,Rohan Menon,rohan.menon292@gmail.com,40113 49976,CHENNAI,13/05/2024,Frequent Orderer,False,1
SWGY15482,Pooja Chatterjee,pooja.chatterjee101@gmail.com,,NELLORE,10-15-2024,Frequent Orderer,False,1
SWGY15483,Vikram Singh,vikram.singh223@gmail.co,+91-77279-90881,Nellore,2024-09-28,Dormant,False,
SWGY15484,Pooja Chatterjee,pooja.chatterjee521@hotmail.com,00109 19409, Delhi ,05-03-2025,Frequent Orderer,False,1
SWGY15485,Ishaan Singh,ishaan.singh279@hotmail.com,919446439944, Chennai ,02-09-2025,Swiggy One Member,True,Yes
SWGY15486,Vikram Menon,vikram.menon356@gmail.co,(636) 419-9664,nellore,08-11-2023,Dormant,False,yes
SWGY15487,Priya Singh,PRIYA.SINGH509@GMAIL.CO,,,12/03/2025,,False,1
SWGY15488,Navya Pillai,navya.pillai606@gmail.co,+91-69767-84123,mumbai,01/12/2023,New,False,No
SWGY15489,Aditya Shetty,aditya.shetty228@gmail.co,+91-04464-19808,jaipur,17/01/2024,New,False,yes
SWGY15490,Sai Pillai,sai.pillai228@gmail.com,919067746803,Jaipur,20/11/2023,New,False,1
SWGY15491,Aadhya Reddy,aadhya.reddy43@outlook.com,,mumbai,11/01/2024,Frequent Orderer,False,yes
SWGY15492,Aadhya Malhotra,aadhya.malhotra452@gmail.co,2586663049, Mumbai ,05-12-2024,Swiggy One Member,True,No
SWGY15493,Navya Verma,navya.verma50@gmail.co,919085879414,Hyderabad,2023-11-01,Churned,False,N
SWGY15494,Aarav Iyer,aarav.iyer779@gmail.co,61132 98833, Jaipur ,2025-03-15,Frequent Orderer,False,0
SWGY15495,Myra Pillai,,(775) 802-1883,BENGALURU,06-21-2023,,False,Yes
SWGY15496,Vikram Patel,vikram.patel94@yahoo.com,91176 93110,Nellore,06-13-2023,Frequent Orderer,False,Yes
SWGY15497,Aarav Nair,,7631976138,Lucknow,07-04-2024,Frequent Orderer,False,0
SWGY15498,Aarav Reddy,aarav.reddy398@yahoo.com,(145) 105-9625,,04-06-2024,,True,Yes
SWGY15499,Navya Kapoor,navya.kapoor561@gmail.com,40809 91250, Nellore ,16/07/2023,New,False,yes
SWGY15500,Ananya Verma,ananya.verma379@outlook.com,1490347947, Pune ,12/12/2024,New,False,0
SWGY15501,Sai Kapoor,sai.kapoor793@gmail.com,77630 49315,Gurugram,2023-10-30,New,False,yes
SWGY15502,Ishaan Iyer,ishaan.iyer547@yahoo.com,42855 15306,AHMEDABAD,02-05-2024,Dormant,True,
SWGY15503,Pari Singh,pari.singh586@yahoo.com,2813840383,noida,2023-09-13,Swiggy One Member,True,1
SWGY15504,Sneha Gupta,sneha.gupta12@hotmail.com,,Mumbai,02/09/2024,Swiggy One Member,True,Yes
SWGY15505,Rohan Pillai,rohan.pillai605@outlook.com,5091153227,Bengaluru,2023-08-22,New,True,yes
SWGY15506,Navya Rao,navya.rao13@outlook.com,+91-45712-67728, Gurugram ,11-25-2024,Dormant,False,Y
SWGY15507,Vivaan Verma,vivaan.verma388@hotmail.com,+91-97842-55396,Noida,03/02/2025,New,False,yes
SWGY15508,Vikram Joshi,vikram.joshi186@outlook.com,58974 19645, Lucknow ,21/05/2025,Frequent Orderer,False,
SWGY15509,Kabir Shetty,kabir.shetty990@hotmail.com,,NOIDA,17/02/2024,New,False,No
SWGY15510,Pari Das,pari.das943@gmail.com,(479) 344-2366,vijayawada,2025-01-10,Dormant,False,N
SWGY15511,Pooja Iyer,pooja.iyer527@hotmail.com,(141) 944-6644,HYDERABAD,06-27-2024,,False,
SWGY15512,Aarav Kapoor,AARAV.KAPOOR228@YAHOO.COM,+91-65670-27376,pune,11-19-2023,New,True,No
SWGY15513,Reyansh Pillai,reyansh.pillai594@hotmail.com,8839067672,,07/10/2024,,True,Y
SWGY15514,Divya Gupta,divya.gupta835@gmail.com,01450 51499,VIJAYAWADA,12-24-2024,Frequent Orderer,False,Y
SWGY15515,Aditya Rao,aditya.rao805@outlook.com,(747) 059-0856,Mumbai,10/06/2024,Frequent Orderer,False,1
SWGY15516,Divya Sharma,divya.sharma94@outlook.com,2021299075,Chennai,15/08/2024,Frequent Orderer,False,Y
SWGY15517,Aadhya Das,aadhya.das615@gmail.com,70028 55823,JAIPUR,09-11-2024,Frequent Orderer,False,1
SWGY15518,Divya Reddy,,(717) 666-4163,LUCKNOW,2024-07-14,New,True,Yes
SWGY15519,Rohan Shetty,rohan.shetty774@outlook.com,, Gurugram ,2024-11-16,New,True,Y
SWGY15520,Priya Chatterjee,priya.chatterjee383@gmail.com,(936) 777-6398,,2023-12-15,Swiggy One Member,True,0
SWGY15521,Arjun Mehta,arjun.mehta154@yahoo.com,11962 99284,bengaluru,2024-06-18,Frequent Orderer,False,
SWGY15522,Aadhya Singh,aadhya.singh895@gmail.com,+91-38928-07984, Vijayawada ,2024-09-01,Dormant,False,Yes
SWGY15523,Karthik Iyer,karthik.iyer883@gmail.com,,noida,03-25-2025,Frequent Orderer,False,0
SWGY15524,Pooja Nair,pooja.nair474@hotmail.com,,gurugram,2025-01-05,Swiggy One Member,True,N
SWGY15525,Neha Chatterjee,neha.chatterjee633@gmail.co,,,04/02/2024,Dormant,True,Y
SWGY15526,Rohan Mehta,rohan.mehta321@yahoo.com,,mumbai,2025-04-24,Churned,False,Y
SWGY15527,Aditya Khan,aditya.khan275@outlook.com,,NOIDA,04/06/2023,Frequent Orderer,False,yes
SWGY15528,Divya Sharma,DIVYA.SHARMA684@HOTMAIL.COM,915549601559,PUNE,12/09/2024,Frequent Orderer,False,Yes
SWGY15529,Diya Bose,,,nellore,2024-10-12,Frequent Orderer,False,N
SWGY15530,Priya Nair,priya.nair856@outlook.com,(529) 230-5611,NOIDA,22/06/2024,Dormant,False,Y
SWGY15531,Pari Joshi,PARI.JOSHI410@OUTLOOK.COM,, Hyderabad ,2024-11-12,New,True,Yes
SWGY15532,Nikhil Verma,nikhil.verma294@gmail.com,(235) 355-7551,BENGALURU,06-07-2023,Dormant,False,Yes
SWGY15533,Neha Singh,neha.singh522@outlook.com,919367584576,hyderabad,2024-12-08,Dormant,False,1
SWGY15534,Navya Mehta,navya.mehta111@gmail.com,7118129871,noida,17/09/2024,Swiggy One Member,True,1
SWGY15535,Diya Rao,diya.rao251@yahoo.com,910877546296,NELLORE,08/09/2023,Dormant,False,
SWGY15536,Reyansh Gupta,reyansh.gupta260@outlook.com,0097352000,NOIDA,2024-05-07,Dormant,False,N
SWGY15537,Navya Bose,navya.bose845@hotmail.com,+91-13198-50452,gurugram,06-09-2023,New,False,0
SWGY15538,Ishaan Bose,ishaan.bose94@hotmail.com,19547 46847,GURUGRAM,07/03/2025,Swiggy One Member,True,1
SWGY15539,Aarav Shetty,aarav.shetty72@gmail.com,,NOIDA,2024-11-11,Dormant,False,N
SWGY15540,Sai Menon,sai.menon708@hotmail.com,,NELLORE,2023-11-24,Frequent Orderer,False,yes
SWGY15541,Ayaan Joshi,ayaan.joshi791@yahoo.com,36147 68428,JAIPUR,2023-06-10,Swiggy One Member,True,No
SWGY15542,Diya Menon,diya.menon227@outlook.com,912927863211,hyderabad,2024-01-12,Frequent Orderer,True,N
SWGY15543,Rohan Singh,,(378) 453-7483,ahmedabad,02-07-2025,Dormant,False,N
SWGY15544,Krishna Khan,krishna.khan633@outlook.com,03873 07210, Jaipur ,02-02-2025,,True,yes
SWGY15545,Neha Das,neha.das327@gmail.com,7685344346,bengaluru,06-25-2024,Frequent Orderer,False,Yes
SWGY15546,Arjun Nair,arjun.nair345@gmail.co,7686249826, Delhi ,19/05/2024,Dormant,False,N
SWGY15547,Riya Patel,riya.patel312@outlook.com,,vijayawada,2023-12-19,New,True,Yes
SWGY15548,Karthik Sharma,karthik.sharma302@hotmail.com,70788 96085,PUNE,2024-07-23,New,True,Y
SWGY15549,Ira Mehta,ira.mehta985@gmail.com,1046238850,ahmedabad,2023-12-05,Swiggy One Member,True,yes
SWGY15550,Sai Gupta,sai.gupta282@hotmail.com,3572347964,Bengaluru,2024-06-30,Dormant,False,yes
SWGY15551,Pari Bose,pari.bose895@gmail.co,62609 33317, Pune ,2025-01-02,Swiggy One Member,True,Y
SWGY15552,Kabir Kapoor,kabir.kapoor648@hotmail.com,72249 79584,GURUGRAM,11-02-2024,Frequent Orderer,False,Y
SWGY15553,Kabir Mehta,kabir.mehta940@outlook.com,, Noida ,13/05/2024,Frequent Orderer,False,Y
SWGY15554,Krishna Malhotra,krishna.malhotra494@outlook.com,41213 29140, Hyderabad ,2023-07-15,New,False,Y
SWGY15555,Riya Gupta,riya.gupta521@gmail.co,913469328982,Jaipur,2024-03-05,Frequent Orderer,True,0
SWGY15556,Anika Singh,anika.singh2@hotmail.com,,HYDERABAD,21/04/2025,Frequent Orderer,False,N
SWGY15557,Pooja Gupta,pooja.gupta636@gmail.co,2432449959, Noida ,10/05/2025,New,False,0
SWGY15558,Ishaan Mehta,ishaan.mehta119@outlook.com,1972456710,Noida,03/09/2023,Churned,True,Yes
SWGY15559,Rahul Malhotra,rahul.malhotra19@gmail.co,+91-91604-44746,Vijayawada,10-21-2023,Dormant,False,Y
SWGY15560,Anika Sharma,anika.sharma174@gmail.co,+91-99295-03982,Nellore,2025-04-20,Dormant,True,yes
SWGY15561,Krishna Singh,krishna.singh480@gmail.com,2439363647,MUMBAI,01/05/2025,Frequent Orderer,False,Yes
SWGY15562,Rahul Chatterjee,RAHUL.CHATTERJEE68@YAHOO.COM,(717) 697-0339,bengaluru,21/02/2024,Dormant,False,yes
SWGY15563,Vivaan Nair,vivaan.nair835@gmail.co,918218019428, Lucknow ,01-01-2024,Frequent Orderer,False,Y
SWGY15564,Aadhya Singh,aadhya.singh729@hotmail.com,+91-20497-76380,NELLORE,25/09/2023,Dormant,False,yes
SWGY15565,Priya Mehta,priya.mehta762@outlook.com,+91-69227-64199,Pune,04-14-2025,Swiggy One Member,True,Yes
SWGY15566,Navya Joshi,navya.joshi904@gmail.com,+91-97305-11496,,09-27-2023,Swiggy One Member,True,N
SWGY15567,Aadhya Gupta,aadhya.gupta733@hotmail.com,+91-14127-49257,noida,11-28-2024,Frequent Orderer,False,N
SWGY15568,Nikhil Sharma,nikhil.sharma354@gmail.co,+91-73941-97703,PUNE,10/07/2023,Dormant,False,Y
SWGY15569,Pari Gupta,pari.gupta778@gmail.co,+91-12580-10079,bengaluru,31/07/2024,Churned,False,0
SWGY15570,Saanvi Joshi,saanvi.joshi925@yahoo.com,,Noida,06-23-2024,Frequent Orderer,False,0
SWGY15571,Arjun Sharma,arjun.sharma883@gmail.co,(128) 849-6405,AHMEDABAD,2024-08-19,Frequent Orderer,False,1
SWGY15572,Vikram Sharma,,,KOLKATA,2024-11-08,Swiggy One Member,True,Y
SWGY15573,Priya Iyer,priya.iyer212@gmail.co,915125436444,Bengaluru,2023-08-11,Dormant,False,yes
SWGY15574,Myra Bose,myra.bose138@gmail.co,(497) 601-1046, Pune ,2024-02-05,New,False,Yes
SWGY15575,Reyansh Sharma,reyansh.sharma103@outlook.com,+91-87322-91652,Gurugram,01-29-2025,Frequent Orderer,False,Yes
SWGY15576,Ayaan Shetty,ayaan.shetty748@gmail.co,4264705680, Lucknow ,03/08/2023,Frequent Orderer,False,Yes
SWGY15577,Vivaan Nair,vivaan.nair857@hotmail.com,(423) 645-5625,NOIDA,2025-03-26,New,False,0
SWGY15578,Diya Sharma,diya.sharma860@gmail.co,2849453525,Kolkata,2024-01-14,New,False,N
SWGY15579,Saanvi Shetty,saanvi.shetty562@gmail.co,86506 29859,MUMBAI,05-25-2025,Frequent Orderer,False,Y
SWGY15580,Neha Shetty,NEHA.SHETTY605@GMAIL.COM,,Gurugram,16/06/2024,Dormant,False,0
SWGY15581,Navya Patel,navya.patel88@yahoo.com,+91-15194-74288,Delhi,04-13-2024,New,False,Yes
SWGY15582,Nikhil Mehta,nikhil.mehta877@yahoo.com,,,13/01/2025,Frequent Orderer,False,yes
SWGY15583,Diya Gupta,DIYA.GUPTA726@GMAIL.CO,71313 14376,MUMBAI,20/01/2024,Frequent Orderer,False,0
SWGY15584,Priya Singh,priya.singh840@outlook.com,+91-92667-50315,Kochi,2024-01-14,Dormant,False,Yes
SWGY15585,Pooja Sharma,pooja.sharma17@gmail.co,,Jaipur,2024-10-16,Frequent Orderer,False,yes
SWGY15586,Myra Rao,myra.rao409@outlook.com,26999 84508,,2025-04-10,New,False,
SWGY15587,Aadhya Shetty,aadhya.shetty21@hotmail.com,+91-47401-00422,NELLORE,2024-12-28,Churned,False,1
SWGY15588,Anika Das,anika.das216@outlook.com,92965 39764,KOCHI,02-02-2024,Frequent Orderer,False,N
SWGY15589,Pooja Rao,pooja.rao470@gmail.com,,,19/04/2025,Dormant,False,N
SWGY15590,Riya Malhotra,riya.malhotra155@gmail.co,, Hyderabad ,03-03-2025,Frequent Orderer,False,Yes
SWGY15591,Sai Joshi,sai.joshi386@hotmail.com,914123611136, Mumbai ,01-04-2024,Dormant,False,N
SWGY15592,Navya Sharma,navya.sharma97@outlook.com,912564987674,noida,07/07/2024,Dormant,False,yes
SWGY15593,Arjun Gupta,arjun.gupta535@hotmail.com,(664) 577-6230,Hyderabad,2023-08-10,Churned,True,Yes
SWGY15594,Ananya Reddy,ananya.reddy944@yahoo.com,2581396331, Bengaluru ,30/07/2023,Dormant,True,N
SWGY15595,Sai Gupta,sai.gupta405@hotmail.com,88190 25448,Bengaluru,03/03/2025,,False,Y
SWGY15596,Karthik Gupta,karthik.gupta171@yahoo.com,6517792411,Gurugram,02-07-2024,Swiggy One Member,True,N
SWGY15597,Anika Menon,anika.menon497@outlook.com,+91-79145-25203,NELLORE,08-06-2024,Swiggy One Member,True,yes
SWGY15598,Karthik Gupta,karthik.gupta544@gmail.com,+91-17647-17944,noida,02-09-2024,Frequent Orderer,False,No
SWGY15599,Krishna Shetty,krishna.shetty917@outlook.com,,NELLORE,2025-03-22,Frequent Orderer,False,Y
SWGY15600,Vivaan Mehta,vivaan.mehta58@hotmail.com,+91-50903-01862,VIJAYAWADA,07-23-2023,Frequent Orderer,True,yes
SWGY15601,Aditya Bose,aditya.bose92@hotmail.com,(269) 927-6726,,2024-05-31,Dormant,False,N
SWGY15602,Saanvi Pillai,saanvi.pillai284@outlook.com,89565 93005,PUNE,2024-06-28,Frequent Orderer,False,yes
SWGY15603,Rohan Rao,rohan.rao731@yahoo.com,8141676450, Hyderabad ,11/11/2024,,False,Yes
SWGY15604,Ira Joshi,ira.joshi698@outlook.com,912272449119,GURUGRAM,25/08/2024,Frequent Orderer,False,Y
SWGY15605,Neha Patel,neha.patel366@hotmail.com,7573954092,Bengaluru,29/10/2024,New,False,No
SWGY15606,Ayaan Reddy,ayaan.reddy894@gmail.com,24906 90700,jaipur,09-02-2024,Dormant,False,Y
SWGY15607,Sneha Rao,sneha.rao826@hotmail.com,,PUNE,2025-02-04,Frequent Orderer,False,N
SWGY15608,Kabir Gupta,kabir.gupta446@gmail.co,(769) 829-2406,vijayawada,2023-08-22,Frequent Orderer,False,No
SWGY15609,Divya Iyer,divya.iyer547@gmail.com,919244254662, Lucknow ,07-07-2023,New,False,N
SWGY15610,Ishaan Chatterjee,ishaan.chatterjee798@hotmail.com,,kolkata,2025-03-09,New,False,1
SWGY15611,Ishaan Gupta,ishaan.gupta182@hotmail.com,918956792270,,07-16-2023,,True,0
SWGY15612,Pooja Mehta,pooja.mehta488@outlook.com,916279611286,BENGALURU,2023-07-22,Frequent Orderer,True,Y
SWGY15613,Reyansh Sharma,reyansh.sharma490@hotmail.com,912767707406,Gurugram,26/03/2024,New,False,yes
SWGY15614,Aarav Chatterjee,aarav.chatterjee915@outlook.com,,Hyderabad,30/11/2024,Frequent Orderer,False,No
SWGY15615,Karthik Singh,karthik.singh992@yahoo.com,18611 45167, Noida ,08-02-2024,New,False,Y
SWGY15616,Aadhya Das,aadhya.das184@yahoo.com,(142) 235-4801, Lucknow ,2025-02-23,Frequent Orderer,False,No
SWGY15617,Sneha Menon,sneha.menon14@outlook.com,919411332834,chennai,2024-09-20,Swiggy One Member,True,Yes
SWGY15618,Riya Patel,riya.patel541@yahoo.com,1856545342,,08-11-2024,Dormant,False,1
SWGY15619,Pooja Kapoor,pooja.kapoor316@gmail.co,,Jaipur,2023-06-01,Dormant,False,N
SWGY15620,Divya Chatterjee,divya.chatterjee509@gmail.co,34910 53421,VIJAYAWADA,01-26-2024,New,False,
SWGY15621,Neha Iyer,neha.iyer432@hotmail.com,59310 02298, Kolkata ,2025-04-27,Frequent Orderer,False,0
SWGY15622,Ananya Reddy,ananya.reddy745@yahoo.com,914924424919,nellore,24/08/2023,Frequent Orderer,False,N
SWGY15623,Pooja Mehta,pooja.mehta867@gmail.co,(213) 621-1786,LUCKNOW,09/02/2024,Frequent Orderer,False,yes
SWGY15624,Pari Joshi,pari.joshi729@hotmail.com,52287 36379,DELHI,2024-12-19,Swiggy One Member,True,No
SWGY15625,Kabir Joshi,kabir.joshi129@yahoo.com,+91-25342-36446,Kolkata,2024-12-10,Swiggy One Member,True,N
SWGY15626,Rohan Iyer,rohan.iyer93@yahoo.com,, Hyderabad ,29/04/2024,Dormant,True,0
SWGY15627,Pari Sharma,,(680) 282-8710,LUCKNOW,2024-11-30,Swiggy One Member,True,N
SWGY15628,Priya Gupta,priya.gupta776@gmail.com,21691 38853,Kolkata,05-09-2024,Dormant,False,yes
SWGY15629,Diya Kapoor,DIYA.KAPOOR356@GMAIL.COM,+91-86273-75209, Vijayawada ,19/03/2024,Frequent Orderer,True,No
SWGY15630,Sai Chatterjee,sai.chatterjee829@gmail.co,4053194096,,03-24-2025,Swiggy One Member,True,1
SWGY15631,Riya Singh,riya.singh242@outlook.com,(318) 021-3092, Kolkata ,02/11/2024,Dormant,False,0
SWGY15632,Karthik Singh,karthik.singh264@yahoo.com,(607) 303-1639,Mumbai,2024-10-24,Swiggy One Member,True,0
SWGY15633,Aditya Malhotra,aditya.malhotra940@gmail.com,, Chennai ,2024-12-08,New,False,Y
SWGY15634,Krishna Patel,krishna.patel593@yahoo.com,(091) 116-0914,NELLORE,2023-12-29,Swiggy One Member,True,0
SWGY15635,Diya Rao,diya.rao42@outlook.com,(769) 850-0073,Hyderabad,2023-09-05,Dormant,False,
SWGY15636,Krishna Verma,krishna.verma394@gmail.co,4927582063,,2023-09-27,Swiggy One Member,True,
SWGY15637,Aditya Malhotra,aditya.malhotra176@hotmail.com,0436782061,gurugram,07/11/2024,Swiggy One Member,True,
SWGY15638,Anika Mehta,anika.mehta319@gmail.com,(344) 537-6077,noida,22/12/2023,Frequent Orderer,False,Y
SWGY15639,Reyansh Shetty,reyansh.shetty456@gmail.co,,DELHI,2023-12-31,Frequent Orderer,False,Yes
SWGY15640,Neha Iyer,neha.iyer380@hotmail.com,+91-76017-21982,JAIPUR,01-12-2024,Frequent Orderer,False,0
SWGY15641,Neha Iyer,neha.iyer877@gmail.co,,Noida,2023-08-28,Churned,False,Y
SWGY15642,Rohan Gupta,rohan.gupta509@hotmail.com,913825534616,ahmedabad,2023-06-08,Swiggy One Member,True,Yes
SWGY15643,Ananya Rao,ananya.rao314@outlook.com,47481 63617, Noida ,13/06/2023,New,True,No
SWGY15644,Myra Bose,myra.bose617@yahoo.com,(444) 772-4335,lucknow,02-19-2024,Frequent Orderer,False,yes
SWGY15645,Ayaan Iyer,ayaan.iyer499@hotmail.com,26736 98294, Hyderabad ,2025-01-19,New,False,N
SWGY15646,Krishna Verma,krishna.verma146@hotmail.com,918427557184, Hyderabad ,2023-12-11,Frequent Orderer,False,Yes
SWGY15647,Divya Nair,divya.nair441@hotmail.com,4885139302,,02-10-2025,New,False,0
SWGY15648,Aarav Iyer,aarav.iyer198@hotmail.com,+91-89161-90581,GURUGRAM,2024-10-19,New,False,
SWGY15649,Priya Pillai,priya.pillai229@gmail.com,9120090883,gurugram,02-29-2024,,True,
SWGY15650,Aarav Nair,aarav.nair774@gmail.com,(501) 396-3772, Jaipur ,16/07/2024,New,False,Yes
SWGY15651,Sneha Joshi,sneha.joshi2@gmail.co,(240) 824-1699,Hyderabad,07/08/2024,New,True,N
SWGY15652,Diya Singh,diya.singh302@gmail.co,911384177411,hyderabad,2025-05-10,Swiggy One Member,True,
SWGY15653,Vikram Kapoor,vikram.kapoor456@gmail.co,913209007197,Lucknow,02-04-2024,Swiggy One Member,True,yes
SWGY15654,Pari Reddy,pari.reddy944@gmail.com,,LUCKNOW,12/04/2025,Swiggy One Member,True,Yes
SWGY15655,Saanvi Malhotra,saanvi.malhotra316@outlook.com,(373) 133-2289,Pune,2024-03-19,New,False,
SWGY15656,Priya Mehta,priya.mehta285@hotmail.com,, Noida ,06-17-2024,Dormant,False,No
SWGY15657,Diya Malhotra,diya.malhotra829@gmail.co,910709571462,Mumbai,04-10-2025,New,True,No
SWGY15658,Nikhil Gupta,nikhil.gupta822@gmail.co,, Nellore ,09-02-2024,Swiggy One Member,True,yes
SWGY15659,Rahul Patel,rahul.patel798@gmail.com,(870) 797-7485,vijayawada,2023-10-02,Frequent Orderer,False,No
SWGY15660,Myra Verma,myra.verma591@yahoo.com,(946) 827-7654,Kochi,08-26-2024,Swiggy One Member,True,N
SWGY15661,Vivaan Joshi,vivaan.joshi706@gmail.co,9485446255,VIJAYAWADA,21/01/2024,Frequent Orderer,True,0
SWGY15662,Ananya Das,ananya.das809@gmail.com,67337 33886,Nellore,2023-11-07,Frequent Orderer,True,No
SWGY15663,Ananya Das,ananya.das271@outlook.com,33730 52225,KOLKATA,06/02/2025,New,False,No
SWGY15664,Sai Khan,sai.khan783@yahoo.com,+91-32820-70672,Bengaluru,2025-04-03,Churned,False,
SWGY15665,Navya Reddy,navya.reddy29@hotmail.com,83702 95212,Kolkata,26/04/2025,New,False,Y
SWGY15666,Priya Gupta,priya.gupta424@yahoo.com,914703132823,CHENNAI,04/07/2024,Frequent Orderer,False,Yes
SWGY15667,Riya Malhotra,riya.malhotra909@outlook.com,+91-13440-49634, Pune ,09-26-2023,Churned,False,0
SWGY15668,Divya Mehta,divya.mehta55@hotmail.com,,GURUGRAM,08-17-2024,Frequent Orderer,False,No
SWGY15669,Diya Pillai,diya.pillai761@yahoo.com,914636772722,BENGALURU,19/03/2025,Swiggy One Member,True,yes
SWGY15670,Ira Malhotra,ira.malhotra660@hotmail.com,+91-06720-90119,LUCKNOW,06-29-2024,Dormant,False,N
SWGY15671,Myra Menon,myra.menon525@yahoo.com,(021) 087-8704,hyderabad,17/01/2025,Swiggy One Member,True,0
SWGY15672,Sneha Chatterjee,sneha.chatterjee443@hotmail.com,(193) 031-5842, Noida ,2023-12-13,Frequent Orderer,False,yes
SWGY15673,Arjun Shetty,arjun.shetty611@yahoo.com,,hyderabad,18/12/2024,Frequent Orderer,False,yes
SWGY15674,Aditya Sharma,aditya.sharma769@gmail.co,0666798126,noida,02-06-2025,Frequent Orderer,False,Y
SWGY15675,Sneha Nair,sneha.nair673@gmail.com,917686548662,Vijayawada,09-26-2024,Dormant,True,No
SWGY15676,Ananya Bose,ananya.bose616@yahoo.com,(410) 908-3777,jaipur,29/11/2023,Frequent Orderer,False,N
SWGY15677,Sneha Pillai,SNEHA.PILLAI812@YAHOO.COM,919335329610,Kochi,04-19-2025,Frequent Orderer,False,
SWGY15678,Rohan Das,rohan.das733@hotmail.com,9308276412, Ahmedabad ,01-07-2024,New,False,No
SWGY15679,Karthik Khan,karthik.khan892@hotmail.com,915202790232, Ahmedabad ,2024-09-09,Dormant,False,Y
SWGY15680,Ananya Gupta,ananya.gupta418@gmail.com,919078771985, Bengaluru ,02-10-2024,New,True,0
SWGY15681,Aditya Das,aditya.das909@outlook.com,, Lucknow ,02-18-2024,Frequent Orderer,True,N
SWGY15682,Priya Chatterjee,priya.chatterjee887@hotmail.com,,nellore,16/10/2024,New,False,
SWGY15683,Aadhya Rao,aadhya.rao424@gmail.com,(335) 946-7562,noida,2024-10-06,Churned,False,
SWGY15684,Vikram Khan,vikram.khan526@gmail.co,+91-73264-35347,DELHI,22/04/2025,Dormant,False,No
SWGY15685,Rohan Khan,rohan.khan710@yahoo.com,917042499317,Mumbai,2025-04-15,New,False,No
SWGY15686,Sai Patel,sai.patel435@gmail.co,48117 91720,NELLORE,25/08/2023,Frequent Orderer,True,1
SWGY15687,Riya Mehta,riya.mehta646@hotmail.com,52078 12643,bengaluru,07/10/2023,Frequent Orderer,False,Yes
SWGY15688,Ananya Reddy,ananya.reddy172@yahoo.com,+91-93729-07058,Nellore,02-14-2025,New,False,Yes
SWGY15689,Aadhya Menon,aadhya.menon862@yahoo.com,+91-32023-78630,mumbai,2024-12-13,Dormant,True,No
SWGY15690,Rohan Reddy,rohan.reddy646@hotmail.com,,lucknow,2024-10-06,Frequent Orderer,False,Yes
SWGY15691,Diya Verma,DIYA.VERMA661@GMAIL.COM,(509) 206-8607,CHENNAI,27/08/2024,Swiggy One Member,True,
SWGY15692,Nikhil Chatterjee,,0274644918, Delhi ,2023-06-28,New,True,
SWGY15693,Divya Das,divya.das576@yahoo.com,8446376688,KOCHI,08-14-2024,New,False,No
SWGY15694,Aditya Nair,aditya.nair468@gmail.co,,mumbai,02-18-2024,Dormant,False,yes
SWGY15695,Priya Malhotra,priya.malhotra693@hotmail.com,+91-64768-36264,gurugram,2025-03-25,Dormant,False,Y
SWGY15696,Ayaan Mehta,,8990254043,gurugram,2024-06-21,Swiggy One Member,True,Yes
SWGY15697,Myra Chatterjee,myra.chatterjee206@gmail.co,67455 36318,bengaluru,2024-02-27,Swiggy One Member,True,1
SWGY15698,Rahul Malhotra,rahul.malhotra76@gmail.com,+91-39725-52906, Ahmedabad ,07-21-2023,Dormant,False,
SWGY15699,Sneha Iyer,sneha.iyer831@outlook.com,+91-09551-50913,PUNE,2024-11-28,Churned,False,No
SWGY15700,Rahul Patel,rahul.patel285@gmail.co,4226957565,lucknow,11-28-2024,Swiggy One Member,True,0
SWGY15701,Ayaan Pillai,ayaan.pillai793@yahoo.com,7376379758,PUNE,05-29-2025,Churned,True,1
SWGY15702,Reyansh Joshi,reyansh.joshi820@gmail.com,(083) 627-5434,VIJAYAWADA,03-25-2024,New,False,
SWGY15703,Nikhil Nair,nikhil.nair817@outlook.com,918337261946,,10-13-2024,Swiggy One Member,True,No
SWGY15704,Neha Menon,neha.menon226@gmail.com,(618) 209-0892,KOLKATA,09/02/2024,Frequent Orderer,True,
SWGY15705,Myra Bose,myra.bose73@yahoo.com,913918080461,Ahmedabad,24/08/2023,New,False,Yes
SWGY15706,Diya Patel,diya.patel281@yahoo.com,+91-52299-57216,Kochi,08-18-2024,Frequent Orderer,False,Yes
SWGY15707,Reyansh Reddy,reyansh.reddy329@outlook.com,(236) 301-9642,MUMBAI,11-27-2024,Swiggy One Member,True,yes
SWGY15708,Reyansh Kapoor,reyansh.kapoor299@gmail.com,+91-24634-54565,gurugram,26/04/2024,Frequent Orderer,False,Y
SWGY15709,Ira Malhotra,ira.malhotra966@yahoo.com,914412577911,NELLORE,05/07/2024,Frequent Orderer,False,Yes
SWGY15710,Navya Chatterjee,navya.chatterjee775@outlook.com,,noida,2024-02-27,Swiggy One Member,True,No
SWGY15711,Ayaan Khan,ayaan.khan699@outlook.com,3454211644,Delhi,10-24-2024,Frequent Orderer,True,0
SWGY15712,Vikram Nair,vikram.nair413@outlook.com,+91-85253-12401,Kolkata,25/01/2024,Frequent Orderer,False,No
SWGY15713,Pooja Menon,pooja.menon698@gmail.co,93775 98864,NOIDA,2024-10-29,Frequent Orderer,False,No
SWGY15714,Arjun Shetty,arjun.shetty422@gmail.co,+91-97316-37914,Lucknow,2024-12-31,Swiggy One Member,True,
SWGY15715,Anika Rao,anika.rao668@hotmail.com,56313 51913,KOCHI,15/09/2023,New,False,yes
SWGY15716,Reyansh Verma,reyansh.verma45@gmail.co,76477 31171,noida,2025-03-08,Frequent Orderer,False,No
SWGY15717,Sneha Reddy,sneha.reddy460@gmail.co,919918624313, Vijayawada ,2025-01-26,Swiggy One Member,True,No
SWGY15718,Neha Chatterjee,neha.chatterjee810@hotmail.com,,gurugram,2024-09-12,New,False,N
SWGY15719,Sneha Malhotra,,915470967608, Kochi ,02-22-2025,Frequent Orderer,False,Yes
SWGY15720,Ishaan Gupta,ishaan.gupta408@outlook.com,911245968982,,2023-06-23,Frequent Orderer,False,
SWGY15721,Pooja Pillai,pooja.pillai249@hotmail.com,,PUNE,11/07/2024,Churned,False,Y
SWGY15722,Ira Shetty,ira.shetty578@outlook.com,,NELLORE,02/09/2023,Churned,False,No
SWGY15723,Priya Kapoor,,(244) 526-7889,chennai,2024-02-29,Frequent Orderer,False,N
SWGY15724,Sai Menon,sai.menon885@outlook.com,88105 24904,delhi,14/11/2023,,False,Y
SWGY15725,Navya Bose,navya.bose513@gmail.co,29801 48137,KOLKATA,11-28-2024,Churned,False,Y
SWGY15726,Riya Verma,riya.verma982@gmail.co,31398 16734,bengaluru,03-26-2025,Frequent Orderer,True,No
SWGY15727,Navya Verma,navya.verma855@outlook.com,,JAIPUR,2024-03-30,Dormant,False,Y
SWGY15728,Saanvi Bose,SAANVI.BOSE552@OUTLOOK.COM,,NELLORE,2023-06-28,Frequent Orderer,False,N
SWGY15729,Neha Khan,neha.khan126@outlook.com,8195896676, Nellore ,08/07/2024,Frequent Orderer,False,No
SWGY15730,Sai Mehta,sai.mehta161@hotmail.com,, Gurugram ,2024-10-14,Dormant,False,
SWGY15731,Saanvi Pillai,saanvi.pillai366@outlook.com,(098) 837-9785,mumbai,01-28-2025,New,False,1
SWGY15732,Aarav Shetty,aarav.shetty250@gmail.co,,delhi,15/11/2023,Dormant,True,N
SWGY15733,Riya Nair,riya.nair605@yahoo.com,,ahmedabad,05-09-2024,Frequent Orderer,False,yes
SWGY15734,Aditya Patel,aditya.patel666@gmail.com,+91-74118-15686,pune,10-29-2023,Swiggy One Member,True,N
SWGY15735,Krishna Rao,krishna.rao617@hotmail.com,, Ahmedabad ,2025-05-11,New,False,yes
SWGY15736,Aditya Kapoor,aditya.kapoor517@gmail.co,+91-38887-04061,VIJAYAWADA,05-10-2025,New,False,Y
SWGY15737,Pooja Gupta,pooja.gupta448@outlook.com,4793970635,,2024-08-22,Frequent Orderer,False,0
SWGY15738,Rohan Rao,ROHAN.RAO948@HOTMAIL.COM,919079154251, Bengaluru ,2024-02-23,New,False,yes
SWGY15739,Ira Joshi,ira.joshi625@gmail.co,1371091075,GURUGRAM,11/05/2025,Dormant,False,Y
SWGY15740,Myra Das,myra.das550@gmail.co,(085) 827-9346, Bengaluru ,15/11/2023,Frequent Orderer,False,No
SWGY15741,Arjun Nair,arjun.nair638@outlook.com,(541) 388-7030,MUMBAI,07-20-2024,Frequent Orderer,False,N
SWGY15742,Sai Bose,sai.bose998@gmail.com,,Jaipur,2025-05-29,Swiggy One Member,True,1
SWGY15743,Saanvi Nair,saanvi.nair635@gmail.co,3217406575,,20/05/2024,Dormant,False,
SWGY15744,Kabir Iyer,kabir.iyer334@outlook.com,911130233295,DELHI,09-12-2024,Dormant,False,
SWGY15745,Navya Malhotra,navya.malhotra321@gmail.com,2509917156,jaipur,2023-09-26,Swiggy One Member,True,
SWGY15746,Sai Das,sai.das224@gmail.com,+91-95503-49028,vijayawada,25/11/2023,Frequent Orderer,False,
SWGY15747,Nikhil Patel,nikhil.patel94@hotmail.com,51664 06413, Kolkata ,05/11/2023,Swiggy One Member,True,
SWGY15748,Reyansh Kapoor,reyansh.kapoor88@yahoo.com,, Jaipur ,2024-03-18,New,False,No
SWGY15749,Pari Malhotra,pari.malhotra288@gmail.co,911014938008,Hyderabad,09-19-2024,New,False,0
SWGY15750,Vikram Mehta,vikram.mehta539@hotmail.com,+91-13610-59028,BENGALURU,16/08/2024,Dormant,False,Yes
SWGY15751,Ishaan Pillai,ishaan.pillai967@gmail.co,(650) 637-8952,PUNE,03/10/2023,Frequent Orderer,False,0
SWGY15752,Ira Kapoor,ira.kapoor285@yahoo.com,47345 04103,DELHI,19/08/2023,Dormant,False,Y
SWGY15753,Vikram Singh,vikram.singh459@gmail.co,(350) 358-1553,noida,01-07-2024,Frequent Orderer,False,1
SWGY15754,Nikhil Malhotra,nikhil.malhotra836@gmail.co,+91-59225-55329, Gurugram ,23/08/2024,New,True,Yes
SWGY15755,Rahul Reddy,rahul.reddy11@outlook.com,4574655886, Delhi ,05-02-2024,Swiggy One Member,True,
SWGY15756,Riya Das,riya.das630@gmail.co,+91-24904-34935,VIJAYAWADA,2023-12-15,Frequent Orderer,False,Yes
SWGY15757,Riya Mehta,riya.mehta409@gmail.co,7793548930,Chennai,09-04-2023,Swiggy One Member,True,Yes
SWGY15758,Vikram Sharma,vikram.sharma116@yahoo.com,910489578316, Lucknow ,04-07-2024,Swiggy One Member,True,Y
SWGY15759,Reyansh Singh,reyansh.singh520@yahoo.com,80642 04336,BENGALURU,2024-10-23,Frequent Orderer,False,yes
SWGY15760,Ira Menon,ira.menon529@yahoo.com,00786 87203,Bengaluru,17/08/2024,Swiggy One Member,True,N
SWGY15761,Sneha Das,sneha.das131@gmail.com,(672) 632-5032,Ahmedabad,07/05/2024,Dormant,True,Y
SWGY15762,Divya Kapoor,divya.kapoor885@gmail.co,99793 98280,mumbai,21/11/2024,New,False,Y
SWGY15763,Vikram Chatterjee,vikram.chatterjee970@hotmail.com,5581742441,delhi,01-20-2024,Dormant,False,0
SWGY15764,Sai Menon,,1443014387,CHENNAI,14/10/2024,Dormant,False,yes
SWGY15765,Myra Mehta,myra.mehta643@outlook.com,23336 41909, Chennai ,2024-02-02,Dormant,True,N
SWGY15766,Aarav Das,,, Bengaluru ,25/08/2023,Swiggy One Member,True,
SWGY15767,Arjun Verma,arjun.verma172@yahoo.com,,LUCKNOW,2024-12-10,New,False,yes
SWGY15768,Krishna Khan,krishna.khan799@outlook.com,(226) 497-1071,KOLKATA,2025-01-01,Churned,False,
SWGY15769,Rohan Reddy,rohan.reddy154@gmail.com,94181 84786,Kochi,11-07-2024,Swiggy One Member,True,Yes
SWGY15770,Kabir Das,kabir.das232@yahoo.com,+91-58896-62190,Hyderabad,22/07/2023,Frequent Orderer,False,Y
SWGY15771,Pari Menon,pari.menon238@gmail.co,910249328289,Gurugram,02-19-2025,Swiggy One Member,True,1
SWGY15772,Pari Rao,pari.rao750@gmail.co,+91-87257-55044,Chennai,29/12/2023,,False,1
SWGY15773,Reyansh Menon,reyansh.menon580@yahoo.com,915545349972,LUCKNOW,28/10/2023,Frequent Orderer,False,
SWGY15774,Riya Shetty,riya.shetty785@hotmail.com,5572325509,lucknow,2024-06-04,Dormant,False,Y
SWGY15775,Krishna Nair,krishna.nair146@gmail.com,62577 35241,Chennai,03-02-2025,Dormant,False,1
SWGY15776,Riya Bose,riya.bose69@hotmail.com,66373 28886,kochi,07-16-2024,Frequent Orderer,False,yes
SWGY15777,Arjun Sharma,,,,2023-11-29,New,False,Y
SWGY15778,Pooja Iyer,pooja.iyer943@outlook.com,,DELHI,01/04/2024,Dormant,True,0
SWGY15779,Divya Gupta,divya.gupta943@gmail.co,98579 42016,Nellore,09/05/2024,Frequent Orderer,False,No
SWGY15780,Karthik Verma,karthik.verma405@gmail.co,(528) 977-7894,Bengaluru,2024-07-26,Frequent Orderer,False,Yes
SWGY15781,Myra Menon,,1424799395,Lucknow,09-01-2024,New,False,0
SWGY15782,Pari Kapoor,pari.kapoor340@hotmail.com,(909) 143-3187,PUNE,27/05/2024,Swiggy One Member,True,
SWGY15783,Aarav Nair,aarav.nair759@outlook.com,7067471695, Delhi ,2024-07-25,Frequent Orderer,False,No
SWGY15784,Pari Joshi,pari.joshi265@yahoo.com,915673985260,NELLORE,2024-05-16,,False,Yes
SWGY15785,Karthik Verma,KARTHIK.VERMA389@OUTLOOK.COM,(614) 242-1466,Gurugram,04-04-2024,Dormant,False,Y
SWGY15786,Priya Iyer,priya.iyer732@gmail.co,6049522541,Jaipur,11-19-2023,Dormant,False,yes
SWGY15787,Rahul Sharma,rahul.sharma984@outlook.com,3195319210,nellore,2024-02-20,New,False,0
SWGY15788,Ananya Malhotra,ananya.malhotra491@gmail.co,+91-05304-30041,mumbai,25/04/2025,Dormant,True,1
SWGY15789,Anika Sharma,anika.sharma504@gmail.co,4166720170, Kolkata ,04-27-2024,New,False,Yes
SWGY15790,Karthik Reddy,karthik.reddy172@hotmail.com,913071346825,Kochi,08-26-2024,New,False,No
SWGY15791,Ira Menon,ira.menon493@yahoo.com,9380207615,Mumbai,2024-08-01,Dormant,False,
SWGY15792,Vikram Chatterjee,vikram.chatterjee513@yahoo.com,,Pune,18/02/2024,Frequent Orderer,False,1
SWGY15793,Myra Bose,myra.bose987@outlook.com,,BENGALURU,01/08/2023,New,False,0
SWGY15794,Karthik Nair,karthik.nair407@gmail.co,(349) 086-0137,NELLORE,11-12-2024,Churned,False,
SWGY15795,Vivaan Gupta,vivaan.gupta463@gmail.com,71969 14084, Mumbai ,21/11/2024,Swiggy One Member,True,1
SWGY15796,Ananya Sharma,ananya.sharma535@gmail.com,,Gurugram,2025-05-28,New,False,Yes
SWGY15797,Priya Menon,priya.menon69@gmail.com,84246 90130,BENGALURU,2024-02-28,New,False,1
SWGY15798,Priya Patel,priya.patel492@outlook.com,+91-13284-28642,Chennai,08-31-2023,New,False,1
SWGY15799,Arjun Shetty,arjun.shetty996@yahoo.com,917534813404,kolkata,08/02/2025,Dormant,True,1
SWGY15800,Diya Sharma,diya.sharma753@gmail.co,, Ahmedabad ,11-12-2023,Frequent Orderer,False,No
SWGY15801,Ananya Pillai,ananya.pillai759@yahoo.com,(867) 950-0625,jaipur,2023-08-21,Frequent Orderer,True,1
SWGY15802,Sai Gupta,sai.gupta593@hotmail.com,+91-64327-88128, Delhi ,08-07-2023,Swiggy One Member,True,Yes
SWGY15803,Krishna Das,krishna.das536@hotmail.com,(467) 449-8598,Chennai,2024-06-18,Dormant,False,
SWGY15804,Saanvi Bose,saanvi.bose426@hotmail.com,916666320665,kolkata,18/07/2023,Swiggy One Member,True,Yes
SWGY15805,Saanvi Das,saanvi.das388@yahoo.com,9980669693,Ahmedabad,11-12-2023,Frequent Orderer,False,Yes
SWGY15806,Aarav Gupta,aarav.gupta871@gmail.com,(875) 754-8304,GURUGRAM,08-10-2023,New,True,0
SWGY15807,Nikhil Menon,nikhil.menon758@outlook.com,, Kochi ,05-26-2025,New,False,No
SWGY15808,Pari Rao,pari.rao741@gmail.com,+91-17509-08006,Ahmedabad,22/02/2024,New,False,Yes
SWGY15809,Vivaan Nair,vivaan.nair92@yahoo.com,915570650940,jaipur,08-16-2024,Swiggy One Member,True,1
SWGY15810,Krishna Kapoor,krishna.kapoor320@outlook.com,(383) 033-6192,Vijayawada,11-24-2023,Swiggy One Member,True,No
SWGY15811,Pari Khan,pari.khan783@gmail.co,48238 24308, Noida ,2024-07-13,Frequent Orderer,False,Y
SWGY15812,Krishna Chatterjee,krishna.chatterjee251@hotmail.com,(349) 258-8701,Noida,03/04/2024,Swiggy One Member,True,N
SWGY15813,Navya Joshi,navya.joshi594@gmail.co,913174791486, Kochi ,2024-11-06,Swiggy One Member,True,Yes
SWGY15814,Pari Gupta,pari.gupta847@gmail.co,,Vijayawada,04-05-2024,Frequent Orderer,False,yes
SWGY15815,Ayaan Singh,AYAAN.SINGH301@GMAIL.CO,(288) 758-0014, Delhi ,22/03/2025,Frequent Orderer,False,Y
SWGY15816,Rohan Nair,rohan.nair367@gmail.com,(480) 198-5894,Hyderabad,11-29-2024,New,False,N
SWGY15817,Rohan Das,rohan.das448@gmail.co,26373 52734,VIJAYAWADA,04/07/2024,New,False,
SWGY15818,Rohan Iyer,rohan.iyer750@yahoo.com,(208) 056-8028,PUNE,15/06/2024,Frequent Orderer,False,
SWGY15819,Ishaan Joshi,ishaan.joshi971@yahoo.com,(850) 406-1880, Chennai ,2024-04-08,Frequent Orderer,False,
SWGY15820,Rohan Malhotra,rohan.malhotra655@outlook.com,,NOIDA,2024-07-05,New,False,
SWGY15821,Vikram Gupta,vikram.gupta369@hotmail.com,(675) 925-6673,Gurugram,11-13-2023,Churned,False,Yes
SWGY15822,Aarav Rao,aarav.rao65@gmail.co,(967) 678-1767, Kochi ,27/08/2024,,False,
SWGY15823,Sneha Shetty,sneha.shetty196@gmail.co,917363333418,GURUGRAM,2024-08-16,Dormant,True,No
SWGY15824,Krishna Menon,krishna.menon598@hotmail.com,(118) 400-0275,Lucknow,12-11-2024,Swiggy One Member,True,
SWGY15825,Kabir Verma,kabir.verma851@gmail.co,,nellore,07/05/2024,Frequent Orderer,False,No
SWGY15826,Nikhil Das,nikhil.das208@outlook.com,(080) 713-1309, Jaipur ,09-10-2023,Frequent Orderer,False,Y
SWGY15827,Saanvi Shetty,saanvi.shetty136@gmail.com,,,08-10-2024,Churned,True,
SWGY15828,Kabir Kapoor,kabir.kapoor778@yahoo.com,+91-12761-28635, Kochi ,03-28-2024,Dormant,True,No
SWGY15829,Rohan Menon,rohan.menon731@yahoo.com,(283) 555-5535,JAIPUR,07-24-2023,Frequent Orderer,False,0
SWGY15830,Neha Pillai,neha.pillai812@gmail.co,81834 70025,lucknow,04-26-2025,Frequent Orderer,False,0
SWGY15831,Navya Shetty,,,kochi,2024-06-13,Swiggy One Member,True,
SWGY15832,Vivaan Malhotra,vivaan.malhotra397@gmail.com,(072) 589-7740,BENGALURU,10-06-2023,Frequent Orderer,False,0
SWGY15833,Rahul Bose,rahul.bose540@gmail.com,,,2025-03-28,Churned,True,0
SWGY15834,Ira Nair,ira.nair771@gmail.com,,,2024-11-10,Frequent Orderer,False,
SWGY15835,Navya Malhotra,navya.malhotra39@yahoo.com,7636672374,delhi,07-19-2024,Swiggy One Member,True,N
SWGY15836,Arjun Kapoor,arjun.kapoor637@hotmail.com,02013 65488,delhi,07-11-2024,Frequent Orderer,False,No
SWGY15837,Sneha Khan,,8713505520,Vijayawada,2025-04-01,Swiggy One Member,True,Yes
SWGY15838,Aarav Das,aarav.das802@gmail.com,52326 35644,CHENNAI,12/12/2024,Dormant,False,
SWGY15839,Ishaan Verma,ishaan.verma703@gmail.com,(848) 124-3127,lucknow,09-15-2023,Swiggy One Member,True,
SWGY15840,Diya Chatterjee,diya.chatterjee247@gmail.co,917066612987, Jaipur ,08-23-2024,,True,yes
SWGY15841,Kabir Patel,kabir.patel855@hotmail.com,, Nellore ,06-04-2024,Frequent Orderer,False,Yes
SWGY15842,Vikram Gupta,vikram.gupta510@gmail.com,911933831834,bengaluru,02-26-2024,Frequent Orderer,False,0
SWGY15843,Saanvi Singh,saanvi.singh940@hotmail.com,915037858573,kochi,15/03/2025,Dormant,False,yes
SWGY15844,Kabir Reddy,kabir.reddy312@yahoo.com,,BENGALURU,2024-06-07,Dormant,False,1
SWGY15845,Pari Malhotra,pari.malhotra885@yahoo.com,911349876322, Kochi ,06/06/2024,Frequent Orderer,False,Y
SWGY15846,Vivaan Menon,vivaan.menon554@gmail.co,+91-79503-05105,lucknow,09-27-2023,Frequent Orderer,False,
SWGY15847,Myra Iyer,,+91-82938-23204,noida,18/06/2024,Frequent Orderer,True,No
SWGY15848,Aarav Iyer,aarav.iyer495@outlook.com,914361696628,Kochi,02/09/2024,Churned,False,0
SWGY15849,Anika Singh,anika.singh977@gmail.co,6279221301,MUMBAI,2024-02-06,Dormant,False,
SWGY15850,Rohan Singh,rohan.singh106@yahoo.com,2552801822,Lucknow,02-15-2025,Frequent Orderer,False,Yes
SWGY15851,Riya Sharma,riya.sharma803@hotmail.com,911379837427,Kochi,19/04/2024,Dormant,False,N
SWGY15852,Priya Singh,priya.singh268@hotmail.com,6087566255,Kochi,04-23-2024,Frequent Orderer,False,Yes
SWGY15853,Arjun Reddy,arjun.reddy63@outlook.com,9927893831,Pune,2024-12-16,Dormant,False,yes
SWGY15854,Rahul Rao,,(652) 432-6543, Nellore ,10/10/2024,Frequent Orderer,False,yes
SWGY15855,Aarav Gupta,aarav.gupta737@yahoo.com,912611238476,Hyderabad,2024-03-08,New,False,N
SWGY15856,Sneha Kapoor,sneha.kapoor213@outlook.com,,chennai,09-03-2024,Swiggy One Member,True,Y
SWGY15857,Anika Das,anika.das538@yahoo.com,+91-05322-65776, Bengaluru ,07-30-2024,New,True,0
SWGY15858,Nikhil Rao,nikhil.rao833@yahoo.com,(291) 389-4199,KOCHI,11-26-2024,Churned,False,
SWGY15859,Aarav Nair,aarav.nair369@gmail.co,(174) 196-1404,Jaipur,2024-08-10,Frequent Orderer,False,
SWGY15860,Reyansh Menon,reyansh.menon713@gmail.com,+91-25324-07436,gurugram,05-25-2024,Frequent Orderer,False,yes
SWGY15861,Diya Mehta,diya.mehta84@gmail.co,78870 67070,CHENNAI,2024-08-09,New,False,0
SWGY15862,Karthik Mehta,karthik.mehta534@outlook.com,914110208613,DELHI,2025-05-22,Frequent Orderer,False,N
SWGY15863,Riya Khan,riya.khan35@yahoo.com,37257 84090, Gurugram ,2025-04-09,Swiggy One Member,True,Yes
SWGY15864,Aarav Reddy,aarav.reddy503@hotmail.com,+91-81900-14243, Ahmedabad ,2025-03-31,New,False,yes
SWGY15865,Vivaan Bose,vivaan.bose332@hotmail.com,,vijayawada,09-28-2023,Swiggy One Member,True,yes
SWGY15866,Aditya Iyer,aditya.iyer172@gmail.com,09142 23616, Hyderabad ,08/11/2024,New,False,N
SWGY15867,Ananya Reddy,ananya.reddy188@gmail.com,(520) 827-4810,pune,2024-02-07,Frequent Orderer,False,Yes
SWGY15868,Ira Menon,ira.menon519@outlook.com,+91-58427-58149,Gurugram,08/11/2024,Frequent Orderer,False,No
SWGY15869,Ananya Pillai,ananya.pillai861@gmail.co,36623 85340,Ahmedabad,01-19-2025,Frequent Orderer,False,
SWGY15870,Pooja Singh,pooja.singh256@gmail.co,(821) 745-3314,GURUGRAM,2024-08-08,New,False,No
SWGY15871,Diya Bose,diya.bose180@gmail.com,+91-96978-42609,,2024-12-03,New,False,Yes
SWGY15872,Aditya Singh,aditya.singh62@gmail.com,,HYDERABAD,2025-05-08,,False,yes
SWGY15873,Sai Verma,sai.verma251@gmail.com,(280) 727-1683,Bengaluru,2024-12-09,Dormant,False,
SWGY15874,Aditya Mehta,,+91-50561-70564, Gurugram ,08-29-2023,Dormant,False,Y
SWGY15875,Anika Chatterjee,anika.chatterjee710@yahoo.com,916013096467, Gurugram ,05/07/2023,New,False,Y
SWGY15876,Arjun Menon,arjun.menon522@gmail.co,+91-97811-87508, Delhi ,01/03/2024,Dormant,False,
SWGY15877,Neha Shetty,neha.shetty990@outlook.com,919533212919,Ahmedabad,2024-05-28,New,False,1
SWGY15878,Arjun Das,arjun.das706@gmail.com,916471733236,lucknow,2024-06-13,New,True,1
SWGY15879,Aditya Mehta,aditya.mehta53@outlook.com,911210447683,chennai,01-31-2025,Swiggy One Member,False,Yes
SWGY15880,Nikhil Khan,nikhil.khan233@outlook.com,1050908971,,2023-07-26,Swiggy One Member,True,1
SWGY15881,Aadhya Iyer,aadhya.iyer906@gmail.co,54043 65112, Gurugram ,2024-05-06,Frequent Orderer,False,No
SWGY15882,Diya Sharma,diya.sharma460@hotmail.com,1854381150,delhi,02-15-2024,New,False,Y
SWGY15883,Vivaan Pillai,vivaan.pillai133@yahoo.com,919630476339,mumbai,02-14-2024,New,False,N
SWGY15884,Karthik Rao,karthik.rao240@gmail.com,78432 60034,BENGALURU,09-24-2024,Frequent Orderer,False,0
SWGY15885,Aditya Rao,aditya.rao883@gmail.co,,Vijayawada,2023-11-18,Swiggy One Member,True,
SWGY15886,Aarav Patel,aarav.patel421@outlook.com,(594) 696-0331,Lucknow,12-25-2023,Dormant,False,yes
SWGY15887,Rohan Menon,rohan.menon105@hotmail.com,,BENGALURU,02/02/2024,Frequent Orderer,False,Yes
SWGY15888,Sneha Singh,sneha.singh333@gmail.com,,,10-22-2024,,False,Y
SWGY15889,Sneha Gupta,sneha.gupta316@gmail.com,,PUNE,2024-03-10,Frequent Orderer,False,1
SWGY15890,Kabir Kapoor,kabir.kapoor478@yahoo.com,912880968075,JAIPUR,07-10-2023,Frequent Orderer,False,N
SWGY15891,Ira Iyer,ira.iyer253@hotmail.com,82760 93980,kolkata,12-30-2023,New,False,1
SWGY15892,Neha Iyer,neha.iyer493@gmail.co,+91-50273-22243,bengaluru,18/06/2024,Frequent Orderer,False,No
SWGY15893,Aarav Bose,aarav.bose189@outlook.com,(947) 881-8478,NOIDA,05-31-2024,Dormant,False,0
SWGY15894,Navya Malhotra,navya.malhotra382@gmail.com,64939 72390,,2024-09-07,,False,yes
SWGY15895,Anika Das,anika.das269@gmail.com,(116) 897-6830,Noida,02/04/2024,Swiggy One Member,True,1
SWGY15896,Rahul Das,rahul.das583@yahoo.com,30294 57849,Noida,12-18-2024,New,True,yes
SWGY15897,Pooja Nair,pooja.nair373@yahoo.com,(000) 811-9776,Noida,05/08/2023,Dormant,False,No
SWGY15898,Karthik Shetty,karthik.shetty928@hotmail.com,,JAIPUR,09-21-2024,Frequent Orderer,False,yes
SWGY15899,Neha Gupta,neha.gupta328@yahoo.com,+91-73263-77343,DELHI,01/11/2024,Dormant,False,yes
SWGY15900,Ayaan Rao,ayaan.rao727@outlook.com,913706954595, Hyderabad ,10-17-2024,Frequent Orderer,False,No
SWGY15901,Ishaan Rao,ishaan.rao671@hotmail.com,0600022585, Kochi ,08/04/2024,Swiggy One Member,True,0
SWGY15902,Aarav Patel,,,DELHI,14/12/2024,Frequent Orderer,True,No
SWGY15903,Vikram Chatterjee,vikram.chatterjee797@outlook.com,13025 62608,pune,10-08-2023,Dormant,True,N
SWGY15904,Karthik Shetty,karthik.shetty147@gmail.co,+91-68495-33005, Vijayawada ,03-06-2024,Dormant,False,Y
SWGY15905,Saanvi Reddy,saanvi.reddy509@gmail.co,7757636018,KOLKATA,01-28-2024,Frequent Orderer,False,No
SWGY15906,Arjun Pillai,arjun.pillai788@hotmail.com,916400633557,lucknow,2024-07-26,New,False,N
SWGY15907,Rahul Bose,rahul.bose121@yahoo.com,10254 88575,VIJAYAWADA,05/04/2024,Frequent Orderer,False,No
SWGY15908,Navya Das,navya.das720@gmail.com,57141 47945,kochi,2023-09-25,Swiggy One Member,True,No
SWGY15909,Arjun Patel,arjun.patel118@gmail.co,+91-13592-46812,bengaluru,2023-10-19,Churned,True,Yes
SWGY15910,Ananya Pillai,ananya.pillai965@outlook.com,(948) 796-5558, Ahmedabad ,2023-09-01,Swiggy One Member,True,N
SWGY15911,Sai Chatterjee,sai.chatterjee858@gmail.com,55763 06570,MUMBAI,01-14-2024,Swiggy One Member,True,0
SWGY15912,Aditya Pillai,aditya.pillai941@gmail.co,,NELLORE,01-30-2025,New,False,No
SWGY15913,Pooja Nair,pooja.nair531@hotmail.com,(405) 353-6048,jaipur,16/03/2024,Dormant,False,
SWGY15914,Nikhil Singh,nikhil.singh908@gmail.co,, Vijayawada ,06-05-2024,Frequent Orderer,False,1
SWGY15915,Diya Joshi,DIYA.JOSHI36@HOTMAIL.COM,8640356307,AHMEDABAD,02-24-2024,New,True,Y
SWGY15916,Divya Menon,divya.menon328@yahoo.com,,Kochi,2024-08-25,Churned,False,No
SWGY15917,Ira Pillai,ira.pillai117@outlook.com,914882593632,Gurugram,11/02/2024,Dormant,False,Y
SWGY15918,Diya Joshi,,9943379628, Delhi ,11-23-2023,New,False,No
SWGY15919,Reyansh Kapoor,reyansh.kapoor203@yahoo.com,913216787769,Ahmedabad,2024-10-24,Dormant,False,No
SWGY15920,Sneha Sharma,sneha.sharma298@yahoo.com,,GURUGRAM,03-02-2024,Churned,False,Yes
SWGY15921,Rohan Gupta,rohan.gupta391@gmail.com,05662 83073,kolkata,07/06/2024,Frequent Orderer,False,1
SWGY15922,Anika Rao,anika.rao361@yahoo.com,22528 21518,Ahmedabad,2025-04-26,New,True,yes
SWGY15923,Nikhil Menon,nikhil.menon226@gmail.com,,KOCHI,2023-11-04,Frequent Orderer,False,Y
SWGY15924,Nikhil Menon,nikhil.menon2@gmail.com,, Nellore ,04-01-2025,Swiggy One Member,True,yes
SWGY15925,Priya Menon,priya.menon208@gmail.com,(809) 937-5885,AHMEDABAD,2024-11-30,Churned,True,
SWGY15926,Rohan Patel,rohan.patel147@outlook.com,+91-29903-72321,KOCHI,07-05-2024,Dormant,False,No
SWGY15927,Rahul Reddy,,65255 08727,jaipur,2023-12-16,Churned,False,0
SWGY15928,Divya Malhotra,divya.malhotra171@yahoo.com,2575552159,NOIDA,09-05-2024,Churned,True,1
SWGY15929,Ananya Das,ananya.das635@gmail.co,,BENGALURU,12-20-2024,Frequent Orderer,False,Yes
SWGY15930,Reyansh Nair,reyansh.nair898@yahoo.com,00535 14984,BENGALURU,09-13-2024,Dormant,False,No
SWGY15931,Ishaan Pillai,ishaan.pillai787@hotmail.com,(783) 473-6462,,02/11/2023,Dormant,True,N
SWGY15932,Sneha Nair,,4652681324, Delhi ,11-01-2023,Dormant,True,yes
SWGY15933,Navya Chatterjee,navya.chatterjee950@yahoo.com,(970) 025-9267, Nellore ,2025-05-15,Frequent Orderer,False,No
SWGY15934,Kabir Singh,kabir.singh945@gmail.com,(233) 619-3681,pune,27/03/2024,Dormant,False,No
SWGY15935,Arjun Patel,arjun.patel577@gmail.co,,Chennai,04/02/2024,Frequent Orderer,False,Y
SWGY15936,Arjun Chatterjee,arjun.chatterjee727@gmail.co,1284373215,Mumbai,12/05/2025,Frequent Orderer,False,Y
SWGY15937,Ishaan Mehta,ishaan.mehta866@gmail.co,0843170346,vijayawada,02-19-2025,Swiggy One Member,True,Y
SWGY15938,Divya Sharma,divya.sharma706@gmail.co,+91-71239-13043,Delhi,2025-01-17,Frequent Orderer,True,Y
SWGY15939,Rohan Pillai,rohan.pillai255@gmail.co,,Mumbai,26/10/2024,Frequent Orderer,False,yes
SWGY15940,Vivaan Kapoor,VIVAAN.KAPOOR153@GMAIL.CO,,jaipur,03-13-2024,Frequent Orderer,False,1
SWGY15941,Vivaan Kapoor,vivaan.kapoor936@gmail.com,3625328325,Pune,2023-08-05,Swiggy One Member,True,N
SWGY15942,Vikram Mehta,vikram.mehta607@gmail.com,29989 85756,VIJAYAWADA,22/05/2025,New,False,Y
SWGY15943,Ishaan Gupta,ishaan.gupta46@outlook.com,(634) 814-2113,MUMBAI,2024-01-23,New,False,yes
SWGY15944,Rahul Chatterjee,rahul.chatterjee862@yahoo.com,,Lucknow,2023-09-08,Swiggy One Member,True,N
SWGY15945,Kabir Bose,kabir.bose47@hotmail.com,+91-52331-40829,Vijayawada,01-18-2024,Swiggy One Member,False,No
SWGY15946,Neha Menon,neha.menon333@outlook.com,, Noida ,2024-07-18,Swiggy One Member,True,1
SWGY15947,Divya Reddy,divya.reddy772@outlook.com,(587) 833-5280, Mumbai ,24/10/2023,Dormant,False,
SWGY15948,Diya Iyer,diya.iyer637@gmail.co,,Mumbai,16/02/2025,Swiggy One Member,True,
SWGY15949,Navya Kapoor,navya.kapoor998@gmail.co,89530 08146, Jaipur ,26/06/2023,New,False,1
SWGY15950,Navya Shetty,navya.shetty220@yahoo.com,(936) 333-4438,pune,07-05-2023,Dormant,False,N
SWGY15951,Navya Shetty,navya.shetty571@yahoo.com,+91-56562-54340,Hyderabad,19/12/2024,Churned,False,Y
SWGY15952,Neha Menon,neha.menon744@hotmail.com,,Ahmedabad,2025-04-20,New,False,
SWGY15953,Sneha Pillai,sneha.pillai876@gmail.com,53421 51996,gurugram,30/05/2025,Swiggy One Member,True,0
SWGY15954,Arjun Chatterjee,arjun.chatterjee280@hotmail.com,915091261110, Noida ,10-23-2023,Frequent Orderer,False,Yes
SWGY15955,Rahul Mehta,rahul.mehta694@yahoo.com,,,01-26-2025,,False,1
SWGY15956,Sneha Chatterjee,sneha.chatterjee696@yahoo.com,, Delhi ,2023-10-18,Swiggy One Member,True,yes
SWGY15957,Diya Mehta,diya.mehta147@outlook.com,+91-97899-52480,Gurugram,12-08-2023,Dormant,False,No
SWGY15958,Divya Khan,divya.khan673@yahoo.com,,Mumbai,2024-12-24,Churned,True,yes
SWGY15959,Pari Pillai,pari.pillai343@hotmail.com,919760229405,NOIDA,2024-09-09,Frequent Orderer,False,No
SWGY15960,Ananya Nair,ananya.nair741@outlook.com,,NOIDA,10-28-2024,,False,N
SWGY15961,Diya Shetty,diya.shetty964@hotmail.com,,nellore,2024-07-07,New,False,Yes
SWGY15962,Divya Khan,divya.khan34@outlook.com,+91-28570-44217,mumbai,2025-05-08,Swiggy One Member,True,yes
SWGY15963,Diya Verma,diya.verma818@gmail.com,,kolkata,2023-07-25,Dormant,True,1
SWGY15964,Karthik Das,karthik.das503@gmail.com,915676666005,lucknow,23/08/2023,Frequent Orderer,False,N
SWGY15965,Ishaan Bose,ishaan.bose287@gmail.co,+91-41961-77262, Chennai ,07-02-2024,Swiggy One Member,True,yes
SWGY15966,Pooja Gupta,pooja.gupta647@yahoo.com,+91-77914-11987, Jaipur ,12-07-2023,Dormant,False,Y
SWGY15967,Aditya Sharma,aditya.sharma530@outlook.com,(982) 171-3774,DELHI,09-16-2023,New,False,Yes
SWGY15968,Aarav Das,aarav.das368@outlook.com,81166 92187,DELHI,07-10-2023,New,False,No
SWGY15969,Kabir Bose,kabir.bose365@outlook.com,,noida,2023-10-07,Frequent Orderer,False,1
SWGY15970,Reyansh Rao,reyansh.rao746@yahoo.com,28305 37129,kochi,2023-10-16,Swiggy One Member,True,yes
SWGY15971,Diya Das,,+91-39190-81795,NOIDA,2025-05-02,Frequent Orderer,True,0
SWGY15972,Vivaan Rao,vivaan.rao720@outlook.com,917695729527,NOIDA,10-29-2024,,True,No
SWGY15973,Aarav Gupta,aarav.gupta924@gmail.co,918250725084,nellore,01/12/2024,Frequent Orderer,True,No
SWGY15974,Karthik Kapoor,karthik.kapoor911@gmail.com,,Noida,2025-04-12,Dormant,False,No
SWGY15975,Reyansh Sharma,reyansh.sharma495@outlook.com,, Kochi ,10-31-2023,Swiggy One Member,True,Y
SWGY15976,Rohan Bose,rohan.bose193@outlook.com,8183973363,LUCKNOW,2024-02-23,Swiggy One Member,True,1
SWGY15977,Rahul Menon,rahul.menon385@gmail.co,,CHENNAI,2023-08-15,Frequent Orderer,False,Y
SWGY15978,Divya Khan,DIVYA.KHAN411@OUTLOOK.COM,2449672687,KOCHI,2024-04-25,Swiggy One Member,True,0
SWGY15979,Karthik Kapoor,karthik.kapoor379@hotmail.com,,kolkata,02/11/2023,Frequent Orderer,False,Y
SWGY15980,Priya Gupta,priya.gupta906@outlook.com,(414) 363-3778,HYDERABAD,2024-07-19,New,False,N
SWGY15981,Ayaan Patel,AYAAN.PATEL37@GMAIL.COM,, Gurugram ,2023-06-02,Churned,True,Yes
SWGY15982,Ira Mehta,ira.mehta921@gmail.co,62516 60064,GURUGRAM,14/05/2025,Swiggy One Member,True,N
SWGY15983,Reyansh Iyer,REYANSH.IYER262@YAHOO.COM,+91-76952-90090,BENGALURU,01/07/2024,New,False,N
SWGY15984,Divya Rao,divya.rao694@hotmail.com,+91-94470-44838, Ahmedabad ,2024-08-31,Frequent Orderer,False,0
SWGY15985,Vikram Nair,vikram.nair105@outlook.com,,Kochi,10-15-2023,Churned,False,N
SWGY15986,Aarav Patel,aarav.patel659@outlook.com,4332842221,LUCKNOW,09-16-2024,New,False,No
SWGY15987,Nikhil Sharma,nikhil.sharma745@gmail.com,915680873053,CHENNAI,08-04-2023,New,False,Yes
SWGY15988,Sai Nair,sai.nair704@gmail.co,26733 36592,Gurugram,02-24-2025,Swiggy One Member,True,Y
SWGY15989,Karthik Reddy,karthik.reddy909@gmail.com,+91-09425-84872,ahmedabad,13/12/2024,New,False,Y
SWGY15990,Krishna Kapoor,krishna.kapoor395@hotmail.com,14038 09176,lucknow,22/06/2023,Swiggy One Member,True,1
SWGY15991,Anika Pillai,anika.pillai294@gmail.com,71126 08770,Chennai,10-14-2024,Swiggy One Member,True,1
SWGY15992,Aarav Singh,aarav.singh511@gmail.com,+91-15002-80573,HYDERABAD,07-13-2024,Frequent Orderer,False,1
SWGY15993,Vivaan Gupta,vivaan.gupta854@gmail.co,,noida,07/12/2024,Swiggy One Member,True,Yes
SWGY15994,Arjun Singh,arjun.singh32@yahoo.com,,gurugram,04-27-2024,Frequent Orderer,True,No
SWGY15995,Aadhya Rao,aadhya.rao461@outlook.com,1567384427,KOCHI,2024-02-20,Dormant,False,Y
SWGY15996,Diya Singh,diya.singh805@outlook.com,,lucknow,10-23-2023,New,False,Y
SWGY15997,Saanvi Iyer,saanvi.iyer230@hotmail.com,910328243435,Noida,17/12/2024,Churned,False,1
SWGY15998,Reyansh Iyer,reyansh.iyer255@hotmail.com,(724) 460-0404, Nellore ,07/02/2025,Frequent Orderer,False,
SWGY15999,Aarav Shetty,aarav.shetty450@outlook.com,(150) 621-6117,Nellore,28/08/2023,Dormant,True,N
SWGY10073X,SAANVI REDDY,saanvi.reddy723@hotmail.com,,Nellore,2024-05-01,Swiggy One Member,True,Yes
SWGY11172X,ANANYA GUPTA,ananya.gupta983@outlook.com,(513) 396-6057,KOLKATA,06-05-2023,Swiggy One Member,True,0
SWGY13562X,MYRA IYER,myra.iyer126@hotmail.com,,lucknow,11-14-2024,Frequent Orderer,False,No
SWGY10241X,Anika Rao ,anika.rao361@yahoo.com,22528 21518,Ahmedabad,2025-04-26,New,True,yes
SWGY13529X,Ayaan Das ,ayaan.das983@gmail.com,3376870580,Vijayawada,2025-03-22,Swiggy One Member,True,0
SWGY12640X,POOJA PATEL,pooja.patel886@gmail.co,+91-24063-83466,,26/11/2023,Frequent Orderer,False,yes
SWGY13907X,Rohan Chatterjee ,rohan.chatterjee462@gmail.com,+91-27877-11278, Ahmedabad ,2024-02-05,Frequent Orderer,False,N
SWGY15971X,Diya Khan ,diya.khan445@outlook.com,,CHENNAI,2024-08-31,Frequent Orderer,False,N
SWGY12011X,AADHYA BOSE,aadhya.bose443@outlook.com,,Kochi,2024-11-19,Dormant,False,yes
SWGY10178X,NIKHIL IYER,nikhil.iyer461@hotmail.com,,jaipur,2025-05-20,Frequent Orderer,True,
SWGY14179X,DIYA PATEL,diya.patel287@gmail.co,4014247310,AHMEDABAD,2023-12-13,Churned,False,No
SWGY10237X,KARTHIK SINGH,karthik.singh992@yahoo.com,18611 45167, Noida ,08-02-2024,New,False,Y
SWGY13385X,Diya Shetty ,diya.shetty719@hotmail.com,(369) 215-2606,bengaluru,03-15-2025,Swiggy One Member,True,No
SWGY14628X,AARAV VERMA,aarav.verma562@gmail.co,28757 19887,VIJAYAWADA,2024-09-09,Frequent Orderer,True,
SWGY10671X,ARJUN MENON,arjun.menon522@gmail.co,+91-97811-87508, Delhi ,01/03/2024,Dormant,False,
SWGY15594X,Karthik Menon ,karthik.menon387@gmail.com,+91-65673-37457,,04/11/2023,Frequent Orderer,False,1
SWGY12604X,VIVAAN JOSHI,vivaan.joshi134@hotmail.com,+91-08177-60299,,2023-10-22,Dormant,False,0
SWGY11913X,SNEHA KHAN,sneha.khan89@outlook.com,8932816651, Jaipur ,2023-10-07,New,False,No
SWGY13673X,DIYA SINGH,diya.singh921@yahoo.com,70431 07722, Mumbai ,04/03/2024,Swiggy One Member,True,1
SWGY12101X,Divya Khan ,DIVYA.KHAN411@OUTLOOK.COM,,KOCHI,2024-04-25,Swiggy One Member,True,0
SWGY15309X,ANIKA BOSE,anika.bose316@outlook.com,+91-24008-25478, Chennai ,21/05/2024,Frequent Orderer,False,yes
SWGY13575X,DIVYA RAO,divya.rao607@yahoo.com,(342) 491-2896,nellore,12-06-2024,Swiggy One Member,True,
SWGY14392X,RIYA MALHOTRA,riya.malhotra92@gmail.co,, Chennai ,17/07/2023,New,False,N
SWGY11619X,KRISHNA RAO,krishna.rao47@gmail.co,,bengaluru,06/09/2023,Dormant,False,No
SWGY10541X,Arjun Menon ,arjun.menon522@gmail.co,+91-97811-87508, Delhi ,01/03/2024,Dormant,False,
SWGY11929X,VIVAAN CHATTERJEE,vivaan.chatterjee252@gmail.co,,Chennai,11/02/2025,Churned,False,yes
SWGY10004X,Sai Verma ,sai.verma926@gmail.co,+91-50823-82888, Pune ,2024-01-05,Frequent Orderer,False,N
SWGY14134X,Ira Verma ,ira.verma771@hotmail.com,+91-91609-11413,LUCKNOW,20/08/2024,New,False,Y
SWGY10074X,Ishaan Das ,,(652) 343-1946, Delhi ,06/02/2024,Churned,False,No
SWGY15209X,Pari Verma ,PARI.VERMA847@YAHOO.COM,4837469064, Pune ,07/09/2024,Dormant,False,Yes
SWGY10904X,VIKRAM SHETTY,vikram.shetty949@gmail.com,55519 71718,PUNE,01-09-2025,Frequent Orderer,False,No
SWGY10037X,NIKHIL REDDY,nikhil.reddy903@yahoo.com,+91-17791-85064, Gurugram ,05-28-2025,,True,
SWGY14325X,ROHAN JOSHI,rohan.joshi102@outlook.com,8061870013,nellore,2023-06-07,,False,Y
SWGY12478X,ARJUN SHARMA,arjun.sharma780@gmail.co,91819 80528,Hyderabad,08/12/2023,Churned,False,N
SWGY15328X,VIKRAM MALHOTRA,vikram.malhotra605@yahoo.com,+91-75869-27429,Chennai,2025-04-01,Dormant,False,No
SWGY13482X,VIKRAM KHAN,vikram.khan171@outlook.com,82282 80183,KOLKATA,06/05/2025,Swiggy One Member,True,N
SWGY15392X,Aditya Iyer ,aditya.iyer971@outlook.com,16310 30103, Jaipur ,2024-11-09,,False,N
SWGY10639X,KABIR MEHTA,kabir.mehta940@outlook.com,, Noida ,13/05/2024,Frequent Orderer,False,Y
SWGY14290X,Diya Bose ,diya.bose61@hotmail.com,56576 80178,AHMEDABAD,19/05/2024,Dormant,False,1
SWGY15233X,POOJA CHATTERJEE,pooja.chatterjee602@hotmail.com,917515366377,Hyderabad,19/01/2024,Dormant,False,Y
SWGY14932X,NAVYA IYER,,65058 71469,Mumbai,04-05-2025,Dormant,False,Y
SWGY12579X,Ira Verma ,ira.verma245@gmail.com,,,23/08/2024,New,False,yes
SWGY14275X,Kabir Iyer ,kabir.iyer256@hotmail.com,+91-86296-62923,Kolkata,01-09-2024,New,True,Y
SWGY12031X,Saanvi Pillai ,saanvi.pillai366@outlook.com,(098) 837-9785,mumbai,01-28-2025,New,False,1
SWGY10325X,Priya Reddy ,priya.reddy86@outlook.com,7601751800, Ahmedabad ,07-19-2023,Frequent Orderer,False,yes
SWGY11210X,VIVAAN GUPTA,vivaan.gupta572@gmail.com,9575552666,chennai,06-09-2024,New,False,No
SWGY13088X,ISHAAN MEHTA,ishaan.mehta877@gmail.co,,VIJAYAWADA,10/05/2025,Swiggy One Member,False,yes
SWGY12178X,IRA PATEL,ira.patel505@outlook.com,(890) 175-0177,,21/12/2024,New,False,1
SWGY13685X,Krishna Das ,krishna.das860@hotmail.com,, Nellore ,12-31-2024,Dormant,False,0
SWGY11829X,Ayaan Nair ,,1919756832, Hyderabad ,2023-10-02,Churned,False,yes
SWGY10222X,Rohan Singh ,rohan.singh463@outlook.com,2526942041,,2025-02-03,Frequent Orderer,False,1
SWGY14904X,RIYA KHAN,,37257 84090, Gurugram ,2025-04-09,Swiggy One Member,True,Yes
SWGY15696X,DIVYA KAPOOR,divya.kapoor1@hotmail.com,7406282850,,01/04/2024,,False,1
SWGY11179X,RAHUL RAO,,4396848359,,2024-03-04,Dormant,False,Yes
SWGY14368X,Ira Iyer ,ira.iyer25@outlook.com,+91-40879-81736,gurugram,11/09/2024,Dormant,False,1
SWGY13069X,DIVYA DAS,divya.das663@outlook.com,6044090797,LUCKNOW,15/02/2024,Frequent Orderer,True,No
SWGY11332X,Neha Iyer ,neha.iyer490@yahoo.com,,mumbai,27/04/2024,Churned,False,Yes
SWGY15800X,Kabir Malhotra ,kabir.malhotra235@outlook.com,+91-04584-74362,BENGALURU,2024-07-23,Frequent Orderer,False,Yes
SWGY11070X,SNEHA CHATTERJEE,sneha.chatterjee696@yahoo.com,, Delhi ,2023-10-18,Swiggy One Member,True,yes
SWGY10691X,DIVYA GUPTA,divya.gupta835@gmail.com,01450 51499,VIJAYAWADA,12-24-2024,Frequent Orderer,False,Y
SWGY13148X,Aadhya Mehta ,aadhya.mehta431@yahoo.com,913004652297,AHMEDABAD,10-02-2023,Frequent Orderer,True,Yes
SWGY12715X,AYAAN MEHTA,ayaan.mehta54@gmail.com,0503509078,Kochi,2023-08-25,Dormant,True,yes
SWGY12058X,Reyansh Singh ,reyansh.singh256@hotmail.com,,Kolkata,02/02/2024,,False,Y
SWGY13318X,RAHUL DAS,rahul.das899@gmail.co,,Delhi,10-02-2024,Frequent Orderer,True,N
SWGY11712X,Reyansh Mehta ,reyansh.mehta812@gmail.co,,PUNE,05-09-2024,Frequent Orderer,False,Yes
SWGY11522X,AADHYA PILLAI,aadhya.pillai446@gmail.com,912129887466,BENGALURU,22/07/2024,Swiggy One Member,True,No
SWGY15924X,ANIKA SINGH,anika.singh977@gmail.co,6279221301,MUMBAI,2024-02-06,Dormant,False,
SWGY12800X,Arjun Iyer ,arjun.iyer830@hotmail.com,,JAIPUR,24/02/2024,Dormant,False,N
SWGY14701X,AADHYA VERMA,aadhya.verma717@gmail.com,27710 50183,delhi,11-05-2023,New,False,1
SWGY15610X,Aadhya Joshi ,aadhya.joshi300@gmail.com,+91-84279-78819,gurugram,11-19-2023,New,True,1
SWGY11394X,Vivaan Sharma ,vivaan.sharma76@gmail.com,919047270031,vijayawada,2023-08-08,Frequent Orderer,False,N
SWGY13270X,Pari Pillai ,pari.pillai411@outlook.com,11983 09754,mumbai,27/09/2023,Churned,True,N
SWGY12197X,AADHYA DAS,aadhya.das668@gmail.co,+91-48024-55985, Pune ,2023-09-05,Frequent Orderer,False,Y
SWGY14098X,ANIKA DAS,anika.das269@gmail.com,(116) 897-6830,Noida,02/04/2024,Swiggy One Member,True,1
SWGY11703X,Pooja Singh ,pooja.singh474@gmail.co,(730) 572-1864,PUNE,2023-10-17,Churned,False,0
SWGY14205X,VIKRAM JOSHI,vikram.joshi807@yahoo.com,+91-97791-09922, Bengaluru ,10-10-2023,Frequent Orderer,False,1
SWGY11541X,Divya Sharma ,divya.sharma912@hotmail.com,52401 32234,GURUGRAM,2024-05-22,Frequent Orderer,False,No
SWGY12638X,Diya Malhotra ,diya.malhotra444@outlook.com,60291 93051,,2024-03-08,New,False,No
SWGY14766X,KARTHIK CHATTERJEE,karthik.chatterjee801@yahoo.com,4268396995,,2024-04-20,Frequent Orderer,False,1
SWGY13621X,KABIR SHARMA,kabir.sharma658@gmail.com,(817) 882-4265,kolkata,17/07/2024,New,False,Yes
SWGY14556X,NAVYA KHAN,navya.khan750@yahoo.com,40574 11935,Pune,05-30-2024,Churned,True,Yes
SWGY14498X,Sai Sharma ,sai.sharma188@outlook.com,83974 69596,NELLORE,28/08/2024,New,False,1
SWGY11056X,ARJUN PILLAI,arjun.pillai279@gmail.co,0095804014,,28/11/2023,Frequent Orderer,False,
SWGY12063X,Ira Iyer ,ira.iyer816@yahoo.com,8248580257,nellore,09-10-2024,Frequent Orderer,False,N
SWGY13930X,AADHYA KHAN,aadhya.khan876@hotmail.com,,NOIDA,2024-12-29,Frequent Orderer,False,0
SWGY14035X,POOJA NAIR,POOJA.NAIR159@OUTLOOK.COM,(475) 283-5999,Delhi,2024-01-21,New,False,yes
SWGY15453X,Kabir Nair ,kabir.nair151@yahoo.com,(051) 028-7675,Bengaluru,2024-01-24,Churned,True,0
SWGY10079X,AADHYA GUPTA,aadhya.gupta425@outlook.com,,KOCHI,10-24-2024,Swiggy One Member,True,No
SWGY14932X,KRISHNA KHAN,krishna.khan756@outlook.com,(894) 366-6470,nellore,05-10-2025,Dormant,False,
SWGY15895X,SNEHA MALHOTRA,sneha.malhotra943@outlook.com,6597759776,KOCHI,03-11-2025,Frequent Orderer,False,Yes
SWGY10888X,NAVYA SHARMA,navya.sharma399@yahoo.com,915680428503,vijayawada,2025-02-12,Dormant,False,0
SWGY14656X,Anika Nair ,anika.nair108@outlook.com,+91-92534-60581,noida,2025-03-06,Frequent Orderer,False,N
SWGY14013X,NIKHIL IYER,nikhil.iyer404@hotmail.com,67844 96411,bengaluru,01-04-2024,Frequent Orderer,False,Y
SWGY10551X,DIYA BOSE,,(764) 846-7357,HYDERABAD,2024-12-23,Swiggy One Member,True,N
SWGY11620X,ADITYA SHETTY,aditya.shetty228@gmail.co,+91-04464-19808,jaipur,17/01/2024,New,False,yes
SWGY15435X,SAI REDDY,sai.reddy859@outlook.com,+91-63004-33590,mumbai,18/08/2024,Churned,False,yes
SWGY13750X,ANIKA MENON,,71270 58772,Ahmedabad,02/04/2024,Frequent Orderer,False,yes
SWGY13594X,RAHUL NAIR,rahul.nair126@hotmail.com,(941) 232-8062,,11-21-2024,New,False,yes
SWGY11457X,AADHYA GUPTA,aadhya.gupta676@gmail.co,+91-56977-14336,Pune,07-13-2023,Frequent Orderer,True,Yes
SWGY15765X,DIYA MEHTA,diya.mehta147@outlook.com,+91-97899-52480,Gurugram,12-08-2023,Dormant,False,No
SWGY13160X,NEHA SINGH,neha.singh124@yahoo.com,03489 90564,Delhi,14/05/2024,Churned,False,Y
SWGY12422X,Navya Shetty ,navya.shetty269@gmail.com,24229 60691,CHENNAI,07-01-2024,Swiggy One Member,True,No
SWGY12032X,Sai Verma ,sai.verma514@gmail.co,, Chennai ,04/06/2024,New,False,Yes
SWGY14836X,Navya Singh ,,30579 25173,NOIDA,03/03/2025,Dormant,False,No
SWGY12763X,KRISHNA RAO,krishna.rao47@gmail.co,,bengaluru,06/09/2023,Dormant,False,No
SWGY11660X,PRIYA MALHOTRA,priya.malhotra190@hotmail.com,,,2024-11-29,Swiggy One Member,True,
SWGY15325X,NIKHIL SHARMA,nikhil.sharma745@gmail.com,915680873053,CHENNAI,08-04-2023,New,False,Yes
SWGY15861X,Sneha Menon ,sneha.menon809@yahoo.com,+91-01302-05698,hyderabad,2023-12-24,Dormant,False,
SWGY12908X,SAI CHATTERJEE,sai.chatterjee712@yahoo.com,918004607571, Delhi ,10-28-2024,Dormant,False,0
SWGY13155X,VIVAAN RAO,vivaan.rao436@hotmail.com,5413214607,,12-20-2023,Dormant,False,yes
SWGY11741X,Saanvi Patel ,saanvi.patel769@yahoo.com,910528509656, Gurugram ,25/05/2025,Swiggy One Member,True,No
SWGY11148X,AARAV DAS,aarav.das802@gmail.com,52326 35644,CHENNAI,12/12/2024,Dormant,False,
SWGY15592X,Arjun Shetty ,arjun.shetty568@gmail.co,3191678758,kolkata,31/08/2024,Churned,False,yes
SWGY11822X,AARAV VERMA,aarav.verma366@gmail.co,,HYDERABAD,2025-05-24,Frequent Orderer,False,N
SWGY12532X,Pooja Gupta ,pooja.gupta869@outlook.com,(996) 567-8956,bengaluru,12-08-2023,Swiggy One Member,True,No
SWGY10007X,DIVYA MENON,divya.menon93@gmail.co,+91-51854-83966, Ahmedabad ,2023-11-15,Churned,False,yes
SWGY12461X,Sneha Bose ,sneha.bose103@yahoo.com,(155) 959-9592,Pune,01-20-2025,Frequent Orderer,False,
SWGY13847X,ADITYA MEHTA,aditya.mehta465@outlook.com,2672036702,pune,2024-05-13,Frequent Orderer,False,Yes
SWGY13678X,Nikhil Reddy ,nikhil.reddy272@yahoo.com,(454) 541-9135,bengaluru,12-12-2024,Frequent Orderer,False,yes
SWGY14216X,Reyansh Sharma ,reyansh.sharma490@hotmail.com,912767707406,Gurugram,26/03/2024,New,False,yes
SWGY11045X,Myra Das ,myra.das252@gmail.co,1935170871,vijayawada,2024-04-18,Frequent Orderer,False,No
SWGY12717X,Rahul Nair ,rahul.nair30@gmail.co,+91-21257-98969,Chennai,2024-02-16,Frequent Orderer,False,yes
SWGY15757X,NEHA DAS,neha.das630@gmail.com,,Ahmedabad,22/04/2025,New,False,0
SWGY12483X,NAVYA KHAN,navya.khan876@yahoo.com,, Jaipur ,2024-05-09,New,False,yes
SWGY15428X,Riya Khan ,riya.khan845@hotmail.com,917284712719,MUMBAI,19/03/2025,Churned,False,Y
SWGY15558X,Neha Bose ,neha.bose769@gmail.com,+91-05677-21360,ahmedabad,07-28-2023,Swiggy One Member,True,N
SWGY11579X,Pooja Malhotra ,pooja.malhotra307@yahoo.com,3615873662,Jaipur,2023-10-04,New,False,1
SWGY10261X,ARJUN SHETTY,arjun.shetty996@yahoo.com,,kolkata,08/02/2025,Dormant,True,1
SWGY13765X,Sneha Reddy ,sneha.reddy460@gmail.co,919918624313, Vijayawada ,2025-01-26,Swiggy One Member,True,No
SWGY10052X,IRA BOSE,ira.bose158@outlook.com,6809634893,,01-27-2024,New,False,yes
SWGY15202X,Nikhil Bose ,nikhil.bose566@outlook.com,10132 82339,Lucknow,07-17-2024,New,False,N
SWGY11808X,Myra Gupta ,,6286479231, Bengaluru ,2024-03-23,Swiggy One Member,True,No
SWGY10923X,NEHA PILLAI,neha.pillai762@hotmail.com,915893201089,Delhi,2023-11-16,Churned,True,
SWGY11678X,POOJA NAIR,pooja.nair373@yahoo.com,(000) 811-9776,Noida,05/08/2023,Dormant,False,No
SWGY12863X,Myra Iyer ,myra.iyer664@hotmail.com,, Hyderabad ,19/06/2024,Dormant,False,1
SWGY11418X,Aarav Das ,aarav.das866@yahoo.com,+91-58617-68225,GURUGRAM,02/03/2025,Churned,False,Y
SWGY12394X,NEHA KHAN,neha.khan679@gmail.com,06173 56316,Kolkata,2024-05-30,Frequent Orderer,True,
SWGY12184X,DIYA DAS,diya.das215@hotmail.com,,VIJAYAWADA,2024-10-10,Swiggy One Member,True,Y
SWGY12256X,REYANSH SHARMA,reyansh.sharma478@hotmail.com,911971112125,Chennai,2024-03-07,Swiggy One Member,True,Yes
SWGY11808X,Myra Chatterjee ,myra.chatterjee76@gmail.co,,Jaipur,07/10/2023,New,False,0
SWGY10573X,Saanvi Pillai ,saanvi.pillai951@outlook.com,2275044656,Kolkata,2024-05-27,Dormant,False,0
SWGY14025X,Ananya Sharma ,ananya.sharma382@yahoo.com,(313) 215-5130,,07/06/2023,Dormant,True,Yes
SWGY11515X,ISHAAN RAO,ishaan.rao150@yahoo.com,+91-09605-67303, Gurugram ,10/07/2023,Swiggy One Member,True,yes
SWGY10470X,KRISHNA PILLAI,krishna.pillai92@gmail.com,, Noida ,09-22-2023,Dormant,False,0
SWGY10108X,Sneha Reddy ,sneha.reddy224@yahoo.com,918405991470,DELHI,07-19-2024,,True,0
SWGY14170X,KABIR KAPOOR,kabir.kapoor776@hotmail.com,(085) 554-5950,Gurugram,10-01-2024,Dormant,False,No
SWGY14879X,POOJA VERMA,pooja.verma72@gmail.com,914956119989,,20/09/2024,New,False,No
SWGY12456X,DIVYA DAS,divya.das211@outlook.com,916522897533,,02-11-2025,Swiggy One Member,True,0
SWGY12941X,AADHYA CHATTERJEE,aadhya.chatterjee38@gmail.co,,HYDERABAD,09-02-2024,Frequent Orderer,False,0
SWGY13879X,Sneha Reddy  ,sneha.reddy460@gmail.co,919918624313, Vijayawada ,2025-01-26,Swiggy One Member,True,No
SWGY13217X,ANIKA IYER,anika.iyer982@gmail.com,44152 98217,NOIDA,08-29-2024,New,True,1
SWGY10474X,ADITYA REDDY,aditya.reddy127@hotmail.com,33913 73265,Jaipur,04/02/2025,Frequent Orderer,False,Yes
SWGY12937X,VIKRAM REDDY,vikram.reddy843@gmail.co,(860) 162-5908,Hyderabad,09-18-2023,Dormant,False,yes
SWGY10638X,RIYA RAO,riya.rao66@gmail.com,,delhi,21/11/2023,New,False,Y
SWGY12560X,DIVYA MALHOTRA,divya.malhotra554@gmail.co,+91-76787-38801,Vijayawada,2023-12-15,Dormant,False,Yes
SWGY14955X,KABIR IYER,kabir.iyer381@yahoo.com,+91-58767-35078,Pune,12-19-2023,Frequent Orderer,False,
SWGY10602X,ROHAN PATEL,rohan.patel388@hotmail.com,31456 62528,delhi,2023-12-07,Swiggy One Member,True,0
SWGY14657X,SAANVI PILLAI,,2209755061,Kolkata,07/04/2025,Churned,False,
SWGY13864X,Rahul Khan ,rahul.khan374@yahoo.com,, Chennai ,02/03/2025,New,False,No
SWGY11109X,VIVAAN MEHTA,vivaan.mehta888@gmail.co,919706298109, Delhi ,08-06-2023,New,False,1
SWGY11298X,Ananya Verma ,ananya.verma621@gmail.com,+91-75770-79606, Jaipur ,06-17-2024,Frequent Orderer,False,yes
SWGY10073X,Pooja Das ,pooja.das291@outlook.com,+91-27879-24477, Chennai ,06/04/2025,Swiggy One Member,True,Yes
SWGY13142X,NAVYA NAIR,NAVYA.NAIR763@YAHOO.COM,3173880222, Mumbai ,10-25-2023,Frequent Orderer,False,Y
SWGY15016X,Krishna Iyer ,krishna.iyer879@hotmail.com,,ahmedabad,29/04/2024,Swiggy One Member,True,N
SWGY12305X,AARAV BOSE,aarav.bose205@outlook.com,8077383453,nellore,2024-10-30,Churned,False,1
SWGY11351X,Riya Kapoor ,riya.kapoor124@gmail.co,918712060212, Ahmedabad ,20/12/2023,Dormant,True,1
SWGY15694X,Ira Khan ,ira.khan927@gmail.com,,CHENNAI,09-14-2024,Dormant,False,Yes
SWGY10711X,DIYA MEHTA,diya.mehta147@outlook.com,+91-97899-52480,Gurugram,12-08-2023,Dormant,False,No
SWGY10287X,VIKRAM VERMA,vikram.verma629@outlook.com,+91-88884-23594,HYDERABAD,10-17-2023,Churned,True,No
SWGY11043X,Nikhil Pillai ,,2610912827,hyderabad,03/08/2024,Frequent Orderer,False,1
SWGY14907X,Divya Kapoor ,divya.kapoor493@outlook.com,918363917013,Hyderabad,2024-09-19,New,False,Y
SWGY10890X,Saanvi Menon ,saanvi.menon556@hotmail.com,, Chennai ,2025-04-26,Frequent Orderer,False,
SWGY12434X,DIVYA SHARMA,divya.sharma94@outlook.com,2021299075,Chennai,15/08/2024,Frequent Orderer,False,Y
SWGY13606X,Kabir Patel ,kabir.patel933@gmail.com,47505 22011, Vijayawada ,2024-07-25,Frequent Orderer,False,yes
SWGY13711X,Neha Patel ,neha.patel836@hotmail.com,4609121040,GURUGRAM,16/09/2024,Swiggy One Member,True,yes
SWGY12900X,Riya Menon ,riya.menon811@hotmail.com,+91-74615-53741,PUNE,2023-08-02,New,False,No
SWGY10839X,PRIYA SINGH,priya.singh72@outlook.com,5105177578,Noida,09-06-2024,New,False,Y
SWGY11795X,POOJA IYER,pooja.iyer726@hotmail.com,,Gurugram,2025-01-30,Swiggy One Member,True,No
SWGY15539X,ADITYA DAS,aditya.das900@yahoo.com,0063647048,Pune,25/07/2024,Frequent Orderer,False,Y
SWGY11448X,SAANVI CHATTERJEE,saanvi.chatterjee399@hotmail.com,07566 38623,nellore,2025-04-01,Frequent Orderer,False,Yes
SWGY15034X,SAI BOSE,sai.bose14@gmail.com,,chennai,03/10/2023,Swiggy One Member,True,No
SWGY11077X,Krishna Menon ,krishna.menon432@yahoo.com,81715 16025, Kolkata ,04-22-2025,Dormant,True,
SWGY14075X,KARTHIK PATEL,karthik.patel191@yahoo.com,+91-76645-80719, Lucknow ,21/12/2024,Dormant,False,1
SWGY13706X,Aditya Chatterjee ,,5125162802,,12/07/2024,New,False,Y
SWGY11622X,Navya Das ,navya.das439@gmail.co,918450156225,chennai,07-17-2023,Frequent Orderer,False,No
SWGY10948X,AYAAN SHETTY,ayaan.shetty441@gmail.co,0015631437,Ahmedabad,08-19-2023,New,False,No
SWGY14197X,SAANVI IYER,saanvi.iyer699@gmail.co,910168897274,hyderabad,06/12/2024,New,False,No
SWGY10520X,Pari Singh ,pari.singh22@hotmail.com,, Chennai ,2023-10-27,Frequent Orderer,False,0
SWGY11962X,Aadhya Verma ,aadhya.verma547@yahoo.com,919366666260,bengaluru,06-08-2023,Swiggy One Member,True,1
SWGY15446X,Navya Khan ,navya.khan438@gmail.com,+91-17254-01486,KOLKATA,18/02/2024,Swiggy One Member,True,No
SWGY15093X,KARTHIK PILLAI,,+91-41535-43187,ahmedabad,2024-03-01,Frequent Orderer,False,Y
SWGY11803X,ROHAN PATEL,rohan.patel452@gmail.com,(241) 098-8138,pune,23/12/2023,New,False,Y
SWGY15521X,Vikram Singh ,vikram.singh223@gmail.co,+91-77279-90881,Nellore,2024-09-28,Dormant,False,
SWGY11907X,Karthik Iyer ,karthik.iyer439@gmail.co,+91-45018-18785,VIJAYAWADA,13/05/2025,Swiggy One Member,True,yes
SWGY13948X,Pari Verma ,pari.verma950@gmail.co,,LUCKNOW,26/06/2024,Churned,False,
SWGY12894X,AARAV BOSE,aarav.bose443@hotmail.com,56666 83272, Noida ,02/06/2024,New,True,0
SWGY14549X,Ira Mehta ,ira.mehta644@hotmail.com,4338053634,Kochi,05-09-2024,Frequent Orderer,False,0
SWGY14080X,AARAV BOSE,aarav.bose205@outlook.com,8077383453,nellore,2024-10-30,Churned,False,1
SWGY15255X,Neha Reddy ,neha.reddy513@gmail.com,3855129986,VIJAYAWADA,2023-09-14,Churned,False,Yes
SWGY10959X,Karthik Joshi ,karthik.joshi628@gmail.co,1533349729, Chennai ,2024-03-04,Churned,False,No
SWGY12055X,Arjun Shetty  ,arjun.shetty568@gmail.co,3191678758,kolkata,31/08/2024,Churned,False,yes
SWGY15852X,Aadhya Khan ,aadhya.khan592@gmail.com,(593) 989-7751,CHENNAI,10/09/2024,Swiggy One Member,True,Yes
SWGY13744X,ARJUN CHATTERJEE,arjun.chatterjee632@yahoo.com,+91-06684-33567, Bengaluru ,03-07-2024,Churned,False,Yes
SWGY12636X,SAANVI PATEL,,+91-57873-78156, Lucknow ,2024-02-17,Churned,False,No
SWGY13619X,Rahul Rao ,rahul.rao726@gmail.co,(652) 432-6543, Nellore ,10/10/2024,Frequent Orderer,False,yes
SWGY11560X,Sneha Reddy ,sneha.reddy82@gmail.co,+91-26018-35784, Jaipur ,2023-08-23,Swiggy One Member,True,
SWGY12263X,IRA IYER,ira.iyer503@yahoo.com,914571955496,gurugram,25/12/2024,New,False,Y
SWGY15801X,DIVYA NAIR,divya.nair651@hotmail.com,911541436043, Pune ,2024-11-28,Frequent Orderer,False,yes
SWGY15998X,Sneha Joshi ,sneha.joshi2@gmail.co,(240) 824-1699,Hyderabad,07/08/2024,New,True,N
SWGY14963X,Anika Iyer ,anika.iyer820@outlook.com,+91-48186-95596, Delhi ,12-26-2024,Frequent Orderer,True,No
SWGY14990X,AARAV KHAN,aarav.khan612@gmail.com,94798 51583,Gurugram,05-27-2025,Churned,True,Y
SWGY11744X,Krishna Chatterjee ,krishna.chatterjee801@outlook.com,,JAIPUR,29/04/2024,Swiggy One Member,True,yes
SWGY15857X,Rohan Malhotra ,,71584 15608,Lucknow,2024-05-11,Frequent Orderer,False,
SWGY12310X,Arjun Malhotra ,arjun.malhotra91@yahoo.com,1894905807, Noida ,03-13-2024,Frequent Orderer,True,1
SWGY14699X,Navya Verma ,navya.verma826@outlook.com,913710458260, Hyderabad ,03-14-2025,Churned,False,Yes
SWGY12801X,KABIR PATEL,kabir.patel636@gmail.co,912111529270,JAIPUR,05-11-2025,Frequent Orderer,True,Yes
SWGY15151X,Pooja Khan ,pooja.khan765@gmail.co,,chennai,16/06/2023,New,False,yes
SWGY13837X,Priya Das ,priya.das791@gmail.co,(457) 362-5303,MUMBAI,24/09/2023,Frequent Orderer,False,Yes
SWGY15893X,Divya Rao ,divya.rao607@yahoo.com,(342) 491-2896,nellore,12-06-2024,Swiggy One Member,True,
SWGY13418X,Anika Patel ,anika.patel947@gmail.com,916014033676,Pune,2025-03-15,Swiggy One Member,True,N
SWGY12197X,Karthik Iyer ,karthik.iyer262@yahoo.com,915141363255, Noida ,2024-06-18,Frequent Orderer,False,N
SWGY11511X,Ananya Patel ,ananya.patel319@hotmail.com,98322 53502, Jaipur ,20/02/2024,Swiggy One Member,True,yes
SWGY14001X,RAHUL KHAN,rahul.khan374@yahoo.com,, Chennai ,02/03/2025,New,False,No
SWGY10543X,KABIR SHARMA,kabir.sharma918@outlook.com,(778) 702-2685,Bengaluru,2024-10-16,Swiggy One Member,True,
SWGY13450X,Navya Gupta ,navya.gupta337@gmail.com,,LUCKNOW,20/02/2024,Swiggy One Member,True,1
SWGY14812X,Rohan Patel ,rohan.patel828@outlook.com,(900) 047-6694,GURUGRAM,14/12/2023,Swiggy One Member,True,Yes
SWGY12795X,Ayaan Mehta ,,8990254043,gurugram,2024-06-21,Swiggy One Member,True,Yes
SWGY13882X,Aarav Rao ,aarav.rao116@yahoo.com,913588704320,Gurugram,08-25-2023,Churned,False,yes
SWGY15747X,Krishna Reddy ,krishna.reddy71@outlook.com,+91-64673-86569,mumbai,30/07/2024,Frequent Orderer,False,yes
SWGY11127X,Krishna Shetty ,krishna.shetty932@outlook.com,916346474965,Gurugram,2025-03-04,Swiggy One Member,True,No
SWGY10735X,Karthik Kapoor ,karthik.kapoor587@gmail.com,1357852945,VIJAYAWADA,23/06/2023,Churned,False,No
SWGY13358X,Sneha Shetty ,sneha.shetty246@gmail.co,,kolkata,24/10/2023,Churned,False,
SWGY11294X,PRIYA KAPOOR,priya.kapoor445@hotmail.com,,pune,01-12-2025,Frequent Orderer,False,No
SWGY10672X,MYRA DAS,myra.das156@yahoo.com,,Kochi,21/05/2025,New,False,
SWGY12984X,Anika Shetty ,anika.shetty112@hotmail.com,75633 87933,AHMEDABAD,12/10/2024,Dormant,False,0
SWGY11218X,ISHAAN DAS,ishaan.das850@gmail.com,94430 02773,Mumbai,07-10-2023,,True,0
SWGY15196X,ARJUN VERMA,arjun.verma59@outlook.com,+91-31658-71205,Chennai,2024-01-11,Dormant,False,Y
SWGY12231X,Kabir Verma ,kabir.verma965@outlook.com,0522411420, Delhi ,27/10/2024,Frequent Orderer,False,Yes
SWGY11414X,SNEHA CHATTERJEE,sneha.chatterjee547@gmail.com,9901627204,jaipur,2023-11-17,Dormant,False,
SWGY11791X,VIVAAN KHAN,vivaan.khan286@hotmail.com,(943) 032-5027, Kochi ,2023-07-29,Frequent Orderer,False,N
